                      (       c.prep.asm):00001                             nam       c.prep
                      (       c.prep.asm):00002                             ttl       C-compiler preprocessor
                      (       c.prep.asm):00003         
                      (       c.prep.asm):00004         * Disassembled 02/08/25 13:23:49 by Disasm v1.6 (C) 1988 by RML
                      (       c.prep.asm):00005         
                      (       c.prep.asm):00006                             ifp1
                      (       c.prep.asm):00007                             use       defsfile
     0002             (         defsfile):00001         Level     set    2
                      (         defsfile):00002                   use    os9.d
                      (            os9.d):00001                             IFNE      OS9.D-1
                      (            os9.d):00002         
     0001             (            os9.d):00003         OS9.D               SET       1
                      (            os9.d):00004         
                      (            os9.d):00005         ********************************************************************
                      (            os9.d):00006         * os9.d - NitrOS-9 System Definitions
                      (            os9.d):00007         *
                      (            os9.d):00008         * Edt/Rev  YYYY/MM/DD  Modified by
                      (            os9.d):00009         * Comment
                      (            os9.d):00010         * ------------------------------------------------------------------ 
                      (            os9.d):00011         *          1983/03/01
                      (            os9.d):00012         * Six new Status codes added: SS.BlkRd - SS.ELog.
                      (            os9.d):00013         *
                      (            os9.d):00014         *          1983/03/08
                      (            os9.d):00015         * New status code added: SS.SSig.
                      (            os9.d):00016         *
                      (            os9.d):00017         *          1983/04/21
                      (            os9.d):00018         * Added new F$ call for 7 day clock function for control level II.
                      (            os9.d):00019         *
                      (            os9.d):00020         *          1983/05/04  William G. Phelps
                      (            os9.d):00021         * F$CMDir service request added for NCM.
                      (            os9.d):00022         *
                      (            os9.d):00023         *          1983/06/29
                      (            os9.d):00024         * Added ProfFlag to init module offsets.
                      (            os9.d):00025         *
                      (            os9.d):00026         *          1983/07/12  Mark G. Hawkins
                      (            os9.d):00027         * Added SS.Atlas for CoCo.
                      (            os9.d):00028         *
                      (            os9.d):00029         *          1983/10/08  Robert E. Sorensen
                      (            os9.d):00030         * Added SS.Break for ACIA Break command.
                      (            os9.d):00031         *
                      (            os9.d):00032         *          1983/11/29
                      (            os9.d):00033         * Added SS.RsBit to reserve (not allocate in) bitmap sector.
                      (            os9.d):00034         *
                      (            os9.d):00035         *          1984/02/17
                      (            os9.d):00036         * Added reserved status codes for Hoshi and Gimix.
                      (            os9.d):00037         *
                      (            os9.d):00038         *          1984/03/07  Mark G. Hawkins
                      (            os9.d):00039         * Added SS.Cursr and SS.ScSiz for CoCo.
                      (            os9.d):00040         * Added New signal code S$Window ... CoCo future.
                      (            os9.d):00041         *
                      (            os9.d):00042         *          1984/04/11  Mark G. Hawkins
                      (            os9.d):00043         * Added SS.Sound for CoCo.
                      (            os9.d):00044         *
                      (            os9.d):00045         *          1984/05/05  Mark G. Hawkins
                      (            os9.d):00046         * Added label SS.SetMF to Gimix Reserved byte
                      (            os9.d):00047         * Changed SS.Sound to SS.KySns.
                      (            os9.d):00048         *
                      (            os9.d):00049         *          1985/05/24  Mark G. Hawkins
                      (            os9.d):00050         * Added SS.ComSt Communication Set (Parity,Baud).
                      (            os9.d):00051         *
                      (            os9.d):00052         *          1985/05/28  Tim A. Harris
                      (            os9.d):00053         * Added F$VIRQ for Virtual IRQ.
                      (            os9.d):00054         *
                      (            os9.d):00055         *          1985/07/30  Mark G. Hawkins
                      (            os9.d):00056         * Added SS.Open, SS.Close, SS.HngUP.
                      (            os9.d):00057         *
                      (            os9.d):00058         *          1985/07/30  Mark G. Hawkins
                      (            os9.d):00059         * Added E$HangUp error for CDC Lost.
                      (            os9.d):00060         *
                      (            os9.d):00061         *          1985/08/24  Doug J. Nicholson
                      (            os9.d):00062         * Added DT.NFM device type.
                      (            os9.d):00063         *
                      (            os9.d):00064         *          1985/06/20  Mark G. Hawkins
                      (            os9.d):00065         * Added SS.MAGBf, SS.SLCBf.
                      (            os9.d):00066         *
                      (            os9.d):00067         *          1985/08/29  Ken Mizuno
                      (            os9.d):00068         * Fixed DT.SBF/NFM values to 3/4.
                      (            os9.d):00069         *
                      (            os9.d):00070         *          1985/09/01  Ken Mizuno
                      (            os9.d):00071         * Added SS.FDInf, SS.Attr to accept 68K request thru NET.
                      (            os9.d):00072         *
                      (            os9.d):00073         *          1985/09/03  Ken Mizuno/Robert F. Doggett
                      (            os9.d):00074         * Eliminated E$BPrcID, made Error #238 become E$DNE for
                      (            os9.d):00075         * 68000 compatability.
                      (            os9.d):00076         *
                      (            os9.d):00077         *          1986/04/15  Mark G. Hawkins
                      (            os9.d):00078         * F$AlHRAM System call added for CoCo.
                      (            os9.d):00079         *
                      (            os9.d):00080         *          1986/09/08  Mark G. Hawkins
                      (            os9.d):00081         * F$Alarm for CoCo Clock Module.
                      (            os9.d):00082         *
                      (            os9.d):00083         *          1986/09/17  Mark G. Hawkins
                      (            os9.d):00084         * SS.Tone For CoCo.
                      (            os9.d):00085         *
                      (            os9.d):00086         *          1986/09/23  Mark G. Hawkins
                      (            os9.d):00087         * Added F$NMLink and F$NMLoad for CoCo.
                      (            os9.d):00088         *
                      (            os9.d):00089         *          1986/09/30  Mark G. Hawkins
                      (            os9.d):00090         * Added Reserved User $70 to $7f in system calls.
                      (            os9.d):00091         *
                      (            os9.d):00092         *          1986/09/30  Mark G. Hawkins
                      (            os9.d):00093         * Created Color Computer 3 Version of OS9Defs.
                      (            os9.d):00094         *
                      (            os9.d):00095         *          1998/10/03  Boisy G. Pitre
                      (            os9.d):00096         * Consolidated Level 1/Level 2 os9defs.
                      (            os9.d):00097         *
                      (            os9.d):00098         *          2002/04/04  Boisy G. Pitre
                      (            os9.d):00099         * Consolidated Level 2/Level 2 V3 os9defs.
                      (            os9.d):00100         *
                      (            os9.d):00101         *          2002/04/30  Boisy G. Pitre
                      (            os9.d):00102         * Added NitrOS-9 definitions.
                      (            os9.d):00103         *
                      (            os9.d):00104         *          2003/05/30  Boisy G. Pitre
                      (            os9.d):00105         * Added WD1002 sys vars to Level One section.
                      (            os9.d):00106         *
                      (            os9.d):00107         *          2003/06/02  Boisy G. Pitre
                      (            os9.d):00108         * Fixed incorrectly ordered D.X*** system globals for OS-9 Level One and
                      (            os9.d):00109         * changed the sizes from 2 to 3 bytes.
                      (            os9.d):00110         * DT.NFM is now the same for both Level One and Level Two.
                      (            os9.d):00111         * Added DT.CDFM type for future CD-ROM file manager
                      (            os9.d):00112         *
                      (            os9.d):00113         *          2003/11/05  Robert Gault
                      (            os9.d):00114         * Fixed MouseInf. Made it rmb 2 as it should be. Also changes to init and cc3io.
                      (            os9.d):00115         *
                      (            os9.d):00116         *              2005/11/02  P.Harvey-Smith
                      (            os9.d):00117         * Added definitions for boot areas on Dragon computers.
                      (            os9.d):00118         *
                      (            os9.d):00119         *              2006/03/03  Boisy G. Pitre
                      (            os9.d):00120         * Added F$Debug and D.DbgMem areas, common to all levels of NitrOS-9
                      (            os9.d):00121         *
                      (            os9.d):00122         *        2019/10/30  Bill Nobel, from discussions with L. Curtis Boyle
                      (            os9.d):00123         * Added I$ModDsc call (modify device descriptor in system memory) BN/LCB
                      (            os9.d):00124         *
                      (            os9.d):00125         *        2019/12/27 L. Curtis Boyle
                      (            os9.d):00126         * Added D.IRQTmp for faster temp vars (currently used in Krn F$Move/6809,
                      (            os9.d):00127         *   can be used elsewheres later, in small routines with IRQ's turned off).
                      (            os9.d):00128         *
                      (            os9.d):00129         *        2019/10/30  Bill Nobel, from discussions with L. Curtis Boyle
                      (            os9.d):00130         * Added S$FS2Sig & S$KQ3Sig (both $80) FS2 & KQ3 (VRN) signal codes added (LCB).
                      (            os9.d):00131         
                      (            os9.d):00132                             NAM       os9.d
                      (            os9.d):00133                             IFEQ      Level-1
                      (            os9.d):00134                             TTL       NitrOS-9            Level 1 System Symbol Definitions
                      (            os9.d):00135                             ELSE
                      (            os9.d):00136                             IFEQ      Level-2
                      (            os9.d):00137                             TTL       NitrOS-9            Level 2 System Symbol Definitions
                      (            os9.d):00138                             ELSE
                      (            os9.d):00139                             TTL       NitrOS-9            Level 3 System Symbol Definitions
                      (            os9.d):00140                             ENDC
                      (            os9.d):00141                             ENDC
                      (            os9.d):00142         
                      (            os9.d):00143         * Common definitions
     0001             (            os9.d):00144         true                EQU       1                   useful name
     0000             (            os9.d):00145         false               EQU       0                   useful name
                      (            os9.d):00146         
                      (            os9.d):00147                             PAG
                      (            os9.d):00148         *****************************************
                      (            os9.d):00149         * System Service Request Code Definitions
                      (            os9.d):00150         *
                      (            os9.d):00151                             ORG       0
0000                  (            os9.d):00152         F$Link              RMB       1                   Link to Module
0001                  (            os9.d):00153         F$Load              RMB       1                   Load Module from File
0002                  (            os9.d):00154         F$UnLink            RMB       1                   Unlink Module
0003                  (            os9.d):00155         F$Fork              RMB       1                   Start New Process
0004                  (            os9.d):00156         F$Wait              RMB       1                   Wait for Child Process to Die
0005                  (            os9.d):00157         F$Chain             RMB       1                   Chain Process to New Module
0006                  (            os9.d):00158         F$Exit              RMB       1                   Terminate Process
0007                  (            os9.d):00159         F$Mem               RMB       1                   Set Memory Size
0008                  (            os9.d):00160         F$Send              RMB       1                   Send Signal to Process
0009                  (            os9.d):00161         F$Icpt              RMB       1                   Set Signal Intercept
000A                  (            os9.d):00162         F$Sleep             RMB       1                   Suspend Process
000B                  (            os9.d):00163         F$SSpd              RMB       1                   Suspend Process
000C                  (            os9.d):00164         F$ID                RMB       1                   Return Process ID
000D                  (            os9.d):00165         F$SPrior            RMB       1                   Set Process Priority
000E                  (            os9.d):00166         F$SSWI              RMB       1                   Set Software Interrupt
000F                  (            os9.d):00167         F$PErr              RMB       1                   Print Error
0010                  (            os9.d):00168         F$PrsNam            RMB       1                   Parse Pathlist Name
0011                  (            os9.d):00169         F$CmpNam            RMB       1                   Compare Two Names
0012                  (            os9.d):00170         F$SchBit            RMB       1                   Search Bit Map
0013                  (            os9.d):00171         F$AllBit            RMB       1                   Allocate in Bit Map
0014                  (            os9.d):00172         F$DelBit            RMB       1                   Deallocate in Bit Map
0015                  (            os9.d):00173         F$Time              RMB       1                   Get Current Time
0016                  (            os9.d):00174         F$STime             RMB       1                   Set Current Time
0017                  (            os9.d):00175         F$CRC               RMB       1                   Generate CRC ($17)
                      (            os9.d):00176         
                      (            os9.d):00177                             IFGT      Level-1
                      (            os9.d):00178         
                      (            os9.d):00179         * NitrOS-9 Level 2 system calls
0018                  (            os9.d):00180         F$GPrDsc            RMB       1                   Get Process Descriptor copy ($18)
0019                  (            os9.d):00181         F$GBlkMp            RMB       1                   Get System Block Map copy ($19)
001A                  (            os9.d):00182         F$GModDr            RMB       1                   Get Module Directory copy ($1A)
001B                  (            os9.d):00183         F$CpyMem            RMB       1                   Copy External Memory ($1B)
001C                  (            os9.d):00184         F$SUser             RMB       1                   Set User ID number ($1C)
001D                  (            os9.d):00185         F$UnLoad            RMB       1                   Unlink Module by name ($1D)
001E                  (            os9.d):00186         F$Alarm             RMB       1                   Color Computer 3 Alarm Call ($1E)
001F                  (            os9.d):00187                             RMB       2                   Reserved - For overlap of other systems ($1F)
0021                  (            os9.d):00188         F$NMLink            RMB       1                   Color Computer 3 Non-Mapping Link ($21)
0022                  (            os9.d):00189         F$NMLoad            RMB       1                   Color Computer 3 Non-Mapping Load ($22)
                      (            os9.d):00190         
                      (            os9.d):00191                             ELSE
                      (            os9.d):00192         
                      (            os9.d):00193         * NitrOS-9 Level 1 system call padding
                      (            os9.d):00194                             RMB       11
                      (            os9.d):00195         
                      (            os9.d):00196                             ENDC
                      (            os9.d):00197         
0023                  (            os9.d):00198         F$Debug             RMB       1                   Drop the system into the debugger ($23)
                      (            os9.d):00199         
                      (            os9.d):00200                             IFGT      Level-1
                      (            os9.d):00201         
                      (            os9.d):00202                             ORG       $25
0025                  (            os9.d):00203         F$TPS               RMB       1                   Return System's Ticks Per Second
0026                  (            os9.d):00204         F$TimAlm            RMB       1                   CoCo individual process alarm call
                      (            os9.d):00205         
                      (            os9.d):00206                             ENDC
                      (            os9.d):00207         
                      (            os9.d):00208                             ORG       $27                 Beginning of System Reserved Calls
                      (            os9.d):00209         * NitrOS-9 common system calls
0027                  (            os9.d):00210         F$VIRQ              RMB       1                   Install/Delete Virtual IRQ
0028                  (            os9.d):00211         F$SRqMem            RMB       1                   System Memory Request
0029                  (            os9.d):00212         F$SRtMem            RMB       1                   System Memory Return
002A                  (            os9.d):00213         F$IRQ               RMB       1                   Enter IRQ Polling Table
002B                  (            os9.d):00214         F$IOQu              RMB       1                   Enter I/O Queue
002C                  (            os9.d):00215         F$AProc             RMB       1                   Enter Active Process Queue
002D                  (            os9.d):00216         F$NProc             RMB       1                   Start Next Process
002E                  (            os9.d):00217         F$VModul            RMB       1                   Validate Module
002F                  (            os9.d):00218         F$Find64            RMB       1                   Find Process/Path Descriptor
0030                  (            os9.d):00219         F$All64             RMB       1                   Allocate Process/Path Descriptor
0031                  (            os9.d):00220         F$Ret64             RMB       1                   Return Process/Path Descriptor
0032                  (            os9.d):00221         F$SSvc              RMB       1                   Service Request Table Initialization
0033                  (            os9.d):00222         F$IODel             RMB       1                   Delete I/O Module
                      (            os9.d):00223         
                      (            os9.d):00224                             IFGT      Level-1
                      (            os9.d):00225         
0034                  (            os9.d):00226         F$SLink             RMB       1                   System Link
0035                  (            os9.d):00227         F$Boot              RMB       1                   Bootstrap System
0036                  (            os9.d):00228         F$BtMem             RMB       1                   Bootstrap Memory Request
0037                  (            os9.d):00229         F$GProcP            RMB       1                   Get Process ptr
0038                  (            os9.d):00230         F$Move              RMB       1                   Move Data (low bound first)
0039                  (            os9.d):00231         F$AllRAM            RMB       1                   Allocate RAM blocks
003A                  (            os9.d):00232         F$AllImg            RMB       1                   Allocate Image RAM blocks
003B                  (            os9.d):00233         F$DelImg            RMB       1                   Deallocate Image RAM blocks
003C                  (            os9.d):00234         F$SetImg            RMB       1                   Set Process DAT Image
003D                  (            os9.d):00235         F$FreeLB            RMB       1                   Get Free Low Block
003E                  (            os9.d):00236         F$FreeHB            RMB       1                   Get Free High Block
003F                  (            os9.d):00237         F$AllTsk            RMB       1                   Allocate Process Task number
0040                  (            os9.d):00238         F$DelTsk            RMB       1                   Deallocate Process Task number
0041                  (            os9.d):00239         F$SetTsk            RMB       1                   Set Process Task DAT registers
0042                  (            os9.d):00240         F$ResTsk            RMB       1                   Reserve Task number
0043                  (            os9.d):00241         F$RelTsk            RMB       1                   Release Task number
0044                  (            os9.d):00242         F$DATLog            RMB       1                   Convert DAT Block/Offset to Logical
0045                  (            os9.d):00243         F$DATTmp            RMB       1                   Make temporary DAT image (Obsolete)
0046                  (            os9.d):00244         F$LDAXY             RMB       1                   Load A [X,[Y]]
0047                  (            os9.d):00245         F$LDAXYP            RMB       1                   Load A [X+,[Y]]
0048                  (            os9.d):00246         F$LDDDXY            RMB       1                   Load D [D+X,[Y]]
0049                  (            os9.d):00247         F$LDABX             RMB       1                   Load A from 0,X in task B
004A                  (            os9.d):00248         F$STABX             RMB       1                   Store A at 0,X in task B
004B                  (            os9.d):00249         F$AllPrc            RMB       1                   Allocate Process Descriptor
004C                  (            os9.d):00250         F$DelPrc            RMB       1                   Deallocate Process Descriptor
004D                  (            os9.d):00251         F$ELink             RMB       1                   Link using Module Directory Entry
004E                  (            os9.d):00252         F$FModul            RMB       1                   Find Module Directory Entry
004F                  (            os9.d):00253         F$MapBlk            RMB       1                   Map Specific Block
0050                  (            os9.d):00254         F$ClrBlk            RMB       1                   Clear Specific Block
0051                  (            os9.d):00255         F$DelRAM            RMB       1                   Deallocate RAM blocks
0052                  (            os9.d):00256         F$GCMDir            RMB       1                   Pack module directory
0053                  (            os9.d):00257         F$AlHRAM            RMB       1                   Allocate HIGH RAM Blocks
                      (            os9.d):00258         
                      (            os9.d):00259         * Alan DeKok additions
0054                  (            os9.d):00260         F$ReBoot            RMB       1                   Reboot machine (reload OS9Boot) or drop to RSDOS
0055                  (            os9.d):00261         F$CRCMod            RMB       1                   CRC mode, toggle or report current status
0056                  (            os9.d):00262         F$XTime             RMB       1                   Get Extended time packet from RTC (fractions of second)
0057                  (            os9.d):00263         F$VBlock            RMB       1                   Verify modules in a block of memory, add to module directory
                      (            os9.d):00264         
                      (            os9.d):00265                             ENDC
                      (            os9.d):00266         
                      (            os9.d):00267         *
                      (            os9.d):00268         * Numbers $70 through $7F are reserved for user definitions
                      (            os9.d):00269         *
                      (            os9.d):00270                             ORG       $70
                      (            os9.d):00271         
                      (            os9.d):00272                             IFEQ      Level-1
                      (            os9.d):00273         
                      (            os9.d):00274                             RMB       16                  Reserved for user definition
                      (            os9.d):00275         
                      (            os9.d):00276                             ELSE
                      (            os9.d):00277         
0070                  (            os9.d):00278         F$RegDmp            RMB       1                   Ron Lammardo's debugging register dump
0071                  (            os9.d):00279         F$NVRAM             RMB       1                   Non Volatile RAM (RTC battery backed static) read/write
                      (            os9.d):00280         
0072                  (            os9.d):00281                             RMB       $80-.               Reserved for user definitions
                      (            os9.d):00282                             ENDC
                      (            os9.d):00283         
                      (            os9.d):00284                             PAG
                      (            os9.d):00285         **************************************
                      (            os9.d):00286         * I/O Service Request Code Definitions
                      (            os9.d):00287         *
                      (            os9.d):00288                             ORG       $80
0080                  (            os9.d):00289         I$Attach            RMB       1                   Attach I/O Device
0081                  (            os9.d):00290         I$Detach            RMB       1                   Detach I/O Device
0082                  (            os9.d):00291         I$Dup               RMB       1                   Duplicate Path
0083                  (            os9.d):00292         I$Create            RMB       1                   Create New File
0084                  (            os9.d):00293         I$Open              RMB       1                   Open Existing File
0085                  (            os9.d):00294         I$MakDir            RMB       1                   Make Directory File
0086                  (            os9.d):00295         I$ChgDir            RMB       1                   Change Default Directory
0087                  (            os9.d):00296         I$Delete            RMB       1                   Delete File
0088                  (            os9.d):00297         I$Seek              RMB       1                   Change Current Position
0089                  (            os9.d):00298         I$Read              RMB       1                   Read Data
008A                  (            os9.d):00299         I$Write             RMB       1                   Write Data
008B                  (            os9.d):00300         I$ReadLn            RMB       1                   Read Line of ASCII Data
008C                  (            os9.d):00301         I$WritLn            RMB       1                   Write Line of ASCII Data
008D                  (            os9.d):00302         I$GetStt            RMB       1                   Get Path Status
008E                  (            os9.d):00303         I$SetStt            RMB       1                   Set Path Status
008F                  (            os9.d):00304         I$Close             RMB       1                   Close Path
0090                  (            os9.d):00305         I$DeletX            RMB       1                   Delete from current exec dir
0091                  (            os9.d):00306         I$ModDsc            RMB       1                   Modify SCF/RBF Descriptor in Memory
                      (            os9.d):00307         
                      (            os9.d):00308         *******************
                      (            os9.d):00309         * File Access Modes
                      (            os9.d):00310         *
     0001             (            os9.d):00311         READ.               EQU       %00000001
     0002             (            os9.d):00312         WRITE.              EQU       %00000010
     0003             (            os9.d):00313         UPDAT.              EQU       READ.+WRITE.
     0004             (            os9.d):00314         EXEC.               EQU       %00000100
     0008             (            os9.d):00315         PREAD.              EQU       %00001000
     0010             (            os9.d):00316         PWRIT.              EQU       %00010000
     0020             (            os9.d):00317         PEXEC.              EQU       %00100000
     0040             (            os9.d):00318         SHARE.              EQU       %01000000
     0080             (            os9.d):00319         DIR.                EQU       %10000000
     0020             (            os9.d):00320         ISIZ.               EQU       %00100000
                      (            os9.d):00321         
                      (            os9.d):00322         **************
                      (            os9.d):00323         * Signal Codes
                      (            os9.d):00324         *
                      (            os9.d):00325                             ORG       0
0000                  (            os9.d):00326         S$Kill              RMB       1                   Non-Interceptable Abort
0001                  (            os9.d):00327         S$Wake              RMB       1                   Wake-up Sleeping Process
0002                  (            os9.d):00328         S$Abort             RMB       1                   Keyboard Abort
0003                  (            os9.d):00329         S$Intrpt            RMB       1                   Keyboard Interrupt
0004                  (            os9.d):00330         S$Window            RMB       1                   Window Change
     0004             (            os9.d):00331         S$HUP               EQU       S$Window            Hang Up
0005                  (            os9.d):00332         S$Alarm             RMB       1                   CoCo individual process' alarm signal
                      (            os9.d):00333         
                      (            os9.d):00334                             ifgt      Level-1
                      (            os9.d):00335                             ORG       $80
0080                  (            os9.d):00336         S$FS2Sig            RMB       1                   FS2 VIRQ Signal code (VRN)
     0080             (            os9.d):00337         S$KQ3Sig            EQU       S$FS2Sig            KQ3 VIRQ Signal code (VRN)
                      (            os9.d):00338                             endc
                      (            os9.d):00339         
                      (            os9.d):00340                             PAG
                      (            os9.d):00341         **********************************
                      (            os9.d):00342         * Status Codes for GetStat/GetStat
                      (            os9.d):00343         *
                      (            os9.d):00344                             ORG       0
0000                  (            os9.d):00345         SS.Opt              RMB       1                   Read/Write PD Options
0001                  (            os9.d):00346         SS.Ready            RMB       1                   Check for Device Ready
0002                  (            os9.d):00347         SS.Size             RMB       1                   Read/Write File Size
0003                  (            os9.d):00348         SS.Reset            RMB       1                   Device Restore
0004                  (            os9.d):00349         SS.WTrk             RMB       1                   Device Write Track
0005                  (            os9.d):00350         SS.Pos              RMB       1                   Get File Current Position
0006                  (            os9.d):00351         SS.EOF              RMB       1                   Test for End of File
0007                  (            os9.d):00352         SS.Link             RMB       1                   Link to Status routines
0008                  (            os9.d):00353         SS.ULink            RMB       1                   Unlink Status routines
0009                  (            os9.d):00354         SS.Feed             RMB       1                   Issue form feed
000A                  (            os9.d):00355         SS.Frz              RMB       1                   Freeze DD. information
000B                  (            os9.d):00356         SS.SPT              RMB       1                   Set DD.TKS to given value
000C                  (            os9.d):00357         SS.SQD              RMB       1                   Sequence down hard disk
000D                  (            os9.d):00358         SS.DCmd             RMB       1                   Send direct command to disk
000E                  (            os9.d):00359         SS.DevNm            RMB       1                   Return Device name (32-bytes at [X])
000F                  (            os9.d):00360         SS.FD               RMB       1                   Return File Descriptor (Y-bytes at [X])
0010                  (            os9.d):00361         SS.Ticks            RMB       1                   Set Lockout honor duration
0011                  (            os9.d):00362         SS.Lock             RMB       1                   Lock/Release record
0012                  (            os9.d):00363         SS.DStat            RMB       1                   Return Display Status (CoCo)
0013                  (            os9.d):00364         SS.Joy              RMB       1                   Return Joystick Value (CoCo)
0014                  (            os9.d):00365         SS.BlkRd            RMB       1                   Block Read
0015                  (            os9.d):00366         SS.BlkWr            RMB       1                   Block Write
0016                  (            os9.d):00367         SS.Reten            RMB       1                   Retension cycle
0017                  (            os9.d):00368         SS.WFM              RMB       1                   Write File Mark
0018                  (            os9.d):00369         SS.RFM              RMB       1                   Read past File Mark
0019                  (            os9.d):00370         SS.ELog             RMB       1                   Read Error Log
001A                  (            os9.d):00371         SS.SSig             RMB       1                   Send signal on data ready
001B                  (            os9.d):00372         SS.Relea            RMB       1                   Release device
001C                  (            os9.d):00373         SS.AlfaS            RMB       1                   Return Alfa Display Status (CoCo, SCF/GetStat)
     001C             (            os9.d):00374         SS.Attr             EQU       SS.AlfaS            To serve 68K/RBF/SetStat only, thru NET
001D                  (            os9.d):00375         SS.Break            RMB       1                   Send break signal out acia
001E                  (            os9.d):00376         SS.RsBit            RMB       1                   Reserve bitmap sector (do not allocate in) LSB(X)=sct#
001F                  (            os9.d):00377                             RMB       1                   Reserved
     0020             (            os9.d):00378         SS.FDInf            EQU       $20                 To serve 68K/RBF/GetStat only, thru NET
0020                  (            os9.d):00379         SS.DirEnt           RMB       1                   Reserve bitmap sector (do not allocate in) LSB(X)=sct#
0021                  (            os9.d):00380                             RMB       3                   Reserve $20-$23 for Japanese version (Hoshi)
0024                  (            os9.d):00381         SS.SetMF            RMB       1                   Reserve $24 for Gimix G68 (Flex compatability?)
0025                  (            os9.d):00382         SS.Cursr            RMB       1                   Cursor information for COCO
0026                  (            os9.d):00383         SS.ScSiz            RMB       1                   Return screen size for COCO
0027                  (            os9.d):00384         SS.KySns            RMB       1                   Getstat/SetStat for COCO keyboard
0028                  (            os9.d):00385         SS.ComSt            RMB       1                   Getstat/SetStat for Baud/Parity
0029                  (            os9.d):00386         SS.Open             RMB       1                   SetStat to tell driver a path was opened
002A                  (            os9.d):00387         SS.Close            RMB       1                   SetStat to tell driver a path was closed
002B                  (            os9.d):00388         SS.HngUp            RMB       1                   SetStat to tell driver to hangup phone
002C                  (            os9.d):00389         SS.FSig             RMB       1                   New signal for temp locked files
     0026             (            os9.d):00390         SS.DSize            EQU       SS.ScSiz            Return disk size (RBF GetStat)
     0012             (            os9.d):00391         SS.VarSect          EQU       SS.DStat            Variable Sector Size (RBF GetStat)
                      (            os9.d):00392         
                      (            os9.d):00393         * System Specific and User defined codes above $80
                      (            os9.d):00394                             ORG       $80
0080                  (            os9.d):00395         SS.AAGBf            RMB       1                   SetStat to Allocate Additional Graphic Buffer
0081                  (            os9.d):00396         SS.SLGBf            RMB       1                   SetStat to Select a different Graphic Buffer
0082                  (            os9.d):00397         SS.Mount            RMB       1                   Network 4 Mount Setstat
0083                  (            os9.d):00398         SS.RdNet            RMB       1                   Read Raw Sector from Network 4 Omnidrive
0084                  (            os9.d):00399         SS.MpGPB            RMB       1                   SetStat to request a Get/Put Buffer be mapped in workspace
0085                  (            os9.d):00400         SS.Slots            RMB       1                   Network 4 slots? getstat
                      (            os9.d):00401         
                      (            os9.d):00402         *               IFGT      Level-1
                      (            os9.d):00403                             IFNE      1
                      (            os9.d):00404         * Level 2 Windowing
0086                  (            os9.d):00405         SS.WnSet            RMB       1                   Set up High Level Windowing Information
0087                  (            os9.d):00406         SS.MnSel            RMB       1                   Request High level Menu Handler take determine next event
0088                  (            os9.d):00407         SS.SBar             RMB       1                   SetStat to set position block on Window scroll bars
0089                  (            os9.d):00408         SS.Mouse            RMB       1                   Return Mouse information packet (COCO)
008A                  (            os9.d):00409         SS.MsSig            RMB       1                   SetStat to tell driver to send signal on mouse event
008B                  (            os9.d):00410         SS.AScrn            RMB       1                   Allocate a screen for application poking
008C                  (            os9.d):00411         SS.DScrn            RMB       1                   Display a screen allocated by SS.AScrn
008D                  (            os9.d):00412         SS.FScrn            RMB       1                   Free a screen allocated by SS.AScrn
008E                  (            os9.d):00413         SS.PScrn            RMB       1                   Polymorph Screen into different screen type
008F                  (            os9.d):00414         SS.ScInf            RMB       1                   Get Current screen info for direct writes
0090                  (            os9.d):00415                             RMB       1                   Reserved
0091                  (            os9.d):00416         SS.Palet            RMB       1                   Return palette information
0092                  (            os9.d):00417         SS.Montr            RMB       1                   Get and Set Monitor Type
0093                  (            os9.d):00418         SS.ScTyp            RMB       1                   Get screen type information
0094                  (            os9.d):00419         SS.GIP              RMB       1                   Global Input Parameters (SetStat)
0095                  (            os9.d):00420         SS.UMBar            RMB       1                   update menu bar (SetStat)
0096                  (            os9.d):00421         SS.FBRgs            RMB       1                   return color registers (GetStat)
0097                  (            os9.d):00422         SS.DfPal            RMB       1                   set/return default palette registers (Getstat/Setstat)
0098                  (            os9.d):00423         SS.Tone             RMB       1                   Generate a tone using 6 bit sound
0099                  (            os9.d):00424         SS.GIP2             RMB       1                   Global Input Params #2 (L2V3)
009A                  (            os9.d):00425         SS.AnPal            RMB       1                   Animate palettes (L2V3)
009B                  (            os9.d):00426         SS.FndBf            RMB       1                   Find named buffer (L2V3)
                      (            os9.d):00427         
                      (            os9.d):00428         * sc6551 defined
     0099             (            os9.d):00429         SS.CDSta            EQU       SS.GIP2
     009A             (            os9.d):00430         SS.CDSig            EQU       SS.AnPal
     009B             (            os9.d):00431         SS.CDRel            EQU       SS.FndBf
                      (            os9.d):00432                             ELSE
                      (            os9.d):00433         * These are wide open in Level 1
                      (            os9.d):00434                             RMB       19
                      (            os9.d):00435         
                      (            os9.d):00436         * sc6551 defined
009C                  (            os9.d):00437         SS.CDSta            RMB       1
009C                  (            os9.d):00438         SS.CDSig            RMB       1
009C                  (            os9.d):00439         SS.CDRel            RMB       1
                      (            os9.d):00440                             ENDC
                      (            os9.d):00441         
                      (            os9.d):00442                             ORG       $A0
                      (            os9.d):00443         *
                      (            os9.d):00444         * New Default SCF input buffer Set status call
00A0                  (            os9.d):00445         SS.Fill             RMB       1                   Pre-load SCF device input buffer
00A1                  (            os9.d):00446         SS.Hist             RMB       1                   Enable command-line history easily
                      (            os9.d):00447         
                      (            os9.d):00448         
                      (            os9.d):00449                             ORG       $B0
                      (            os9.d):00450         *
                      (            os9.d):00451         * New WDDisk get/set status calls
00B0                  (            os9.d):00452         SS.ECC              RMB       1                   ECC corrected data error enable/disable (GetStat/SetStat)
                      (            os9.d):00453         
                      (            os9.d):00454         *
                      (            os9.d):00455                             IFGT      Level-1
                      (            os9.d):00456         
                      (            os9.d):00457         * VRN get/set status calls.  Named by Alan DeKok.
     0080             (            os9.d):00458         SS.VCtr             EQU       $80                 Return FS2 total VIRQ counter
     0081             (            os9.d):00459         SS.VSig             EQU       $81                 Return FS2 number of signals sent
                      (            os9.d):00460         
     0081             (            os9.d):00461         SS.FClr             EQU       $81                 Set/clear FS2 VIRQ
     00C7             (            os9.d):00462         SS.FSet             EQU       $C7                 Set FS2+ VIRQ
     00C8             (            os9.d):00463         SS.KSet             EQU       $C8                 Set KQ3 VIRQ
     00C9             (            os9.d):00464         SS.KClr             EQU       $C9                 Clr KQ3 VIRQ
     00CA             (            os9.d):00465         SS.ARAM             EQU       $CA                 Allocate RAM blocks
     00CB             (            os9.d):00466         SS.DRAM             EQU       $CB                 De-allocate RAM blocks
                      (            os9.d):00467         
                      (            os9.d):00468         * SDisk 3 Definition Equates
     0080             (            os9.d):00469         SS.DRead            EQU       SS.AAGBf            SDisk3 Direct Sector Read ($80)
     0080             (            os9.d):00470         SS.DWrit            EQU       SS.DRead            SDisk3 Direct sector Write ($80)
     0081             (            os9.d):00471         SS.UnFrz            EQU       SS.SLGBf            SDisk3 UNFreeze DD info ($81)
     0082             (            os9.d):00472         SS.MOFF             EQU       SS.Mount            SDisk3 fast motor off call ($82)
     0083             (            os9.d):00473         SS.MoTim            EQU       SS.RdNet            SDisk3 Set motor shut off time ($83)
     0084             (            os9.d):00474         SS.SDRD             EQU       SS.MpGPB            SDisk3 System direct read ($84)
     0084             (            os9.d):00475         SS.SDWRT            EQU       SS.SDRD             SDisk3 System direct writes ($84)
     0085             (            os9.d):00476         SS.Sleep            EQU       SS.Slots            SDisk3 (DMC ONLY) Enable/disable F$Sleep calls in read/write 1773 I/O ($85)
     0086             (            os9.d):00477         SS.DrvCh            EQU       SS.WnSet            SDisk3 (DMC ONLY) Set drive number to cache, or return drive number being cached ($86)
                      (            os9.d):00478         
                      (            os9.d):00479                             ENDC
                      (            os9.d):00480         
                      (            os9.d):00481                             TTL       Direct              Page Definitions
                      (            os9.d):00482                             PAG
                      (            os9.d):00483         
                      (            os9.d):00484         **********************************
                      (            os9.d):00485         * Direct Page Variable Definitions
                      (            os9.d):00486         *
                      (            os9.d):00487                             ORG       $00
0000                  (            os9.d):00488         D.WDAddr            RMB       2                   FHL/Isted WD1002-05 interface base address
0002                  (            os9.d):00489         D.WDBtDr            RMB       1                   FHL/Isted WD1002-05 boot physical device drive num.
0003                  (            os9.d):00490         D.SWPage            RMB       1                   SmartWatch page # (see clock2_smart)
0004                  (            os9.d):00491                             RMB       5
0009                  (            os9.d):00492         D.COCOXT            RMB       1                   Busy flag for CoCo-XT driver (one drive at a time)
000A                  (            os9.d):00493         D.DbgMem            RMB       2                   Debug memory pointer
000C                  (            os9.d):00494         D.DWSubAddr         RMB       2                   DriveWire subroutine module pointer
000E                  (            os9.d):00495         D.DWStat            RMB       2                   DriveWire statics page
0010                  (            os9.d):00496         D.DWSrvID           RMB       1                   DriveWire server ID
0011                  (            os9.d):00497         D.IRQTmp            RMB       2                   1 or 2 byte DP scratch var (for when IRQ's are off)
                      (            os9.d):00498         
                      (            os9.d):00499                             ORG       $20
                      (            os9.d):00500         
                      (            os9.d):00501                             IFEQ      Level-1
                      (            os9.d):00502         
                      (            os9.d):00503         * Level 1 DP vars
0020                  (            os9.d):00504         D.FMBM              RMB       4                   Free memory bit map pointers
0020                  (            os9.d):00505         D.MLIM              RMB       2                   Memory limit $24
0020                  (            os9.d):00506         D.ModDir            RMB       4                   Module directory $26
0020                  (            os9.d):00507         D.Init              RMB       2                   Rom base address $2A
0020                  (            os9.d):00508         D.SWI3              RMB       2                   Swi3 vector $2C
0020                  (            os9.d):00509         D.SWI2              RMB       2                   Swi2 vector $2E
0020                  (            os9.d):00510         D.FIRQ              RMB       2                   Firq vector $30
0020                  (            os9.d):00511         D.IRQ               RMB       2                   Irq vector $32
0020                  (            os9.d):00512         D.SWI               RMB       2                   Swi vector $34
0020                  (            os9.d):00513         D.NMI               RMB       2                   Nmi vector $36
0020                  (            os9.d):00514         D.SvcIRQ            RMB       2                   Interrupt service entry $38
0020                  (            os9.d):00515         D.Poll              RMB       2                   Interrupt polling routine $3A
0020                  (            os9.d):00516         D.UsrIRQ            RMB       2                   User irq routine $3C
0020                  (            os9.d):00517         D.SysIRQ            RMB       2                   System irq routine $3E
0020                  (            os9.d):00518         D.UsrSvc            RMB       2                   User service request routine $40
0020                  (            os9.d):00519         D.SysSvc            RMB       2                   System service request routine $42
0020                  (            os9.d):00520         D.UsrDis            RMB       2                   User service request dispatch table
0020                  (            os9.d):00521         D.SysDis            RMB       2                   System service reuest dispatch table
0020                  (            os9.d):00522         D.Slice             RMB       1                   Process time slice count $48
0020                  (            os9.d):00523         D.PrcDBT            RMB       2                   Process descriptor block address  $49
0020                  (            os9.d):00524         D.Proc              RMB       2                   Process descriptor address $4B
0020                  (            os9.d):00525         D.AProcQ            RMB       2                   Active process queue $4D
0020                  (            os9.d):00526         D.WProcQ            RMB       2                   Waiting process queue $4F
0020                  (            os9.d):00527         D.SProcQ            RMB       2                   Sleeping process queue $51
0020                  (            os9.d):00528         D.Time              EQU       .                   Time
0020                  (            os9.d):00529         D.Year              RMB       1                   $53
0020                  (            os9.d):00530         D.Month             RMB       1                   $54
0020                  (            os9.d):00531         D.Day               RMB       1                   $55
0020                  (            os9.d):00532         D.Hour              RMB       1                   $56
0020                  (            os9.d):00533         D.Min               RMB       1                   $57
0020                  (            os9.d):00534         D.Sec               RMB       1                   $58
0020                  (            os9.d):00535         D.Tick              RMB       1                   $59
0020                  (            os9.d):00536         D.TSec              RMB       1                   Ticks / second $5A
0020                  (            os9.d):00537         D.TSlice            RMB       1                   Ticks / time-slice $5B
0020                  (            os9.d):00538         D.IOML              RMB       2                   I/O mgr free memory low bound $5C
0020                  (            os9.d):00539         D.IOMH              RMB       2                   I/O mgr free memory hi  bound $5E
0020                  (            os9.d):00540         D.DevTbl            RMB       2                   Device driver table addr $60
0020                  (            os9.d):00541         D.PolTbl            RMB       2                   Irq polling table addr $62
0020                  (            os9.d):00542         D.PthDBT            RMB       2                   Path descriptor block table addr $64
0020                  (            os9.d):00543         D.BTLO              RMB       2                   Bootstrap low address $66
0020                  (            os9.d):00544         D.BTHI              RMB       2                   Bootstrap hi address $68
0020                  (            os9.d):00545         D.DMAReq            RMB       1                   DMA in use flag $6A
0020                  (            os9.d):00546         D.AltIRQ            RMB       2                   Alternate IRQ vector (CC) $6B
0020                  (            os9.d):00547         D.KbdSta            RMB       2                   Keyboard scanner static storage (CC) $6D
0020                  (            os9.d):00548         D.DskTmr            RMB       2                   Disk Motor Timer (CC) $6F
0020                  (            os9.d):00549         D.CBStrt            RMB       16                  reserved for CC warmstart ($71)
0020                  (            os9.d):00550         D.Clock             RMB       2                   Address of Clock Tick Routine (CC) $81
0020                  (            os9.d):00551         D.Boot              RMB       1                   Bootstrap attempted flag
0020                  (            os9.d):00552         D.URtoSs            RMB       2                   address of user to system routine (VIRQ) $84
0020                  (            os9.d):00553         D.CLTb              RMB       2                   Pointer to clock interrupt table (VIRQ) $86
0020                  (            os9.d):00554         D.MDREG             RMB       1                   6309 MD (mode) shadow register $88 (added in V2.01.00)
0020                  (            os9.d):00555         D.CRC               RMB       1                   CRC checking mode flag $89 (added in V2.01.00)
0020                  (            os9.d):00556         D.Clock2            RMB       2                   CC Clock2 entry address
                      (            os9.d):00557         
                      (            os9.d):00558                             ORG       $100
                      (            os9.d):00559         *D.XSWI3        RMB       3
                      (            os9.d):00560         *D.XSWI2        RMB       3
                      (            os9.d):00561         *D.XFIRQ        RMB       3
                      (            os9.d):00562         *D.XIRQ         RMB       3
                      (            os9.d):00563         *D.XSWI         RMB       3
                      (            os9.d):00564         *D.XNMI         RMB       3
                      (            os9.d):00565         
0020                  (            os9.d):00566         D.XSWI3             RMB       3
0020                  (            os9.d):00567         D.XSWI2             RMB       3
0020                  (            os9.d):00568         D.XSWI              RMB       3
0020                  (            os9.d):00569         D.XNMI              RMB       3
0020                  (            os9.d):00570         D.XIRQ              RMB       3
0020                  (            os9.d):00571         D.XFIRQ             RMB       3
                      (            os9.d):00572         
                      (            os9.d):00573         * Table Sizes
0020                  (            os9.d):00574         BMAPSZ              EQU       32                  Bitmap table size
0020                  (            os9.d):00575         SVCTNM              EQU       2                   Number of service request tables
0020                  (            os9.d):00576         SVCTSZ              EQU       (256-BMAPSZ)/SVCTNM-2 Service request table size
                      (            os9.d):00577         
                      (            os9.d):00578                             ELSE
                      (            os9.d):00579         
                      (            os9.d):00580         * Level 2 DP vars
0020                  (            os9.d):00581         D.Tasks             RMB       2                   Task User Table
0022                  (            os9.d):00582         D.TmpDAT            RMB       2                   Temporary DAT Image stack
0024                  (            os9.d):00583         D.Init              RMB       2                   Initialization Module ptr
0026                  (            os9.d):00584         D.Poll              RMB       2                   Interrupt Polling Routine ptr
     0028             (            os9.d):00585         D.Time              EQU       .                   System Time
0028                  (            os9.d):00586         D.Year              RMB       1
0029                  (            os9.d):00587         D.Month             RMB       1
002A                  (            os9.d):00588         D.Day               RMB       1
002B                  (            os9.d):00589         D.Hour              RMB       1
002C                  (            os9.d):00590         D.Min               RMB       1
002D                  (            os9.d):00591         D.Sec               RMB       1
002E                  (            os9.d):00592         D.Tick              RMB       1
002F                  (            os9.d):00593         D.Slice             RMB       1                   current slice remaining
0030                  (            os9.d):00594         D.TSlice            RMB       1                   Ticks per Slice
0031                  (            os9.d):00595         D.Boot              RMB       1                   Bootstrap attempted flag
0032                  (            os9.d):00596         D.MotOn             RMB       1                   Floppy Disk Motor-On time out
0033                  (            os9.d):00597         D.ErrCod            RMB       1                   Reset Error Code
0034                  (            os9.d):00598         D.Daywk             RMB       1                   day of week, com-trol clock
0035                  (            os9.d):00599         D.TkCnt             RMB       1                   Tick Counter
0036                  (            os9.d):00600         D.BtPtr             RMB       2                   Address of Boot in System Address space
0038                  (            os9.d):00601         D.BtSz              RMB       2                   Size of Boot
                      (            os9.d):00602         
                      (            os9.d):00603                             IFNE      H6309
003A                  (            os9.d):00604         D.MDREG             RMB       1                   6309 MD (mode) shadow register
                      (            os9.d):00605                             ELSE
003A                  (            os9.d):00606                             RMB       1                   Currently unused in NitrOS-9/6809
                      (            os9.d):00607                             ENDC
                      (            os9.d):00608         
003B                  (            os9.d):00609         D.CRC               RMB       1                   CRC checking mode flag
                      (            os9.d):00610         
003C                  (            os9.d):00611         D.Tenths            RMB       1                   Tenths and hundredths of second for F$Xtime
003D                  (            os9.d):00612         D.Task1N            RMB       1                   Map type 1 task number*2 - offset into [D.TskIPt]
003E                  (            os9.d):00613         D.Quick             RMB       1                   Quick system call return flag - 0 =stack is at $FEE1
003F                  (            os9.d):00614         D.QIRQ              RMB       1                   Quick IRQ flag - 0 =IRQ wasn't clock, so quick return
                      (            os9.d):00615         
                      (            os9.d):00616                             ORG       $40
0040                  (            os9.d):00617         D.BlkMap            RMB       4                   Memory Block Map ptr
0044                  (            os9.d):00618         D.ModDir            RMB       4                   Module Directory ptrs
0048                  (            os9.d):00619         D.PrcDBT            RMB       2                   Process Descriptor Block Table ptr
004A                  (            os9.d):00620         D.SysPrc            RMB       2                   System Process Descriptor ptr
004C                  (            os9.d):00621         D.SysDAT            RMB       2                   System DAT Image ptr
004E                  (            os9.d):00622         D.SysMem            RMB       2                   System Memory Map ptr
0050                  (            os9.d):00623         D.Proc              RMB       2                   Current Process ptr
0052                  (            os9.d):00624         D.AProcQ            RMB       2                   Active Process Queue
0054                  (            os9.d):00625         D.WProcQ            RMB       2                   Waiting Process Queue
0056                  (            os9.d):00626         D.SProcQ            RMB       2                   Sleeping Process Queue
0058                  (            os9.d):00627         D.ModEnd            RMB       2                   Module Directory end ptr
005A                  (            os9.d):00628         D.ModDAT            RMB       2                   Module Dir DAT image end ptr
005C                  (            os9.d):00629         D.CldRes            RMB       2                   Cold Restart vector
005E                  (            os9.d):00630         D.BtBug             RMB       3                   Boot debug information
0061                  (            os9.d):00631         D.Pipe              RMB       2
                      (            os9.d):00632         
                      (            os9.d):00633                             ORG       $6B
006B                  (            os9.d):00634         D.Crash             RMB       6                   Pointer to CC Crash Routine
0071                  (            os9.d):00635         D.CBStrt            RMB       $B                  Reserved for CC warmstart ($71)
007C                  (            os9.d):00636         D.QCnt              RMB       1                   Count of number of quick system calls performed
                      (            os9.d):00637         
                      (            os9.d):00638                             ORG       $80
0080                  (            os9.d):00639         D.DevTbl            RMB       2                   I/O Device Table
0082                  (            os9.d):00640         D.PolTbl            RMB       2                   I/O Polling Table
0084                  (            os9.d):00641                             RMB       4                   reserved
0088                  (            os9.d):00642         D.PthDBT            RMB       2                   Path Descriptor Block Table ptr
008A                  (            os9.d):00643         D.DMAReq            RMB       1                   DMA Request flag
                      (            os9.d):00644         
                      (            os9.d):00645         ********
                      (            os9.d):00646         * CoCo 3 STUFF COMES NEXT
                      (            os9.d):00647         * This area is used for the CoCo Hardware Registers
                      (            os9.d):00648         *
                      (            os9.d):00649                             ORG       $90
0090                  (            os9.d):00650         D.HINIT             RMB       1                   GIME INIT0 register (hardware setup $FF90)
0091                  (            os9.d):00651         D.TINIT             RMB       1                   GIME INIT1 register (timer/task register $FF91)
0092                  (            os9.d):00652         D.IRQER             RMB       1                   Interrupt enable regsiter ($FF92)
0093                  (            os9.d):00653         D.FRQER             RMB       1                   Fast Interrupt enable register ($FF93)
0094                  (            os9.d):00654         D.TIMMS             RMB       1                   Timer most significant nibble ($FF94)
0095                  (            os9.d):00655         D.TIMLS             RMB       1                   Timer least significant byte ($FF95)
0096                  (            os9.d):00656         D.RESV1             RMB       1                   reserved register ($FF96)
0097                  (            os9.d):00657         D.RESV2             RMB       1                   reserved register ($FF97)
0098                  (            os9.d):00658         D.VIDMD             RMB       1                   video mode register ($FF98)
0099                  (            os9.d):00659         D.VIDRS             RMB       1                   video resolution register ($FF99)
009A                  (            os9.d):00660         D.BORDR             RMB       1                   border register ($FF9A)
009B                  (            os9.d):00661         D.RESV3             RMB       1                   reserved register ($FF9B)
009C                  (            os9.d):00662         D.VOFF2             RMB       1                   vertical scroll/offset 2 register ($FF9C)
009D                  (            os9.d):00663         D.VOFF1             RMB       1                   vertical offset 1 register ($FF9D)
009E                  (            os9.d):00664         D.VOFF0             RMB       1                   vertical offset 0 register ($FF9E)
009F                  (            os9.d):00665         D.HOFF0             RMB       1                   horizontal offset 0 register ($FF9F)
00A0                  (            os9.d):00666         D.Speed             RMB       1                   Speed of COCO CPU 0=slow,1=fast ($A0)
00A1                  (            os9.d):00667         D.TskIPt            RMB       2                   Task image Pointer table (CC) ($A1)
00A3                  (            os9.d):00668         D.MemSz             RMB       1                   128/512K memory flag (CC) ($A3)
00A4                  (            os9.d):00669         D.SSTskN            RMB       1                   System State Task Number (COCO) ($A4)
00A5                  (            os9.d):00670         D.CCMem             RMB       2                   Pointer to beginning of CC Memory ($A5)
00A7                  (            os9.d):00671         D.CCStk             RMB       2                   Pointer to top of CC Memory ($A7)
00A9                  (            os9.d):00672         D.Flip0             RMB       2                   Change to Task 0 ($A9)
00AB                  (            os9.d):00673         D.Flip1             RMB       2                   Change to reserved Task 1 ($AB)
00AD                  (            os9.d):00674         D.VIRQ              RMB       2                   VIRQ Polling routine ($AD)
00AF                  (            os9.d):00675         D.IRQS              RMB       1                   IRQ shadow register (CC Temporary) ($AF)
00B0                  (            os9.d):00676         D.CLTb              RMB       2                   VIRQ Table address ($B0)
00B2                  (            os9.d):00677         D.AltIRQ            RMB       2                   Alternate IRQ Vector (CC) ($B2)
00B4                  (            os9.d):00678         D.GPoll             RMB       2                   CC GIME IRQ enable/disable toggle
00B6                  (            os9.d):00679         D.Clock2            RMB       2                   CC Clock2 entry address
                      (            os9.d):00680                             ORG       $C0
00C0                  (            os9.d):00681         D.SysSvc            RMB       2                   System Service Routine entry
00C2                  (            os9.d):00682         D.SysDis            RMB       2                   System Service Dispatch Table ptr
00C4                  (            os9.d):00683         D.SysIRQ            RMB       2                   System IRQ Routine entry
00C6                  (            os9.d):00684         D.UsrSvc            RMB       2                   User Service Routine entry
00C8                  (            os9.d):00685         D.UsrDis            RMB       2                   User Service Dispatch Table ptr
00CA                  (            os9.d):00686         D.UsrIRQ            RMB       2                   User IRQ Routine entry
00CC                  (            os9.d):00687         D.SysStk            RMB       2                   System stack
00CE                  (            os9.d):00688         D.SvcIRQ            RMB       2                   In-System IRQ service
00D0                  (            os9.d):00689         D.SysTsk            RMB       1                   System Task number
                      (            os9.d):00690                             ORG       $E0
00E0                  (            os9.d):00691         D.Clock             RMB       2
00E2                  (            os9.d):00692         D.XSWI3             RMB       2
00E4                  (            os9.d):00693         D.XSWI2             RMB       2
00E6                  (            os9.d):00694         D.XFIRQ             RMB       2
00E8                  (            os9.d):00695         D.XIRQ              RMB       2
00EA                  (            os9.d):00696         D.XSWI              RMB       2
00EC                  (            os9.d):00697         D.XNMI              RMB       2
00EE                  (            os9.d):00698         D.ErrRst            RMB       2
00F0                  (            os9.d):00699         D.SysVec            RMB       2                   F$xxx system call vector for NitrOS-9 Level 3
00F2                  (            os9.d):00700         D.SWI3              RMB       2
00F4                  (            os9.d):00701         D.SWI2              RMB       2
00F6                  (            os9.d):00702         D.FIRQ              RMB       2
00F8                  (            os9.d):00703         D.IRQ               RMB       2
00FA                  (            os9.d):00704         D.SWI               RMB       2
00FC                  (            os9.d):00705         D.NMI               RMB       2
                      (            os9.d):00706         
                      (            os9.d):00707         *************************
                      (            os9.d):00708         * Level 2 flags used for bytes in the memory block map at D.BlkMap
                      (            os9.d):00709         * and for bytes in the system memory map at D.SysMem.
                      (            os9.d):00710         * A value of 0 indicates an unused/unassigned block.
                      (            os9.d):00711         * In the code, block assignment often involves incrementing a value
                      (            os9.d):00712         * from 0 to 1 rather than explict use of RAMinUse.
                      (            os9.d):00713         *
     0080             (            os9.d):00714         NotRAM              EQU       %10000000           Block Not RAM flag
     0004             (            os9.d):00715         VidRAM              EQU       %00000100           Block is being used as Video RAM
     0002             (            os9.d):00716         ModBlock            EQU       %00000010           Module in Block
     0001             (            os9.d):00717         RAMinUse            EQU       %00000001           RAM Block in use flag
                      (            os9.d):00718         *
                      (            os9.d):00719         * Service Dispatch Table special entries
                      (            os9.d):00720         *
     00FE             (            os9.d):00721         IOEntry             EQU       254
                      (            os9.d):00722         
                      (            os9.d):00723                             ENDC
                      (            os9.d):00724         
                      (            os9.d):00725                             TTL       Structure           Formats
                      (            os9.d):00726                             PAG
                      (            os9.d):00727         ************************************
                      (            os9.d):00728         * Module Directory Entry Definitions
                      (            os9.d):00729         *
                      (            os9.d):00730                             ORG       0
                      (            os9.d):00731                             IFGT      Level-1
0000                  (            os9.d):00732         MD$MPDAT            RMB       2                   Module DAT Image ptr
0002                  (            os9.d):00733         MD$MBSiz            RMB       2                   Memory Block size
                      (            os9.d):00734                             ENDC
0004                  (            os9.d):00735         MD$MPtr             RMB       2                   Module ptr
0006                  (            os9.d):00736         MD$Link             RMB       2                   Module Link count
     0008             (            os9.d):00737         MD$ESize            EQU       .                   Module Directory Entry size
                      (            os9.d):00738         
                      (            os9.d):00739         ************************************
                      (            os9.d):00740         * Module Definitions
                      (            os9.d):00741         *
                      (            os9.d):00742         * Universal Module Offsets
                      (            os9.d):00743         *
                      (            os9.d):00744                             ORG       0
0000                  (            os9.d):00745         M$ID                RMB       2                   ID Code
0002                  (            os9.d):00746         M$Size              RMB       2                   Module Size
0004                  (            os9.d):00747         M$Name              RMB       2                   Module Name
0006                  (            os9.d):00748         M$Type              RMB       1                   Type / Language
0007                  (            os9.d):00749         M$Revs              RMB       1                   Attributes / Revision Level
0008                  (            os9.d):00750         M$Parity            RMB       1                   Header Parity
     0009             (            os9.d):00751         M$IDSize            EQU       .                   Module ID Size
                      (            os9.d):00752         *
                      (            os9.d):00753         * Type-Dependent Module Offsets
                      (            os9.d):00754         *
                      (            os9.d):00755         * System, File Manager, Device Driver, Program Module
                      (            os9.d):00756         *
0009                  (            os9.d):00757         M$Exec              RMB       2                   Execution Entry Offset
                      (            os9.d):00758         *
                      (            os9.d):00759         * Device Driver, Program Module
                      (            os9.d):00760         *
000B                  (            os9.d):00761         M$Mem               RMB       2                   Stack Requirement
                      (            os9.d):00762         *
                      (            os9.d):00763         * Device Driver, Device Descriptor Module
                      (            os9.d):00764         *
000D                  (            os9.d):00765         M$Mode              RMB       1                   Device Driver Mode Capabilities
                      (            os9.d):00766         *
                      (            os9.d):00767         * Device Descriptor Module
                      (            os9.d):00768         *
                      (            os9.d):00769                             ORG       M$IDSize
0009                  (            os9.d):00770         M$FMgr              RMB       2                   File Manager Name Offset
000B                  (            os9.d):00771         M$PDev              RMB       2                   Device Driver Name Offset
000D                  (            os9.d):00772                             RMB       1                   M$Mode (defined above)
000E                  (            os9.d):00773         M$Port              RMB       3                   Port Address
0011                  (            os9.d):00774         M$Opt               RMB       1                   Device Default Options
0012                  (            os9.d):00775         M$DTyp              RMB       1                   Device Type
     0012             (            os9.d):00776         IT.DTP              EQU       M$DTyp              Descriptor type offset
                      (            os9.d):00777         *
                      (            os9.d):00778         * Configuration Module Entry Offsets
                      (            os9.d):00779         *
                      (            os9.d):00780                             ORG       M$IDSize
0009                  (            os9.d):00781         MaxMem              RMB       3                   Maximum Free Memory
000C                  (            os9.d):00782         PollCnt             RMB       1                   Entries in Interrupt Polling Table
000D                  (            os9.d):00783         DevCnt              RMB       1                   Entries in Device Table
000E                  (            os9.d):00784         InitStr             RMB       2                   Initial Module Name
0010                  (            os9.d):00785         SysStr              RMB       2                   System Device Name
0012                  (            os9.d):00786         StdStr              RMB       2                   Standard I/O Pathlist
0014                  (            os9.d):00787         BootStr             RMB       2                   Bootstrap Module name
0016                  (            os9.d):00788         ProtFlag            RMB       1                   Write protect enable flag
                      (            os9.d):00789         
0017                  (            os9.d):00790         OSLevel             RMB       1                   OS level
0018                  (            os9.d):00791         OSVer               RMB       1                   OS version
0019                  (            os9.d):00792         OSMajor             RMB       1                   OS major
001A                  (            os9.d):00793         OSMinor             RMB       1                   OS minor
001B                  (            os9.d):00794         Feature1            RMB       1                   feature byte 1
001C                  (            os9.d):00795         Feature2            RMB       1                   feature byte 2
001D                  (            os9.d):00796         OSName              RMB       2                   OS revision name string (nul terminated)
001F                  (            os9.d):00797         InstallName         RMB       2                   installation name string (nul terminated)
0021                  (            os9.d):00798         BuildInfo           RMB       2                   build information string (nul terminated)
0023                  (            os9.d):00799                             RMB       2                   reserved for future use
                      (            os9.d):00800         
                      (            os9.d):00801                             IFGT      Level-1
                      (            os9.d):00802         * -- VTIO area -- (NitrOS-9 Level 2 and above) *
0025                  (            os9.d):00803         MonType             RMB       1                   Monitor type (0=CMP,1=RGB,2=MONO)
0026                  (            os9.d):00804         MouseInf            RMB       2                   Mouse resolution/Mouse port; was 1, major error RG.
0028                  (            os9.d):00805         KeyRptS             RMB       1                   Key repeat start constant
0029                  (            os9.d):00806         KeyRptD             RMB       1                   Key repeat delay constant
                      (            os9.d):00807                             ENDC
                      (            os9.d):00808         
                      (            os9.d):00809         * Feature1 byte definitions
     0001             (            os9.d):00810         CRCOn               EQU       %00000001           CRC checking on
     0000             (            os9.d):00811         CRCOff              EQU       %00000000           CRC checking off
     0000             (            os9.d):00812         Proc6809            EQU       %00000000           6809 procesor
     0002             (            os9.d):00813         Proc6309            EQU       %00000010           6309 procesor
                      (            os9.d):00814         
                      (            os9.d):00815                             PAG
                      (            os9.d):00816         **************************
                      (            os9.d):00817         * Module Field Definitions
                      (            os9.d):00818         *
                      (            os9.d):00819         * ID Field - First two bytes of a NitrOS-9 module
                      (            os9.d):00820         *
     0087             (            os9.d):00821         M$ID1               EQU       $87                 Module ID code byte one
     00CD             (            os9.d):00822         M$ID2               EQU       $CD                 Module ID code byte two
     87CD             (            os9.d):00823         M$ID12              EQU       M$ID1*256+M$ID2
                      (            os9.d):00824         
                      (            os9.d):00825         *
                      (            os9.d):00826         * Module Type/Language Field Masks
                      (            os9.d):00827         *
     00F0             (            os9.d):00828         TypeMask            EQU       %11110000           Type Field
     000F             (            os9.d):00829         LangMask            EQU       %00001111           Language Field
                      (            os9.d):00830         
                      (            os9.d):00831         *
                      (            os9.d):00832         * Module Type Values
                      (            os9.d):00833         *
     00F0             (            os9.d):00834         Devic               EQU       $F0                 Device Descriptor Module
     00E0             (            os9.d):00835         Drivr               EQU       $E0                 Physical Device Driver
     00D0             (            os9.d):00836         FlMgr               EQU       $D0                 File Manager
     00C0             (            os9.d):00837         Systm               EQU       $C0                 System Module
     0050             (            os9.d):00838         ShellSub            EQU       $50                 Shell+ shell sub module
     0040             (            os9.d):00839         Data                EQU       $40                 Data Module
     0030             (            os9.d):00840         Multi               EQU       $30                 Multi-Module
     0020             (            os9.d):00841         Sbrtn               EQU       $20                 Subroutine Module
     0010             (            os9.d):00842         Prgrm               EQU       $10                 Program Module
                      (            os9.d):00843         
                      (            os9.d):00844         *
                      (            os9.d):00845         * Module Language Values
                      (            os9.d):00846         *
     0001             (            os9.d):00847         Objct               EQU       1                   6809 Object Code Module
     0002             (            os9.d):00848         ICode               EQU       2                   Basic09 I-code
     0003             (            os9.d):00849         PCode               EQU       3                   Pascal P-code
     0004             (            os9.d):00850         CCode               EQU       4                   C I-code
     0005             (            os9.d):00851         CblCode             EQU       5                   Cobol I-code
     0006             (            os9.d):00852         FrtnCode            EQU       6                   Fortran I-code
     0007             (            os9.d):00853         Obj6309             EQU       7                   6309 object code
                      (            os9.d):00854         *
                      (            os9.d):00855         * Module Attributes / Revision byte
                      (            os9.d):00856         *
                      (            os9.d):00857         * Field Masks
                      (            os9.d):00858         *
     00F0             (            os9.d):00859         AttrMask            EQU       %11110000           Attributes Field
     000F             (            os9.d):00860         RevsMask            EQU       %00001111           Revision Level Field
                      (            os9.d):00861         *
                      (            os9.d):00862         * Attribute Flags
                      (            os9.d):00863         *
     0080             (            os9.d):00864         ReEnt               EQU       %10000000           Re-Entrant Module
     0040             (            os9.d):00865         ModProt             EQU       %01000000           Gimix Module protect bit (0=protected, 1=write enable)
     0020             (            os9.d):00866         ModNat              EQU       %00100000           6309 native mode attribute
     0040             (            os9.d):00867         BufWrits            EQU       ModProt             SCF buffered read supported (Coco only at this point)
     0010             (            os9.d):00868         BufReads            EQU       %00010000           SCF buffered write supported (Coco only at this point)
                      (            os9.d):00869         * LCB - propose we add Buffered Read/Buffered Write attribute bits for Coco (in descriptors and
                      (            os9.d):00870         *   drivers for SCF), with one of them replacing ModProt. SCF would check Read/ReadLn and Write/WritLn
                      (            os9.d):00871         *   calls, and if both the driver and descriptor have the appropriate bit set, it would do buffered 32
                      (            os9.d):00872         *   byte (for now) reads/writes like the Grfdrv write call does now, for all bytes that are ASCII >$1F
                      (            os9.d):00873         *   (ie non-control chars, which need special processing)
                      (            os9.d):00874         
                      (            os9.d):00875         
                      (            os9.d):00876         ********************
                      (            os9.d):00877         * Device Type Values
                      (            os9.d):00878         *
                      (            os9.d):00879         * These values define various classes of devices, which are
                      (            os9.d):00880         * managed by a file manager module.  The Device Type is embedded
                      (            os9.d):00881         * in a device's device descriptor.
                      (            os9.d):00882         *
     0000             (            os9.d):00883         DT.SCF              EQU       0                   Sequential Character File Manager
     0001             (            os9.d):00884         DT.RBF              EQU       1                   Random Block File Manager
     0002             (            os9.d):00885         DT.Pipe             EQU       2                   Pipe File Manager
     0003             (            os9.d):00886         DT.SBF              EQU       3                   Sequential Block File Manager
     0004             (            os9.d):00887         DT.NFM              EQU       4                   Network File Manager
     0005             (            os9.d):00888         DT.CDFM             EQU       5                   CD-ROM File Manager
     0006             (            os9.d):00889         DT.RFM              EQU       6                   Remote File Manager
                      (            os9.d):00890         
                      (            os9.d):00891         *********************
                      (            os9.d):00892         * CRC Result Constant
                      (            os9.d):00893         *
     0080             (            os9.d):00894         CRCCon1             EQU       $80
     0FE3             (            os9.d):00895         CRCCon23            EQU       $0FE3
                      (            os9.d):00896         
                      (            os9.d):00897                             TTL       Process             Information
                      (            os9.d):00898                             PAG
                      (            os9.d):00899         ********************************
                      (            os9.d):00900         * Process Descriptor Definitions
                      (            os9.d):00901         *
                      (            os9.d):00902                             IFEQ      Level-1
                      (            os9.d):00903         
                      (            os9.d):00904         * Level 1 process descriptor defs
002A                  (            os9.d):00905         DefIOSiz            EQU       12
002A                  (            os9.d):00906         NumPaths            EQU       16                  Number of Local Paths
                      (            os9.d):00907         
                      (            os9.d):00908                             ORG       0
002A                  (            os9.d):00909         P$ID                RMB       1                   Process ID
002A                  (            os9.d):00910         P$PID               RMB       1                   Parent's ID
002A                  (            os9.d):00911         P$SID               RMB       1                   Sibling's ID
002A                  (            os9.d):00912         P$CID               RMB       1                   Child's ID
002A                  (            os9.d):00913         P$SP                RMB       2                   Stack ptr
002A                  (            os9.d):00914         P$CHAP              RMB       1                   process chapter number
002A                  (            os9.d):00915         P$ADDR              RMB       1                   user address beginning page number
002A                  (            os9.d):00916         P$PagCnt            RMB       1                   Memory Page Count
002A                  (            os9.d):00917         P$User              RMB       2                   User Index $09
002A                  (            os9.d):00918         P$Prior             RMB       1                   Priority $0B
002A                  (            os9.d):00919         P$Age               RMB       1                   Age $0C
002A                  (            os9.d):00920         P$State             RMB       1                   Status $0D
002A                  (            os9.d):00921         P$Queue             RMB       2                   Queue Link (Process ptr) $0E
002A                  (            os9.d):00922         P$IOQP              RMB       1                   Previous I/O Queue Link (Process ID) $10
002A                  (            os9.d):00923         P$IOQN              RMB       1                   Next     I/O Queue Link (Process ID)
002A                  (            os9.d):00924         P$PModul            RMB       2                   Primary Module
002A                  (            os9.d):00925         P$SWI               RMB       2                   SWI Entry Point
002A                  (            os9.d):00926         P$SWI2              RMB       2                   SWI2 Entry Point
002A                  (            os9.d):00927         P$SWI3              RMB       2                   SWI3 Entry Point $18
002A                  (            os9.d):00928         P$DIO               RMB       DefIOSiz            default I/O ptrs $1A
002A                  (            os9.d):00929         P$PATH              RMB       NumPaths            I/O path table $26
002A                  (            os9.d):00930         P$Signal            RMB       1                   Signal Code $36
002A                  (            os9.d):00931         P$SigVec            RMB       2                   Signal Intercept Vector
002A                  (            os9.d):00932         P$SigDat            RMB       2                   Signal Intercept Data Address
002A                  (            os9.d):00933         P$NIO               RMB       4                   additional dio pointers for net
                      (            os9.d):00934                             RMB       $40-.               unused
002A                  (            os9.d):00935         P$Size              EQU       .                   Size of Process Descriptor
                      (            os9.d):00936         
                      (            os9.d):00937         *
                      (            os9.d):00938         * Process State Flags
                      (            os9.d):00939         *
002A                  (            os9.d):00940         SysState            EQU       %10000000
002A                  (            os9.d):00941         TimSleep            EQU       %01000000
002A                  (            os9.d):00942         TimOut              EQU       %00100000
002A                  (            os9.d):00943         ImgChg              EQU       %00010000
002A                  (            os9.d):00944         Condem              EQU       %00000010
002A                  (            os9.d):00945         Dead                EQU       %00000001
                      (            os9.d):00946         
                      (            os9.d):00947                             ELSE
                      (            os9.d):00948         
                      (            os9.d):00949         * Level 2 process descriptor defs
     0010             (            os9.d):00950         DefIOSiz            EQU       16                  Default I/O Data Length
     000C             (            os9.d):00951         NefIOSiz            EQU       12                  On-Net Default I/O Data Length
     0010             (            os9.d):00952         NumPaths            EQU       16                  Number of Local Paths
                      (            os9.d):00953         
                      (            os9.d):00954                             ORG       0
0000                  (            os9.d):00955         P$ID                RMB       1                   Process ID
0001                  (            os9.d):00956         P$PID               RMB       1                   Parent's ID
0002                  (            os9.d):00957         P$SID               RMB       1                   Sibling's ID
0003                  (            os9.d):00958         P$CID               RMB       1                   Child's ID
0004                  (            os9.d):00959         P$SP                RMB       2                   Stack ptr
0006                  (            os9.d):00960         P$Task              RMB       1                   Task Number
0007                  (            os9.d):00961         P$PagCnt            RMB       1                   Memory Page Count
0008                  (            os9.d):00962         P$User              RMB       2                   User Index
000A                  (            os9.d):00963         P$Prior             RMB       1                   Priority
000B                  (            os9.d):00964         P$Age               RMB       1                   Age
000C                  (            os9.d):00965         P$State             RMB       1                   Status
000D                  (            os9.d):00966         P$Queue             RMB       2                   Queue Link (Process ptr)
000F                  (            os9.d):00967         P$IOQP              RMB       1                   Previous I/O Queue Link (Process ID)
0010                  (            os9.d):00968         P$IOQN              RMB       1                   Next I/O Queue Link (Process ID)
0011                  (            os9.d):00969         P$PModul            RMB       2                   Primary Module
0013                  (            os9.d):00970         P$SWI               RMB       2                   SWI Entry Point
0015                  (            os9.d):00971         P$SWI2              RMB       2                   SWI2 Entry Point
0017                  (            os9.d):00972         P$SWI3              RMB       2                   SWI3 Entry Point
0019                  (            os9.d):00973         P$Signal            RMB       1                   Signal Code
001A                  (            os9.d):00974         P$SigVec            RMB       2                   Signal Intercept Vector
001C                  (            os9.d):00975         P$SigDat            RMB       2                   Signal Intercept Data Address
001E                  (            os9.d):00976         P$DeadLk            RMB       1                   Dominant proc ID if I/O locked
001F                  (            os9.d):00977                             RMB       $20-.               unused
0020                  (            os9.d):00978         P$DIO               RMB       DefIOSiz            Default I/O ptrs
0030                  (            os9.d):00979         P$Path              RMB       NumPaths            I/O Path Table
0040                  (            os9.d):00980         P$DATImg            RMB       64                  DAT Image
0080                  (            os9.d):00981         P$Links             RMB       32                  Block Link counts
00A0                  (            os9.d):00982         P$NIO               RMB       6*2                 additional DIO ptrs for net, compatible  with 68k
00AC                  (            os9.d):00983         P$SelP              RMB       1                   Selected Path for COCO Windows (Default 0)
00AD                  (            os9.d):00984         P$UTicks            RMB       4                   proc User Tick counter        (L2V3)
00B1                  (            os9.d):00985         P$STicks            RMB       4                   proc System Tick counter      (L2V3)
00B5                  (            os9.d):00986         P$FCalls            RMB       4                   proc F$ call counter          (L2V3)
00B9                  (            os9.d):00987         P$ICalls            RMB       4                   proc I$ call counter          (L2V3)
00BD                  (            os9.d):00988         P$DatBeg            RMB       3                   proc Date of creation (Y/M/D) (L2V3)
00C0                  (            os9.d):00989         P$TimBeg            RMB       3                   proc Time of creation (H/M/S) (L2V3)
00C3                  (            os9.d):00990         P$Alarm             RMB       6
00C9                  (            os9.d):00991                             RMB       $200-.              Local stack
     0200             (            os9.d):00992         P$Stack             EQU       .                   Top of Stack
     0200             (            os9.d):00993         P$Size              EQU       .                   Size of Process Descriptor
                      (            os9.d):00994         
                      (            os9.d):00995         *
                      (            os9.d):00996         * Process State Flags
                      (            os9.d):00997         *
     0080             (            os9.d):00998         SysState            EQU       %10000000
     0040             (            os9.d):00999         TimSleep            EQU       %01000000
     0020             (            os9.d):01000         TimOut              EQU       %00100000
     0010             (            os9.d):01001         ImgChg              EQU       %00010000
     0008             (            os9.d):01002         Suspend             EQU       %00001000
     0002             (            os9.d):01003         Condem              EQU       %00000010
     0001             (            os9.d):01004         Dead                EQU       %00000001
                      (            os9.d):01005         
                      (            os9.d):01006                             ENDC
                      (            os9.d):01007         
                      (            os9.d):01008                             TTL       NitrOS-9            I/O Symbolic Definitions
                      (            os9.d):01009                             PAG
                      (            os9.d):01010         *************************
                      (            os9.d):01011         * Path Descriptor Offsets
                      (            os9.d):01012         *
                      (            os9.d):01013                             ORG       0
0000                  (            os9.d):01014         PD.PD               RMB       1                   Path Number
0001                  (            os9.d):01015         PD.MOD              RMB       1                   Mode (Read/Write/Update)
0002                  (            os9.d):01016         PD.CNT              RMB       1                   Number of Open Images
0003                  (            os9.d):01017         PD.DEV              RMB       2                   Device Table Entry Address
0005                  (            os9.d):01018         PD.CPR              RMB       1                   Current Process
0006                  (            os9.d):01019         PD.RGS              RMB       2                   Caller's Register Stack
0008                  (            os9.d):01020         PD.BUF              RMB       2                   Buffer Address
000A                  (            os9.d):01021         PD.FST              RMB       32-.                File Manager's Storage
     0020             (            os9.d):01022         PD.OPT              EQU       .                   PD GetSts(0) Options
0020                  (            os9.d):01023         PD.DTP              RMB       1                   Device Type
0021                  (            os9.d):01024                             RMB       64-.                Path options
     0040             (            os9.d):01025         PDSIZE              EQU       .
                      (            os9.d):01026         
                      (            os9.d):01027         *
                      (            os9.d):01028         * Pathlist Special Symbols
                      (            os9.d):01029         *
     002F             (            os9.d):01030         PDELIM              EQU       '/                  Pathlist Name Separator
     002E             (            os9.d):01031         PDIR                EQU       '.                  Directory
     0040             (            os9.d):01032         PENTIR              EQU       '@                  Entire Device
                      (            os9.d):01033         
                      (            os9.d):01034                             PAG
                      (            os9.d):01035         ****************************
                      (            os9.d):01036         * File Manager Entry Offsets
                      (            os9.d):01037         *
                      (            os9.d):01038                             ORG       0
0000                  (            os9.d):01039         FMCREA              RMB       3                   Create (Open New) File
0003                  (            os9.d):01040         FMOPEN              RMB       3                   Open File
0006                  (            os9.d):01041         FMMDIR              RMB       3                   Make Directory
0009                  (            os9.d):01042         FMCDIR              RMB       3                   Change Directory
000C                  (            os9.d):01043         FMDLET              RMB       3                   Delete File
000F                  (            os9.d):01044         FMSEEK              RMB       3                   Position File
0012                  (            os9.d):01045         FMREAD              RMB       3                   Read from File
0015                  (            os9.d):01046         FMWRIT              RMB       3                   Write to File
0018                  (            os9.d):01047         FMRDLN              RMB       3                   ReadLn
001B                  (            os9.d):01048         FMWRLN              RMB       3                   WritLn
001E                  (            os9.d):01049         FMGSTA              RMB       3                   Get File Status
0021                  (            os9.d):01050         FMSSTA              RMB       3                   Set File Status
0024                  (            os9.d):01051         FMCLOS              RMB       3                   Close File
                      (            os9.d):01052         
                      (            os9.d):01053         *****************************
                      (            os9.d):01054         * Device Driver Entry Offsets
                      (            os9.d):01055         *
                      (            os9.d):01056                             ORG       0
0000                  (            os9.d):01057         D$INIT              RMB       3                   Device Initialization
0003                  (            os9.d):01058         D$READ              RMB       3                   Read from Device
0006                  (            os9.d):01059         D$WRIT              RMB       3                   Write to Device
0009                  (            os9.d):01060         D$GSTA              RMB       3                   Get Device Status
000C                  (            os9.d):01061         D$PSTA              RMB       3                   Put Device Status
000F                  (            os9.d):01062         D$TERM              RMB       3                   Device Termination
                      (            os9.d):01063         
                      (            os9.d):01064         *********************
                      (            os9.d):01065         * Device Table Format
                      (            os9.d):01066         *
                      (            os9.d):01067                             ORG       0
0000                  (            os9.d):01068         V$DRIV              RMB       2                   Device Driver module
0002                  (            os9.d):01069         V$STAT              RMB       2                   Device Driver Static storage
0004                  (            os9.d):01070         V$DESC              RMB       2                   Device Descriptor module
0006                  (            os9.d):01071         V$FMGR              RMB       2                   File Manager module
0008                  (            os9.d):01072         V$USRS              RMB       1                   use count
                      (            os9.d):01073                             IFGT      Level-1
0009                  (            os9.d):01074         V$DRIVEX            RMB       2                   Device Driver execution address
000B                  (            os9.d):01075         V$FMGREX            RMB       2                   File Manager execution address
                      (            os9.d):01076                             ENDC
     000D             (            os9.d):01077         DEVSIZ              EQU       .
                      (            os9.d):01078         
                      (            os9.d):01079         *******************************
                      (            os9.d):01080         * Device Static Storage Offsets
                      (            os9.d):01081         *
                      (            os9.d):01082                             ORG       0
0000                  (            os9.d):01083         V.PAGE              RMB       1                   Port Extended Address
0001                  (            os9.d):01084         V.PORT              RMB       2                   Device 'Base' Port Address
0003                  (            os9.d):01085         V.LPRC              RMB       1                   Last Active Process ID
0004                  (            os9.d):01086         V.BUSY              RMB       1                   Active Process ID (0=UnBusy)
0005                  (            os9.d):01087         V.WAKE              RMB       1                   Active PD if Driver MUST Wake-up
     0006             (            os9.d):01088         V.USER              EQU       .                   Driver Allocation Origin
                      (            os9.d):01089         
                      (            os9.d):01090         ********************************
                      (            os9.d):01091         * Interrupt Polling Table Format
                      (            os9.d):01092         *
                      (            os9.d):01093                             ORG       0
0000                  (            os9.d):01094         Q$POLL              RMB       2                   Absolute Polling Address
0002                  (            os9.d):01095         Q$FLIP              RMB       1                   Flip (EOR) Byte ..normally Zero
0003                  (            os9.d):01096         Q$MASK              RMB       1                   Polling Mask (after Flip)
0004                  (            os9.d):01097         Q$SERV              RMB       2                   Absolute Service routine Address
0006                  (            os9.d):01098         Q$STAT              RMB       2                   Static Storage Address
0008                  (            os9.d):01099         Q$PRTY              RMB       1                   Priority (Low Numbers=Top Priority)
                      (            os9.d):01100                             IFGT      Level-1
0009                  (            os9.d):01101         Q$MAP               RMB       2                   NitrOS-9 Level 2 and above
                      (            os9.d):01102                             ENDC
     000B             (            os9.d):01103         POLSIZ              EQU       .
                      (            os9.d):01104         
                      (            os9.d):01105         ********************
                      (            os9.d):01106         * VIRQ packet format
                      (            os9.d):01107         *
                      (            os9.d):01108                             ORG       0
0000                  (            os9.d):01109         Vi.Cnt              RMB       2                   count down counter
0002                  (            os9.d):01110         Vi.Rst              RMB       2                   reset value for counter
0004                  (            os9.d):01111         Vi.Stat             RMB       1                   status byte
     0005             (            os9.d):01112         Vi.PkSz             EQU       .
                      (            os9.d):01113         
     0001             (            os9.d):01114         Vi.IFlag            EQU       %00000001           status byte virq flag
                      (            os9.d):01115         
                      (            os9.d):01116                             PAG
                      (            os9.d):01117         *************************************
                      (            os9.d):01118         * Machine Characteristics Definitions
                      (            os9.d):01119         *
     0000             (            os9.d):01120         R$CC                EQU       0                   Condition Codes register
     0001             (            os9.d):01121         R$A                 EQU       1                   A Accumulator
     0002             (            os9.d):01122         R$B                 EQU       2                   B Accumulator
     0001             (            os9.d):01123         R$D                 EQU       R$A                 Combined A:B Accumulator
                      (            os9.d):01124                             IFNE      H6309
0005                  (            os9.d):01125         R$E                 EQU       3                   E Accumulator
0005                  (            os9.d):01126         R$F                 EQU       4                   F Accumulator
0005                  (            os9.d):01127         R$W                 EQU       R$E                 Combined E:F Accumulator
0005                  (            os9.d):01128         R$Q                 EQU       R$A                 Combined A:B:E:F Accumulator
0005                  (            os9.d):01129         R$DP                EQU       5                   Direct Page register
0005                  (            os9.d):01130         R$X                 EQU       6                   X Index register
0005                  (            os9.d):01131         R$Y                 EQU       8                   Y Index register
0005                  (            os9.d):01132         R$U                 EQU       10                  User Stack register
0005                  (            os9.d):01133         R$PC                EQU       12                  Program Counter register
0005                  (            os9.d):01134         R$Size              EQU       14                  Total register package size
                      (            os9.d):01135                             ELSE
     0003             (            os9.d):01136         R$DP                EQU       3                   Direct Page register
     0004             (            os9.d):01137         R$X                 EQU       4                   X Index register
     0006             (            os9.d):01138         R$Y                 EQU       6                   Y Index register
     0008             (            os9.d):01139         R$U                 EQU       8                   User Stack register
     000A             (            os9.d):01140         R$PC                EQU       10                  Program Counter register
     000C             (            os9.d):01141         R$Size              EQU       12                  Total register package size
                      (            os9.d):01142                             ENDC
                      (            os9.d):01143         
                      (            os9.d):01144         * MD register masks
                      (            os9.d):01145         * 6309 definitions
     0080             (            os9.d):01146         DIV0                EQU       %10000000           division by 0 trap flag       : 1 = trap occured
     0040             (            os9.d):01147         badinstr            EQU       %01000000           illegal instruction trap flag : 1 = trap occured
                      (            os9.d):01148         
     0080             (            os9.d):01149         Entire              EQU       %10000000           Full Register Stack flag
     0040             (            os9.d):01150         FIRQMask            EQU       %01000000           Fast-Interrupt Mask bit
     0020             (            os9.d):01151         HalfCrry            EQU       %00100000           Half Carry flag
     0010             (            os9.d):01152         IRQMask             EQU       %00010000           Interrupt Mask bit
     0008             (            os9.d):01153         Negative            EQU       %00001000           Negative flag
     0004             (            os9.d):01154         Zero                EQU       %00000100           Zero flag
     0002             (            os9.d):01155         TwosOvfl            EQU       %00000010           Two's Comp Overflow flag
     0001             (            os9.d):01156         Carry               EQU       %00000001           Carry bit
     0050             (            os9.d):01157         IntMasks            EQU       IRQMask+FIRQMask
     0080             (            os9.d):01158         Sign                EQU       %10000000           sign bit
                      (            os9.d):01159         
                      (            os9.d):01160                             TTL       Error               Code Definitions
                      (            os9.d):01161                             PAG
                      (            os9.d):01162         ************************
                      (            os9.d):01163         * Error Code Definitions
                      (            os9.d):01164         *
                      (            os9.d):01165         * Basic09 Error Codes
                      (            os9.d):01166         *
                      (            os9.d):01167                             ORG       10
000A                  (            os9.d):01168         E$UnkSym            RMB       1                   Unknown symbol
000B                  (            os9.d):01169         E$ExcVrb            RMB       1                   Excessive verbage
000C                  (            os9.d):01170         E$IllStC            RMB       1                   Illegal statement construction
000D                  (            os9.d):01171         E$ICOvf             RMB       1                   I-code overflow
000E                  (            os9.d):01172         E$IChRef            RMB       1                   Illegal channel reference
000F                  (            os9.d):01173         E$IllMod            RMB       1                   Illegal mode
0010                  (            os9.d):01174         E$IllNum            RMB       1                   Illegal number
0011                  (            os9.d):01175         E$IllPrf            RMB       1                   Illegal prefix
0012                  (            os9.d):01176         E$IllOpd            RMB       1                   Illegal operand
0013                  (            os9.d):01177         E$IllOpr            RMB       1                   Illegal operator
0014                  (            os9.d):01178         E$IllRFN            RMB       1                   Illegal record field name
0015                  (            os9.d):01179         E$IllDim            RMB       1                   Illegal dimension
0016                  (            os9.d):01180         E$IllLit            RMB       1                   Illegal literal
0017                  (            os9.d):01181         E$IllRet            RMB       1                   Illegal relational
0018                  (            os9.d):01182         E$IllSfx            RMB       1                   Illegal type suffix
0019                  (            os9.d):01183         E$DimLrg            RMB       1                   Dimension too large
001A                  (            os9.d):01184         E$LinLrg            RMB       1                   Line number too large
001B                  (            os9.d):01185         E$NoAssg            RMB       1                   Missing assignment statement
001C                  (            os9.d):01186         E$NoPath            RMB       1                   Missing path number
001D                  (            os9.d):01187         E$NoComa            RMB       1                   Missing coma
001E                  (            os9.d):01188         E$NoDim             RMB       1                   Missing dimension
001F                  (            os9.d):01189         E$NoDO              RMB       1                   Missing DO statement
0020                  (            os9.d):01190         E$MFull             RMB       1                   Memory full
0021                  (            os9.d):01191         E$NoGoto            RMB       1                   Missing GOTO
0022                  (            os9.d):01192         E$NoLPar            RMB       1                   Missing left parenthesis
0023                  (            os9.d):01193         E$NoLRef            RMB       1                   Missing line reference
0024                  (            os9.d):01194         E$NoOprd            RMB       1                   Missing operand
0025                  (            os9.d):01195         E$NoRPar            RMB       1                   Missing right parenthesis
0026                  (            os9.d):01196         E$NoTHEN            RMB       1                   Missing THEN statement
0027                  (            os9.d):01197         E$NoTO              RMB       1                   Missing TO statement
0028                  (            os9.d):01198         E$NoVRef            RMB       1                   Missing variable reference
0029                  (            os9.d):01199         E$EndQou            RMB       1                   Missing end quote
002A                  (            os9.d):01200         E$SubLrg            RMB       1                   Too many subscripts
002B                  (            os9.d):01201         E$UnkPrc            RMB       1                   Unknown procedure
002C                  (            os9.d):01202         E$MulPrc            RMB       1                   Multiply defined procedure
002D                  (            os9.d):01203         E$DivZer            RMB       1                   Divice by zero
002E                  (            os9.d):01204         E$TypMis            RMB       1                   Operand type mismatch
002F                  (            os9.d):01205         E$StrOvf            RMB       1                   String stack overflow
0030                  (            os9.d):01206         E$NoRout            RMB       1                   Unimplemented routine
0031                  (            os9.d):01207         E$UndVar            RMB       1                   Undefined variable
0032                  (            os9.d):01208         E$FltOvf            RMB       1                   Floating Overflow
0033                  (            os9.d):01209         E$LnComp            RMB       1                   Line with compiler error
0034                  (            os9.d):01210         E$ValRng            RMB       1                   Value out of range for destination
0035                  (            os9.d):01211         E$SubOvf            RMB       1                   Subroutine stack overflow
0036                  (            os9.d):01212         E$SubUnd            RMB       1                   Subroutine stack underflow
0037                  (            os9.d):01213         E$SubRng            RMB       1                   Subscript out of range
0038                  (            os9.d):01214         E$ParmEr            RMB       1                   Paraemter error
0039                  (            os9.d):01215         E$SysOvf            RMB       1                   System stack overflow
003A                  (            os9.d):01216         E$IOMism            RMB       1                   I/O type mismatch
003B                  (            os9.d):01217         E$IONum             RMB       1                   I/O numeric input format bad
003C                  (            os9.d):01218         E$IOConv            RMB       1                   I/O conversion: number out of range
003D                  (            os9.d):01219         E$IllInp            RMB       1                   Illegal input format
003E                  (            os9.d):01220         E$IOFRpt            RMB       1                   I/O format repeat error
003F                  (            os9.d):01221         E$IOFSyn            RMB       1                   I/O format syntax error
0040                  (            os9.d):01222         E$IllPNm            RMB       1                   Illegal path number
0041                  (            os9.d):01223         E$WrSub             RMB       1                   Wrong number of subscripts
0042                  (            os9.d):01224         E$NonRcO            RMB       1                   Non-record type operand
0043                  (            os9.d):01225         E$IllA              RMB       1                   Illegal argument
0044                  (            os9.d):01226         E$IllCnt            RMB       1                   Illegal control structure
0045                  (            os9.d):01227         E$UnmCnt            RMB       1                   Unmatched control structure
0046                  (            os9.d):01228         E$IllFOR            RMB       1                   Illegal FOR variable
0047                  (            os9.d):01229         E$IllExp            RMB       1                   Illegal expression type
0048                  (            os9.d):01230         E$IllDec            RMB       1                   Illegal declarative statement
0049                  (            os9.d):01231         E$ArrOvf            RMB       1                   Array size overflow
004A                  (            os9.d):01232         E$UndLin            RMB       1                   Undefined line number
004B                  (            os9.d):01233         E$MltLin            RMB       1                   Multiply defined line number
004C                  (            os9.d):01234         E$MltVar            RMB       1                   Multiply defined variable
004D                  (            os9.d):01235         E$IllIVr            RMB       1                   Illegal input variable
004E                  (            os9.d):01236         E$SeekRg            RMB       1                   Seek out of range
004F                  (            os9.d):01237         E$NoData            RMB       1                   Missing data statement
                      (            os9.d):01238         
                      (            os9.d):01239         *
                      (            os9.d):01240         * System Dependent Error Codes
                      (            os9.d):01241         *
                      (            os9.d):01242         
                      (            os9.d):01243         * Level 2 windowing error codes
                      (            os9.d):01244                             ORG       183
00B7                  (            os9.d):01245         E$IWTyp             RMB       1                   Illegal window type
00B8                  (            os9.d):01246         E$WADef             RMB       1                   Window already defined
00B9                  (            os9.d):01247         E$NFont             RMB       1                   Font not found
00BA                  (            os9.d):01248         E$StkOvf            RMB       1                   Stack overflow
00BB                  (            os9.d):01249         E$IllArg            RMB       1                   Illegal argument
00BC                  (            os9.d):01250                             RMB       1                   reserved
00BD                  (            os9.d):01251         E$ICoord            RMB       1                   Illegal coordinates
00BE                  (            os9.d):01252         E$Bug               RMB       1                   Bug (should never be returned)
00BF                  (            os9.d):01253         E$BufSiz            RMB       1                   Buffer size is too small
00C0                  (            os9.d):01254         E$IllCmd            RMB       1                   Illegal command
00C1                  (            os9.d):01255         E$TblFul            RMB       1                   Screen or window table is full
00C2                  (            os9.d):01256         E$BadBuf            RMB       1                   Bad/Undefined buffer number
00C3                  (            os9.d):01257         E$IWDef             RMB       1                   Illegal window definition
00C4                  (            os9.d):01258         E$WUndef            RMB       1                   Window undefined
                      (            os9.d):01259         
00C5                  (            os9.d):01260         E$Up                RMB       1                   Up arrow pressed on SCF I$ReadLn with PD.UP enabled
00C6                  (            os9.d):01261         E$Dn                RMB       1                   Down arrow pressed on SCF I$ReadLn with PD.DOWN enabled
00C7                  (            os9.d):01262         E$Alias             RMB       1
                      (            os9.d):01263         
                      (            os9.d):01264         
                      (            os9.d):01265         *
                      (            os9.d):01266         * Standard NitrOS-9 Error Codes
                      (            os9.d):01267         *
                      (            os9.d):01268                             ORG       200
00C8                  (            os9.d):01269         E$PthFul            RMB       1                   Path Table full
00C9                  (            os9.d):01270         E$BPNum             RMB       1                   Bad Path Number
00CA                  (            os9.d):01271         E$Poll              RMB       1                   Polling Table Full
00CB                  (            os9.d):01272         E$BMode             RMB       1                   Bad Mode
00CC                  (            os9.d):01273         E$DevOvf            RMB       1                   Device Table Overflow
00CD                  (            os9.d):01274         E$BMID              RMB       1                   Bad Module ID
00CE                  (            os9.d):01275         E$DirFul            RMB       1                   Module Directory Full
00CF                  (            os9.d):01276         E$MemFul            RMB       1                   Process Memory Full
00D0                  (            os9.d):01277         E$UnkSvc            RMB       1                   Unknown Service Code
00D1                  (            os9.d):01278         E$ModBsy            RMB       1                   Module Busy
00D2                  (            os9.d):01279         E$BPAddr            RMB       1                   Bad Page Address
00D3                  (            os9.d):01280         E$EOF               RMB       1                   End of File
00D4                  (            os9.d):01281                             RMB       1
00D5                  (            os9.d):01282         E$NES               RMB       1                   Non-Existing Segment
00D6                  (            os9.d):01283         E$FNA               RMB       1                   File Not Accesible
00D7                  (            os9.d):01284         E$BPNam             RMB       1                   Bad Path Name
00D8                  (            os9.d):01285         E$PNNF              RMB       1                   Path Name Not Found
00D9                  (            os9.d):01286         E$SLF               RMB       1                   Segment List Full
00DA                  (            os9.d):01287         E$CEF               RMB       1                   Creating Existing File
00DB                  (            os9.d):01288         E$IBA               RMB       1                   Illegal Block Address
00DC                  (            os9.d):01289         E$HangUp            RMB       1                   Carrier Detect Lost
00DD                  (            os9.d):01290         E$MNF               RMB       1                   Module Not Found
00DE                  (            os9.d):01291                             RMB       1
00DF                  (            os9.d):01292         E$DelSP             RMB       1                   Deleting Stack Pointer memory
00E0                  (            os9.d):01293         E$IPrcID            RMB       1                   Illegal Process ID
     00E0             (            os9.d):01294         E$BPrcID            EQU       E$IPrcID            Bad Process ID (formerly #238)
00E1                  (            os9.d):01295                             RMB       1
00E2                  (            os9.d):01296         E$NoChld            RMB       1                   No Children
00E3                  (            os9.d):01297         E$ISWI              RMB       1                   Illegal SWI code
00E4                  (            os9.d):01298         E$PrcAbt            RMB       1                   Process Aborted
00E5                  (            os9.d):01299         E$PrcFul            RMB       1                   Process Table Full
00E6                  (            os9.d):01300         E$IForkP            RMB       1                   Illegal Fork Parameter
00E7                  (            os9.d):01301         E$KwnMod            RMB       1                   Known Module
00E8                  (            os9.d):01302         E$BMCRC             RMB       1                   Bad Module CRC
00E9                  (            os9.d):01303         E$USigP             RMB       1                   Unprocessed Signal Pending
00EA                  (            os9.d):01304         E$NEMod             RMB       1                   Non Existing Module
00EB                  (            os9.d):01305         E$BNam              RMB       1                   Bad Name
00EC                  (            os9.d):01306         E$BMHP              RMB       1                   (bad module header parity)
00ED                  (            os9.d):01307         E$NoRAM             RMB       1                   No (System) RAM Available
00EE                  (            os9.d):01308         E$DNE               RMB       1                   Directory not empty
00EF                  (            os9.d):01309         E$NoTask            RMB       1                   No available Task number
                      (            os9.d):01310                             RMB       $F0-.               reserved
00F0                  (            os9.d):01311         E$Unit              RMB       1                   Illegal Unit (drive)
00F1                  (            os9.d):01312         E$Sect              RMB       1                   Bad Sector number
00F2                  (            os9.d):01313         E$WP                RMB       1                   Write Protect
00F3                  (            os9.d):01314         E$CRC               RMB       1                   Bad Check Sum
00F4                  (            os9.d):01315         E$Read              RMB       1                   Read Error
00F5                  (            os9.d):01316         E$Write             RMB       1                   Write Error
00F6                  (            os9.d):01317         E$NotRdy            RMB       1                   Device Not Ready
00F7                  (            os9.d):01318         E$Seek              RMB       1                   Seek Error
00F8                  (            os9.d):01319         E$Full              RMB       1                   Media Full
00F9                  (            os9.d):01320         E$BTyp              RMB       1                   Bad Type (incompatable) media
00FA                  (            os9.d):01321         E$DevBsy            RMB       1                   Device Busy
00FB                  (            os9.d):01322         E$DIDC              RMB       1                   Disk ID Change
00FC                  (            os9.d):01323         E$Lock              RMB       1                   Record is busy (locked out)
00FD                  (            os9.d):01324         E$Share             RMB       1                   Non-sharable file busy
00FE                  (            os9.d):01325         E$DeadLk            RMB       1                   I/O Deadlock error
                      (            os9.d):01326         
                      (            os9.d):01327         
                      (            os9.d):01328                             IFGT      Level-2
                      (            os9.d):01329         ***************************
                      (            os9.d):01330         * Level 3 Defs
                      (            os9.d):01331         *
                      (            os9.d):01332         * These definitions apply to NitrOS-9 Level 3
                      (            os9.d):01333         *
00FF                  (            os9.d):01334         L3.Start            EQU       $2000               Start off at slot 1
00FF                  (            os9.d):01335         L3.Size             EQU       $40                 Go for 64 pages: 2 slots total
00FF                  (            os9.d):01336         L3.Blks             EQU       L3.Size/$20         Number of slots
00FF                  (            os9.d):01337         L3.End              EQU       L3.Start+L3.Size*$0100 end of L3 memory
00FF                  (            os9.d):01338         L3.SCF              EQU       $0660               SCF block ptr
00FF                  (            os9.d):01339         L3.RBF              EQU       L3.SCF+1            RBF block ptr
                      (            os9.d):01340                             ENDC
                      (            os9.d):01341         
                      (            os9.d):01342                             ENDC
                      (         defsfile):00003                   use    scf.d
                      (            scf.d):00001                             IFNE      SCF.D-1
                      (            scf.d):00002         
     0001             (            scf.d):00003         SCF.D               SET       1
                      (            scf.d):00004         
                      (            scf.d):00005         ********************************************************************
                      (            scf.d):00006         * scf.d - Sequential Character File Manager Definitions
                      (            scf.d):00007         *
                      (            scf.d):00008         * SCF stands for 'Sequential Character Filemanager' and is a package of subroutines
                      (            scf.d):00009         * that define the logical structure of a serial device.
                      (            scf.d):00010         *
                      (            scf.d):00011         * The data structures in this file give SCF its 'personality' and are used
                      (            scf.d):00012         * by SCF itself, as well as applications that will require disk I/O.
                      (            scf.d):00013         *
                      (            scf.d):00014         * Edt/Rev  YYYY/MM/DD  Modified by
                      (            scf.d):00015         * Comment
                      (            scf.d):00016         * ------------------------------------------------------------------
                      (            scf.d):00017         *          1984/01/11  YO
                      (            scf.d):00018         * Added V.KANJI, V.KBUF, V.MODADR for new kanji input process.
                      (            scf.d):00019         *
                      (            scf.d):00020         *          1985/04/20  Mark G. Hawkins
                      (            scf.d):00021         * Added V.PDLHd Path Descriptor List Head.
                      (            scf.d):00022         *
                      (            scf.d):00023         *          1985/04/21  Mark G. Hawkins
                      (            scf.d):00024         * Added PD.PLP and PD.PST for modem handling.
                      (            scf.d):00025         *
                      (            scf.d):00026         *          1987/06/23  Kevin K. Darling
                      (            scf.d):00027         * Updated with Dev Desc info.
                      (            scf.d):00028         *
                      (            scf.d):00029         *          1998/10/03  Boisy G. Pitre
                      (            scf.d):00030         * Consolidated L1/L2 scfdefs.
                      (            scf.d):00031         *
                      (            scf.d):00032         *          2003/01/21  Boisy G. Pitre
                      (            scf.d):00033         * Added symbolics for enhanced SCF line editing.
                      (            scf.d):00034         *
                      (            scf.d):00035         *          2003/06/02  Boisy G. Pitre
                      (            scf.d):00036         * Updated comments for clarity.
                      (            scf.d):00037         *
                      (            scf.d):00038         *          2004/05/17  Boisy G. Pitre
                      (            scf.d):00039         * Added higher baud rates.
                      (            scf.d):00040         
                      (            scf.d):00041                             NAM       scf.d
                      (            scf.d):00042                             TTL       Sequential          File Manager Definitions
                      (            scf.d):00043         
                      (            scf.d):00044                             PAG
                      (            scf.d):00045         *******************************
                      (            scf.d):00046         * SCF Device Descriptor Offsets
                      (            scf.d):00047         *
                      (            scf.d):00048         * These definitions are for SCF device descriptors.
                      (            scf.d):00049         
                      (            scf.d):00050                             ORG       M$DTyp
0012                  (            scf.d):00051         IT.DVC              RMB       1                   Device type (DT.SCF)
0013                  (            scf.d):00052         IT.UPC              RMB       1                   Uppercase flag
0014                  (            scf.d):00053         IT.BSO              RMB       1                   Backspace behavior
0015                  (            scf.d):00054         IT.DLO              RMB       1                   Delete behavior
0016                  (            scf.d):00055         IT.EKO              RMB       1                   Echo flag
0017                  (            scf.d):00056         IT.ALF              RMB       1                   Auto linefeed flag
0018                  (            scf.d):00057         IT.NUL              RMB       1                   End-of-line null count
0019                  (            scf.d):00058         IT.PAU              RMB       1                   Page pause flag
001A                  (            scf.d):00059         IT.PAG              RMB       1                   Number of lines per page
001B                  (            scf.d):00060         IT.BSP              RMB       1                   Backspace character
001C                  (            scf.d):00061         IT.DEL              RMB       1                   Delete-line character
001D                  (            scf.d):00062         IT.EOR              RMB       1                   End-of-record character
001E                  (            scf.d):00063         IT.EOF              RMB       1                   End-of-file character
001F                  (            scf.d):00064         IT.RPR              RMB       1                   Reprint-line character
0020                  (            scf.d):00065         IT.DUP              RMB       1                   Duplicate-last-line character
0021                  (            scf.d):00066         IT.PSC              RMB       1                   Pause character
0022                  (            scf.d):00067         IT.INT              RMB       1                   Interrupt character
0023                  (            scf.d):00068         IT.QUT              RMB       1                   Quit character
0024                  (            scf.d):00069         IT.BSE              RMB       1                   Backspace echo character
0025                  (            scf.d):00070         IT.OVF              RMB       1                   Bell character
0026                  (            scf.d):00071         IT.PAR              RMB       1                   Parity
0027                  (            scf.d):00072         IT.BAU              RMB       1                   Baud rate
0028                  (            scf.d):00073         IT.D2P              RMB       2                   Attached device name string offset
002A                  (            scf.d):00074         IT.XON              RMB       1                   X-ON character
002B                  (            scf.d):00075         IT.XOFF             RMB       1                   X-OFF character
002C                  (            scf.d):00076         IT.COL              RMB       1                   Number of columns for display
002D                  (            scf.d):00077         IT.ROW              RMB       1                   Number of rows for display
002E                  (            scf.d):00078         IT.XTYP             RMB       1                   Extended type (added by BRI)
                      (            scf.d):00079         
                      (            scf.d):00080                             IFGT      Level-1
                      (            scf.d):00081         * Window Descriptor Additions
                      (            scf.d):00082         * For CoCo window, where IT.PAR = $80
                      (            scf.d):00083                             ORG       IT.ROW+1
002E                  (            scf.d):00084         IT.WND              RMB       1                   Window number (matches device name) ($2E)
002F                  (            scf.d):00085         IT.VAL              RMB       1                   Use defaults on Init (0=no, 1=yes)
0030                  (            scf.d):00086         IT.STY              RMB       1                   Screen type default
0031                  (            scf.d):00087         IT.CPX              RMB       1                   Column start default
0032                  (            scf.d):00088         IT.CPY              RMB       1                   Row start default
0033                  (            scf.d):00089         IT.FGC              RMB       1                   Foreground color default
0034                  (            scf.d):00090         IT.BGC              RMB       1                   Background color default
0035                  (            scf.d):00091         IT.BDC              RMB       1                   Border color default
                      (            scf.d):00092                             ENDC
                      (            scf.d):00093         
                      (            scf.d):00094         
                      (            scf.d):00095                             PAG
                      (            scf.d):00096         ********************
                      (            scf.d):00097         * SCF Static Storage
                      (            scf.d):00098         *
                      (            scf.d):00099         * SCF devices must reserve this space for SCF
                      (            scf.d):00100         *
                      (            scf.d):00101                             ORG       V.USER
0006                  (            scf.d):00102         V.TYPE              RMB       1                   Device type or parity
0007                  (            scf.d):00103         V.LINE              RMB       1                   Lines left until end of page
0008                  (            scf.d):00104         V.PAUS              RMB       1                   Immediate Pause request
0009                  (            scf.d):00105         V.DEV2              RMB       2                   Attached device's static
000B                  (            scf.d):00106         V.INTR              RMB       1                   Interrupt char
000C                  (            scf.d):00107         V.QUIT              RMB       1                   Quit char
000D                  (            scf.d):00108         V.PCHR              RMB       1                   Pause char
000E                  (            scf.d):00109         V.ERR               RMB       1                   Accumulated errors
000F                  (            scf.d):00110         V.XON               RMB       1                   X-On char
0010                  (            scf.d):00111         V.XOFF              RMB       1                   X-Off char
0011                  (            scf.d):00112         V.KANJI             RMB       1                   Kanji mode flag
0012                  (            scf.d):00113         V.KBUF              RMB       2                   Kana - Kanji convert routine work address
0014                  (            scf.d):00114         V.MODADR            RMB       2                   Kana - Kanji convert module address
0016                  (            scf.d):00115         V.PDLHd             RMB       2                   Open path descriptor list head pointer
0018                  (            scf.d):00116         V.RSV               RMB       5                   Reserve bytes for future expansion
     001D             (            scf.d):00117         V.SCF               EQU       .                   Total SCF manager static overhead
                      (            scf.d):00118         
                      (            scf.d):00119         
                      (            scf.d):00120                             PAG
                      (            scf.d):00121         ***********************
                      (            scf.d):00122         * Character Definitions
                      (            scf.d):00123         *
     0000             (            scf.d):00124         C$NULL              SET       0                   Null char
     0001             (            scf.d):00125         C$RPET              SET       $01                 (CTRL-A - SOH) Repeat last input line
     0003             (            scf.d):00126         C$INTR              SET       $03                 (CTRL-C - ETX) Keyboard interrupt
     0004             (            scf.d):00127         C$RPRT              SET       $04                 (CTRL-D - EOT) Reprint current input line
     0005             (            scf.d):00128         C$QUIT              SET       $05                 (CTRL-E - ENQ) Keyboard Abort
     0007             (            scf.d):00129         C$BELL              SET       $07                 (CTRL-G - BEL) Line overflow warning
     0008             (            scf.d):00130         C$BSP               SET       $08                 (CTRL-H - BS ) Back space
     0009             (            scf.d):00131         C$RARR              SET       $09                 Right Arrow
     0005             (            scf.d):00132         C$EL                SET       $05                 Erase Line
     000A             (            scf.d):00133         C$LF                SET       $0A                 Line feed
     000B             (            scf.d):00134         C$HOME              SET       $0B                 Home position Code
     0015             (            scf.d):00135         C$Clsgr             SET       $15                 Graphic screen clear (use FM-11)
     0016             (            scf.d):00136         C$Clsall            SET       $16                 Graphic & character clear (use FM-11)
     000D             (            scf.d):00137         C$CR                SET       $0D                 Carriage return
     000C             (            scf.d):00138         C$FORM              SET       $0C                 (CTRL-L - FF ) Form Feed ... screen clear
     000F             (            scf.d):00139         C$SI                SET       $0F                 Shift IN Code
     000E             (            scf.d):00140         C$SO                SET       $0E                 Shift OUT Code
     0010             (            scf.d):00141         C$DELETE            SET       $10                 Delete char (for SCF enhanced line editing)
     0011             (            scf.d):00142         C$XON               SET       $11                 (CTRL-Q - DC1) Transmit Enable
     0011             (            scf.d):00143         C$INSERT            SET       C$XON               Insert char (for SCF enhanced line editing)
     0013             (            scf.d):00144         C$XOFF              SET       $13                 (CTRL-S - DC3) Transmit Disable
     0013             (            scf.d):00145         C$PLINE             SET       C$XOFF              Print remaining line (for SCF enhanced line editing)
     0017             (            scf.d):00146         C$PAUS              SET       $17                 (CTRL-W - ETB) Pause character
     0018             (            scf.d):00147         C$DEL               SET       $18                 (CTRL-X - CAN) Delete line
     0019             (            scf.d):00148         C$SHRARR            SET       $19                 Shift Right-Arrow
     001B             (            scf.d):00149         C$EOF               SET       $1B                 (CTRL-[ - ESC) END of file
     001C             (            scf.d):00150         C$RGT               SET       $1C                 Cursor right
     001D             (            scf.d):00151         C$LFT               SET       $1D                 Cursor left
     001E             (            scf.d):00152         C$UP                SET       $1E                 Cursor up
     001F             (            scf.d):00153         C$DWN               SET       $1F                 Cursor down
     0020             (            scf.d):00154         C$SPAC              SET       $20                 Space
     002E             (            scf.d):00155         C$PERD              SET       '.
     002C             (            scf.d):00156         C$COMA              SET       ',
                      (            scf.d):00157         
                      (            scf.d):00158         
                      (            scf.d):00159                             PAG
                      (            scf.d):00160         *********************************************
                      (            scf.d):00161         * Sequential Character Path Descriptor Format
                      (            scf.d):00162         *
                      (            scf.d):00163         * A path descriptor is created for every new path that is open
                      (            scf.d):00164         * via the I$Open system call (processed by IOMan).  Process
                      (            scf.d):00165         * descriptors track state information of a path.
                      (            scf.d):00166         *
                      (            scf.d):00167                             ORG       PD.FST
000A                  (            scf.d):00168         PD.DV2              RMB       2                   Output device table pointer
000C                  (            scf.d):00169         PD.RAW              RMB       1                   Read/Write or ReadLn/WritLn mode
000D                  (            scf.d):00170         PD.MAX              RMB       2                   ReadLn high byte count
000F                  (            scf.d):00171         PD.MIN              RMB       1                   Devices are "mine" if clear
0010                  (            scf.d):00172         PD.STS              RMB       2                   Status routine module addr
0012                  (            scf.d):00173         PD.STM              RMB       2                   Reserved for status routine
                      (            scf.d):00174                             ORG       PD.OPT
0020                  (            scf.d):00175                             RMB       1                   Device type
0021                  (            scf.d):00176         PD.UPC              RMB       1                   Case (0=both, 1=upper only)
0022                  (            scf.d):00177         PD.BSO              RMB       1                   Backspace (0=BSE, 1=BSE,SP,BSE)
0023                  (            scf.d):00178         PD.DLO              RMB       1                   Delete (0=BSE over line, 1=CRLF)
0024                  (            scf.d):00179         PD.EKO              RMB       1                   Echo (0=No Echo)
0025                  (            scf.d):00180         PD.ALF              RMB       1                   Auto linefeed (0=No auto LF)
0026                  (            scf.d):00181         PD.NUL              RMB       1                   End of Line null count
0027                  (            scf.d):00182         PD.PAU              RMB       1                   Page pause (0=No end of page pause)
0028                  (            scf.d):00183         PD.PAG              RMB       1                   Lines per page
0029                  (            scf.d):00184         PD.BSP              RMB       1                   Backspace character
002A                  (            scf.d):00185         PD.DEL              RMB       1                   Delete Line character
002B                  (            scf.d):00186         PD.EOR              RMB       1                   End of Record character (read only)
002C                  (            scf.d):00187         PD.EOF              RMB       1                   End of File character
002D                  (            scf.d):00188         PD.RPR              RMB       1                   Repront Line character
002E                  (            scf.d):00189         PD.DUP              RMB       1                   Dup Last Line character
002F                  (            scf.d):00190         PD.PSC              RMB       1                   Pause character
0030                  (            scf.d):00191         PD.INT              RMB       1                   Keyboard interrupt character (CTRL-C)
0031                  (            scf.d):00192         PD.QUT              RMB       1                   Keyboard quit character (CTRL-E)
0032                  (            scf.d):00193         PD.BSE              RMB       1                   Backspace echo character
0033                  (            scf.d):00194         PD.OVF              RMB       1                   Line overflow character (BELL)
0034                  (            scf.d):00195         PD.PAR              RMB       1                   Parity code
0035                  (            scf.d):00196         PD.BAU              RMB       1                   ACIA baud rate (Color Computer)
0036                  (            scf.d):00197         PD.D2P              RMB       2                   Offset of DEV2 name
0038                  (            scf.d):00198         PD.XON              RMB       1                   ACIA X-ON character
0039                  (            scf.d):00199         PD.XOFF             RMB       1                   ACIA X-OFF character
     001A             (            scf.d):00200         OPTCNT              EQU       .-PD.OPT            Total user settable options
003A                  (            scf.d):00201         PD.ERR              RMB       1                   Most recent I/O error status
003B                  (            scf.d):00202         PD.TBL              RMB       2                   Device table addr (copy)
003D                  (            scf.d):00203         PD.PLP              RMB       2                   Path Descriptor List Pointer
003F                  (            scf.d):00204         PD.PST              RMB       1                   Current path status
                      (            scf.d):00205         
                      (            scf.d):00206         
                      (            scf.d):00207         * PD.PST values Path Descriptor Status byte
                      (            scf.d):00208         *
     0001             (            scf.d):00209         PST.DCD             EQU       %00000001           Set if DCD is lost on Serial port
                      (            scf.d):00210         
                      (            scf.d):00211         
                      (            scf.d):00212         * PD.PAR definitions
                      (            scf.d):00213         *
                      (            scf.d):00214         * Parity
     0000             (            scf.d):00215         PARNONE             EQU       %00000000
     0020             (            scf.d):00216         PARODD              EQU       %00100000
     0060             (            scf.d):00217         PAREVEN             EQU       %01100000
     00A0             (            scf.d):00218         PARMARK             EQU       %10100000
     00E0             (            scf.d):00219         PARSPACE            EQU       %11100000
     00E0             (            scf.d):00220         PARMASK             EQU       %11100000
                      (            scf.d):00221         
                      (            scf.d):00222         * PD.BAU definitions
                      (            scf.d):00223         *
                      (            scf.d):00224         * Baud rate
     0000             (            scf.d):00225         B110                EQU       %00000000
     0001             (            scf.d):00226         B300                EQU       %00000001
     0002             (            scf.d):00227         B600                EQU       %00000010
     0003             (            scf.d):00228         B1200               EQU       %00000011
     0004             (            scf.d):00229         B2400               EQU       %00000100
     0005             (            scf.d):00230         B4800               EQU       %00000101
     0006             (            scf.d):00231         B9600               EQU       %00000110
     0007             (            scf.d):00232         B19200              EQU       %00000111
     0008             (            scf.d):00233         B38400              EQU       %00001000
     0009             (            scf.d):00234         B57600              EQU       %00001001
     000A             (            scf.d):00235         B115200             EQU       %00001010
                      (            scf.d):00236         * Word size
     0000             (            scf.d):00237         WORD8               EQU       %00000000
     0020             (            scf.d):00238         WORD7               EQU       %00100000
                      (            scf.d):00239         * Stop bits
     0000             (            scf.d):00240         STOP1               EQU       %00000000
     0010             (            scf.d):00241         STOP2               EQU       %00010000
                      (            scf.d):00242         
                      (            scf.d):00243                             ENDC
                      (       c.prep.asm):00008                             endc
     0011             (       c.prep.asm):00009         tylg                set       Prgrm+Objct
     0081             (       c.prep.asm):00010         atrv                set       ReEnt+rev
     0001             (       c.prep.asm):00011         rev                 set       $01
     0004             (       c.prep.asm):00012         edition             set       4
0000 87CD27AC000D1181 (       c.prep.asm):00013                             mod       eom,name,tylg,atrv,start,size
     A3001D170A
0000.                 (       c.prep.asm):00014         u0000               rmb       1
0001.                 (       c.prep.asm):00015         u0001               rmb       1
0002.                 (       c.prep.asm):00016         u0002               rmb       1
0003.                 (       c.prep.asm):00017         u0003               rmb       1
0004.                 (       c.prep.asm):00018         u0004               rmb       2
0006.                 (       c.prep.asm):00019         u0006               rmb       2
0008.                 (       c.prep.asm):00020         u0008               rmb       1
0009.                 (       c.prep.asm):00021         u0009               rmb       1
000A.                 (       c.prep.asm):00022         u000A               rmb       1
000B.                 (       c.prep.asm):00023         u000B               rmb       1
000C.                 (       c.prep.asm):00024         u000C               rmb       1
000D.                 (       c.prep.asm):00025         u000D               rmb       4
0011.                 (       c.prep.asm):00026         u0011               rmb       3
0014.                 (       c.prep.asm):00027         u0014               rmb       2
0016.                 (       c.prep.asm):00028         u0016               rmb       2
0018.                 (       c.prep.asm):00029         u0018               rmb       2
001A.                 (       c.prep.asm):00030         u001A               rmb       2
001C.                 (       c.prep.asm):00031         u001C               rmb       4
0020.                 (       c.prep.asm):00032         u0020               rmb       5
0025.                 (       c.prep.asm):00033         u0025               rmb       2
0027.                 (       c.prep.asm):00034         u0027               rmb       1
0028.                 (       c.prep.asm):00035         u0028               rmb       7
002F.                 (       c.prep.asm):00036         u002F               rmb       5
0034.                 (       c.prep.asm):00037         u0034               rmb       46
0062.                 (       c.prep.asm):00038         u0062               rmb       2
0064.                 (       c.prep.asm):00039         u0064               rmb       1
0065.                 (       c.prep.asm):00040         u0065               rmb       4
0069.                 (       c.prep.asm):00041         u0069               rmb       3
006C.                 (       c.prep.asm):00042         u006C               rmb       1
006D.                 (       c.prep.asm):00043         u006D               rmb       1
006E.                 (       c.prep.asm):00044         u006E               rmb       5
0073.                 (       c.prep.asm):00045         u0073               rmb       117
00E8.                 (       c.prep.asm):00046         u00E8               rmb       150
017E.                 (       c.prep.asm):00047         u017E               rmb       2
0180.                 (       c.prep.asm):00048         u0180               rmb       58
01BA.                 (       c.prep.asm):00049         u01BA               rmb       1
01BB.                 (       c.prep.asm):00050         u01BB               rmb       3
01BE.                 (       c.prep.asm):00051         u01BE               rmb       5452
     170A             (       c.prep.asm):00052         size                equ       .
     000D             (       c.prep.asm):00053         name                equ       *
000D 632E707265F0     (       c.prep.asm):00054                             fcs       /c.prep/
0013 04               (       c.prep.asm):00055                             fcb       edition
                      (       c.prep.asm):00056         
0014 A6               (       c.prep.asm):00057         L0014               fcb       $A6                 &
0015 A0               (       c.prep.asm):00058                             fcb       $A0
0016 A7               (       c.prep.asm):00059                             fcb       $A7                 '
0017 C0               (       c.prep.asm):00060                             fcb       $C0                 @
0018 30               (       c.prep.asm):00061                             fcb       $30                 0
0019 1F               (       c.prep.asm):00062                             fcb       $1F
001A 26               (       c.prep.asm):00063                             fcb       $26                 &
001B F8               (       c.prep.asm):00064                             fcb       $F8                 x
001C 39               (       c.prep.asm):00065                             fcb       $39                 9
                      (       c.prep.asm):00066         
     001D             (       c.prep.asm):00067         start               equ       *
001D 3420             (       c.prep.asm):00068                             pshs      y
001F 3440             (       c.prep.asm):00069                             pshs      u
0021 4F               (       c.prep.asm):00070                             clra
0022 5F               (       c.prep.asm):00071                             clrb
0023 A7C0             (       c.prep.asm):00072         L0023               sta       ,u+
0025 5A               (       c.prep.asm):00073                             decb
0026 26FB             (       c.prep.asm):00074                             bne       L0023
                      (       c.prep.asm):00075         
0028 AEE4             (       c.prep.asm):00076                             ldx       ,s
002A 3384             (       c.prep.asm):00077                             leau      ,x
002C 3089058A         (       c.prep.asm):00078                             leax      >$058A,x
0030 3410             (       c.prep.asm):00079                             pshs      x
0032 318D25FD         (       c.prep.asm):00080                             leay      >L2633,pcr
0036 AEA1             (       c.prep.asm):00081                             ldx       ,y++
0038 2704             (       c.prep.asm):00082                             beq       L003E
003A 8DD8             (       c.prep.asm):00083                             bsr       L0014
003C EE62             (       c.prep.asm):00084                             ldu       $02,s
003E 33C9001C         (       c.prep.asm):00085         L003E               leau      >u001C,u
0042 AEA1             (       c.prep.asm):00086                             ldx       ,y++
0044 2703             (       c.prep.asm):00087                             beq       L0049
0046 8DCC             (       c.prep.asm):00088                             bsr       L0014
0048 4F               (       c.prep.asm):00089                             clra
0049 11A3E4           (       c.prep.asm):00090         L0049               cmpu      ,s
004C 2704             (       c.prep.asm):00091                             beq       L0052
004E A7C0             (       c.prep.asm):00092                             sta       ,u+
0050 20F7             (       c.prep.asm):00093                             bra       L0049
0052 EE62             (       c.prep.asm):00094         L0052               ldu       $02,s
0054 ECA1             (       c.prep.asm):00095                             ldd       ,y++
0056 2707             (       c.prep.asm):00096                             beq       L005F
0058 308DFFA4         (       c.prep.asm):00097                             leax      >u0000,pcr
005C 170103           (       c.prep.asm):00098                             lbsr      L0162
005F ECA1             (       c.prep.asm):00099         L005F               ldd       ,y++
0061 2705             (       c.prep.asm):00100                             beq       L0068
0063 30C4             (       c.prep.asm):00101                             leax      ,u
0065 1700FA           (       c.prep.asm):00102                             lbsr      L0162
0068 3264             (       c.prep.asm):00103         L0068               leas      $04,s
006A 3510             (       c.prep.asm):00104                             puls      x
006C AFC901BE         (       c.prep.asm):00105                             stx       >u01BE,u
0070 10AFC9017E       (       c.prep.asm):00106                             sty       >u017E,u
0075 CC0001           (       c.prep.asm):00107                             ldd       #$0001
0078 EDC901BA         (       c.prep.asm):00108                             std       >u01BA,u
007C 31C90180         (       c.prep.asm):00109                             leay      >u0180,u
0080 30E4             (       c.prep.asm):00110                             leax      ,s
0082 A680             (       c.prep.asm):00111                             lda       ,x+
0084 E6C901BB         (       c.prep.asm):00112         L0084               ldb       >u01BB,u
0088 C11D             (       c.prep.asm):00113                             cmpb      #$1D
008A 2754             (       c.prep.asm):00114                             beq       L00E0
008C 810D             (       c.prep.asm):00115         L008C               cmpa      #$0D
008E 2750             (       c.prep.asm):00116                             beq       L00E0
0090 8120             (       c.prep.asm):00117                             cmpa      #$20
0092 2704             (       c.prep.asm):00118                             beq       L0098
0094 812C             (       c.prep.asm):00119                             cmpa      #$2C
0096 2604             (       c.prep.asm):00120                             bne       L009C
0098 A680             (       c.prep.asm):00121         L0098               lda       ,x+
009A 20F0             (       c.prep.asm):00122                             bra       L008C
009C 8122             (       c.prep.asm):00123         L009C               cmpa      #$22
009E 2704             (       c.prep.asm):00124                             beq       L00A4
00A0 8127             (       c.prep.asm):00125                             cmpa      #$27
00A2 261E             (       c.prep.asm):00126                             bne       L00C2
00A4 AFA1             (       c.prep.asm):00127         L00A4               stx       ,y++
00A6 6CC901BB         (       c.prep.asm):00128                             inc       >u01BB,u
00AA 3402             (       c.prep.asm):00129                             pshs      a
00AC A680             (       c.prep.asm):00130         L00AC               lda       ,x+
00AE 810D             (       c.prep.asm):00131                             cmpa      #$0D
00B0 2704             (       c.prep.asm):00132                             beq       L00B6
00B2 A1E4             (       c.prep.asm):00133                             cmpa      ,s
00B4 26F6             (       c.prep.asm):00134                             bne       L00AC
00B6 3504             (       c.prep.asm):00135         L00B6               puls      b
00B8 6F1F             (       c.prep.asm):00136                             clr       -$01,x
00BA 810D             (       c.prep.asm):00137                             cmpa      #$0D
00BC 2722             (       c.prep.asm):00138                             beq       L00E0
00BE A680             (       c.prep.asm):00139                             lda       ,x+
00C0 20C2             (       c.prep.asm):00140                             bra       L0084
00C2 301F             (       c.prep.asm):00141         L00C2               leax      -$01,x
00C4 AFA1             (       c.prep.asm):00142                             stx       ,y++
00C6 3001             (       c.prep.asm):00143                             leax      $01,x
00C8 6CC901BB         (       c.prep.asm):00144                             inc       >u01BB,u
00CC 810D             (       c.prep.asm):00145         L00CC               cmpa      #$0D
00CE 270C             (       c.prep.asm):00146                             beq       L00DC
00D0 8120             (       c.prep.asm):00147                             cmpa      #$20
00D2 2708             (       c.prep.asm):00148                             beq       L00DC
00D4 812C             (       c.prep.asm):00149                             cmpa      #$2C
00D6 2704             (       c.prep.asm):00150                             beq       L00DC
00D8 A680             (       c.prep.asm):00151                             lda       ,x+
00DA 20F0             (       c.prep.asm):00152                             bra       L00CC
00DC 6F1F             (       c.prep.asm):00153         L00DC               clr       -$01,x
00DE 20A4             (       c.prep.asm):00154                             bra       L0084
00E0 30C9017E         (       c.prep.asm):00155         L00E0               leax      >u017E,u
00E4 3410             (       c.prep.asm):00156                             pshs      x
00E6 ECC901BA         (       c.prep.asm):00157                             ldd       >u01BA,u
00EA 3406             (       c.prep.asm):00158                             pshs      b,a
00EC 31C4             (       c.prep.asm):00159                             leay      ,u
00EE 8D0A             (       c.prep.asm):00160                             bsr       L00FA
00F0 17009B           (       c.prep.asm):00161                             lbsr      L018E
00F3 6FE2             (       c.prep.asm):00162                             clr       ,-s
00F5 6FE2             (       c.prep.asm):00163                             clr       ,-s
00F7 17252D           (       c.prep.asm):00164                             lbsr      L2627
00FA 30A9058A         (       c.prep.asm):00165         L00FA               leax      >$058A,y
00FE AFA901C8         (       c.prep.asm):00166                             stx       >$01C8,y
0102 10EFA901BC       (       c.prep.asm):00167                             sts       >$01BC,y
0107 10EFA901CA       (       c.prep.asm):00168                             sts       >$01CA,y
010C CCFF82           (       c.prep.asm):00169                             ldd       #$FF82
010F 30EB             (       c.prep.asm):00170         L010F               leax      d,s
0111 ACA901CA         (       c.prep.asm):00171                             cmpx      >$01CA,y
0115 240A             (       c.prep.asm):00172                             bcc       L0121
0117 ACA901C8         (       c.prep.asm):00173                             cmpx      >$01C8,y
011B 251E             (       c.prep.asm):00174                             bcs       L013B
011D AFA901CA         (       c.prep.asm):00175                             stx       >$01CA,y
0121 39               (       c.prep.asm):00176         L0121               rts
                      (       c.prep.asm):00177         
0122 2A2A2A2A20535441 (       c.prep.asm):00178         L0122               fcc       /**** STACK OVERFLOW ****/
     434B204F56455246
     4C4F57202A2A2A2A
013A 0D               (       c.prep.asm):00179                             fcb       $0D
013B 308CE4           (       c.prep.asm):00180         L013B               leax      <L0122,pcr
013E C6CF             (       c.prep.asm):00181                             ldb       #$CF
0140 3404             (       c.prep.asm):00182                             pshs      b
0142 8602             (       c.prep.asm):00183                             lda       #$02
0144 108E0064         (       c.prep.asm):00184                             ldy       #$0064
0148 103F8C           (       c.prep.asm):00185         L0148               os9       I$WritLn
014B 6FE2             (       c.prep.asm):00186                             clr       ,-s
014D 1724DD           (       c.prep.asm):00187                             lbsr      L262D
                      (       c.prep.asm):00188         
0150 ECA901BC         (       c.prep.asm):00189         L0150               ldd       >$01BC,y
0154 A3A901CA         (       c.prep.asm):00190                             subd      >$01CA,y
0158 39               (       c.prep.asm):00191                             rts
                      (       c.prep.asm):00192         
0159 ECA901CA         (       c.prep.asm):00193                             ldd       >$01CA,y
015D A3A901C8         (       c.prep.asm):00194                             subd      >$01C8,y
0161 39               (       c.prep.asm):00195         L0161               rts
                      (       c.prep.asm):00196         
0162 3410             (       c.prep.asm):00197         L0162               pshs      x
0164 30AB             (       c.prep.asm):00198                             leax      d,y
0166 308B             (       c.prep.asm):00199                             leax      d,x
0168 3410             (       c.prep.asm):00200                             pshs      x
016A ECA1             (       c.prep.asm):00201         L016A               ldd       ,y++
016C 30CB             (       c.prep.asm):00202                             leax      d,u
016E EC84             (       c.prep.asm):00203                             ldd       ,x
0170 E362             (       c.prep.asm):00204                             addd      $02,s
0172 ED84             (       c.prep.asm):00205                             std       ,x
0174 10ACE4           (       c.prep.asm):00206                             cmpy      ,s
0177 26F1             (       c.prep.asm):00207                             bne       L016A
0179 3264             (       c.prep.asm):00208                             leas      $04,s
017B 39               (       c.prep.asm):00209         L017B               rts
                      (       c.prep.asm):00210         
017C 3440             (       c.prep.asm):00211         L017C               pshs      u
017E CCFFBA           (       c.prep.asm):00212                             ldd       #$FFBA
0181 17FF8B           (       c.prep.asm):00213                             lbsr      L010F
0184 CC0002           (       c.prep.asm):00214                             ldd       #$0002
0187 3406             (       c.prep.asm):00215                             pshs      b,a
0189 17249B           (       c.prep.asm):00216                             lbsr      L2627
018C 35D0             (       c.prep.asm):00217                             puls      pc,u,x
                      (       c.prep.asm):00218         
018E 3440             (       c.prep.asm):00219         L018E               pshs      u
0190 CCFFB0           (       c.prep.asm):00220                             ldd       #$FFB0
0193 17FF79           (       c.prep.asm):00221                             lbsr      L010F
0196 327C             (       c.prep.asm):00222                             leas      -$04,s
0198 CC0800           (       c.prep.asm):00223                             ldd       #$0800
019B 3406             (       c.prep.asm):00224                             pshs      b,a
019D 17143B           (       c.prep.asm):00225                             lbsr      L15DB
01A0 3262             (       c.prep.asm):00226                             leas      $02,s
01A2 308DFFD6         (       c.prep.asm):00227                             leax      >L017C,pcr
01A6 3410             (       c.prep.asm):00228                             pshs      x
01A8 17244C           (       c.prep.asm):00229                             lbsr      L25F7
01AB 1601B8           (       c.prep.asm):00230                             lbra      L0366
01AE AE6A             (       c.prep.asm):00231         L01AE               ldx       $0A,s
01B0 3002             (       c.prep.asm):00232                             leax      $02,x
01B2 AF6A             (       c.prep.asm):00233                             stx       $0A,s
01B4 E694             (       c.prep.asm):00234                             ldb       [,x]
01B6 C12B             (       c.prep.asm):00235                             cmpb      #$2B
01B8 270A             (       c.prep.asm):00236                             beq       L01C4
01BA AE6A             (       c.prep.asm):00237                             ldx       $0A,s
01BC E694             (       c.prep.asm):00238                             ldb       [,x]
01BE C12D             (       c.prep.asm):00239                             cmpb      #$2D
01C0 102600CC         (       c.prep.asm):00240                             lbne      L0290
01C4 EEF80A           (       c.prep.asm):00241         L01C4               ldu       [<$0A,s]
01C7 3341             (       c.prep.asm):00242                             leau      u0001,u
01C9 E6C4             (       c.prep.asm):00243                             ldb       ,u
01CB 1D               (       c.prep.asm):00244                             sex
01CC 1F01             (       c.prep.asm):00245                             tfr       d,x
01CE 1600A0           (       c.prep.asm):00246                             lbra      L0271
01D1 CC0001           (       c.prep.asm):00247         L01D1               ldd       #$0001
01D4 DD16             (       c.prep.asm):00248                             std       <u0016
01D6 16018F           (       c.prep.asm):00249                             lbra      L0368
01D9 3341             (       c.prep.asm):00250         L01D9               leau      u0001,u
01DB E6C4             (       c.prep.asm):00251                             ldb       ,u
01DD C13D             (       c.prep.asm):00252                             cmpb      #$3D
01DF 10260185         (       c.prep.asm):00253                             lbne      L0368
01E3 3041             (       c.prep.asm):00254                             leax      u0001,u
01E5 AFA9001C         (       c.prep.asm):00255                             stx       >$001C,y
01E9 16017C           (       c.prep.asm):00256                             lbra      L0368
01EC 3341             (       c.prep.asm):00257         L01EC               leau      u0001,u
01EE E6C4             (       c.prep.asm):00258                             ldb       ,u
01F0 1D               (       c.prep.asm):00259                             sex
01F1 30A900FE         (       c.prep.asm):00260                             leax      >$00FE,y
01F5 308B             (       c.prep.asm):00261                             leax      d,x
01F7 E684             (       c.prep.asm):00262                             ldb       ,x
01F9 4F               (       c.prep.asm):00263                             clra
01FA C406             (       c.prep.asm):00264                             andb      #$06
01FC 2608             (       c.prep.asm):00265                             bne       L0206
01FE E6C4             (       c.prep.asm):00266                             ldb       ,u
0200 C15F             (       c.prep.asm):00267                             cmpb      #$5F
0202 10260055         (       c.prep.asm):00268                             lbne      L025B
0206 EF62             (       c.prep.asm):00269         L0206               stu       $02,s
0208 2007             (       c.prep.asm):00270                             bra       L0211
020A EC62             (       c.prep.asm):00271         L020A               ldd       $02,s
020C C30001           (       c.prep.asm):00272                             addd      #$0001
020F ED62             (       c.prep.asm):00273                             std       $02,s
0211 E6F802           (       c.prep.asm):00274         L0211               ldb       [<$02,s]
0214 1D               (       c.prep.asm):00275                             sex
0215 30A900FE         (       c.prep.asm):00276                             leax      >$00FE,y
0219 308B             (       c.prep.asm):00277                             leax      d,x
021B E684             (       c.prep.asm):00278                             ldb       ,x
021D 4F               (       c.prep.asm):00279                             clra
021E C40E             (       c.prep.asm):00280                             andb      #$0E
0220 26E8             (       c.prep.asm):00281                             bne       L020A
0222 E6F802           (       c.prep.asm):00282                             ldb       [<$02,s]
0225 C15F             (       c.prep.asm):00283                             cmpb      #$5F
0227 1027FFDF         (       c.prep.asm):00284                             lbeq      L020A
022B E6F802           (       c.prep.asm):00285                             ldb       [<$02,s]
022E 1D               (       c.prep.asm):00286                             sex
022F EDE4             (       c.prep.asm):00287                             std       ,s
0231 4F               (       c.prep.asm):00288                             clra
0232 5F               (       c.prep.asm):00289                             clrb
0233 E7F802           (       c.prep.asm):00290                             stb       [<$02,s]
0236 ECE4             (       c.prep.asm):00291                             ldd       ,s
0238 1083003D         (       c.prep.asm):00292                             cmpd      #$003D
023C 2609             (       c.prep.asm):00293                             bne       L0247
023E EC62             (       c.prep.asm):00294                             ldd       $02,s
0240 C30001           (       c.prep.asm):00295                             addd      #$0001
0243 ED62             (       c.prep.asm):00296                             std       $02,s
0245 2006             (       c.prep.asm):00297                             bra       L024D
0247 308D012E         (       c.prep.asm):00298         L0247               leax      >L0379,pcr
024B AF62             (       c.prep.asm):00299                             stx       $02,s
024D EC62             (       c.prep.asm):00300         L024D               ldd       $02,s
024F 3406             (       c.prep.asm):00301                             pshs      b,a
0251 3440             (       c.prep.asm):00302                             pshs      u
0253 1707BB           (       c.prep.asm):00303                             lbsr      L0A11
0256 3264             (       c.prep.asm):00304                             leas      $04,s
0258 16010D           (       c.prep.asm):00305                             lbra      L0368
025B ECF80A           (       c.prep.asm):00306         L025B               ldd       [<$0A,s]
025E 3406             (       c.prep.asm):00307                             pshs      b,a
0260 CC0031           (       c.prep.asm):00308                             ldd       #$0031
0263 3406             (       c.prep.asm):00309                             pshs      b,a
0265 171270           (       c.prep.asm):00310                             lbsr      L14D8
0268 3264             (       c.prep.asm):00311                             leas      $04,s
026A 308D010D         (       c.prep.asm):00312                             leax      >L037B,pcr
026E 1600E6           (       c.prep.asm):00313                             lbra      L0357
0271 8C006C           (       c.prep.asm):00314         L0271               cmpx      #$006C
0274 1027FF59         (       c.prep.asm):00315                             lbeq      L01D1
0278 8C0045           (       c.prep.asm):00316                             cmpx      #$0045
027B 1027FF5A         (       c.prep.asm):00317                             lbeq      L01D9
027F 8C0065           (       c.prep.asm):00318                             cmpx      #$0065
0282 1027FF53         (       c.prep.asm):00319                             lbeq      L01D9
0286 8C0044           (       c.prep.asm):00320                             cmpx      #$0044
0289 1027FF5F         (       c.prep.asm):00321                             lbeq      L01EC
028D 1600D8           (       c.prep.asm):00322                             lbra      L0368
0290 308D00F7         (       c.prep.asm):00323         L0290               leax      >L038B,pcr
0294 3410             (       c.prep.asm):00324                             pshs      x
0296 ECF80C           (       c.prep.asm):00325                             ldd       [<$0C,s]
0299 3406             (       c.prep.asm):00326                             pshs      b,a
029B 1715DF           (       c.prep.asm):00327                             lbsr      L187D
029E 3264             (       c.prep.asm):00328                             leas      $04,s
02A0 DD0A             (       c.prep.asm):00329                             std       <u000A
02A2 1027009E         (       c.prep.asm):00330                             lbeq      L0344
02A6 327E             (       c.prep.asm):00331                             leas      -$02,s
02A8 CC0001           (       c.prep.asm):00332                             ldd       #$0001
02AB EDE4             (       c.prep.asm):00333                             std       ,s
02AD ECF80C           (       c.prep.asm):00334                             ldd       [<$0C,s]
02B0 3406             (       c.prep.asm):00335                             pshs      b,a
02B2 30A904CE         (       c.prep.asm):00336                             leax      >$04CE,y
02B6 3410             (       c.prep.asm):00337                             pshs      x
02B8 171F70           (       c.prep.asm):00338                             lbsr      L222B
02BB 3264             (       c.prep.asm):00339                             leas      $04,s
02BD 30A904CE         (       c.prep.asm):00340                             leax      >$04CE,y
02C1 3410             (       c.prep.asm):00341                             pshs      x
02C3 170BAC           (       c.prep.asm):00342                             lbsr      L0E72
02C6 EDE4             (       c.prep.asm):00343                             std       ,s
02C8 30A904EC         (       c.prep.asm):00344                             leax      >$04EC,y
02CC 3410             (       c.prep.asm):00345                             pshs      x
02CE 171F5A           (       c.prep.asm):00346                             lbsr      L222B
02D1 3264             (       c.prep.asm):00347                             leas      $04,s
02D3 30A904EC         (       c.prep.asm):00348                             leax      >$04EC,y
02D7 3410             (       c.prep.asm):00349                             pshs      x
02D9 30A904CE         (       c.prep.asm):00350                             leax      >$04CE,y
02DD 3410             (       c.prep.asm):00351                             pshs      x
02DF CC0037           (       c.prep.asm):00352                             ldd       #$0037
02E2 3406             (       c.prep.asm):00353                             pshs      b,a
02E4 1711F1           (       c.prep.asm):00354                             lbsr      L14D8
02E7 3266             (       c.prep.asm):00355                             leas      $06,s
02E9 ECA9001C         (       c.prep.asm):00356                             ldd       >$001C,y
02ED 3406             (       c.prep.asm):00357                             pshs      b,a
02EF 30A904EC         (       c.prep.asm):00358                             leax      >$04EC,y
02F3 3410             (       c.prep.asm):00359                             pshs      x
02F5 CC0050           (       c.prep.asm):00360                             ldd       #$0050
02F8 3406             (       c.prep.asm):00361                             pshs      b,a
02FA 1711DB           (       c.prep.asm):00362                             lbsr      L14D8
02FD 3266             (       c.prep.asm):00363                             leas      $06,s
02FF 1700A4           (       c.prep.asm):00364                             lbsr      L03A6
0302 2035             (       c.prep.asm):00365                             bra       L0339
0304 DC0C             (       c.prep.asm):00366         L0304               ldd       <u000C
0306 C3FFFF           (       c.prep.asm):00367                             addd      #$FFFF
0309 10A3E4           (       c.prep.asm):00368                             cmpd      ,s
030C 2713             (       c.prep.asm):00369                             beq       L0321
030E DC0C             (       c.prep.asm):00370                             ldd       <u000C
0310 C3FFFF           (       c.prep.asm):00371                             addd      #$FFFF
0313 EDE4             (       c.prep.asm):00372                             std       ,s
0315 3406             (       c.prep.asm):00373                             pshs      b,a
0317 CC0035           (       c.prep.asm):00374                             ldd       #$0035
031A 3406             (       c.prep.asm):00375                             pshs      b,a
031C 1711B9           (       c.prep.asm):00376                             lbsr      L14D8
031F 3264             (       c.prep.asm):00377                             leas      $04,s
0321 30A902CE         (       c.prep.asm):00378         L0321               leax      >$02CE,y
0325 3410             (       c.prep.asm):00379                             pshs      x
0327 308D0062         (       c.prep.asm):00380                             leax      >L038D,pcr
032B 3410             (       c.prep.asm):00381                             pshs      x
032D 17159F           (       c.prep.asm):00382                             lbsr      L18CF
0330 3264             (       c.prep.asm):00383                             leas      $04,s
0332 ECE4             (       c.prep.asm):00384                             ldd       ,s
0334 C30001           (       c.prep.asm):00385                             addd      #$0001
0337 EDE4             (       c.prep.asm):00386                             std       ,s
0339 170085           (       c.prep.asm):00387         L0339               lbsr      L03C1
033C 1083FFFF         (       c.prep.asm):00388                             cmpd      #$FFFF
0340 26C2             (       c.prep.asm):00389                             bne       L0304
0342 2022             (       c.prep.asm):00390                             bra       L0366
0344 ECF80A           (       c.prep.asm):00391         L0344               ldd       [<$0A,s]
0347 3406             (       c.prep.asm):00392                             pshs      b,a
0349 CC0031           (       c.prep.asm):00393                             ldd       #$0031
034C 3406             (       c.prep.asm):00394                             pshs      b,a
034E 171187           (       c.prep.asm):00395                             lbsr      L14D8
0351 3264             (       c.prep.asm):00396                             leas      $04,s
0353 308D003A         (       c.prep.asm):00397                             leax      >L0391,pcr
0357 3410             (       c.prep.asm):00398         L0357               pshs      x
0359 171573           (       c.prep.asm):00399                             lbsr      L18CF
035C 3262             (       c.prep.asm):00400                             leas      $02,s
035E CC0001           (       c.prep.asm):00401                             ldd       #$0001
0361 3406             (       c.prep.asm):00402                             pshs      b,a
0363 1722C1           (       c.prep.asm):00403                             lbsr      L2627
0366 3262             (       c.prep.asm):00404         L0366               leas      $02,s
0368 EC68             (       c.prep.asm):00405         L0368               ldd       $08,s
036A C3FFFF           (       c.prep.asm):00406                             addd      #$FFFF
036D ED68             (       c.prep.asm):00407                             std       $08,s
036F 1026FE3B         (       c.prep.asm):00408                             lbne      L01AE
0373 3264             (       c.prep.asm):00409                             leas      $04,s
0375 35C0             (       c.prep.asm):00410                             puls      pc,u
                      (       c.prep.asm):00411         
0377 30               (       c.prep.asm):00412         L0377               fcb       $30
0378 00               (       c.prep.asm):00413                             fcb       $00
                      (       c.prep.asm):00414         
0379 31               (       c.prep.asm):00415         L0379               fcb       $31
037A 00               (       c.prep.asm):00416                             fcb       $00
037B 30               (       c.prep.asm):00417         L037B               fcb       $30
037C 0D               (       c.prep.asm):00418                             fcb       $0D
037D 30               (       c.prep.asm):00419         L037D               fcb       $30
037E 0D               (       c.prep.asm):00420                             fcb       $0D
                      (       c.prep.asm):00421         
037F 6261642064656669 (       c.prep.asm):00422         L037F               fcc       "bad define"
     6E65
0389 0D               (       c.prep.asm):00423                             fcb       $0D
038A 00               (       c.prep.asm):00424                             fcb       $00
038B 72               (       c.prep.asm):00425         L038B               fcc       "r"
038C 00               (       c.prep.asm):00426                             fcb       $00
038D 2573             (       c.prep.asm):00427         L038D               fcc       "%s"
038F 0D               (       c.prep.asm):00428                             fcb       $0D
0390 00               (       c.prep.asm):00429                             fcb       $00
0391 30               (       c.prep.asm):00430         L0391               fcb       $30
0392 0D               (       c.prep.asm):00431                             fcb       $0D
0393 30               (       c.prep.asm):00432                             fcb       $30
0394 0D               (       c.prep.asm):00433                             fcb       $0D
                      (       c.prep.asm):00434         
0395 63616E2774206F70 (       c.prep.asm):00435         L0395               fcc       "can't open file"
     656E2066696C65
03A4 0D               (       c.prep.asm):00436                             fcb       $0D
03A5 00               (       c.prep.asm):00437                             fcb       $00
                      (       c.prep.asm):00438         
03A6 3440             (       c.prep.asm):00439         L03A6               pshs      u
03A8 CCFFC0           (       c.prep.asm):00440                             ldd       #$FFC0
03AB 17FD61           (       c.prep.asm):00441                             lbsr      L010F
03AE 30A902CE         (       c.prep.asm):00442                             leax      >$02CE,y
03B2 9F08             (       c.prep.asm):00443                             stx       <u0008
03B4 4F               (       c.prep.asm):00444                             clra
03B5 5F               (       c.prep.asm):00445                             clrb
03B6 E7A902CE         (       c.prep.asm):00446                             stb       >$02CE,y
03BA CC0020           (       c.prep.asm):00447                             ldd       #$0020
03BD D703             (       c.prep.asm):00448                             stb       <u0003
03BF 35C0             (       c.prep.asm):00449                             puls      pc,u
                      (       c.prep.asm):00450         
03C1 3440             (       c.prep.asm):00451         L03C1               pshs      u
03C3 CCFEAD           (       c.prep.asm):00452                             ldd       #$FEAD
03C6 17FD46           (       c.prep.asm):00453                             lbsr      L010F
03C9 32E9FEF5         (       c.prep.asm):00454                             leas      >-$010B,s
03CD 30A902CE         (       c.prep.asm):00455                             leax      >$02CE,y
03D1 3410             (       c.prep.asm):00456                             pshs      x
03D3 30A903CE         (       c.prep.asm):00457                             leax      >$03CE,y
03D7 3410             (       c.prep.asm):00458                             pshs      x
03D9 171E4F           (       c.prep.asm):00459                             lbsr      L222B
03DC 3264             (       c.prep.asm):00460                             leas      $04,s
03DE 2004             (       c.prep.asm):00461                             bra       L03E4
03E0 3289FEF5         (       c.prep.asm):00462         L03E0               leas      >-$010B,x
03E4 170CF6           (       c.prep.asm):00463         L03E4               lbsr      L10DD
03E7 ED7E             (       c.prep.asm):00464                             std       -$02,s
03E9 10270182         (       c.prep.asm):00465                             lbeq      L056F
03ED 160185           (       c.prep.asm):00466                             lbra      L0575
03F0 DC08             (       c.prep.asm):00467         L03F0               ldd       <u0008
03F2 DD04             (       c.prep.asm):00468                             std       <u0004
03F4 4F               (       c.prep.asm):00469         L03F4               clra
03F5 5F               (       c.prep.asm):00470                             clrb
03F6 3406             (       c.prep.asm):00471                             pshs      b,a
03F8 170D96           (       c.prep.asm):00472                             lbsr      L1191
03FB 3262             (       c.prep.asm):00473                             leas      $02,s
03FD D603             (       c.prep.asm):00474                             ldb       <u0003
03FF C120             (       c.prep.asm):00475                             cmpb      #$20
0401 27F1             (       c.prep.asm):00476                             beq       L03F4
0403 D603             (       c.prep.asm):00477                             ldb       <u0003
0405 C109             (       c.prep.asm):00478                             cmpb      #$09
0407 1027FFE9         (       c.prep.asm):00479         L0407               lbeq      L03F4
040B DC08             (       c.prep.asm):00480                             ldd       <u0008
040D DD04             (       c.prep.asm):00481                             std       <u0004
040F D603             (       c.prep.asm):00482                             ldb       <u0003
0411 1D               (       c.prep.asm):00483                             sex
0412 30A900FE         (       c.prep.asm):00484                             leax      >$00FE,y
0416 308B             (       c.prep.asm):00485                             leax      d,x
0418 E684             (       c.prep.asm):00486                             ldb       ,x
041A 4F               (       c.prep.asm):00487                             clra
041B C406             (       c.prep.asm):00488                             andb      #$06
041D 1027013C         (       c.prep.asm):00489                             lbeq      L055D
0421 30E90100         (       c.prep.asm):00490                             leax      >$0100,s
0425 3410             (       c.prep.asm):00491                             pshs      x
0427 170C43           (       c.prep.asm):00492                             lbsr      L106D
042A 3262             (       c.prep.asm):00493                             leas      $02,s
042C 30E90100         (       c.prep.asm):00494                             leax      >$0100,s
0430 3410             (       c.prep.asm):00495                             pshs      x
0432 308D0EB2         (       c.prep.asm):00496                             leax      >L12E8,pcr
0436 3410             (       c.prep.asm):00497                             pshs      x
0438 171E35           (       c.prep.asm):00498                             lbsr      L2270
043B 3264             (       c.prep.asm):00499                             leas      $04,s
043D ED7E             (       c.prep.asm):00500                             std       -$02,s
043F 260B             (       c.prep.asm):00501                             bne       L044C
0441 CC0001           (       c.prep.asm):00502                             ldd       #$0001
0444 3406             (       c.prep.asm):00503         L0444               pshs      b,a
0446 17053E           (       c.prep.asm):00504                             lbsr      L0987
0449 16011A           (       c.prep.asm):00505                             lbra      L0566
044C 30E90100         (       c.prep.asm):00506         L044C               leax      >$0100,s
0450 3410             (       c.prep.asm):00507                             pshs      x
0452 308D0E99         (       c.prep.asm):00508                             leax      >L12EF,pcr
0456 3410             (       c.prep.asm):00509                             pshs      x
0458 171E15           (       c.prep.asm):00510                             lbsr      L2270
045B 3264             (       c.prep.asm):00511                             leas      $04,s
045D ED7E             (       c.prep.asm):00512                             std       -$02,s
045F 2606             (       c.prep.asm):00513                             bne       L0467
0461 170816           (       c.prep.asm):00514                             lbsr      L0C7A
0464 160101           (       c.prep.asm):00515                             lbra      L0568
0467 30E90100         (       c.prep.asm):00516         L0467               leax      >$0100,s
046B 3410             (       c.prep.asm):00517                             pshs      x
046D 308D0E86         (       c.prep.asm):00518                             leax      >L12F7,pcr
0471 3410             (       c.prep.asm):00519                             pshs      x
0473 171DFA           (       c.prep.asm):00520                             lbsr      L2270
0476 3264             (       c.prep.asm):00521                             leas      $04,s
0478 ED7E             (       c.prep.asm):00522                             std       -$02,s
047A 260B             (       c.prep.asm):00523                             bne       L0487
047C CC0001           (       c.prep.asm):00524                             ldd       #$0001
047F 3406             (       c.prep.asm):00525                             pshs      b,a
0481 170A6A           (       c.prep.asm):00526                             lbsr      L0EEE
0484 1600DF           (       c.prep.asm):00527                             lbra      L0566
0487 30E90100         (       c.prep.asm):00528         L0487               leax      >$0100,s
048B 3410             (       c.prep.asm):00529                             pshs      x
048D 308D0E6C         (       c.prep.asm):00530                             leax      >L12FD,pcr
0491 3410             (       c.prep.asm):00531                             pshs      x
0493 171DDA           (       c.prep.asm):00532                             lbsr      L2270
0496 3264             (       c.prep.asm):00533                             leas      $04,s
0498 ED7E             (       c.prep.asm):00534                             std       -$02,s
049A 260A             (       c.prep.asm):00535                             bne       L04A6
049C 4F               (       c.prep.asm):00536                             clra
049D 5F               (       c.prep.asm):00537                             clrb
049E 3406             (       c.prep.asm):00538                             pshs      b,a
04A0 170A4B           (       c.prep.asm):00539                             lbsr      L0EEE
04A3 1600C0           (       c.prep.asm):00540                             lbra      L0566
04A6 30E90100         (       c.prep.asm):00541         L04A6               leax      >$0100,s
04AA 3410             (       c.prep.asm):00542                             pshs      x
04AC 308D0E54         (       c.prep.asm):00543                             leax      >L1304,pcr
04B0 3410             (       c.prep.asm):00544                             pshs      x
04B2 171DBB           (       c.prep.asm):00545                             lbsr      L2270
04B5 3264             (       c.prep.asm):00546                             leas      $04,s
04B7 ED7E             (       c.prep.asm):00547                             std       -$02,s
04B9 2606             (       c.prep.asm):00548                             bne       L04C1
04BB 170B20           (       c.prep.asm):00549                             lbsr      L0FDE
04BE 1600A7           (       c.prep.asm):00550                             lbra      L0568
04C1 30E90100         (       c.prep.asm):00551         L04C1               leax      >$0100,s
04C5 3410             (       c.prep.asm):00552                             pshs      x
04C7 308D0E3F         (       c.prep.asm):00553                             leax      >L130A,pcr
04CB 3410             (       c.prep.asm):00554                             pshs      x
04CD 171DA0           (       c.prep.asm):00555                             lbsr      L2270
04D0 3264             (       c.prep.asm):00556                             leas      $04,s
04D2 ED7E             (       c.prep.asm):00557                             std       -$02,s
04D4 2606             (       c.prep.asm):00558                             bne       L04DC
04D6 170AC4           (       c.prep.asm):00559                             lbsr      L0F9D
04D9 16008C           (       c.prep.asm):00560                             lbra      L0568
04DC 30E90100         (       c.prep.asm):00561         L04DC               leax      >$0100,s
04E0 3410             (       c.prep.asm):00562                             pshs      x
04E2 308D0E29         (       c.prep.asm):00563                             leax      >L130F,pcr
04E6 3410             (       c.prep.asm):00564                             pshs      x
04E8 171D85           (       c.prep.asm):00565                             lbsr      L2270
04EB 3264             (       c.prep.asm):00566                             leas      $04,s
04ED ED7E             (       c.prep.asm):00567                             std       -$02,s
04EF 2605             (       c.prep.asm):00568                             bne       L04F6
04F1 4F               (       c.prep.asm):00569                             clra
04F2 5F               (       c.prep.asm):00570                             clrb
04F3 16FF4E           (       c.prep.asm):00571                             lbra      L0444
04F6 30E90100         (       c.prep.asm):00572         L04F6               leax      >$0100,s
04FA 3410             (       c.prep.asm):00573                             pshs      x
04FC 308D0E15         (       c.prep.asm):00574                             leax      >L1315,pcr
0500 3410             (       c.prep.asm):00575                             pshs      x
0502 171D6B           (       c.prep.asm):00576                             lbsr      L2270
0505 3264             (       c.prep.asm):00577                             leas      $04,s
0507 ED7E             (       c.prep.asm):00578                             std       -$02,s
0509 260F             (       c.prep.asm):00579                             bne       L051A
050B ECA9001E         (       c.prep.asm):00580                             ldd       >$001E,y
050F 2757             (       c.prep.asm):00581                             beq       L0568
0511 CC0001           (       c.prep.asm):00582                             ldd       #$0001
0514 EDA904FB         (       c.prep.asm):00583         L0514               std       >$04FB,y
0518 204E             (       c.prep.asm):00584                             bra       L0568
051A 30E90100         (       c.prep.asm):00585         L051A               leax      >$0100,s
051E 3410             (       c.prep.asm):00586                             pshs      x
0520 308D0DF5         (       c.prep.asm):00587                             leax      >L1319,pcr
0524 3410             (       c.prep.asm):00588                             pshs      x
0526 171D47           (       c.prep.asm):00589                             lbsr      L2270
0529 3264             (       c.prep.asm):00590                             leas      $04,s
052B ED7E             (       c.prep.asm):00591                             std       -$02,s
052D 260A             (       c.prep.asm):00592                             bne       L0539
052F ECA9001E         (       c.prep.asm):00593                             ldd       >$001E,y
0533 2733             (       c.prep.asm):00594                             beq       L0568
0535 4F               (       c.prep.asm):00595                             clra
0536 5F               (       c.prep.asm):00596                             clrb
0537 20DB             (       c.prep.asm):00597                             bra       L0514
0539 30E90100         (       c.prep.asm):00598         L0539               leax      >$0100,s
053D 3410             (       c.prep.asm):00599                             pshs      x
053F 308D0DDD         (       c.prep.asm):00600                             leax      >L1320,pcr
0543 3410             (       c.prep.asm):00601                             pshs      x
0545 171D28           (       c.prep.asm):00602                             lbsr      L2270
0548 3264             (       c.prep.asm):00603                             leas      $04,s
054A ED7E             (       c.prep.asm):00604                             std       -$02,s
054C 2605             (       c.prep.asm):00605                             bne       L0553
054E 170890           (       c.prep.asm):00606                             lbsr      L0DE1
0551 2015             (       c.prep.asm):00607                             bra       L0568
0553 30E9010B         (       c.prep.asm):00608         L0553               leax      >$010B,s
0557 2000             (       c.prep.asm):00609                             bra       L0559
0559 3289FEF5         (       c.prep.asm):00610         L0559               leas      >-$010B,x
055D 308D0DC4         (       c.prep.asm):00611         L055D               leax      >L1325,pcr
0561 3410             (       c.prep.asm):00612                             pshs      x
0563 170ECE           (       c.prep.asm):00613                             lbsr      L1434
0566 3262             (       c.prep.asm):00614         L0566               leas      $02,s
0568 170B72           (       c.prep.asm):00615         L0568               lbsr      L10DD
056B ED7E             (       c.prep.asm):00616                             std       -$02,s
056D 2606             (       c.prep.asm):00617                             bne       L0575
056F CCFFFF           (       c.prep.asm):00618         L056F               ldd       #$FFFF
0572 160065           (       c.prep.asm):00619                             lbra      L05DA
0575 4F               (       c.prep.asm):00620         L0575               clra
0576 5F               (       c.prep.asm):00621                             clrb
0577 3406             (       c.prep.asm):00622                             pshs      b,a
0579 170C15           (       c.prep.asm):00623                             lbsr      L1191
057C 3262             (       c.prep.asm):00624                             leas      $02,s
057E D603             (       c.prep.asm):00625                             ldb       <u0003
0580 C123             (       c.prep.asm):00626                             cmpb      #$23
0582 1027FE6A         (       c.prep.asm):00627                             lbeq      L03F0
0586 ECA9001E         (       c.prep.asm):00628                             ldd       >$001E,y
058A 2747             (       c.prep.asm):00629                             beq       L05D3
058C ECA904FB         (       c.prep.asm):00630                             ldd       >$04FB,y
0590 2712             (       c.prep.asm):00631                             beq       L05A4
0592 30A902CE         (       c.prep.asm):00632                             leax      >$02CE,y
0596 3410             (       c.prep.asm):00633                             pshs      x
0598 CC0032           (       c.prep.asm):00634                             ldd       #$0032
059B 3406             (       c.prep.asm):00635                             pshs      b,a
059D 170F38           (       c.prep.asm):00636                             lbsr      L14D8
05A0 3264             (       c.prep.asm):00637                             leas      $04,s
05A2 202F             (       c.prep.asm):00638                             bra       L05D3
05A4 30E4             (       c.prep.asm):00639         L05A4               leax      ,s
05A6 9F06             (       c.prep.asm):00640                             stx       <u0006
05A8 30A902CE         (       c.prep.asm):00641                             leax      >$02CE,y
05AC 9F08             (       c.prep.asm):00642                             stx       <u0008
05AE 3410             (       c.prep.asm):00643                             pshs      x
05B0 8D2E             (       c.prep.asm):00644                             bsr       L05E0
05B2 3262             (       c.prep.asm):00645                             leas      $02,s
05B4 30E4             (       c.prep.asm):00646                             leax      ,s
05B6 3410             (       c.prep.asm):00647                             pshs      x
05B8 1706A6           (       c.prep.asm):00648                             lbsr      L0C61
05BB 3262             (       c.prep.asm):00649                             leas      $02,s
05BD 30E4             (       c.prep.asm):00650                             leax      ,s
05BF 3410             (       c.prep.asm):00651                             pshs      x
05C1 30A902CE         (       c.prep.asm):00652                             leax      >$02CE,y
05C5 3410             (       c.prep.asm):00653                             pshs      x
05C7 171C61           (       c.prep.asm):00654                             lbsr      L222B
05CA 3264             (       c.prep.asm):00655                             leas      $04,s
05CC CC0020           (       c.prep.asm):00656                             ldd       #$0020
05CF 2009             (       c.prep.asm):00657                             bra       L05DA
05D1 2007             (       c.prep.asm):00658                             bra       L05DA
05D3 30E9010B         (       c.prep.asm):00659         L05D3               leax      >$010B,s
05D7 16FE06           (       c.prep.asm):00660                             lbra      L03E0
05DA 32E9010B         (       c.prep.asm):00661         L05DA               leas      >$010B,s
05DE 35C0             (       c.prep.asm):00662                             puls      pc,u
                      (       c.prep.asm):00663         
05E0 3440             (       c.prep.asm):00664         L05E0               pshs      u
05E2 CCFE72           (       c.prep.asm):00665                             ldd       #$FE72
05E5 17FB27           (       c.prep.asm):00666                             lbsr      L010F
05E8 32E8C8           (       c.prep.asm):00667                             leas      <-$38,s
05EB DC08             (       c.prep.asm):00668                             ldd       <u0008
05ED EDE821           (       c.prep.asm):00669                             std       <$21,s
05F0 ECE83C           (       c.prep.asm):00670                             ldd       <$3C,s
05F3 DD08             (       c.prep.asm):00671                             std       <u0008
05F5 CC0001           (       c.prep.asm):00672                             ldd       #$0001
05F8 3406             (       c.prep.asm):00673                             pshs      b,a
05FA 170B94           (       c.prep.asm):00674                             lbsr      L1191
05FD 3262             (       c.prep.asm):00675                             leas      $02,s
05FF 16032C           (       c.prep.asm):00676                             lbra      L092E
0602 D603             (       c.prep.asm):00677         L0602               ldb       <u0003
0604 C127             (       c.prep.asm):00678                             cmpb      #$27
0606 2706             (       c.prep.asm):00679                             beq       L060E
0608 D603             (       c.prep.asm):00680                             ldb       <u0003
060A C122             (       c.prep.asm):00681                             cmpb      #$22
060C 2622             (       c.prep.asm):00682                             bne       L0630
060E 30A90006         (       c.prep.asm):00683         L060E               leax      >$0006,y
0612 3410             (       c.prep.asm):00684                             pshs      x
0614 170A0D           (       c.prep.asm):00685                             lbsr      L1024
0617 3262             (       c.prep.asm):00686                             leas      $02,s
0619 D603             (       c.prep.asm):00687                             ldb       <u0003
061B 9E06             (       c.prep.asm):00688                             ldx       <u0006
061D 3001             (       c.prep.asm):00689                             leax      $01,x
061F 9F06             (       c.prep.asm):00690                             stx       <u0006
0621 E71F             (       c.prep.asm):00691                             stb       -$01,x
0623 CC0001           (       c.prep.asm):00692                             ldd       #$0001
0626 3406             (       c.prep.asm):00693                             pshs      b,a
0628 170B66           (       c.prep.asm):00694                             lbsr      L1191
062B 3262             (       c.prep.asm):00695                             leas      $02,s
062D 1602FE           (       c.prep.asm):00696                             lbra      L092E
0630 D603             (       c.prep.asm):00697         L0630               ldb       <u0003
0632 1D               (       c.prep.asm):00698                             sex
0633 30A900FE         (       c.prep.asm):00699                             leax      >$00FE,y
0637 308B             (       c.prep.asm):00700                             leax      d,x
0639 E684             (       c.prep.asm):00701                             ldb       ,x
063B 4F               (       c.prep.asm):00702                             clra
063C C406             (       c.prep.asm):00703                             andb      #$06
063E 2608             (       c.prep.asm):00704                             bne       L0648
0640 D603             (       c.prep.asm):00705                             ldb       <u0003
0642 C15F             (       c.prep.asm):00706                             cmpb      #$5F
0644 10260286         (       c.prep.asm):00707                             lbne      L08CE
0648 30E818           (       c.prep.asm):00708         L0648               leax      <$18,s
064B 3410             (       c.prep.asm):00709                             pshs      x
064D 170A1D           (       c.prep.asm):00710                             lbsr      L106D
0650 3262             (       c.prep.asm):00711                             leas      $02,s
0652 30E818           (       c.prep.asm):00712                             leax      <$18,s
0655 3410             (       c.prep.asm):00713                             pshs      x
0657 1702EA           (       c.prep.asm):00714                             lbsr      L0944
065A 3262             (       c.prep.asm):00715                             leas      $02,s
065C EDE4             (       c.prep.asm):00716                             std       ,s
065E 10270256         (       c.prep.asm):00717                             lbeq      L08B8
0662 32E9FEF4         (       c.prep.asm):00718                             leas      >-$010C,s
0666 D603             (       c.prep.asm):00719                             ldb       <u0003
0668 C120             (       c.prep.asm):00720                             cmpb      #$20
066A 2605             (       c.prep.asm):00721                             bne       L0671
066C CC0001           (       c.prep.asm):00722                             ldd       #$0001
066F 2002             (       c.prep.asm):00723                             bra       L0673
0671 4F               (       c.prep.asm):00724         L0671               clra
0672 5F               (       c.prep.asm):00725                             clrb
0673 EDE4             (       c.prep.asm):00726         L0673               std       ,s
0675 AEE9010C         (       c.prep.asm):00727                             ldx       >$010C,s
0679 EE02             (       c.prep.asm):00728                             ldu       $02,x
067B 170AF8           (       c.prep.asm):00729                             lbsr      L1176
067E D603             (       c.prep.asm):00730                             ldb       <u0003
0680 C128             (       c.prep.asm):00731                             cmpb      #$28
0682 10260209         (       c.prep.asm):00732                             lbne      L088F
0686 AEE9010C         (       c.prep.asm):00733                             ldx       >$010C,s
068A EC04             (       c.prep.asm):00734                             ldd       $04,x
068C 102701FF         (       c.prep.asm):00735                             lbeq      L088F
0690 4F               (       c.prep.asm):00736                             clra
0691 5F               (       c.prep.asm):00737                             clrb
0692 EDE90122         (       c.prep.asm):00738                             std       >$0122,s
0696 CC0001           (       c.prep.asm):00739                             ldd       #$0001
0699 3406             (       c.prep.asm):00740                             pshs      b,a
069B 170AF3           (       c.prep.asm):00741                             lbsr      L1191
069E 3262             (       c.prep.asm):00742                             leas      $02,s
06A0 1600EA           (       c.prep.asm):00743                             lbra      L078D
06A3 327C             (       c.prep.asm):00744         L06A3               leas      -$04,s
06A5 ECE90126         (       c.prep.asm):00745                             ldd       >$0126,s
06A9 58               (       c.prep.asm):00746                             lslb
06AA 49               (       c.prep.asm):00747                             rola
06AB 30E90133         (       c.prep.asm):00748                             leax      >$0133,s
06AF 308B             (       c.prep.asm):00749                             leax      d,x
06B1 3410             (       c.prep.asm):00750                             pshs      x
06B3 DC08             (       c.prep.asm):00751                             ldd       <u0008
06B5 C3FFFF           (       c.prep.asm):00752                             addd      #$FFFF
06B8 EDF1             (       c.prep.asm):00753                             std       [,s++]
06BA 4F               (       c.prep.asm):00754                             clra
06BB 5F               (       c.prep.asm):00755                             clrb
06BC ED6A             (       c.prep.asm):00756                             std       $0A,s
06BE ED62             (       c.prep.asm):00757                             std       $02,s
06C0 1600A1           (       c.prep.asm):00758                             lbra      L0764
06C3 D603             (       c.prep.asm):00759         L06C3               ldb       <u0003
06C5 1D               (       c.prep.asm):00760                             sex
06C6 1F01             (       c.prep.asm):00761                             tfr       d,x
06C8 160067           (       c.prep.asm):00762                             lbra      L0732
06CB EC62             (       c.prep.asm):00763         L06CB               ldd       $02,s
06CD 10260082         (       c.prep.asm):00764                             lbne      L0753
06D1 CC0001           (       c.prep.asm):00765                             ldd       #$0001
06D4 3406             (       c.prep.asm):00766                             pshs      b,a
06D6 170AB8           (       c.prep.asm):00767                             lbsr      L1191
06D9 3262             (       c.prep.asm):00768                             leas      $02,s
06DB 200B             (       c.prep.asm):00769                             bra       L06E8
06DD EC62             (       c.prep.asm):00770         L06DD               ldd       $02,s
06DF 2707             (       c.prep.asm):00771                             beq       L06E8
06E1 EC62             (       c.prep.asm):00772                             ldd       $02,s
06E3 C3FFFF           (       c.prep.asm):00773                             addd      #$FFFF
06E6 200C             (       c.prep.asm):00774                             bra       L06F4
06E8 30E90148         (       c.prep.asm):00775         L06E8               leax      >$0148,s
06EC 16007D           (       c.prep.asm):00776                             lbra      L076C
06EF EC62             (       c.prep.asm):00777         L06EF               ldd       $02,s
06F1 C30001           (       c.prep.asm):00778                             addd      #$0001
06F4 ED62             (       c.prep.asm):00779         L06F4               std       $02,s
06F6 16005A           (       c.prep.asm):00780                             lbra      L0753
06F9 D603             (       c.prep.asm):00781         L06F9               ldb       <u0003
06FB 1D               (       c.prep.asm):00782                             sex
06FC EDE4             (       c.prep.asm):00783                             std       ,s
06FE D603             (       c.prep.asm):00784         L06FE               ldb       <u0003
0700 C15C             (       c.prep.asm):00785                             cmpb      #$5C
0702 2610             (       c.prep.asm):00786                             bne       L0714
0704 4F               (       c.prep.asm):00787                             clra
0705 5F               (       c.prep.asm):00788                             clrb
0706 3406             (       c.prep.asm):00789                             pshs      b,a
0708 170A86           (       c.prep.asm):00790                             lbsr      L1191
070B 3262             (       c.prep.asm):00791                             leas      $02,s
070D EC6A             (       c.prep.asm):00792                             ldd       $0A,s
070F C30001           (       c.prep.asm):00793                             addd      #$0001
0712 ED6A             (       c.prep.asm):00794                             std       $0A,s
0714 4F               (       c.prep.asm):00795         L0714               clra
0715 5F               (       c.prep.asm):00796                             clrb
0716 3406             (       c.prep.asm):00797                             pshs      b,a
0718 170A76           (       c.prep.asm):00798                             lbsr      L1191
071B 3262             (       c.prep.asm):00799                             leas      $02,s
071D EC6A             (       c.prep.asm):00800                             ldd       $0A,s
071F C30001           (       c.prep.asm):00801                             addd      #$0001
0722 ED6A             (       c.prep.asm):00802                             std       $0A,s
0724 D603             (       c.prep.asm):00803                             ldb       <u0003
0726 272B             (       c.prep.asm):00804                             beq       L0753
0728 D603             (       c.prep.asm):00805                             ldb       <u0003
072A 1D               (       c.prep.asm):00806                             sex
072B 10A3E4           (       c.prep.asm):00807                             cmpd      ,s
072E 26CE             (       c.prep.asm):00808                             bne       L06FE
0730 2021             (       c.prep.asm):00809                             bra       L0753
0732 8C002C           (       c.prep.asm):00810         L0732               cmpx      #$002C
0735 1027FF92         (       c.prep.asm):00811                             lbeq      L06CB
0739 8C0029           (       c.prep.asm):00812                             cmpx      #$0029
073C 1027FF9D         (       c.prep.asm):00813                             lbeq      L06DD
0740 8C0028           (       c.prep.asm):00814                             cmpx      #$0028
0743 1027FFA8         (       c.prep.asm):00815                             lbeq      L06EF
0747 8C0027           (       c.prep.asm):00816                             cmpx      #$0027
074A 27AD             (       c.prep.asm):00817                             beq       L06F9
074C 8C0022           (       c.prep.asm):00818                             cmpx      #$0022
074F 1027FFA6         (       c.prep.asm):00819                             lbeq      L06F9
0753 EC6A             (       c.prep.asm):00820         L0753               ldd       $0A,s
0755 C30001           (       c.prep.asm):00821                             addd      #$0001
0758 ED6A             (       c.prep.asm):00822                             std       $0A,s
075A CC0001           (       c.prep.asm):00823                             ldd       #$0001
075D 3406             (       c.prep.asm):00824                             pshs      b,a
075F 170A2F           (       c.prep.asm):00825                             lbsr      L1191
0762 3262             (       c.prep.asm):00826                             leas      $02,s
0764 D603             (       c.prep.asm):00827         L0764               ldb       <u0003
0766 1026FF59         (       c.prep.asm):00828                             lbne      L06C3
076A 2004             (       c.prep.asm):00829                             bra       L0770
076C 3289FEB8         (       c.prep.asm):00830         L076C               leas      >-$0148,x
0770 ECE90126         (       c.prep.asm):00831         L0770               ldd       >$0126,s
0774 58               (       c.prep.asm):00832                             lslb
0775 49               (       c.prep.asm):00833                             rola
0776 30E90112         (       c.prep.asm):00834                             leax      >$0112,s
077A 308B             (       c.prep.asm):00835                             leax      d,x
077C EC6A             (       c.prep.asm):00836                             ldd       $0A,s
077E ED84             (       c.prep.asm):00837                             std       ,x
0780 ECE90126         (       c.prep.asm):00838                             ldd       >$0126,s
0784 C30001           (       c.prep.asm):00839                             addd      #$0001
0787 EDE90126         (       c.prep.asm):00840                             std       >$0126,s
078B 3264             (       c.prep.asm):00841                             leas      $04,s
078D D603             (       c.prep.asm):00842         L078D               ldb       <u0003
078F 2708             (       c.prep.asm):00843                             beq       L0799
0791 D603             (       c.prep.asm):00844                             ldb       <u0003
0793 C129             (       c.prep.asm):00845                             cmpb      #$29
0795 1026FF0A         (       c.prep.asm):00846                             lbne      L06A3
0799 CC0001           (       c.prep.asm):00847         L0799               ldd       #$0001
079C 3406             (       c.prep.asm):00848                             pshs      b,a
079E 1709F0           (       c.prep.asm):00849                             lbsr      L1191
07A1 3262             (       c.prep.asm):00850                             leas      $02,s
07A3 3068             (       c.prep.asm):00851                             leax      $08,s
07A5 AFE90108         (       c.prep.asm):00852                             stx       >$0108,s
07A9 E6C0             (       c.prep.asm):00853                             ldb       ,u+
07AB 1D               (       c.prep.asm):00854                             sex
07AC ED62             (       c.prep.asm):00855                             std       $02,s
07AE EC62             (       c.prep.asm):00856         L07AE               ldd       $02,s
07B0 10830040         (       c.prep.asm):00857                             cmpd      #$0040
07B4 1026006D         (       c.prep.asm):00858                             lbne      L0825
07B8 E6C0             (       c.prep.asm):00859                             ldb       ,u+
07BA 1D               (       c.prep.asm):00860                             sex
07BB ED62             (       c.prep.asm):00861                             std       $02,s
07BD C3FFD0           (       c.prep.asm):00862                             addd      #$FFD0
07C0 ED64             (       c.prep.asm):00863                             std       $04,s
07C2 2D50             (       c.prep.asm):00864                             blt       L0814
07C4 EC64             (       c.prep.asm):00865                             ldd       $04,s
07C6 10A3E90122       (       c.prep.asm):00866                             cmpd      >$0122,s
07CB 2C47             (       c.prep.asm):00867                             bge       L0814
07CD EC64             (       c.prep.asm):00868                             ldd       $04,s
07CF 58               (       c.prep.asm):00869                             lslb
07D0 49               (       c.prep.asm):00870                             rola
07D1 30E9010E         (       c.prep.asm):00871                             leax      >$010E,s
07D5 308B             (       c.prep.asm):00872                             leax      d,x
07D7 EC84             (       c.prep.asm):00873                             ldd       ,x
07D9 ED66             (       c.prep.asm):00874                             std       $06,s
07DB EC64             (       c.prep.asm):00875                             ldd       $04,s
07DD 58               (       c.prep.asm):00876                             lslb
07DE 49               (       c.prep.asm):00877                             rola
07DF 30E9012F         (       c.prep.asm):00878                             leax      >$012F,s
07E3 308B             (       c.prep.asm):00879                             leax      d,x
07E5 EC84             (       c.prep.asm):00880                             ldd       ,x
07E7 EDE9010A         (       c.prep.asm):00881                             std       >$010A,s
07EB 2018             (       c.prep.asm):00882                             bra       L0805
07ED AEE9010A         (       c.prep.asm):00883         L07ED               ldx       >$010A,s
07F1 3001             (       c.prep.asm):00884                             leax      $01,x
07F3 AFE9010A         (       c.prep.asm):00885                             stx       >$010A,s
07F7 E61F             (       c.prep.asm):00886                             ldb       -$01,x
07F9 AEE90108         (       c.prep.asm):00887                             ldx       >$0108,s
07FD 3001             (       c.prep.asm):00888                             leax      $01,x
07FF AFE90108         (       c.prep.asm):00889                             stx       >$0108,s
0803 E71F             (       c.prep.asm):00890                             stb       -$01,x
0805 EC66             (       c.prep.asm):00891         L0805               ldd       $06,s
0807 C3FFFF           (       c.prep.asm):00892                             addd      #$FFFF
080A ED66             (       c.prep.asm):00893                             std       $06,s
080C 83FFFF           (       c.prep.asm):00894                             subd      #$FFFF
080F 26DC             (       c.prep.asm):00895                             bne       L07ED
0811 160066           (       c.prep.asm):00896                             lbra      L087A
0814 CC0040           (       c.prep.asm):00897         L0814               ldd       #$0040
0817 AEE90108         (       c.prep.asm):00898                             ldx       >$0108,s
081B 3001             (       c.prep.asm):00899                             leax      $01,x
081D AFE90108         (       c.prep.asm):00900                             stx       >$0108,s
0821 E71F             (       c.prep.asm):00901                             stb       -$01,x
0823 2047             (       c.prep.asm):00902                             bra       L086C
0825 EC62             (       c.prep.asm):00903         L0825               ldd       $02,s
0827 10830027         (       c.prep.asm):00904                             cmpd      #$0027
082B 2708             (       c.prep.asm):00905                             beq       L0835
082D EC62             (       c.prep.asm):00906                             ldd       $02,s
082F 10830022         (       c.prep.asm):00907                             cmpd      #$0022
0833 2637             (       c.prep.asm):00908                             bne       L086C
0835 327F             (       c.prep.asm):00909         L0835               leas      -$01,s
0837 EC63             (       c.prep.asm):00910                             ldd       $03,s
0839 E7E4             (       c.prep.asm):00911                             stb       ,s
083B EC63             (       c.prep.asm):00912         L083B               ldd       $03,s
083D AEE90109         (       c.prep.asm):00913                             ldx       >$0109,s
0841 3001             (       c.prep.asm):00914                             leax      $01,x
0843 AFE90109         (       c.prep.asm):00915                             stx       >$0109,s
0847 E71F             (       c.prep.asm):00916                             stb       -$01,x
0849 E6C0             (       c.prep.asm):00917                             ldb       ,u+
084B 1D               (       c.prep.asm):00918                             sex
084C ED63             (       c.prep.asm):00919                             std       $03,s
084E EC63             (       c.prep.asm):00920                             ldd       $03,s
0850 2708             (       c.prep.asm):00921                             beq       L085A
0852 E6E4             (       c.prep.asm):00922                             ldb       ,s
0854 1D               (       c.prep.asm):00923                             sex
0855 10A363           (       c.prep.asm):00924                             cmpd      $03,s
0858 26E1             (       c.prep.asm):00925                             bne       L083B
085A EC63             (       c.prep.asm):00926         L085A               ldd       $03,s
085C AEE90109         (       c.prep.asm):00927                             ldx       >$0109,s
0860 3001             (       c.prep.asm):00928                             leax      $01,x
0862 AFE90109         (       c.prep.asm):00929                             stx       >$0109,s
0866 E71F             (       c.prep.asm):00930                             stb       -$01,x
0868 3261             (       c.prep.asm):00931                             leas      $01,s
086A 200E             (       c.prep.asm):00932                             bra       L087A
086C EC62             (       c.prep.asm):00933         L086C               ldd       $02,s
086E AEE90108         (       c.prep.asm):00934                             ldx       >$0108,s
0872 3001             (       c.prep.asm):00935                             leax      $01,x
0874 AFE90108         (       c.prep.asm):00936                             stx       >$0108,s
0878 E71F             (       c.prep.asm):00937                             stb       -$01,x
087A EC62             (       c.prep.asm):00938         L087A               ldd       $02,s
087C 2709             (       c.prep.asm):00939                             beq       L0887
087E E6C0             (       c.prep.asm):00940                             ldb       ,u+
0880 1D               (       c.prep.asm):00941                             sex
0881 ED62             (       c.prep.asm):00942                             std       $02,s
0883 1026FF27         (       c.prep.asm):00943                             lbne      L07AE
0887 4F               (       c.prep.asm):00944         L0887               clra
0888 5F               (       c.prep.asm):00945                             clrb
0889 E7F90108         (       c.prep.asm):00946                             stb       [>$0108,s]
088D 3368             (       c.prep.asm):00947                             leau      $08,s
088F D603             (       c.prep.asm):00948         L088F               ldb       <u0003
0891 E7E90143         (       c.prep.asm):00949                             stb       >$0143,s
0895 3440             (       c.prep.asm):00950                             pshs      u
0897 17FD46           (       c.prep.asm):00951                             lbsr      L05E0
089A 3262             (       c.prep.asm):00952                             leas      $02,s
089C E6E90143         (       c.prep.asm):00953                             ldb       >$0143,s
08A0 D703             (       c.prep.asm):00954                             stb       <u0003
08A2 ECE4             (       c.prep.asm):00955                             ldd       ,s
08A4 270B             (       c.prep.asm):00956                             beq       L08B1
08A6 CC0020           (       c.prep.asm):00957                             ldd       #$0020
08A9 9E06             (       c.prep.asm):00958                             ldx       <u0006
08AB 3001             (       c.prep.asm):00959                             leax      $01,x
08AD 9F06             (       c.prep.asm):00960                             stx       <u0006
08AF E71F             (       c.prep.asm):00961                             stb       -$01,x
08B1 32E9010C         (       c.prep.asm):00962         L08B1               leas      >$010C,s
08B5 160076           (       c.prep.asm):00963                             lbra      L092E
08B8 33E818           (       c.prep.asm):00964         L08B8               leau      <$18,s
08BB 200A             (       c.prep.asm):00965                             bra       L08C7
08BD E6C0             (       c.prep.asm):00966         L08BD               ldb       ,u+
08BF 9E06             (       c.prep.asm):00967                             ldx       <u0006
08C1 3001             (       c.prep.asm):00968                             leax      $01,x
08C3 9F06             (       c.prep.asm):00969                             stx       <u0006
08C5 E71F             (       c.prep.asm):00970                             stb       -$01,x
08C7 E6C4             (       c.prep.asm):00971         L08C7               ldb       ,u
08C9 26F2             (       c.prep.asm):00972                             bne       L08BD
08CB 160060           (       c.prep.asm):00973                             lbra      L092E
08CE D603             (       c.prep.asm):00974         L08CE               ldb       <u0003
08D0 C130             (       c.prep.asm):00975                             cmpb      #$30
08D2 2646             (       c.prep.asm):00976                             bne       L091A
08D4 D603             (       c.prep.asm):00977                             ldb       <u0003
08D6 9E06             (       c.prep.asm):00978                             ldx       <u0006
08D8 3001             (       c.prep.asm):00979                             leax      $01,x
08DA 9F06             (       c.prep.asm):00980                             stx       <u0006
08DC E71F             (       c.prep.asm):00981                             stb       -$01,x
08DE CC0001           (       c.prep.asm):00982                             ldd       #$0001
08E1 3406             (       c.prep.asm):00983                             pshs      b,a
08E3 1708AB           (       c.prep.asm):00984                             lbsr      L1191
08E6 3262             (       c.prep.asm):00985                             leas      $02,s
08E8 D603             (       c.prep.asm):00986                             ldb       <u0003
08EA C178             (       c.prep.asm):00987                             cmpb      #$78
08EC 2706             (       c.prep.asm):00988                             beq       L08F4
08EE D603             (       c.prep.asm):00989                             ldb       <u0003
08F0 C158             (       c.prep.asm):00990                             cmpb      #$58
08F2 263A             (       c.prep.asm):00991                             bne       L092E
08F4 D603             (       c.prep.asm):00992         L08F4               ldb       <u0003
08F6 9E06             (       c.prep.asm):00993                             ldx       <u0006
08F8 3001             (       c.prep.asm):00994                             leax      $01,x
08FA 9F06             (       c.prep.asm):00995                             stx       <u0006
08FC E71F             (       c.prep.asm):00996                             stb       -$01,x
08FE CC0001           (       c.prep.asm):00997                             ldd       #$0001
0901 3406             (       c.prep.asm):00998                             pshs      b,a
0903 17088B           (       c.prep.asm):00999                             lbsr      L1191
0906 3262             (       c.prep.asm):01000                             leas      $02,s
0908 D603             (       c.prep.asm):01001                             ldb       <u0003
090A 1D               (       c.prep.asm):01002                             sex
090B 30A900FE         (       c.prep.asm):01003                             leax      >$00FE,y
090F 308B             (       c.prep.asm):01004                             leax      d,x
0911 E684             (       c.prep.asm):01005                             ldb       ,x
0913 4F               (       c.prep.asm):01006                             clra
0914 C440             (       c.prep.asm):01007                             andb      #$40
0916 26DC             (       c.prep.asm):01008                             bne       L08F4
0918 2014             (       c.prep.asm):01009                             bra       L092E
091A D603             (       c.prep.asm):01010         L091A               ldb       <u0003
091C 9E06             (       c.prep.asm):01011                             ldx       <u0006
091E 3001             (       c.prep.asm):01012                             leax      $01,x
0920 9F06             (       c.prep.asm):01013                             stx       <u0006
0922 E71F             (       c.prep.asm):01014                             stb       -$01,x
0924 CC0001           (       c.prep.asm):01015                             ldd       #$0001
0927 3406             (       c.prep.asm):01016                             pshs      b,a
0929 170865           (       c.prep.asm):01017                             lbsr      L1191
092C 3262             (       c.prep.asm):01018                             leas      $02,s
092E D603             (       c.prep.asm):01019         L092E               ldb       <u0003
0930 1026FCCE         (       c.prep.asm):01020                             lbne      L0602
0934 4F               (       c.prep.asm):01021                             clra
0935 5F               (       c.prep.asm):01022                             clrb
0936 E7B90006         (       c.prep.asm):01023                             stb       [>$0006,y]
093A ECE821           (       c.prep.asm):01024                             ldd       <$21,s
093D DD08             (       c.prep.asm):01025                             std       <u0008
093F 32E838           (       c.prep.asm):01026                             leas      <$38,s
0942 35C0             (       c.prep.asm):01027                             puls      pc,u
                      (       c.prep.asm):01028         
0944 3440             (       c.prep.asm):01029         L0944               pshs      u
0946 CCFFB6           (       c.prep.asm):01030                             ldd       #$FFB6
0949 17F7C3           (       c.prep.asm):01031                             lbsr      L010F
094C 327E             (       c.prep.asm):01032                             leas      -$02,s
094E EC66             (       c.prep.asm):01033                             ldd       $06,s
0950 3406             (       c.prep.asm):01034                             pshs      b,a
0952 170BE9           (       c.prep.asm):01035                             lbsr      L153E
0955 3262             (       c.prep.asm):01036                             leas      $02,s
0957 58               (       c.prep.asm):01037                             lslb
0958 49               (       c.prep.asm):01038                             rola
0959 30A901CE         (       c.prep.asm):01039                             leax      >$01CE,y
095D 308B             (       c.prep.asm):01040                             leax      d,x
095F EE84             (       c.prep.asm):01041                             ldu       ,x
0961 201C             (       c.prep.asm):01042                             bra       L097F
0963 ECE4             (       c.prep.asm):01043         L0963               ldd       ,s
0965 C30006           (       c.prep.asm):01044                             addd      #$0006
0968 3406             (       c.prep.asm):01045                             pshs      b,a
096A EC68             (       c.prep.asm):01046                             ldd       $08,s
096C 3406             (       c.prep.asm):01047                             pshs      b,a
096E 1718FF           (       c.prep.asm):01048                             lbsr      L2270
0971 3264             (       c.prep.asm):01049                             leas      $04,s
0973 ED7E             (       c.prep.asm):01050                             std       -$02,s
0975 2704             (       c.prep.asm):01051                             beq       L097B
0977 EEC4             (       c.prep.asm):01052                             ldu       ,u
0979 2004             (       c.prep.asm):01053                             bra       L097F
097B 1F30             (       c.prep.asm):01054         L097B               tfr       u,d
097D 35D0             (       c.prep.asm):01055                             puls      pc,u,x
097F EFE4             (       c.prep.asm):01056         L097F               stu       ,s
0981 26E0             (       c.prep.asm):01057                             bne       L0963
0983 4F               (       c.prep.asm):01058                             clra
0984 5F               (       c.prep.asm):01059                             clrb
0985 35D0             (       c.prep.asm):01060                             puls      pc,u,x
                      (       c.prep.asm):01061         
0987 3440             (       c.prep.asm):01062         L0987               pshs      u
0989 CCFFAF           (       c.prep.asm):01063                             ldd       #$FFAF
098C 17F780           (       c.prep.asm):01064                             lbsr      L010F
098F 3277             (       c.prep.asm):01065                             leas      -$09,s
0991 ECA9001E         (       c.prep.asm):01066                             ldd       >$001E,y
0995 10270055         (       c.prep.asm):01067                             lbeq      L09EE
0999 170821           (       c.prep.asm):01068                             lbsr      L11BD
099C CC0001           (       c.prep.asm):01069                             ldd       #$0001
099F 3406             (       c.prep.asm):01070                             pshs      b,a
09A1 1707ED           (       c.prep.asm):01071                             lbsr      L1191
09A4 3262             (       c.prep.asm):01072                             leas      $02,s
09A6 D603             (       c.prep.asm):01073                             ldb       <u0003
09A8 1D               (       c.prep.asm):01074                             sex
09A9 30A900FE         (       c.prep.asm):01075                             leax      >$00FE,y
09AD 308B             (       c.prep.asm):01076                             leax      d,x
09AF E684             (       c.prep.asm):01077                             ldb       ,x
09B1 4F               (       c.prep.asm):01078                             clra
09B2 C406             (       c.prep.asm):01079                             andb      #$06
09B4 2606             (       c.prep.asm):01080                             bne       L09BC
09B6 D603             (       c.prep.asm):01081                             ldb       <u0003
09B8 C15F             (       c.prep.asm):01082                             cmpb      #$5F
09BA 2627             (       c.prep.asm):01083                             bne       L09E3
09BC 30E4             (       c.prep.asm):01084         L09BC               leax      ,s
09BE 3410             (       c.prep.asm):01085                             pshs      x
09C0 1706AA           (       c.prep.asm):01086                             lbsr      L106D
09C3 3262             (       c.prep.asm):01087                             leas      $02,s
09C5 EC6D             (       c.prep.asm):01088                             ldd       $0D,s
09C7 10830001         (       c.prep.asm):01089                             cmpd      #$0001
09CB 260E             (       c.prep.asm):01090                             bne       L09DB
09CD 4F               (       c.prep.asm):01091                             clra
09CE 5F               (       c.prep.asm):01092                             clrb
09CF 3406             (       c.prep.asm):01093                             pshs      b,a
09D1 3062             (       c.prep.asm):01094                             leax      $02,s
09D3 3410             (       c.prep.asm):01095                             pshs      x
09D5 8D3A             (       c.prep.asm):01096                             bsr       L0A11
09D7 3264             (       c.prep.asm):01097                             leas      $04,s
09D9 2013             (       c.prep.asm):01098                             bra       L09EE
09DB 30E4             (       c.prep.asm):01099         L09DB               leax      ,s
09DD 3410             (       c.prep.asm):01100                             pshs      x
09DF 8D11             (       c.prep.asm):01101                             bsr       L09F2
09E1 2009             (       c.prep.asm):01102                             bra       L09EC
09E3 308D094A         (       c.prep.asm):01103         L09E3               leax      >L1331,pcr
09E7 3410             (       c.prep.asm):01104                             pshs      x
09E9 170A61           (       c.prep.asm):01105                             lbsr      L144D
09EC 3262             (       c.prep.asm):01106         L09EC               leas      $02,s
09EE 3269             (       c.prep.asm):01107         L09EE               leas      $09,s
09F0 35C0             (       c.prep.asm):01108                             puls      pc,u
                      (       c.prep.asm):01109         
09F2 3440             (       c.prep.asm):01110         L09F2               pshs      u
09F4 CCFFBA           (       c.prep.asm):01111                             ldd       #$FFBA
09F7 17F715           (       c.prep.asm):01112                             lbsr      L010F
09FA 2004             (       c.prep.asm):01113                             bra       L0A00
09FC 4F               (       c.prep.asm):01114         L09FC               clra
09FD 5F               (       c.prep.asm):01115                             clrb
09FE E746             (       c.prep.asm):01116                             stb       u0006,u
0A00 EC64             (       c.prep.asm):01117         L0A00               ldd       $04,s
0A02 3406             (       c.prep.asm):01118                             pshs      b,a
0A04 17FF3D           (       c.prep.asm):01119                             lbsr      L0944
0A07 3262             (       c.prep.asm):01120                             leas      $02,s
0A09 1F03             (       c.prep.asm):01121                             tfr       d,u
0A0B EF7E             (       c.prep.asm):01122                             stu       -$02,s
0A0D 26ED             (       c.prep.asm):01123                             bne       L09FC
0A0F 35C0             (       c.prep.asm):01124                             puls      pc,u
                      (       c.prep.asm):01125         
0A11 3440             (       c.prep.asm):01126         L0A11               pshs      u
0A13 CCFE91           (       c.prep.asm):01127                             ldd       #$FE91
0A16 17F6F6           (       c.prep.asm):01128                             lbsr      L010F
0A19 32E9FED9         (       c.prep.asm):01129                             leas      >-$0127,s
0A1D CC0006           (       c.prep.asm):01130                             ldd       #$0006
0A20 3406             (       c.prep.asm):01131                             pshs      b,a
0A22 170B4F           (       c.prep.asm):01132                             lbsr      L1574
0A25 3262             (       c.prep.asm):01133                             leas      $02,s
0A27 EDE90125         (       c.prep.asm):01134                             std       >$0125,s
0A2B 1F03             (       c.prep.asm):01135                             tfr       d,u
0A2D ECE9012B         (       c.prep.asm):01136                             ldd       >$012B,s
0A31 3406             (       c.prep.asm):01137                             pshs      b,a
0A33 170B08           (       c.prep.asm):01138                             lbsr      L153E
0A36 3262             (       c.prep.asm):01139                             leas      $02,s
0A38 EDE90123         (       c.prep.asm):01140                             std       >$0123,s
0A3C 58               (       c.prep.asm):01141                             lslb
0A3D 49               (       c.prep.asm):01142                             rola
0A3E 30A901CE         (       c.prep.asm):01143                             leax      >$01CE,y
0A42 308B             (       c.prep.asm):01144                             leax      d,x
0A44 EC84             (       c.prep.asm):01145                             ldd       ,x
0A46 EDE9011F         (       c.prep.asm):01146                             std       >$011F,s
0A4A ECE90123         (       c.prep.asm):01147                             ldd       >$0123,s
0A4E 58               (       c.prep.asm):01148                             lslb
0A4F 49               (       c.prep.asm):01149                             rola
0A50 30A901CE         (       c.prep.asm):01150                             leax      >$01CE,y
0A54 308B             (       c.prep.asm):01151                             leax      d,x
0A56 ECE90125         (       c.prep.asm):01152                             ldd       >$0125,s
0A5A ED84             (       c.prep.asm):01153                             std       ,x
0A5C ECE9011F         (       c.prep.asm):01154                             ldd       >$011F,s
0A60 EDF90125         (       c.prep.asm):01155                             std       [>$0125,s]
0A64 ECE9012B         (       c.prep.asm):01156                             ldd       >$012B,s
0A68 3406             (       c.prep.asm):01157                             pshs      b,a
0A6A 170B8A           (       c.prep.asm):01158                             lbsr      L15F7
0A6D 3262             (       c.prep.asm):01159                             leas      $02,s
0A6F DC01             (       c.prep.asm):01160                             ldd       <u0001
0A71 AEE90125         (       c.prep.asm):01161                             ldx       >$0125,s
0A75 ED02             (       c.prep.asm):01162                             std       $02,x
0A77 ECE9012D         (       c.prep.asm):01163                             ldd       >$012D,s
0A7B 2711             (       c.prep.asm):01164                             beq       L0A8E
0A7D ECE9012D         (       c.prep.asm):01165                             ldd       >$012D,s
0A81 3406             (       c.prep.asm):01166                             pshs      b,a
0A83 170B71           (       c.prep.asm):01167                             lbsr      L15F7
0A86 3262             (       c.prep.asm):01168                             leas      $02,s
0A88 170AD3           (       c.prep.asm):01169                             lbsr      L155E
0A8B 1601CD           (       c.prep.asm):01170                             lbra      L0C5B
0A8E 4F               (       c.prep.asm):01171         L0A8E               clra
0A8F 5F               (       c.prep.asm):01172                             clrb
0A90 EDE4             (       c.prep.asm):01173                             std       ,s
0A92 D603             (       c.prep.asm):01174                             ldb       <u0003
0A94 C128             (       c.prep.asm):01175                             cmpb      #$28
0A96 1026009C         (       c.prep.asm):01176                             lbne      L0B36
0A9A CC0001           (       c.prep.asm):01177                             ldd       #$0001
0A9D AEE90125         (       c.prep.asm):01178                             ldx       >$0125,s
0AA1 ED04             (       c.prep.asm):01179                             std       $04,x
0AA3 CC0001           (       c.prep.asm):01180                             ldd       #$0001
0AA6 3406             (       c.prep.asm):01181                             pshs      b,a
0AA8 1706E6           (       c.prep.asm):01182                             lbsr      L1191
0AAB 3262             (       c.prep.asm):01183                             leas      $02,s
0AAD 33E81F           (       c.prep.asm):01184                             leau      <$1F,s
0AB0 2000             (       c.prep.asm):01185                             bra       L0AB2
0AB2 1706C1           (       c.prep.asm):01186         L0AB2               lbsr      L1176
0AB5 D603             (       c.prep.asm):01187                             ldb       <u0003
0AB7 10270071         (       c.prep.asm):01188                             lbeq      L0B2C
0ABB D603             (       c.prep.asm):01189                             ldb       <u0003
0ABD C129             (       c.prep.asm):01190                             cmpb      #$29
0ABF 10270069         (       c.prep.asm):01191                             lbeq      L0B2C
0AC3 ECE4             (       c.prep.asm):01192                             ldd       ,s
0AC5 58               (       c.prep.asm):01193                             lslb
0AC6 49               (       c.prep.asm):01194                             rola
0AC7 3062             (       c.prep.asm):01195                             leax      $02,s
0AC9 308B             (       c.prep.asm):01196                             leax      d,x
0ACB EF84             (       c.prep.asm):01197                             stu       ,x
0ACD D603             (       c.prep.asm):01198                             ldb       <u0003
0ACF 1D               (       c.prep.asm):01199                             sex
0AD0 30A900FE         (       c.prep.asm):01200                             leax      >$00FE,y
0AD4 308B             (       c.prep.asm):01201                             leax      d,x
0AD6 E684             (       c.prep.asm):01202                             ldb       ,x
0AD8 4F               (       c.prep.asm):01203                             clra
0AD9 C406             (       c.prep.asm):01204                             andb      #$06
0ADB 2606             (       c.prep.asm):01205                             bne       L0AE3
0ADD D603             (       c.prep.asm):01206                             ldb       <u0003
0ADF C15F             (       c.prep.asm):01207                             cmpb      #$5F
0AE1 263B             (       c.prep.asm):01208                             bne       L0B1E
0AE3 30E816           (       c.prep.asm):01209         L0AE3               leax      <$16,s
0AE6 3410             (       c.prep.asm):01210                             pshs      x
0AE8 170582           (       c.prep.asm):01211                             lbsr      L106D
0AEB 3262             (       c.prep.asm):01212                             leas      $02,s
0AED 30E816           (       c.prep.asm):01213                             leax      <$16,s
0AF0 AFE9011F         (       c.prep.asm):01214                             stx       >$011F,s
0AF4 AEE9011F         (       c.prep.asm):01215         L0AF4               ldx       >$011F,s
0AF8 3001             (       c.prep.asm):01216                             leax      $01,x
0AFA AFE9011F         (       c.prep.asm):01217                             stx       >$011F,s
0AFE E61F             (       c.prep.asm):01218                             ldb       -$01,x
0B00 E7C0             (       c.prep.asm):01219                             stb       ,u+
0B02 26F0             (       c.prep.asm):01220                             bne       L0AF4
0B04 ECE4             (       c.prep.asm):01221                             ldd       ,s
0B06 C30001           (       c.prep.asm):01222                             addd      #$0001
0B09 EDE4             (       c.prep.asm):01223                             std       ,s
0B0B 170668           (       c.prep.asm):01224                             lbsr      L1176
0B0E D603             (       c.prep.asm):01225                             ldb       <u0003
0B10 C12C             (       c.prep.asm):01226                             cmpb      #$2C
0B12 2615             (       c.prep.asm):01227                             bne       L0B29
0B14 CC0001           (       c.prep.asm):01228                             ldd       #$0001
0B17 3406             (       c.prep.asm):01229                             pshs      b,a
0B19 170675           (       c.prep.asm):01230                             lbsr      L1191
0B1C 2009             (       c.prep.asm):01231                             bra       L0B27
0B1E 308D0822         (       c.prep.asm):01232         L0B1E               leax      >L1344,pcr
0B22 3410             (       c.prep.asm):01233                             pshs      x
0B24 170926           (       c.prep.asm):01234                             lbsr      L144D
0B27 3262             (       c.prep.asm):01235         L0B27               leas      $02,s
0B29 16FF86           (       c.prep.asm):01236         L0B29               lbra      L0AB2
0B2C CC0001           (       c.prep.asm):01237         L0B2C               ldd       #$0001
0B2F 3406             (       c.prep.asm):01238                             pshs      b,a
0B31 17065D           (       c.prep.asm):01239                             lbsr      L1191
0B34 3262             (       c.prep.asm):01240                             leas      $02,s
0B36 17063D           (       c.prep.asm):01241         L0B36               lbsr      L1176
0B39 160110           (       c.prep.asm):01242                             lbra      L0C4C
0B3C D603             (       c.prep.asm):01243         L0B3C               ldb       <u0003
0B3E C127             (       c.prep.asm):01244                             cmpb      #$27
0B40 2706             (       c.prep.asm):01245                             beq       L0B48
0B42 D603             (       c.prep.asm):01246                             ldb       <u0003
0B44 C122             (       c.prep.asm):01247                             cmpb      #$22
0B46 260A             (       c.prep.asm):01248                             bne       L0B52
0B48 D603             (       c.prep.asm):01249         L0B48               ldb       <u0003
0B4A 1D               (       c.prep.asm):01250                             sex
0B4B CA80             (       c.prep.asm):01251                             orb       #$80
0B4D D703             (       c.prep.asm):01252                             stb       <u0003
0B4F 1600FA           (       c.prep.asm):01253                             lbra      L0C4C
0B52 D603             (       c.prep.asm):01254         L0B52               ldb       <u0003
0B54 1D               (       c.prep.asm):01255                             sex
0B55 30A900FE         (       c.prep.asm):01256                             leax      >$00FE,y
0B59 308B             (       c.prep.asm):01257                             leax      d,x
0B5B E684             (       c.prep.asm):01258                             ldb       ,x
0B5D 4F               (       c.prep.asm):01259                             clra
0B5E C406             (       c.prep.asm):01260                             andb      #$06
0B60 2608             (       c.prep.asm):01261                             bne       L0B6A
0B62 D603             (       c.prep.asm):01262                             ldb       <u0003
0B64 C15F             (       c.prep.asm):01263                             cmpb      #$5F
0B66 10260082         (       c.prep.asm):01264                             lbne      L0BEC
0B6A 30E816           (       c.prep.asm):01265         L0B6A               leax      <$16,s
0B6D 3410             (       c.prep.asm):01266                             pshs      x
0B6F 1704FB           (       c.prep.asm):01267                             lbsr      L106D
0B72 3262             (       c.prep.asm):01268                             leas      $02,s
0B74 4F               (       c.prep.asm):01269                             clra
0B75 5F               (       c.prep.asm):01270                             clrb
0B76 203A             (       c.prep.asm):01271                             bra       L0BB2
0B78 ECE90123         (       c.prep.asm):01272         L0B78               ldd       >$0123,s
0B7C 58               (       c.prep.asm):01273                             lslb
0B7D 49               (       c.prep.asm):01274                             rola
0B7E 3062             (       c.prep.asm):01275                             leax      $02,s
0B80 308B             (       c.prep.asm):01276                             leax      d,x
0B82 EC84             (       c.prep.asm):01277                             ldd       ,x
0B84 3406             (       c.prep.asm):01278                             pshs      b,a
0B86 30E818           (       c.prep.asm):01279                             leax      <$18,s
0B89 3410             (       c.prep.asm):01280                             pshs      x
0B8B 1716E2           (       c.prep.asm):01281                             lbsr      L2270
0B8E 3264             (       c.prep.asm):01282                             leas      $04,s
0B90 ED7E             (       c.prep.asm):01283                             std       -$02,s
0B92 2617             (       c.prep.asm):01284                             bne       L0BAB
0B94 CC0040           (       c.prep.asm):01285                             ldd       #$0040
0B97 E7E816           (       c.prep.asm):01286                             stb       <$16,s
0B9A ECE90123         (       c.prep.asm):01287                             ldd       >$0123,s
0B9E C30030           (       c.prep.asm):01288                             addd      #$0030
0BA1 E7E817           (       c.prep.asm):01289                             stb       <$17,s
0BA4 4F               (       c.prep.asm):01290                             clra
0BA5 5F               (       c.prep.asm):01291                             clrb
0BA6 E7E818           (       c.prep.asm):01292                             stb       <$18,s
0BA9 2014             (       c.prep.asm):01293                             bra       L0BBF
0BAB ECE90123         (       c.prep.asm):01294         L0BAB               ldd       >$0123,s
0BAF C30001           (       c.prep.asm):01295                             addd      #$0001
0BB2 EDE90123         (       c.prep.asm):01296         L0BB2               std       >$0123,s
0BB6 ECE90123         (       c.prep.asm):01297                             ldd       >$0123,s
0BBA 10A3E4           (       c.prep.asm):01298                             cmpd      ,s
0BBD 2DB9             (       c.prep.asm):01299                             blt       L0B78
0BBF 30E816           (       c.prep.asm):01300         L0BBF               leax      <$16,s
0BC2 AFE9011F         (       c.prep.asm):01301                             stx       >$011F,s
0BC6 200B             (       c.prep.asm):01302                             bra       L0BD3
0BC8 ECE90121         (       c.prep.asm):01303         L0BC8               ldd       >$0121,s
0BCC 3406             (       c.prep.asm):01304                             pshs      b,a
0BCE 170A43           (       c.prep.asm):01305                             lbsr      L1614
0BD1 3262             (       c.prep.asm):01306                             leas      $02,s
0BD3 AEE9011F         (       c.prep.asm):01307         L0BD3               ldx       >$011F,s
0BD7 3001             (       c.prep.asm):01308                             leax      $01,x
0BD9 AFE9011F         (       c.prep.asm):01309                             stx       >$011F,s
0BDD E61F             (       c.prep.asm):01310                             ldb       -$01,x
0BDF 1D               (       c.prep.asm):01311                             sex
0BE0 EDE90121         (       c.prep.asm):01312                             std       >$0121,s
0BE4 26E2             (       c.prep.asm):01313                             bne       L0BC8
0BE6 170975           (       c.prep.asm):01314                             lbsr      L155E
0BE9 160060           (       c.prep.asm):01315                             lbra      L0C4C
0BEC D603             (       c.prep.asm):01316         L0BEC               ldb       <u0003
0BEE C130             (       c.prep.asm):01317                             cmpb      #$30
0BF0 2646             (       c.prep.asm):01318                             bne       L0C38
0BF2 D603             (       c.prep.asm):01319                             ldb       <u0003
0BF4 1D               (       c.prep.asm):01320                             sex
0BF5 3406             (       c.prep.asm):01321                             pshs      b,a
0BF7 170A1A           (       c.prep.asm):01322                             lbsr      L1614
0BFA 3262             (       c.prep.asm):01323                             leas      $02,s
0BFC CC0001           (       c.prep.asm):01324                             ldd       #$0001
0BFF 3406             (       c.prep.asm):01325                             pshs      b,a
0C01 17058D           (       c.prep.asm):01326                             lbsr      L1191
0C04 3262             (       c.prep.asm):01327                             leas      $02,s
0C06 D603             (       c.prep.asm):01328                             ldb       <u0003
0C08 C178             (       c.prep.asm):01329                             cmpb      #$78
0C0A 2706             (       c.prep.asm):01330                             beq       L0C12
0C0C D603             (       c.prep.asm):01331                             ldb       <u0003
0C0E C158             (       c.prep.asm):01332                             cmpb      #$58
0C10 263A             (       c.prep.asm):01333                             bne       L0C4C
0C12 D603             (       c.prep.asm):01334         L0C12               ldb       <u0003
0C14 1D               (       c.prep.asm):01335                             sex
0C15 3406             (       c.prep.asm):01336                             pshs      b,a
0C17 1709FA           (       c.prep.asm):01337                             lbsr      L1614
0C1A 3262             (       c.prep.asm):01338                             leas      $02,s
0C1C CC0001           (       c.prep.asm):01339                             ldd       #$0001
0C1F 3406             (       c.prep.asm):01340                             pshs      b,a
0C21 17056D           (       c.prep.asm):01341                             lbsr      L1191
0C24 3262             (       c.prep.asm):01342                             leas      $02,s
0C26 D603             (       c.prep.asm):01343                             ldb       <u0003
0C28 1D               (       c.prep.asm):01344                             sex
0C29 30A900FE         (       c.prep.asm):01345                             leax      >$00FE,y
0C2D 308B             (       c.prep.asm):01346                             leax      d,x
0C2F E684             (       c.prep.asm):01347                             ldb       ,x
0C31 4F               (       c.prep.asm):01348                             clra
0C32 C440             (       c.prep.asm):01349                             andb      #$40
0C34 26DC             (       c.prep.asm):01350                             bne       L0C12
0C36 2014             (       c.prep.asm):01351                             bra       L0C4C
0C38 D603             (       c.prep.asm):01352         L0C38               ldb       <u0003
0C3A 1D               (       c.prep.asm):01353                             sex
0C3B 3406             (       c.prep.asm):01354                             pshs      b,a
0C3D 1709D4           (       c.prep.asm):01355                             lbsr      L1614
0C40 3262             (       c.prep.asm):01356                             leas      $02,s
0C42 CC0001           (       c.prep.asm):01357                             ldd       #$0001
0C45 3406             (       c.prep.asm):01358                             pshs      b,a
0C47 170547           (       c.prep.asm):01359                             lbsr      L1191
0C4A 3262             (       c.prep.asm):01360                             leas      $02,s
0C4C D603             (       c.prep.asm):01361         L0C4C               ldb       <u0003
0C4E 1026FEEA         (       c.prep.asm):01362                             lbne      L0B3C
0C52 4F               (       c.prep.asm):01363                             clra
0C53 5F               (       c.prep.asm):01364                             clrb
0C54 3406             (       c.prep.asm):01365                             pshs      b,a
0C56 1709BB           (       c.prep.asm):01366                             lbsr      L1614
0C59 3262             (       c.prep.asm):01367                             leas      $02,s
0C5B 32E90127         (       c.prep.asm):01368         L0C5B               leas      >$0127,s
0C5F 35C0             (       c.prep.asm):01369                             puls      pc,u
                      (       c.prep.asm):01370         
0C61 3440             (       c.prep.asm):01371         L0C61               pshs      u
0C63 CCFFC0           (       c.prep.asm):01372                             ldd       #$FFC0
0C66 17F4A6           (       c.prep.asm):01373                             lbsr      L010F
0C69 EE64             (       c.prep.asm):01374                             ldu       $04,s
0C6B 2007             (       c.prep.asm):01375                             bra       L0C74
0C6D E6C0             (       c.prep.asm):01376         L0C6D               ldb       ,u+
0C6F 4F               (       c.prep.asm):01377                             clra
0C70 C47F             (       c.prep.asm):01378                             andb      #$7F
0C72 E75F             (       c.prep.asm):01379                             stb       -u0001,u
0C74 E6C4             (       c.prep.asm):01380         L0C74               ldb       ,u
0C76 26F5             (       c.prep.asm):01381                             bne       L0C6D
0C78 35C0             (       c.prep.asm):01382                             puls      pc,u
                      (       c.prep.asm):01383         
0C7A 3440             (       c.prep.asm):01384         L0C7A               pshs      u
0C7C CCFF90           (       c.prep.asm):01385                             ldd       #$FF90
0C7F 17F48D           (       c.prep.asm):01386                             lbsr      L010F
0C82 32E8DA           (       c.prep.asm):01387                             leas      <-$26,s
0C85 ECA9001E         (       c.prep.asm):01388                             ldd       >$001E,y
0C89 1027014F         (       c.prep.asm):01389                             lbeq      L0DDC
0C8D 17052D           (       c.prep.asm):01390                             lbsr      L11BD
0C90 DC08             (       c.prep.asm):01391                             ldd       <u0008
0C92 DD04             (       c.prep.asm):01392                             std       <u0004
0C94 3364             (       c.prep.asm):01393                             leau      $04,s
0C96 CC0001           (       c.prep.asm):01394                             ldd       #$0001
0C99 3406             (       c.prep.asm):01395                             pshs      b,a
0C9B 1704F3           (       c.prep.asm):01396                             lbsr      L1191
0C9E 3262             (       c.prep.asm):01397                             leas      $02,s
0CA0 D603             (       c.prep.asm):01398                             ldb       <u0003
0CA2 1D               (       c.prep.asm):01399                             sex
0CA3 EDE4             (       c.prep.asm):01400                             std       ,s
0CA5 10830022         (       c.prep.asm):01401                             cmpd      #$0022
0CA9 270A             (       c.prep.asm):01402                             beq       L0CB5
0CAB ECE4             (       c.prep.asm):01403                             ldd       ,s
0CAD 1083003C         (       c.prep.asm):01404                             cmpd      #$003C
0CB1 1026011C         (       c.prep.asm):01405                             lbne      L0DD1
0CB5 4F               (       c.prep.asm):01406         L0CB5               clra
0CB6 5F               (       c.prep.asm):01407                             clrb
0CB7 3406             (       c.prep.asm):01408                             pshs      b,a
0CB9 1704D5           (       c.prep.asm):01409                             lbsr      L1191
0CBC 3262             (       c.prep.asm):01410                             leas      $02,s
0CBE ECE4             (       c.prep.asm):01411                             ldd       ,s
0CC0 1083003C         (       c.prep.asm):01412                             cmpd      #$003C
0CC4 264B             (       c.prep.asm):01413                             bne       L0D11
0CC6 CC003E           (       c.prep.asm):01414                             ldd       #$003E
0CC9 EDE4             (       c.prep.asm):01415                             std       ,s
0CCB E6A904FD         (       c.prep.asm):01416                             ldb       >$04FD,y
0CCF 2622             (       c.prep.asm):01417                             bne       L0CF3
0CD1 308D0686         (       c.prep.asm):01418                             leax      >L135B,pcr
0CD5 3410             (       c.prep.asm):01419                             pshs      x
0CD7 30A904FD         (       c.prep.asm):01420                             leax      >$04FD,y
0CDB 3410             (       c.prep.asm):01421                             pshs      x
0CDD 17154B           (       c.prep.asm):01422                             lbsr      L222B
0CE0 3264             (       c.prep.asm):01423                             leas      $04,s
0CE2 308D0679         (       c.prep.asm):01424                             leax      >L135F,pcr
0CE6 3410             (       c.prep.asm):01425                             pshs      x
0CE8 30A904FD         (       c.prep.asm):01426                             leax      >$04FD,y
0CEC 3410             (       c.prep.asm):01427                             pshs      x
0CEE 171554           (       c.prep.asm):01428                             lbsr      L2245
0CF1 3264             (       c.prep.asm):01429                             leas      $04,s
0CF3 30A904FD         (       c.prep.asm):01430         L0CF3               leax      >$04FD,y
0CF7 3410             (       c.prep.asm):01431                             pshs      x
0CF9 3440             (       c.prep.asm):01432                             pshs      u
0CFB 1707C1           (       c.prep.asm):01433                             lbsr      L14BF
0CFE 3264             (       c.prep.asm):01434                             leas      $04,s
0D00 1F03             (       c.prep.asm):01435                             tfr       d,u
0D02 200D             (       c.prep.asm):01436                             bra       L0D11
0D04 D603             (       c.prep.asm):01437         L0D04               ldb       <u0003
0D06 E7C0             (       c.prep.asm):01438                             stb       ,u+
0D08 4F               (       c.prep.asm):01439                             clra
0D09 5F               (       c.prep.asm):01440                             clrb
0D0A 3406             (       c.prep.asm):01441                             pshs      b,a
0D0C 170482           (       c.prep.asm):01442                             lbsr      L1191
0D0F 3262             (       c.prep.asm):01443                             leas      $02,s
0D11 D603             (       c.prep.asm):01444         L0D11               ldb       <u0003
0D13 2708             (       c.prep.asm):01445                             beq       L0D1D
0D15 D603             (       c.prep.asm):01446                             ldb       <u0003
0D17 1D               (       c.prep.asm):01447                             sex
0D18 10A3E4           (       c.prep.asm):01448                             cmpd      ,s
0D1B 26E7             (       c.prep.asm):01449                             bne       L0D04
0D1D 4F               (       c.prep.asm):01450         L0D1D               clra
0D1E 5F               (       c.prep.asm):01451                             clrb
0D1F E7C4             (       c.prep.asm):01452                             stb       ,u
0D21 308D0641         (       c.prep.asm):01453                             leax      >L1366,pcr
0D25 3410             (       c.prep.asm):01454                             pshs      x
0D27 3066             (       c.prep.asm):01455                             leax      $06,s
0D29 3410             (       c.prep.asm):01456                             pshs      x
0D2B 170B4F           (       c.prep.asm):01457                             lbsr      L187D
0D2E 3264             (       c.prep.asm):01458                             leas      $04,s
0D30 EDE822           (       c.prep.asm):01459                             std       <$22,s
0D33 10270094         (       c.prep.asm):01460                             lbeq      L0DCB
0D37 CC0017           (       c.prep.asm):01461                             ldd       #$0017
0D3A 3406             (       c.prep.asm):01462                             pshs      b,a
0D3C 170835           (       c.prep.asm):01463                             lbsr      L1574
0D3F 3262             (       c.prep.asm):01464                             leas      $02,s
0D41 ED62             (       c.prep.asm):01465                             std       $02,s
0D43 DC14             (       c.prep.asm):01466                             ldd       <u0014
0D45 EDF802           (       c.prep.asm):01467                             std       [<$02,s]
0D48 DC0C             (       c.prep.asm):01468                             ldd       <u000C
0D4A AE62             (       c.prep.asm):01469                             ldx       $02,s
0D4C ED02             (       c.prep.asm):01470                             std       $02,x
0D4E DC0A             (       c.prep.asm):01471                             ldd       <u000A
0D50 AE62             (       c.prep.asm):01472                             ldx       $02,s
0D52 ED04             (       c.prep.asm):01473                             std       $04,x
0D54 30A904CE         (       c.prep.asm):01474                             leax      >$04CE,y
0D58 3410             (       c.prep.asm):01475                             pshs      x
0D5A 17089A           (       c.prep.asm):01476                             lbsr      L15F7
0D5D 3262             (       c.prep.asm):01477                             leas      $02,s
0D5F AE62             (       c.prep.asm):01478                             ldx       $02,s
0D61 ED06             (       c.prep.asm):01479                             std       $06,x
0D63 30A904EC         (       c.prep.asm):01480                             leax      >$04EC,y
0D67 3410             (       c.prep.asm):01481                             pshs      x
0D69 EC64             (       c.prep.asm):01482                             ldd       $04,s
0D6B C30008           (       c.prep.asm):01483                             addd      #$0008
0D6E 3406             (       c.prep.asm):01484                             pshs      b,a
0D70 1714B8           (       c.prep.asm):01485                             lbsr      L222B
0D73 3264             (       c.prep.asm):01486                             leas      $04,s
0D75 3064             (       c.prep.asm):01487                             leax      $04,s
0D77 3410             (       c.prep.asm):01488                             pshs      x
0D79 30A904CE         (       c.prep.asm):01489                             leax      >$04CE,y
0D7D 3410             (       c.prep.asm):01490                             pshs      x
0D7F 1714A9           (       c.prep.asm):01491                             lbsr      L222B
0D82 3264             (       c.prep.asm):01492                             leas      $04,s
0D84 3064             (       c.prep.asm):01493                             leax      $04,s
0D86 3410             (       c.prep.asm):01494                             pshs      x
0D88 1700E7           (       c.prep.asm):01495                             lbsr      L0E72
0D8B EDE4             (       c.prep.asm):01496                             std       ,s
0D8D 30A904EC         (       c.prep.asm):01497                             leax      >$04EC,y
0D91 3410             (       c.prep.asm):01498                             pshs      x
0D93 171495           (       c.prep.asm):01499                             lbsr      L222B
0D96 3264             (       c.prep.asm):01500                             leas      $04,s
0D98 30A904EC         (       c.prep.asm):01501                             leax      >$04EC,y
0D9C 3410             (       c.prep.asm):01502                             pshs      x
0D9E 30A904CE         (       c.prep.asm):01503                             leax      >$04CE,y
0DA2 3410             (       c.prep.asm):01504                             pshs      x
0DA4 CC0037           (       c.prep.asm):01505                             ldd       #$0037
0DA7 3406             (       c.prep.asm):01506                             pshs      b,a
0DA9 17072C           (       c.prep.asm):01507                             lbsr      L14D8
0DAC 3266             (       c.prep.asm):01508                             leas      $06,s
0DAE EC62             (       c.prep.asm):01509                             ldd       $02,s
0DB0 DD14             (       c.prep.asm):01510                             std       <u0014
0DB2 4F               (       c.prep.asm):01511                             clra
0DB3 5F               (       c.prep.asm):01512                             clrb
0DB4 3406             (       c.prep.asm):01513                             pshs      b,a
0DB6 CC0035           (       c.prep.asm):01514                             ldd       #$0035
0DB9 3406             (       c.prep.asm):01515                             pshs      b,a
0DBB 17071A           (       c.prep.asm):01516                             lbsr      L14D8
0DBE 3264             (       c.prep.asm):01517                             leas      $04,s
0DC0 4F               (       c.prep.asm):01518                             clra
0DC1 5F               (       c.prep.asm):01519                             clrb
0DC2 DD0C             (       c.prep.asm):01520                             std       <u000C
0DC4 ECE822           (       c.prep.asm):01521                             ldd       <$22,s
0DC7 DD0A             (       c.prep.asm):01522                             std       <u000A
0DC9 2011             (       c.prep.asm):01523                             bra       L0DDC
0DCB 308D0599         (       c.prep.asm):01524         L0DCB               leax      >L1368,pcr
0DCF 2004             (       c.prep.asm):01525                             bra       L0DD5
0DD1 308D059E         (       c.prep.asm):01526         L0DD1               leax      >L1373,pcr
0DD5 3410             (       c.prep.asm):01527         L0DD5               pshs      x
0DD7 170631           (       c.prep.asm):01528                             lbsr      L140B
0DDA 3262             (       c.prep.asm):01529                             leas      $02,s
0DDC 32E826           (       c.prep.asm):01530         L0DDC               leas      <$26,s
0DDF 35C0             (       c.prep.asm):01531                             puls      pc,u
                      (       c.prep.asm):01532         
0DE1 3440             (       c.prep.asm):01533         L0DE1               pshs      u
0DE3 CCFFAB           (       c.prep.asm):01534                             ldd       #$FFAB
0DE6 17F326           (       c.prep.asm):01535                             lbsr      L010F
0DE9 3275             (       c.prep.asm):01536                             leas      -$0B,s
0DEB ECA9001E         (       c.prep.asm):01537                             ldd       >$001E,y
0DEF 1027007B         (       c.prep.asm):01538                             lbeq      L0E6E
0DF3 1703C7           (       c.prep.asm):01539                             lbsr      L11BD
0DF6 CC0001           (       c.prep.asm):01540                             ldd       #$0001
0DF9 3406             (       c.prep.asm):01541                             pshs      b,a
0DFB 170393           (       c.prep.asm):01542                             lbsr      L1191
0DFE 3262             (       c.prep.asm):01543                             leas      $02,s
0E00 30E4             (       c.prep.asm):01544                             leax      ,s
0E02 3410             (       c.prep.asm):01545                             pshs      x
0E04 170266           (       c.prep.asm):01546                             lbsr      L106D
0E07 3262             (       c.prep.asm):01547                             leas      $02,s
0E09 30E4             (       c.prep.asm):01548                             leax      ,s
0E0B 3410             (       c.prep.asm):01549                             pshs      x
0E0D 171491           (       c.prep.asm):01550                             lbsr      L22A1
0E10 3262             (       c.prep.asm):01551                             leas      $02,s
0E12 ED69             (       c.prep.asm):01552                             std       $09,s
0E14 2704             (       c.prep.asm):01553                             beq       L0E1A
0E16 EC69             (       c.prep.asm):01554                             ldd       $09,s
0E18 DD0C             (       c.prep.asm):01555                             std       <u000C
0E1A 1703A0           (       c.prep.asm):01556         L0E1A               lbsr      L11BD
0E1D CC0001           (       c.prep.asm):01557                             ldd       #$0001
0E20 3406             (       c.prep.asm):01558                             pshs      b,a
0E22 17036C           (       c.prep.asm):01559                             lbsr      L1191
0E25 3262             (       c.prep.asm):01560                             leas      $02,s
0E27 30E4             (       c.prep.asm):01561                             leax      ,s
0E29 3410             (       c.prep.asm):01562                             pshs      x
0E2B 17023F           (       c.prep.asm):01563                             lbsr      L106D
0E2E 3262             (       c.prep.asm):01564                             leas      $02,s
0E30 E6E4             (       c.prep.asm):01565                             ldb       ,s
0E32 2724             (       c.prep.asm):01566                             beq       L0E58
0E34 30E4             (       c.prep.asm):01567                             leax      ,s
0E36 3410             (       c.prep.asm):01568                             pshs      x
0E38 30A904CE         (       c.prep.asm):01569                             leax      >$04CE,y
0E3C 3410             (       c.prep.asm):01570                             pshs      x
0E3E 1713EA           (       c.prep.asm):01571                             lbsr      L222B
0E41 3264             (       c.prep.asm):01572                             leas      $04,s
0E43 30A904CE         (       c.prep.asm):01573                             leax      >$04CE,y
0E47 3410             (       c.prep.asm):01574                             pshs      x
0E49 8D27             (       c.prep.asm):01575                             bsr       L0E72
0E4B EDE4             (       c.prep.asm):01576                             std       ,s
0E4D 30A904EC         (       c.prep.asm):01577                             leax      >$04EC,y
0E51 3410             (       c.prep.asm):01578                             pshs      x
0E53 1713D5           (       c.prep.asm):01579                             lbsr      L222B
0E56 3264             (       c.prep.asm):01580                             leas      $04,s
0E58 30A904EC         (       c.prep.asm):01581         L0E58               leax      >$04EC,y
0E5C 3410             (       c.prep.asm):01582                             pshs      x
0E5E 30A904CE         (       c.prep.asm):01583                             leax      >$04CE,y
0E62 3410             (       c.prep.asm):01584                             pshs      x
0E64 CC0037           (       c.prep.asm):01585                             ldd       #$0037
0E67 3406             (       c.prep.asm):01586                             pshs      b,a
0E69 17066C           (       c.prep.asm):01587                             lbsr      L14D8
0E6C 3266             (       c.prep.asm):01588                             leas      $06,s
0E6E 326B             (       c.prep.asm):01589         L0E6E               leas      $0B,s
0E70 35C0             (       c.prep.asm):01590                             puls      pc,u
                      (       c.prep.asm):01591         
0E72 3440             (       c.prep.asm):01592         L0E72               pshs      u
0E74 CCFFBA           (       c.prep.asm):01593                             ldd       #$FFBA
0E77 17F295           (       c.prep.asm):01594                             lbsr      L010F
0E7A EE64             (       c.prep.asm):01595                             ldu       $04,s
0E7C 327C             (       c.prep.asm):01596                             leas      -$04,s
0E7E 2008             (       c.prep.asm):01597                             bra       L0E88
0E80 ECE4             (       c.prep.asm):01598         L0E80               ldd       ,s
0E82 1083002F         (       c.prep.asm):01599                             cmpd      #$002F
0E86 2602             (       c.prep.asm):01600                             bne       L0E8A
0E88 EF62             (       c.prep.asm):01601         L0E88               stu       $02,s
0E8A E6C0             (       c.prep.asm):01602         L0E8A               ldb       ,u+
0E8C 1D               (       c.prep.asm):01603                             sex
0E8D EDE4             (       c.prep.asm):01604                             std       ,s
0E8F 26EF             (       c.prep.asm):01605                             bne       L0E80
0E91 33A90511         (       c.prep.asm):01606                             leau      >$0511,y
0E95 E6F802           (       c.prep.asm):01607                             ldb       [<$02,s]
0E98 1D               (       c.prep.asm):01608                             sex
0E99 30A900FE         (       c.prep.asm):01609                             leax      >$00FE,y
0E9D 308B             (       c.prep.asm):01610                             leax      d,x
0E9F E684             (       c.prep.asm):01611                             ldb       ,x
0EA1 4F               (       c.prep.asm):01612                             clra
0EA2 C408             (       c.prep.asm):01613                             andb      #$08
0EA4 271D             (       c.prep.asm):01614                             beq       L0EC3
0EA6 CC005F           (       c.prep.asm):01615                             ldd       #$005F
0EA9 2016             (       c.prep.asm):01616                             bra       L0EC1
0EAB ECE4             (       c.prep.asm):01617         L0EAB               ldd       ,s
0EAD 30A900FE         (       c.prep.asm):01618                             leax      >$00FE,y
0EB1 308B             (       c.prep.asm):01619                             leax      d,x
0EB3 E684             (       c.prep.asm):01620                             ldb       ,x
0EB5 4F               (       c.prep.asm):01621                             clra
0EB6 C40E             (       c.prep.asm):01622                             andb      #$0E
0EB8 2605             (       c.prep.asm):01623                             bne       L0EBF
0EBA CC005F           (       c.prep.asm):01624                             ldd       #$005F
0EBD EDE4             (       c.prep.asm):01625                             std       ,s
0EBF ECE4             (       c.prep.asm):01626         L0EBF               ldd       ,s
0EC1 E7C0             (       c.prep.asm):01627         L0EC1               stb       ,u+
0EC3 AE62             (       c.prep.asm):01628         L0EC3               ldx       $02,s
0EC5 3001             (       c.prep.asm):01629                             leax      $01,x
0EC7 AF62             (       c.prep.asm):01630                             stx       $02,s
0EC9 E61F             (       c.prep.asm):01631                             ldb       -$01,x
0ECB 1D               (       c.prep.asm):01632                             sex
0ECC EDE4             (       c.prep.asm):01633                             std       ,s
0ECE 2710             (       c.prep.asm):01634                             beq       L0EE0
0ED0 30A90511         (       c.prep.asm):01635                             leax      >$0511,y
0ED4 3410             (       c.prep.asm):01636                             pshs      x
0ED6 1F30             (       c.prep.asm):01637                             tfr       u,d
0ED8 A3E1             (       c.prep.asm):01638                             subd      ,s++
0EDA 1083000E         (       c.prep.asm):01639                             cmpd      #$000E
0EDE 2FCB             (       c.prep.asm):01640                             ble       L0EAB
0EE0 4F               (       c.prep.asm):01641         L0EE0               clra
0EE1 5F               (       c.prep.asm):01642                             clrb
0EE2 E7C4             (       c.prep.asm):01643                             stb       ,u
0EE4 30A90511         (       c.prep.asm):01644                             leax      >$0511,y
0EE8 1F10             (       c.prep.asm):01645                             tfr       x,d
0EEA 3264             (       c.prep.asm):01646                             leas      $04,s
0EEC 35C0             (       c.prep.asm):01647                             puls      pc,u
                      (       c.prep.asm):01648         
0EEE 3440             (       c.prep.asm):01649         L0EEE               pshs      u
0EF0 CCFFB1           (       c.prep.asm):01650                             ldd       #$FFB1
0EF3 17F219           (       c.prep.asm):01651                             lbsr      L010F
0EF6 3277             (       c.prep.asm):01652                             leas      -$09,s
0EF8 ECA90534         (       c.prep.asm):01653                             ldd       >$0534,y
0EFC 1083000A         (       c.prep.asm):01654                             cmpd      #$000A
0F00 2606             (       c.prep.asm):01655                             bne       L0F08
0F02 308D047E         (       c.prep.asm):01656                             leax      >L1384,pcr
0F06 202B             (       c.prep.asm):01657                             bra       L0F33
0F08 1702B2           (       c.prep.asm):01658         L0F08               lbsr      L11BD
0F0B CC0001           (       c.prep.asm):01659                             ldd       #$0001
0F0E 3406             (       c.prep.asm):01660                             pshs      b,a
0F10 17027E           (       c.prep.asm):01661                             lbsr      L1191
0F13 3262             (       c.prep.asm):01662                             leas      $02,s
0F15 DC08             (       c.prep.asm):01663                             ldd       <u0008
0F17 DD04             (       c.prep.asm):01664                             std       <u0004
0F19 D603             (       c.prep.asm):01665                             ldb       <u0003
0F1B 1D               (       c.prep.asm):01666                             sex
0F1C 30A900FE         (       c.prep.asm):01667                             leax      >$00FE,y
0F20 308B             (       c.prep.asm):01668                             leax      d,x
0F22 E684             (       c.prep.asm):01669                             ldb       ,x
0F24 4F               (       c.prep.asm):01670                             clra
0F25 C406             (       c.prep.asm):01671                             andb      #$06
0F27 2614             (       c.prep.asm):01672                             bne       L0F3D
0F29 D603             (       c.prep.asm):01673                             ldb       <u0003
0F2B C15F             (       c.prep.asm):01674                             cmpb      #$5F
0F2D 270E             (       c.prep.asm):01675                             beq       L0F3D
0F2F 308D0468         (       c.prep.asm):01676                             leax      >L139B,pcr
0F33 3410             (       c.prep.asm):01677         L0F33               pshs      x
0F35 170515           (       c.prep.asm):01678                             lbsr      L144D
0F38 3262             (       c.prep.asm):01679                             leas      $02,s
0F3A 16005C           (       c.prep.asm):01680                             lbra      L0F99
0F3D 30E4             (       c.prep.asm):01681         L0F3D               leax      ,s
0F3F 3410             (       c.prep.asm):01682                             pshs      x
0F41 170129           (       c.prep.asm):01683                             lbsr      L106D
0F44 3262             (       c.prep.asm):01684                             leas      $02,s
0F46 ECA90534         (       c.prep.asm):01685                             ldd       >$0534,y
0F4A 58               (       c.prep.asm):01686                             lslb
0F4B 49               (       c.prep.asm):01687                             rola
0F4C 30A90536         (       c.prep.asm):01688                             leax      >$0536,y
0F50 308B             (       c.prep.asm):01689                             leax      d,x
0F52 ECA9054A         (       c.prep.asm):01690                             ldd       >$054A,y
0F56 ED84             (       c.prep.asm):01691                             std       ,x
0F58 CC0001           (       c.prep.asm):01692                             ldd       #$0001
0F5B EDA9054A         (       c.prep.asm):01693                             std       >$054A,y
0F5F ECA90534         (       c.prep.asm):01694                             ldd       >$0534,y
0F63 C30001           (       c.prep.asm):01695                             addd      #$0001
0F66 EDA90534         (       c.prep.asm):01696                             std       >$0534,y
0F6A 830001           (       c.prep.asm):01697                             subd      #$0001
0F6D 58               (       c.prep.asm):01698                             lslb
0F6E 49               (       c.prep.asm):01699                             rola
0F6F 30A90520         (       c.prep.asm):01700                             leax      >$0520,y
0F73 308B             (       c.prep.asm):01701                             leax      d,x
0F75 ECA9001E         (       c.prep.asm):01702                             ldd       >$001E,y
0F79 ED84             (       c.prep.asm):01703                             std       ,x
0F7B ED7E             (       c.prep.asm):01704                             std       -$02,s
0F7D 271A             (       c.prep.asm):01705                             beq       L0F99
0F7F 30E4             (       c.prep.asm):01706                             leax      ,s
0F81 3410             (       c.prep.asm):01707                             pshs      x
0F83 17F9BE           (       c.prep.asm):01708                             lbsr      L0944
0F86 EDE1             (       c.prep.asm):01709                             std       ,s++
0F88 2605             (       c.prep.asm):01710                             bne       L0F8F
0F8A CC0001           (       c.prep.asm):01711                             ldd       #$0001
0F8D 2002             (       c.prep.asm):01712                             bra       L0F91
0F8F 4F               (       c.prep.asm):01713         L0F8F               clra
0F90 5F               (       c.prep.asm):01714                             clrb
0F91 A86D             (       c.prep.asm):01715         L0F91               eora      $0D,s
0F93 E86E             (       c.prep.asm):01716                             eorb      $0E,s
0F95 EDA9001E         (       c.prep.asm):01717                             std       >$001E,y
0F99 3269             (       c.prep.asm):01718         L0F99               leas      $09,s
0F9B 35C0             (       c.prep.asm):01719                             puls      pc,u
                      (       c.prep.asm):01720         
0F9D 3440             (       c.prep.asm):01721         L0F9D               pshs      u
0F9F CCFFBA           (       c.prep.asm):01722                             ldd       #$FFBA
0FA2 17F16A           (       c.prep.asm):01723                             lbsr      L010F
0FA5 ECA9054A         (       c.prep.asm):01724                             ldd       >$054A,y
0FA9 260B             (       c.prep.asm):01725                             bne       L0FB6
0FAB 308D0405         (       c.prep.asm):01726                             leax      >L13B4,pcr
0FAF 3410             (       c.prep.asm):01727                             pshs      x
0FB1 170499           (       c.prep.asm):01728                             lbsr      L144D
0FB4 35D0             (       c.prep.asm):01729                             puls      pc,u,x
0FB6 ECA90534         (       c.prep.asm):01730         L0FB6               ldd       >$0534,y
0FBA C3FFFF           (       c.prep.asm):01731                             addd      #$FFFF
0FBD 58               (       c.prep.asm):01732                             lslb
0FBE 49               (       c.prep.asm):01733                             rola
0FBF 30A90520         (       c.prep.asm):01734                             leax      >$0520,y
0FC3 308B             (       c.prep.asm):01735                             leax      d,x
0FC5 EC84             (       c.prep.asm):01736                             ldd       ,x
0FC7 270B             (       c.prep.asm):01737                             beq       L0FD4
0FC9 ECA9001E         (       c.prep.asm):01738                             ldd       >$001E,y
0FCD 2605             (       c.prep.asm):01739                             bne       L0FD4
0FCF CC0001           (       c.prep.asm):01740                             ldd       #$0001
0FD2 2002             (       c.prep.asm):01741                             bra       L0FD6
0FD4 4F               (       c.prep.asm):01742         L0FD4               clra
0FD5 5F               (       c.prep.asm):01743                             clrb
0FD6 EDA9001E         (       c.prep.asm):01744         L0FD6               std       >$001E,y
0FDA 4F               (       c.prep.asm):01745                             clra
0FDB 5F               (       c.prep.asm):01746                             clrb
0FDC 2040             (       c.prep.asm):01747                             bra       L101E
                      (       c.prep.asm):01748         
0FDE 3440             (       c.prep.asm):01749         L0FDE               pshs      u
0FE0 CCFFBA           (       c.prep.asm):01750                             ldd       #$FFBA
0FE3 17F129           (       c.prep.asm):01751                             lbsr      L010F
0FE6 ECA90534         (       c.prep.asm):01752                             ldd       >$0534,y
0FEA 260B             (       c.prep.asm):01753                             bne       L0FF7
0FEC 308D03D9         (       c.prep.asm):01754                             leax      >L13C9,pcr
0FF0 3410             (       c.prep.asm):01755                             pshs      x
0FF2 170458           (       c.prep.asm):01756                             lbsr      L144D
0FF5 35D0             (       c.prep.asm):01757                             puls      pc,u,x
0FF7 ECA90534         (       c.prep.asm):01758         L0FF7               ldd       >$0534,y
0FFB C3FFFF           (       c.prep.asm):01759                             addd      #$FFFF
0FFE EDA90534         (       c.prep.asm):01760                             std       >$0534,y
1002 58               (       c.prep.asm):01761                             lslb
1003 49               (       c.prep.asm):01762                             rola
1004 30A90520         (       c.prep.asm):01763                             leax      >$0520,y
1008 308B             (       c.prep.asm):01764                             leax      d,x
100A EC84             (       c.prep.asm):01765                             ldd       ,x
100C EDA9001E         (       c.prep.asm):01766                             std       >$001E,y
1010 ECA90534         (       c.prep.asm):01767                             ldd       >$0534,y
1014 58               (       c.prep.asm):01768                             lslb
1015 49               (       c.prep.asm):01769                             rola
1016 30A90536         (       c.prep.asm):01770                             leax      >$0536,y
101A 308B             (       c.prep.asm):01771                             leax      d,x
101C EC84             (       c.prep.asm):01772                             ldd       ,x
101E EDA9054A         (       c.prep.asm):01773         L101E               std       >$054A,y
1022 35C0             (       c.prep.asm):01774                             puls      pc,u
                      (       c.prep.asm):01775         
1024 3440             (       c.prep.asm):01776         L1024               pshs      u
1026 CCFFB9           (       c.prep.asm):01777                             ldd       #$FFB9
1029 17F0E3           (       c.prep.asm):01778                             lbsr      L010F
102C 327F             (       c.prep.asm):01779                             leas      -$01,s
102E EEF805           (       c.prep.asm):01780                             ldu       [<$05,s]
1031 D603             (       c.prep.asm):01781                             ldb       <u0003
1033 E7E4             (       c.prep.asm):01782                             stb       ,s
1035 D603             (       c.prep.asm):01783         L1035               ldb       <u0003
1037 E7C0             (       c.prep.asm):01784                             stb       ,u+
1039 D603             (       c.prep.asm):01785                             ldb       <u0003
103B C15C             (       c.prep.asm):01786                             cmpb      #$5C
103D 260D             (       c.prep.asm):01787                             bne       L104C
103F 4F               (       c.prep.asm):01788                             clra
1040 5F               (       c.prep.asm):01789                             clrb
1041 3406             (       c.prep.asm):01790                             pshs      b,a
1043 17014B           (       c.prep.asm):01791                             lbsr      L1191
1046 3262             (       c.prep.asm):01792                             leas      $02,s
1048 D603             (       c.prep.asm):01793                             ldb       <u0003
104A E7C0             (       c.prep.asm):01794                             stb       ,u+
104C 4F               (       c.prep.asm):01795         L104C               clra
104D 5F               (       c.prep.asm):01796                             clrb
104E 3406             (       c.prep.asm):01797                             pshs      b,a
1050 17013E           (       c.prep.asm):01798                             lbsr      L1191
1053 3262             (       c.prep.asm):01799                             leas      $02,s
1055 D603             (       c.prep.asm):01800                             ldb       <u0003
1057 270D             (       c.prep.asm):01801                             beq       L1066
1059 D603             (       c.prep.asm):01802                             ldb       <u0003
105B 1D               (       c.prep.asm):01803                             sex
105C 3406             (       c.prep.asm):01804                             pshs      b,a
105E E662             (       c.prep.asm):01805                             ldb       $02,s
1060 1D               (       c.prep.asm):01806                             sex
1061 10A3E1           (       c.prep.asm):01807                             cmpd      ,s++
1064 26CF             (       c.prep.asm):01808                             bne       L1035
1066 EFF805           (       c.prep.asm):01809         L1066               stu       [<$05,s]
1069 3261             (       c.prep.asm):01810                             leas      $01,s
106B 35C0             (       c.prep.asm):01811                             puls      pc,u
                      (       c.prep.asm):01812         
106D 3440             (       c.prep.asm):01813         L106D               pshs      u
106F CCFFB8           (       c.prep.asm):01814                             ldd       #$FFB8
1072 17F09A           (       c.prep.asm):01815                             lbsr      L010F
1075 EE64             (       c.prep.asm):01816                             ldu       $04,s
1077 327E             (       c.prep.asm):01817                             leas      -$02,s
1079 CC0001           (       c.prep.asm):01818                             ldd       #$0001
107C 2013             (       c.prep.asm):01819                             bra       L1091
107E D603             (       c.prep.asm):01820         L107E               ldb       <u0003
1080 E7C0             (       c.prep.asm):01821                             stb       ,u+
1082 CC0001           (       c.prep.asm):01822                             ldd       #$0001
1085 3406             (       c.prep.asm):01823                             pshs      b,a
1087 170107           (       c.prep.asm):01824                             lbsr      L1191
108A 3262             (       c.prep.asm):01825                             leas      $02,s
108C ECE4             (       c.prep.asm):01826                             ldd       ,s
108E C30001           (       c.prep.asm):01827                             addd      #$0001
1091 EDE4             (       c.prep.asm):01828         L1091               std       ,s
1093 ECE4             (       c.prep.asm):01829                             ldd       ,s
1095 10830009         (       c.prep.asm):01830                             cmpd      #$0009
1099 2C18             (       c.prep.asm):01831                             bge       L10B3
109B D603             (       c.prep.asm):01832                             ldb       <u0003
109D 1D               (       c.prep.asm):01833                             sex
109E 30A900FE         (       c.prep.asm):01834                             leax      >$00FE,y
10A2 308B             (       c.prep.asm):01835                             leax      d,x
10A4 E684             (       c.prep.asm):01836                             ldb       ,x
10A6 4F               (       c.prep.asm):01837                             clra
10A7 C40E             (       c.prep.asm):01838                             andb      #$0E
10A9 26D3             (       c.prep.asm):01839                             bne       L107E
10AB D603             (       c.prep.asm):01840                             ldb       <u0003
10AD C15F             (       c.prep.asm):01841                             cmpb      #$5F
10AF 1027FFCB         (       c.prep.asm):01842                             lbeq      L107E
10B3 4F               (       c.prep.asm):01843         L10B3               clra
10B4 5F               (       c.prep.asm):01844                             clrb
10B5 E7C4             (       c.prep.asm):01845                             stb       ,u
10B7 200A             (       c.prep.asm):01846                             bra       L10C3
10B9 CC0001           (       c.prep.asm):01847         L10B9               ldd       #$0001
10BC 3406             (       c.prep.asm):01848                             pshs      b,a
10BE 1700D0           (       c.prep.asm):01849                             lbsr      L1191
10C1 3262             (       c.prep.asm):01850                             leas      $02,s
10C3 D603             (       c.prep.asm):01851         L10C3               ldb       <u0003
10C5 1D               (       c.prep.asm):01852                             sex
10C6 30A900FE         (       c.prep.asm):01853                             leax      >$00FE,y
10CA 308B             (       c.prep.asm):01854                             leax      d,x
10CC E684             (       c.prep.asm):01855                             ldb       ,x
10CE 4F               (       c.prep.asm):01856                             clra
10CF C40E             (       c.prep.asm):01857                             andb      #$0E
10D1 26E6             (       c.prep.asm):01858                             bne       L10B9
10D3 D603             (       c.prep.asm):01859                             ldb       <u0003
10D5 C15F             (       c.prep.asm):01860                             cmpb      #$5F
10D7 1027FFDE         (       c.prep.asm):01861                             lbeq      L10B9
10DB 35D0             (       c.prep.asm):01862                             puls      pc,u,x
                      (       c.prep.asm):01863         
10DD 3440             (       c.prep.asm):01864         L10DD               pshs      u
10DF CCFFB6           (       c.prep.asm):01865                             ldd       #$FFB6
10E2 17F02A           (       c.prep.asm):01866                             lbsr      L010F
10E5 17016F           (       c.prep.asm):01867         L10E5               lbsr      L1257
10E8 ED7E             (       c.prep.asm):01868                             std       -$02,s
10EA 2719             (       c.prep.asm):01869                             beq       L1105
10EC DC16             (       c.prep.asm):01870                             ldd       <u0016
10EE 2710             (       c.prep.asm):01871                             beq       L1100
10F0 30A902CE         (       c.prep.asm):01872                             leax      >$02CE,y
10F4 3410             (       c.prep.asm):01873                             pshs      x
10F6 CC0036           (       c.prep.asm):01874                             ldd       #$0036
10F9 3406             (       c.prep.asm):01875                             pshs      b,a
10FB 1703DA           (       c.prep.asm):01876                             lbsr      L14D8
10FE 3264             (       c.prep.asm):01877                             leas      $04,s
1100 CC0001           (       c.prep.asm):01878         L1100               ldd       #$0001
1103 35C0             (       c.prep.asm):01879                             puls      pc,u
1105 DC0A             (       c.prep.asm):01880         L1105               ldd       <u000A
1107 3406             (       c.prep.asm):01881                             pshs      b,a
1109 170DB9           (       c.prep.asm):01882                             lbsr      L1EC5
110C 3262             (       c.prep.asm):01883                             leas      $02,s
110E DC14             (       c.prep.asm):01884                             ldd       <u0014
1110 1027005C         (       c.prep.asm):01885                             lbeq      L1170
1114 9E14             (       c.prep.asm):01886                             ldx       <u0014
1116 EC04             (       c.prep.asm):01887                             ldd       $04,x
1118 DD0A             (       c.prep.asm):01888                             std       <u000A
111A 9E14             (       c.prep.asm):01889                             ldx       <u0014
111C EC02             (       c.prep.asm):01890                             ldd       $02,x
111E DD0C             (       c.prep.asm):01891                             std       <u000C
1120 9E14             (       c.prep.asm):01892                             ldx       <u0014
1122 EC06             (       c.prep.asm):01893                             ldd       $06,x
1124 3406             (       c.prep.asm):01894                             pshs      b,a
1126 30A904CE         (       c.prep.asm):01895                             leax      >$04CE,y
112A 3410             (       c.prep.asm):01896                             pshs      x
112C 1710FC           (       c.prep.asm):01897                             lbsr      L222B
112F 3264             (       c.prep.asm):01898                             leas      $04,s
1131 DC14             (       c.prep.asm):01899                             ldd       <u0014
1133 C30008           (       c.prep.asm):01900                             addd      #$0008
1136 3406             (       c.prep.asm):01901                             pshs      b,a
1138 30A904EC         (       c.prep.asm):01902                             leax      >$04EC,y
113C 3410             (       c.prep.asm):01903                             pshs      x
113E 1710EA           (       c.prep.asm):01904                             lbsr      L222B
1141 3264             (       c.prep.asm):01905                             leas      $04,s
1143 ECB90014         (       c.prep.asm):01906                             ldd       [>$0014,y]
1147 DD14             (       c.prep.asm):01907                             std       <u0014
1149 30A904EC         (       c.prep.asm):01908                             leax      >$04EC,y
114D 3410             (       c.prep.asm):01909                             pshs      x
114F 30A904CE         (       c.prep.asm):01910                             leax      >$04CE,y
1153 3410             (       c.prep.asm):01911                             pshs      x
1155 CC0037           (       c.prep.asm):01912                             ldd       #$0037
1158 3406             (       c.prep.asm):01913                             pshs      b,a
115A 17037B           (       c.prep.asm):01914                             lbsr      L14D8
115D 3266             (       c.prep.asm):01915                             leas      $06,s
115F DC0C             (       c.prep.asm):01916                             ldd       <u000C
1161 3406             (       c.prep.asm):01917                             pshs      b,a
1163 CC0035           (       c.prep.asm):01918                             ldd       #$0035
1166 3406             (       c.prep.asm):01919                             pshs      b,a
1168 17036D           (       c.prep.asm):01920                             lbsr      L14D8
116B 3264             (       c.prep.asm):01921                             leas      $04,s
116D 16FF75           (       c.prep.asm):01922                             lbra      L10E5
1170 4F               (       c.prep.asm):01923         L1170               clra
1171 5F               (       c.prep.asm):01924                             clrb
1172 35C0             (       c.prep.asm):01925                             puls      pc,u
1174 35C0             (       c.prep.asm):01926                             puls      pc,u
                      (       c.prep.asm):01927         
1176 3440             (       c.prep.asm):01928         L1176               pshs      u
1178 CCFFBA           (       c.prep.asm):01929                             ldd       #$FFBA
117B 17EF91           (       c.prep.asm):01930                             lbsr      L010F
117E 2009             (       c.prep.asm):01931                             bra       L1189
1180 CC0001           (       c.prep.asm):01932         L1180               ldd       #$0001
1183 3406             (       c.prep.asm):01933                             pshs      b,a
1185 8D0A             (       c.prep.asm):01934                             bsr       L1191
1187 3262             (       c.prep.asm):01935                             leas      $02,s
1189 D603             (       c.prep.asm):01936         L1189               ldb       <u0003
118B C120             (       c.prep.asm):01937                             cmpb      #$20
118D 27F1             (       c.prep.asm):01938                             beq       L1180
118F 35C0             (       c.prep.asm):01939                             puls      pc,u
                      (       c.prep.asm):01940         
1191 3440             (       c.prep.asm):01941         L1191               pshs      u
1193 CCFFBC           (       c.prep.asm):01942                             ldd       #$FFBC
1196 17EF76           (       c.prep.asm):01943                             lbsr      L010F
1199 E6B90008         (       c.prep.asm):01944                             ldb       [>$0008,y]
119D D703             (       c.prep.asm):01945                             stb       <u0003
119F 2602             (       c.prep.asm):01946                             bne       L11A3
11A1 35C0             (       c.prep.asm):01947                             puls      pc,u
11A3 EC64             (       c.prep.asm):01948         L11A3               ldd       $04,s
11A5 270D             (       c.prep.asm):01949                             beq       L11B4
11A7 8D14             (       c.prep.asm):01950                             bsr       L11BD
11A9 ED7E             (       c.prep.asm):01951                             std       -$02,s
11AB 2707             (       c.prep.asm):01952                             beq       L11B4
11AD CC0020           (       c.prep.asm):01953                             ldd       #$0020
11B0 D703             (       c.prep.asm):01954                             stb       <u0003
11B2 2007             (       c.prep.asm):01955                             bra       L11BB
11B4 DC08             (       c.prep.asm):01956         L11B4               ldd       <u0008
11B6 C30001           (       c.prep.asm):01957                             addd      #$0001
11B9 DD08             (       c.prep.asm):01958                             std       <u0008
11BB 35C0             (       c.prep.asm):01959         L11BB               puls      pc,u
                      (       c.prep.asm):01960         
11BD 3440             (       c.prep.asm):01961         L11BD               pshs      u
11BF CCFFB9           (       c.prep.asm):01962                             ldd       #$FFB9
11C2 17EF4A           (       c.prep.asm):01963                             lbsr      L010F
11C5 327D             (       c.prep.asm):01964                             leas      -$03,s
11C7 4F               (       c.prep.asm):01965                             clra
11C8 5F               (       c.prep.asm):01966                             clrb
11C9 EDE4             (       c.prep.asm):01967         L11C9               std       ,s
11CB E6B90008         (       c.prep.asm):01968         L11CB               ldb       [>$0008,y]
11CF E762             (       c.prep.asm):01969                             stb       $02,s
11D1 1D               (       c.prep.asm):01970                             sex
11D2 1F01             (       c.prep.asm):01971                             tfr       d,x
11D4 16005E           (       c.prep.asm):01972                             lbra      L1235
11D7 CC0020           (       c.prep.asm):01973         L11D7               ldd       #$0020
11DA E7B90008         (       c.prep.asm):01974                             stb       [>$0008,y]
11DE DC08             (       c.prep.asm):01975         L11DE               ldd       <u0008
11E0 C30001           (       c.prep.asm):01976                             addd      #$0001
11E3 DD08             (       c.prep.asm):01977                             std       <u0008
11E5 CC0001           (       c.prep.asm):01978                             ldd       #$0001
11E8 20DF             (       c.prep.asm):01979                             bra       L11C9
11EA 9E08             (       c.prep.asm):01980         L11EA               ldx       <u0008
11EC E601             (       c.prep.asm):01981                             ldb       $01,x
11EE C12A             (       c.prep.asm):01982                             cmpb      #$2A
11F0 263F             (       c.prep.asm):01983                             bne       L1231
11F2 CC0001           (       c.prep.asm):01984                             ldd       #$0001
11F5 EDE4             (       c.prep.asm):01985                             std       ,s
11F7 DC08             (       c.prep.asm):01986                             ldd       <u0008
11F9 C30002           (       c.prep.asm):01987                             addd      #$0002
11FC 2013             (       c.prep.asm):01988                             bra       L1211
11FE E662             (       c.prep.asm):01989         L11FE               ldb       $02,s
1200 260A             (       c.prep.asm):01990                             bne       L120C
1202 8D53             (       c.prep.asm):01991                             bsr       L1257
1204 ED7E             (       c.prep.asm):01992                             std       -$02,s
1206 260B             (       c.prep.asm):01993                             bne       L1213
1208 2027             (       c.prep.asm):01994                             bra       L1231
120A 2007             (       c.prep.asm):01995                             bra       L1213
120C DC08             (       c.prep.asm):01996         L120C               ldd       <u0008
120E C30001           (       c.prep.asm):01997                             addd      #$0001
1211 DD08             (       c.prep.asm):01998         L1211               std       <u0008
1213 E6B90008         (       c.prep.asm):01999         L1213               ldb       [>$0008,y]
1217 E762             (       c.prep.asm):02000                             stb       $02,s
1219 C12A             (       c.prep.asm):02001                             cmpb      #$2A
121B 26E1             (       c.prep.asm):02002                             bne       L11FE
121D 9E08             (       c.prep.asm):02003                             ldx       <u0008
121F E601             (       c.prep.asm):02004                             ldb       $01,x
1221 C12F             (       c.prep.asm):02005                             cmpb      #$2F
1223 1026FFD7         (       c.prep.asm):02006                             lbne      L11FE
1227 DC08             (       c.prep.asm):02007                             ldd       <u0008
1229 C30002           (       c.prep.asm):02008                             addd      #$0002
122C DD08             (       c.prep.asm):02009                             std       <u0008
122E 16FF9A           (       c.prep.asm):02010                             lbra      L11CB
1231 ECE4             (       c.prep.asm):02011         L1231               ldd       ,s
1233 201E             (       c.prep.asm):02012                             bra       L1253
1235 8C000C           (       c.prep.asm):02013         L1235               cmpx      #$000C
1238 1027FF9B         (       c.prep.asm):02014                             lbeq      L11D7
123C 8C0009           (       c.prep.asm):02015                             cmpx      #$0009
123F 1027FF94         (       c.prep.asm):02016                             lbeq      L11D7
1243 8C0020           (       c.prep.asm):02017                             cmpx      #$0020
1246 1027FF94         (       c.prep.asm):02018                             lbeq      L11DE
124A 8C002F           (       c.prep.asm):02019                             cmpx      #$002F
124D 1027FF99         (       c.prep.asm):02020                             lbeq      L11EA
1251 20DE             (       c.prep.asm):02021                             bra       L1231
1253 3263             (       c.prep.asm):02022         L1253               leas      $03,s
1255 35C0             (       c.prep.asm):02023                             puls      pc,u
                      (       c.prep.asm):02024         
1257 3440             (       c.prep.asm):02025         L1257               pshs      u
1259 CCFFB6           (       c.prep.asm):02026                             ldd       #$FFB6
125C 17EEB0           (       c.prep.asm):02027                             lbsr      L010F
125F 327C             (       c.prep.asm):02028                             leas      -$04,s
1261 CC0100           (       c.prep.asm):02029                             ldd       #$0100
1264 ED62             (       c.prep.asm):02030                             std       $02,s
1266 30A902CE         (       c.prep.asm):02031                             leax      >$02CE,y
126A 9F08             (       c.prep.asm):02032                             stx       <u0008
126C 3384             (       c.prep.asm):02033                             leau      ,x
126E DC0A             (       c.prep.asm):02034                             ldd       <u000A
1270 3406             (       c.prep.asm):02035                             pshs      b,a
1272 170D77           (       c.prep.asm):02036                             lbsr      L1FEC
1275 3262             (       c.prep.asm):02037                             leas      $02,s
1277 EDE4             (       c.prep.asm):02038                             std       ,s
1279 1083FFFF         (       c.prep.asm):02039                             cmpd      #$FFFF
127D 262C             (       c.prep.asm):02040                             bne       L12AB
127F 9E0A             (       c.prep.asm):02041                             ldx       <u000A
1281 EC06             (       c.prep.asm):02042                             ldd       $06,x
1283 4F               (       c.prep.asm):02043                             clra
1284 C420             (       c.prep.asm):02044                             andb      #$20
1286 270B             (       c.prep.asm):02045                             beq       L1293
1288 308D014E         (       c.prep.asm):02046                             leax      >L13DA,pcr
128C 3410             (       c.prep.asm):02047                             pshs      x
128E 17017A           (       c.prep.asm):02048                             lbsr      L140B
1291 3262             (       c.prep.asm):02049                             leas      $02,s
1293 4F               (       c.prep.asm):02050         L1293               clra
1294 5F               (       c.prep.asm):02051                             clrb
1295 E7C4             (       c.prep.asm):02052                             stb       ,u
1297 1D               (       c.prep.asm):02053                             sex
1298 204A             (       c.prep.asm):02054                             bra       L12E4
129A 200F             (       c.prep.asm):02055                             bra       L12AB
129C ECE4             (       c.prep.asm):02056         L129C               ldd       ,s
129E E7C0             (       c.prep.asm):02057                             stb       ,u+
12A0 DC0A             (       c.prep.asm):02058                             ldd       <u000A
12A2 3406             (       c.prep.asm):02059                             pshs      b,a
12A4 170D45           (       c.prep.asm):02060                             lbsr      L1FEC
12A7 3262             (       c.prep.asm):02061                             leas      $02,s
12A9 EDE4             (       c.prep.asm):02062                             std       ,s
12AB ECE4             (       c.prep.asm):02063         L12AB               ldd       ,s
12AD 1083000D         (       c.prep.asm):02064                             cmpd      #$000D
12B1 2714             (       c.prep.asm):02065                             beq       L12C7
12B3 ECE4             (       c.prep.asm):02066                             ldd       ,s
12B5 1083FFFF         (       c.prep.asm):02067                             cmpd      #$FFFF
12B9 270C             (       c.prep.asm):02068                             beq       L12C7
12BB EC62             (       c.prep.asm):02069                             ldd       $02,s
12BD C3FFFF           (       c.prep.asm):02070                             addd      #$FFFF
12C0 ED62             (       c.prep.asm):02071                             std       $02,s
12C2 83FFFF           (       c.prep.asm):02072                             subd      #$FFFF
12C5 2ED5             (       c.prep.asm):02073                             bgt       L129C
12C7 EC62             (       c.prep.asm):02074         L12C7               ldd       $02,s
12C9 2C0B             (       c.prep.asm):02075                             bge       L12D6
12CB 308D0122         (       c.prep.asm):02076                             leax      >L13F1,pcr
12CF 3410             (       c.prep.asm):02077                             pshs      x
12D1 170137           (       c.prep.asm):02078                             lbsr      L140B
12D4 3262             (       c.prep.asm):02079                             leas      $02,s
12D6 4F               (       c.prep.asm):02080         L12D6               clra
12D7 5F               (       c.prep.asm):02081                             clrb
12D8 E7C4             (       c.prep.asm):02082                             stb       ,u
12DA DC0C             (       c.prep.asm):02083                             ldd       <u000C
12DC C30001           (       c.prep.asm):02084                             addd      #$0001
12DF DD0C             (       c.prep.asm):02085                             std       <u000C
12E1 CC0001           (       c.prep.asm):02086                             ldd       #$0001
12E4 3264             (       c.prep.asm):02087         L12E4               leas      $04,s
12E6 35C0             (       c.prep.asm):02088                             puls      pc,u
                      (       c.prep.asm):02089         
12E8 646566696E65     (       c.prep.asm):02090         L12E8               fcc       "define"
12EE 00               (       c.prep.asm):02091                             fcb       $00
12EF 696E636C756465   (       c.prep.asm):02092         L12EF               fcc       "include"
12F6 00               (       c.prep.asm):02093                             fcb       $00
12F7 6966646566       (       c.prep.asm):02094         L12F7               fcc       "ifdef"
12FC 00               (       c.prep.asm):02095                             fcb       $00
12FD 69666E646566     (       c.prep.asm):02096         L12FD               fcc       "ifndef"
1303 00               (       c.prep.asm):02097                             fcb       $00
1304 656E646966       (       c.prep.asm):02098         L1304               fcc       "endif"
1309 00               (       c.prep.asm):02099                             fcb       $00
130A 656C7365         (       c.prep.asm):02100         L130A               fcc       "else"
130E 00               (       c.prep.asm):02101                             fcb       $00
130F 756E646566       (       c.prep.asm):02102         L130F               fcc       "undef"
1314 00               (       c.prep.asm):02103                             fcb       $00
1315 61736D           (       c.prep.asm):02104         L1315               fcc       "asm"
1318 00               (       c.prep.asm):02105                             fcb       $00
1319 656E6461736D     (       c.prep.asm):02106         L1319               fcc       "endasm"
131F 00               (       c.prep.asm):02107                             fcb       $00
1320 6C696E65         (       c.prep.asm):02108         L1320               fcc       "line"
1324 00               (       c.prep.asm):02109                             fcb       $00
1325 696C6C6567616C20 (       c.prep.asm):02110         L1325               fcc       "illegal '#'"
     272327
1330 00               (       c.prep.asm):02111                             fcb       $00
1331 696C6C6567616C20 (       c.prep.asm):02112         L1331               fcc       "illegal macro name"
     6D6163726F206E61
     6D65
1343 00               (       c.prep.asm):02113                             fcb       $00
1344 6D6163726F206465 (       c.prep.asm):02114         L1344               fcc       "macro definition error"
     66696E6974696F6E
     206572726F72
135A 00               (       c.prep.asm):02115                             fcb       $00
135B 2F6464           (       c.prep.asm):02116         L135B               fcc       "/dd"
135E 00               (       c.prep.asm):02117                             fcb       $00
135F 2F646566732F     (       c.prep.asm):02118         L135F               fcc       "/defs/"
1365 00               (       c.prep.asm):02119                             fcb       $00
1366 72               (       c.prep.asm):02120         L1366               fcc       "r"
1367 00               (       c.prep.asm):02121                             fcb       $00
1368 63616E2774206F70 (       c.prep.asm):02122         L1368               fcc       "can't open"
     656E
1372 00               (       c.prep.asm):02123                             fcb       $00
1373 62616420696E636C (       c.prep.asm):02124         L1373               fcc       "bad include file"
     7564652066696C65
1383 00               (       c.prep.asm):02125                             fcb       $00
1384 2723696627206E65 (       c.prep.asm):02126         L1384               fcc       "'#if' nesting too deep"
     7374696E6720746F
     6F2064656570
139A 00               (       c.prep.asm):02127                             fcb       $00
139B 696C6C6567616C20 (       c.prep.asm):02128         L139B               fcc       "illegal '#if' macro name"
     2723696627206D61
     63726F206E616D65
13B3 00               (       c.prep.asm):02129                             fcb       $00
13B4 6E6F202723696627 (       c.prep.asm):02130         L13B4               fcc       "no '#if' for '#else'"
     20666F7220272365
     6C736527
13C8 00               (       c.prep.asm):02131                             fcb       $00
13C9 746F6F206D616E79 (       c.prep.asm):02132         L13C9               fcc       "too many #endifs"
     2023656E64696673
13D9 00               (       c.prep.asm):02133                             fcb       $00
13DA 736F757263652066 (       c.prep.asm):02134         L13DA               fcc       "source file read error"
     696C652072656164
     206572726F72
13F0 00               (       c.prep.asm):02135                             fcb       $00
13F1 736F757263652066 (       c.prep.asm):02136         L13F1               fcc       "source file line too long"
     696C65206C696E65
     20746F6F206C6F6E
     67
140A 00               (       c.prep.asm):02137                             fcb       $00
                      (       c.prep.asm):02138         
140B 3440             (       c.prep.asm):02139         L140B               pshs      u
140D CC0031           (       c.prep.asm):02140                             ldd       #$0031
1410 3406             (       c.prep.asm):02141                             pshs      b,a
1412 DC0C             (       c.prep.asm):02142                             ldd       <u000C
1414 3406             (       c.prep.asm):02143                             pshs      b,a
1416 EC68             (       c.prep.asm):02144                             ldd       $08,s
1418 3406             (       c.prep.asm):02145                             pshs      b,a
141A 30A902CE         (       c.prep.asm):02146                             leax      >$02CE,y
141E 3410             (       c.prep.asm):02147                             pshs      x
1420 DC04             (       c.prep.asm):02148                             ldd       <u0004
1422 A3E1             (       c.prep.asm):02149                             subd      ,s++
1424 3406             (       c.prep.asm):02150                             pshs      b,a
1426 8D46             (       c.prep.asm):02151                             bsr       L146E
1428 3268             (       c.prep.asm):02152                             leas      $08,s
142A CC0001           (       c.prep.asm):02153                             ldd       #$0001
142D 3406             (       c.prep.asm):02154                             pshs      b,a
142F 1711F5           (       c.prep.asm):02155                             lbsr      L2627
1432 35D0             (       c.prep.asm):02156                             puls      pc,u,x
                      (       c.prep.asm):02157         
1434 3440             (       c.prep.asm):02158         L1434               pshs      u
1436 CC0030           (       c.prep.asm):02159                             ldd       #$0030
1439 3406             (       c.prep.asm):02160                             pshs      b,a
143B DC0C             (       c.prep.asm):02161         L143B               ldd       <u000C
143D 3406             (       c.prep.asm):02162                             pshs      b,a
143F EC68             (       c.prep.asm):02163                             ldd       $08,s
1441 3406             (       c.prep.asm):02164                             pshs      b,a
1443 30A902CE         (       c.prep.asm):02165                             leax      >$02CE,y
1447 3410             (       c.prep.asm):02166                             pshs      x
1449 DC04             (       c.prep.asm):02167                             ldd       <u0004
144B 2017             (       c.prep.asm):02168                             bra       L1464
                      (       c.prep.asm):02169         
144D 3440             (       c.prep.asm):02170         L144D               pshs      u
144F CC0030           (       c.prep.asm):02171                             ldd       #$0030
1452 3406             (       c.prep.asm):02172                             pshs      b,a
1454 DC0C             (       c.prep.asm):02173                             ldd       <u000C
1456 3406             (       c.prep.asm):02174                             pshs      b,a
1458 EC68             (       c.prep.asm):02175                             ldd       $08,s
145A 3406             (       c.prep.asm):02176                             pshs      b,a
145C 30A902CE         (       c.prep.asm):02177                             leax      >$02CE,y
1460 3410             (       c.prep.asm):02178                             pshs      x
1462 DC08             (       c.prep.asm):02179                             ldd       <u0008
1464 A3E1             (       c.prep.asm):02180         L1464               subd      ,s++
1466 3406             (       c.prep.asm):02181                             pshs      b,a
1468 8D04             (       c.prep.asm):02182                             bsr       L146E
146A 3268             (       c.prep.asm):02183         L146A               leas      $08,s
146C 35C0             (       c.prep.asm):02184                             puls      pc,u
                      (       c.prep.asm):02185         
146E 3440             (       c.prep.asm):02186         L146E               pshs      u
1470 EC68             (       c.prep.asm):02187                             ldd       $08,s
1472 10930C           (       c.prep.asm):02188                             cmpd      <u000C
1475 2606             (       c.prep.asm):02189                             bne       L147D
1477 33A902CE         (       c.prep.asm):02190                             leau      >$02CE,y
147B 2014             (       c.prep.asm):02191                             bra       L1491
147D DC0C             (       c.prep.asm):02192         L147D               ldd       <u000C
147F C3FFFF           (       c.prep.asm):02193                             addd      #$FFFF
1482 10A368           (       c.prep.asm):02194                             cmpd      $08,s
1485 2606             (       c.prep.asm):02195                             bne       L148D
1487 33A903CE         (       c.prep.asm):02196                             leau      >$03CE,y
148B 2004             (       c.prep.asm):02197                             bra       L1491
148D 338D01E2         (       c.prep.asm):02198         L148D               leau      >L1673,pcr
                      (       c.prep.asm):02199         
1491 3440             (       c.prep.asm):02200         L1491               pshs      u
1493 EC6C             (       c.prep.asm):02201                             ldd       $0C,s
1495 3406             (       c.prep.asm):02202                             pshs      b,a
1497 8D3F             (       c.prep.asm):02203                             bsr       L14D8
1499 3264             (       c.prep.asm):02204                             leas      $04,s
149B EC68             (       c.prep.asm):02205                             ldd       $08,s
149D 3406             (       c.prep.asm):02206                             pshs      b,a
149F 308D01D1         (       c.prep.asm):02207                             leax      >L1674,pcr
14A3 3410             (       c.prep.asm):02208                             pshs      x
14A5 170427           (       c.prep.asm):02209                             lbsr      L18CF
14A8 3264             (       c.prep.asm):02210                             leas      $04,s
14AA EC66             (       c.prep.asm):02211                             ldd       $06,s
14AC 3406             (       c.prep.asm):02212                             pshs      b,a
14AE EC66             (       c.prep.asm):02213                             ldd       $06,s
14B0 3406             (       c.prep.asm):02214                             pshs      b,a
14B2 308D01C2         (       c.prep.asm):02215                             leax      >L1678,pcr
14B6 3410             (       c.prep.asm):02216                             pshs      x
14B8 170414           (       c.prep.asm):02217                             lbsr      L18CF
14BB 3266             (       c.prep.asm):02218                             leas      $06,s
14BD 35C0             (       c.prep.asm):02219                             puls      pc,u
                      (       c.prep.asm):02220         
14BF 3440             (       c.prep.asm):02221         L14BF               pshs      u
14C1 EE64             (       c.prep.asm):02222                             ldu       $04,s
14C3 AE66             (       c.prep.asm):02223         L14C3               ldx       $06,s
14C5 3001             (       c.prep.asm):02224                             leax      $01,x
14C7 AF66             (       c.prep.asm):02225                             stx       $06,s
14C9 E61F             (       c.prep.asm):02226                             ldb       -$01,x
14CB E7C0             (       c.prep.asm):02227                             stb       ,u+
14CD 26F4             (       c.prep.asm):02228                             bne       L14C3
14CF 3440             (       c.prep.asm):02229                             pshs      u
14D1 CCFFFF           (       c.prep.asm):02230                             ldd       #$FFFF
14D4 E3E1             (       c.prep.asm):02231                             addd      ,s++
14D6 35C0             (       c.prep.asm):02232                             puls      pc,u
                      (       c.prep.asm):02233         
14D8 3440             (       c.prep.asm):02234         L14D8               pshs      u
14DA AE64             (       c.prep.asm):02235                             ldx       $04,s
14DC 204B             (       c.prep.asm):02236                             bra       L1529
14DE EC68             (       c.prep.asm):02237         L14DE               ldd       $08,s
14E0 3406             (       c.prep.asm):02238                             pshs      b,a
14E2 EC68             (       c.prep.asm):02239                             ldd       $08,s
14E4 3406             (       c.prep.asm):02240                             pshs      b,a
14E6 EC68             (       c.prep.asm):02241                             ldd       $08,s
14E8 3406             (       c.prep.asm):02242                             pshs      b,a
14EA CC0023           (       c.prep.asm):02243                             ldd       #$0023
14ED 3406             (       c.prep.asm):02244                             pshs      b,a
14EF 308D018C         (       c.prep.asm):02245                             leax      >L167F,pcr
14F3 3410             (       c.prep.asm):02246                             pshs      x
14F5 1703D7           (       c.prep.asm):02247                             lbsr      L18CF
14F8 326A             (       c.prep.asm):02248                             leas      $0A,s
14FA 2040             (       c.prep.asm):02249                             bra       L153C
14FC EC66             (       c.prep.asm):02250         L14FC               ldd       $06,s
14FE 3406             (       c.prep.asm):02251                             pshs      b,a
1500 EC66             (       c.prep.asm):02252                             ldd       $06,s
1502 3406             (       c.prep.asm):02253                             pshs      b,a
1504 CC0023           (       c.prep.asm):02254                             ldd       #$0023
1507 3406             (       c.prep.asm):02255                             pshs      b,a
1509 308D017E         (       c.prep.asm):02256                             leax      >L168B,pcr
150D 2011             (       c.prep.asm):02257                             bra       L1520
150F EC66             (       c.prep.asm):02258         L150F               ldd       $06,s
1511 3406             (       c.prep.asm):02259                             pshs      b,a
1513 EC66             (       c.prep.asm):02260                             ldd       $06,s
1515 3406             (       c.prep.asm):02261                             pshs      b,a
1517 CC0023           (       c.prep.asm):02262                             ldd       #$0023
151A 3406             (       c.prep.asm):02263                             pshs      b,a
151C 308D0174         (       c.prep.asm):02264                             leax      >L1694,pcr
1520 3410             (       c.prep.asm):02265         L1520               pshs      x
1522 1703AA           (       c.prep.asm):02266                             lbsr      L18CF
1525 3268             (       c.prep.asm):02267                             leas      $08,s
1527 2013             (       c.prep.asm):02268                             bra       L153C
1529 8C0037           (       c.prep.asm):02269         L1529               cmpx      #$0037
152C 27B0             (       c.prep.asm):02270                             beq       L14DE
152E 8C0050           (       c.prep.asm):02271                             cmpx      #$0050
1531 1027FFA9         (       c.prep.asm):02272                             lbeq      L14DE
1535 8C0035           (       c.prep.asm):02273                             cmpx      #$0035
1538 27C2             (       c.prep.asm):02274                             beq       L14FC
153A 20D3             (       c.prep.asm):02275                             bra       L150F
153C 35C0             (       c.prep.asm):02276         L153C               puls      pc,u
                      (       c.prep.asm):02277         
153E 3440             (       c.prep.asm):02278         L153E               pshs      u
1540 EE64             (       c.prep.asm):02279                             ldu       $04,s
1542 327C             (       c.prep.asm):02280                             leas      -$04,s
1544 4F               (       c.prep.asm):02281                             clra
1545 5F               (       c.prep.asm):02282                             clrb
1546 2004             (       c.prep.asm):02283                             bra       L154C
1548 EC62             (       c.prep.asm):02284         L1548               ldd       $02,s
154A E3E4             (       c.prep.asm):02285                             addd      ,s
154C ED62             (       c.prep.asm):02286         L154C               std       $02,s
154E E6C0             (       c.prep.asm):02287                             ldb       ,u+
1550 1D               (       c.prep.asm):02288                             sex
1551 EDE4             (       c.prep.asm):02289                             std       ,s
1553 26F3             (       c.prep.asm):02290                             bne       L1548
1555 EC62             (       c.prep.asm):02291                             ldd       $02,s
1557 4F               (       c.prep.asm):02292                             clra
1558 C47F             (       c.prep.asm):02293                             andb      #$7F
155A 3264             (       c.prep.asm):02294                             leas      $04,s
155C 35C0             (       c.prep.asm):02295                             puls      pc,u
                      (       c.prep.asm):02296         
155E 3440             (       c.prep.asm):02297         L155E               pshs      u
1560 DC01             (       c.prep.asm):02298                             ldd       <u0001
1562 10931A           (       c.prep.asm):02299                             cmpd      <u001A
1565 250B             (       c.prep.asm):02300                             bcs       L1572
1567 CC0100           (       c.prep.asm):02301                             ldd       #$0100
156A 3406             (       c.prep.asm):02302                             pshs      b,a
156C 8D06             (       c.prep.asm):02303                             bsr       L1574
156E 3262             (       c.prep.asm):02304                             leas      $02,s
1570 DD01             (       c.prep.asm):02305                             std       <u0001
1572 35C0             (       c.prep.asm):02306         L1572               puls      pc,u
                      (       c.prep.asm):02307         
1574 3440             (       c.prep.asm):02308         L1574               pshs      u
1576 EE64             (       c.prep.asm):02309                             ldu       $04,s
1578 327E             (       c.prep.asm):02310                             leas      -$02,s
157A DC01             (       c.prep.asm):02311                             ldd       <u0001
157C EDE4             (       c.prep.asm):02312                             std       ,s
157E DC01             (       c.prep.asm):02313                             ldd       <u0001
1580 109318           (       c.prep.asm):02314                             cmpd      <u0018
1583 232F             (       c.prep.asm):02315                             bls       L15B4
1585 308D0114         (       c.prep.asm):02316                             leax      >L169D,pcr
1589 3410             (       c.prep.asm):02317                             pshs      x
158B 17FE7D           (       c.prep.asm):02318                             lbsr      L140B
158E 3262             (       c.prep.asm):02319                             leas      $02,s
1590 2022             (       c.prep.asm):02320                             bra       L15B4
1592 CC0100           (       c.prep.asm):02321         L1592               ldd       #$0100
1595 3406             (       c.prep.asm):02322                             pshs      b,a
1597 170FD9           (       c.prep.asm):02323                             lbsr      L2573
159A 3262             (       c.prep.asm):02324                             leas      $02,s
159C 1083FFFF         (       c.prep.asm):02325                             cmpd      #$FFFF
15A0 260B             (       c.prep.asm):02326                             bne       L15AD
15A2 308D0104         (       c.prep.asm):02327                             leax      >L16AA,pcr
15A6 3410             (       c.prep.asm):02328                             pshs      x
15A8 17FE60           (       c.prep.asm):02329                             lbsr      L140B
15AB 3262             (       c.prep.asm):02330                             leas      $02,s
15AD DC18             (       c.prep.asm):02331         L15AD               ldd       <u0018
15AF C30100           (       c.prep.asm):02332                             addd      #$0100
15B2 DD18             (       c.prep.asm):02333                             std       <u0018
15B4 DC18             (       c.prep.asm):02334         L15B4               ldd       <u0018
15B6 9301             (       c.prep.asm):02335                             subd      <u0001
15B8 3406             (       c.prep.asm):02336                             pshs      b,a
15BA 3440             (       c.prep.asm):02337                             pshs      u
15BC CC0020           (       c.prep.asm):02338                             ldd       #$0020
15BF E3E1             (       c.prep.asm):02339                             addd      ,s++
15C1 10A3E1           (       c.prep.asm):02340                             cmpd      ,s++
15C4 22CC             (       c.prep.asm):02341                             bhi       L1592
15C6 DC18             (       c.prep.asm):02342                             ldd       <u0018
15C8 C3FFE0           (       c.prep.asm):02343                             addd      #$FFE0
15CB DD1A             (       c.prep.asm):02344                             std       <u001A
15CD DC01             (       c.prep.asm):02345                             ldd       <u0001
15CF 3406             (       c.prep.asm):02346                             pshs      b,a
15D1 1F30             (       c.prep.asm):02347                             tfr       u,d
15D3 E3E1             (       c.prep.asm):02348                             addd      ,s++
15D5 DD01             (       c.prep.asm):02349                             std       <u0001
15D7 ECE4             (       c.prep.asm):02350                             ldd       ,s
15D9 35D0             (       c.prep.asm):02351                             puls      pc,u,x
                      (       c.prep.asm):02352         
15DB 3440             (       c.prep.asm):02353         L15DB               pshs      u
15DD EC64             (       c.prep.asm):02354                             ldd       $04,s
15DF 3406             (       c.prep.asm):02355                             pshs      b,a
15E1 170F8F           (       c.prep.asm):02356                             lbsr      L2573
15E4 3262             (       c.prep.asm):02357                             leas      $02,s
15E6 DD01             (       c.prep.asm):02358                             std       <u0001
15E8 DC01             (       c.prep.asm):02359                             ldd       <u0001
15EA E364             (       c.prep.asm):02360                             addd      $04,s
15EC DD18             (       c.prep.asm):02361                             std       <u0018
15EE DC18             (       c.prep.asm):02362                             ldd       <u0018
15F0 C3FFE0           (       c.prep.asm):02363                             addd      #$FFE0
15F3 DD1A             (       c.prep.asm):02364                             std       <u001A
15F5 35C0             (       c.prep.asm):02365                             puls      pc,u
                      (       c.prep.asm):02366         
15F7 3440             (       c.prep.asm):02367         L15F7               pshs      u
15F9 EE64             (       c.prep.asm):02368                             ldu       $04,s
15FB 327E             (       c.prep.asm):02369                             leas      -$02,s
15FD DC01             (       c.prep.asm):02370                             ldd       <u0001
15FF EDE4             (       c.prep.asm):02371                             std       ,s
1601 E6C0             (       c.prep.asm):02372         L1601               ldb       ,u+
1603 9E01             (       c.prep.asm):02373                             ldx       <u0001
1605 3001             (       c.prep.asm):02374                             leax      $01,x
1607 9F01             (       c.prep.asm):02375                             stx       <u0001
1609 E71F             (       c.prep.asm):02376                             stb       -$01,x
160B 26F4             (       c.prep.asm):02377                             bne       L1601
160D 17FF4E           (       c.prep.asm):02378                             lbsr      L155E
1610 ECE4             (       c.prep.asm):02379                             ldd       ,s
1612 35D0             (       c.prep.asm):02380                             puls      pc,u,x
                      (       c.prep.asm):02381         
1614 3440             (       c.prep.asm):02382         L1614               pshs      u
1616 E665             (       c.prep.asm):02383                             ldb       $05,s
1618 9E01             (       c.prep.asm):02384                             ldx       <u0001
161A 3001             (       c.prep.asm):02385                             leax      $01,x
161C 9F01             (       c.prep.asm):02386                             stx       <u0001
161E E71F             (       c.prep.asm):02387                             stb       -$01,x
1620 17FF3B           (       c.prep.asm):02388                             lbsr      L155E
1623 DC01             (       c.prep.asm):02389                             ldd       <u0001
1625 C3FFFF           (       c.prep.asm):02390                             addd      #$FFFF
1628 35C0             (       c.prep.asm):02391                             puls      pc,u
162A 3446             (       c.prep.asm):02392                             pshs      u,b,a
162C 4F               (       c.prep.asm):02393                             clra
162D 5F               (       c.prep.asm):02394                             clrb
162E 3406             (       c.prep.asm):02395                             pshs      b,a
1630 CC0004           (       c.prep.asm):02396                             ldd       #$0004
1633 3406             (       c.prep.asm):02397                             pshs      b,a
1635 308D007F         (       c.prep.asm):02398                             leax      >L16B8,pcr
1639 3410             (       c.prep.asm):02399                             pshs      x
163B 170F00           (       c.prep.asm):02400                             lbsr      L253E
163E 3266             (       c.prep.asm):02401                             leas      $06,s
1640 1F03             (       c.prep.asm):02402                             tfr       d,u
1642 1183FFFF         (       c.prep.asm):02403                             cmpu      #$FFFF
1646 2605             (       c.prep.asm):02404                             bne       L164D
1648 170076           (       c.prep.asm):02405                             lbsr      L16C1
164B 2022             (       c.prep.asm):02406                             bra       L166F
                      (       c.prep.asm):02407         
164D 3440             (       c.prep.asm):02408         L164D               pshs      u
164F EC49             (       c.prep.asm):02409                             ldd       u0009,u
1651 E3E1             (       c.prep.asm):02410                             addd      ,s++
1653 EDE4             (       c.prep.asm):02411                             std       ,s
1655 3406             (       c.prep.asm):02412                             pshs      b,a
1657 30A9054C         (       c.prep.asm):02413                             leax      >$054C,y
165B 3410             (       c.prep.asm):02414                             pshs      x
165D 170BCB           (       c.prep.asm):02415                             lbsr      L222B
1660 3264             (       c.prep.asm):02416                             leas      $04,s
1662 3440             (       c.prep.asm):02417                             pshs      u
1664 170F00           (       c.prep.asm):02418                             lbsr      L2567
1667 3262             (       c.prep.asm):02419                             leas      $02,s
1669 30A9054C         (       c.prep.asm):02420                             leax      >$054C,y
166D 1F10             (       c.prep.asm):02421                             tfr       x,d
166F 35D0             (       c.prep.asm):02422         L166F               puls      pc,u,x
1671 35D0             (       c.prep.asm):02423                             puls      pc,u,x
1673 00               (       c.prep.asm):02424         L1673               fcb       $00
1674 2564             (       c.prep.asm):02425         L1674               fcc       "%d"
1676 0D               (       c.prep.asm):02426                             fcb       $0D
1677 00               (       c.prep.asm):02427                             fcb       $00
1678 2564             (       c.prep.asm):02428         L1678               fcc       "%d"
167A 0D               (       c.prep.asm):02429                             fcb       $0D
167B 2573             (       c.prep.asm):02430                             fcc       "%s"
167D 0D               (       c.prep.asm):02431                             fcb       $0D
167E 00               (       c.prep.asm):02432                             fcb       $00
167F 25632563         (       c.prep.asm):02433         L167F               fcc       "%c%c"
1683 0D               (       c.prep.asm):02434                             fcb       $0D
1684 2573             (       c.prep.asm):02435                             fcc       "%s"
1686 0D               (       c.prep.asm):02436                             fcb       $0D
1687 2573             (       c.prep.asm):02437                             fcc       "%s"
1689 0D               (       c.prep.asm):02438                             fcb       $0D
168A 00               (       c.prep.asm):02439                             fcb       $00
168B 25632563         (       c.prep.asm):02440         L168B               fcc       "%c%c"
168F 0D               (       c.prep.asm):02441                             fcb       $0D
1690 2564             (       c.prep.asm):02442                             fcc       "%d"
1692 0D               (       c.prep.asm):02443                             fcb       $0D
1693 00               (       c.prep.asm):02444                             fcb       $00
1694 25632563         (       c.prep.asm):02445         L1694               fcc       "%c%c"
1698 0D               (       c.prep.asm):02446                             fcb       $0D
1699 2573             (       c.prep.asm):02447                             fcc       "%s"
169B 0D               (       c.prep.asm):02448                             fcb       $0D
169C 00               (       c.prep.asm):02449                             fcb       $00
                      (       c.prep.asm):02450         
169D 67726162206F7665 (       c.prep.asm):02451         L169D               fcc       "grab overlap"
     726C6170
16A9 00               (       c.prep.asm):02452                             fcb       $00
                      (       c.prep.asm):02453         
16AA 6F7574206F66206D (       c.prep.asm):02454         L16AA               fcc       "out of memory"
     656D6F7279
16B7 00               (       c.prep.asm):02455                             fcb       $00
16B8 6363646576696365 (       c.prep.asm):02456         L16B8               fcc       "ccdevice"
16C0 00               (       c.prep.asm):02457                             fcb       $00
                      (       c.prep.asm):02458         
16C1 3440             (       c.prep.asm):02459         L16C1               pshs      u
16C3 3279             (       c.prep.asm):02460                             leas      -$07,s
16C5 4F               (       c.prep.asm):02461                             clra
16C6 5F               (       c.prep.asm):02462                             clrb
16C7 3406             (       c.prep.asm):02463                             pshs      b,a
16C9 CC000C           (       c.prep.asm):02464                             ldd       #$000C
16CC 3406             (       c.prep.asm):02465                             pshs      b,a
16CE 308D0050         (       c.prep.asm):02466                             leax      >L1722,pcr
16D2 3410             (       c.prep.asm):02467                             pshs      x
16D4 170E67           (       c.prep.asm):02468                             lbsr      L253E
16D7 3266             (       c.prep.asm):02469                             leas      $06,s
16D9 EDE4             (       c.prep.asm):02470                             std       ,s
16DB 1083FFFF         (       c.prep.asm):02471                             cmpd      #$FFFF
16DF 273B             (       c.prep.asm):02472                             beq       L171C
16E1 ECE4             (       c.prep.asm):02473                             ldd       ,s
16E3 AEE4             (       c.prep.asm):02474                             ldx       ,s
16E5 E38810           (       c.prep.asm):02475                             addd      <$10,x
16E8 ED65             (       c.prep.asm):02476                             std       $05,s
16EA 33A90560         (       c.prep.asm):02477                             leau      >$0560,y
16EE 2004             (       c.prep.asm):02478                             bra       L16F4
16F0 E664             (       c.prep.asm):02479         L16F0               ldb       $04,s
16F2 E7C0             (       c.prep.asm):02480         L16F2               stb       ,u+
16F4 AE65             (       c.prep.asm):02481         L16F4               ldx       $05,s
16F6 3001             (       c.prep.asm):02482                             leax      $01,x
16F8 AF65             (       c.prep.asm):02483                             stx       $05,s
16FA E61F             (       c.prep.asm):02484                             ldb       -$01,x
16FC E764             (       c.prep.asm):02485                             stb       $04,s
16FE 2EF0             (       c.prep.asm):02486                             bgt       L16F0
1700 E664             (       c.prep.asm):02487                             ldb       $04,s
1702 4F               (       c.prep.asm):02488                             clra
1703 C47F             (       c.prep.asm):02489                             andb      #$7F
1705 E7C0             (       c.prep.asm):02490                             stb       ,u+
1707 4F               (       c.prep.asm):02491                             clra
1708 5F               (       c.prep.asm):02492                             clrb
1709 E7C4             (       c.prep.asm):02493                             stb       ,u
170B ECE4             (       c.prep.asm):02494                             ldd       ,s
170D 3406             (       c.prep.asm):02495                             pshs      b,a
170F 170E55           (       c.prep.asm):02496                             lbsr      L2567
1712 3262             (       c.prep.asm):02497                             leas      $02,s
1714 30A90560         (       c.prep.asm):02498                             leax      >$0560,y
1718 1F10             (       c.prep.asm):02499                             tfr       x,d
171A 2002             (       c.prep.asm):02500                             bra       L171E
171C 4F               (       c.prep.asm):02501         L171C               clra
171D 5F               (       c.prep.asm):02502                             clrb
171E 3267             (       c.prep.asm):02503         L171E               leas      $07,s
1720 35C0             (       c.prep.asm):02504                             puls      pc,u
                      (       c.prep.asm):02505         
1722 496E6974         (       c.prep.asm):02506         L1722               fcc       "Init"
1726 00               (       c.prep.asm):02507                             fcb       $00
                      (       c.prep.asm):02508         
1727 3440             (       c.prep.asm):02509         L1727               pshs      u
1729 33A9002D         (       c.prep.asm):02510                             leau      >$002D,y
172D EC46             (       c.prep.asm):02511         L172D               ldd       u0006,u
172F 4F               (       c.prep.asm):02512                             clra
1730 C403             (       c.prep.asm):02513                             andb      #$03
1732 10270068         (       c.prep.asm):02514                             lbeq      L179E
1736 334D             (       c.prep.asm):02515                             leau      u000D,u
1738 3440             (       c.prep.asm):02516                             pshs      u
173A 30A900FD         (       c.prep.asm):02517                             leax      >$00FD,y
173E ACE1             (       c.prep.asm):02518                             cmpx      ,s++
1740 22EB             (       c.prep.asm):02519                             bhi       L172D
1742 CC00C8           (       c.prep.asm):02520                             ldd       #$00C8
1745 EDA901CC         (       c.prep.asm):02521                             std       >$01CC,y
1749 160056           (       c.prep.asm):02522                             lbra      L17A2
174C 35C0             (       c.prep.asm):02523                             puls      pc,u
                      (       c.prep.asm):02524         
174E 3440             (       c.prep.asm):02525         L174E               pshs      u
1750 EE68             (       c.prep.asm):02526                             ldu       $08,s
1752 2604             (       c.prep.asm):02527                             bne       L1758
1754 8DD1             (       c.prep.asm):02528                             bsr       L1727
1756 1F03             (       c.prep.asm):02529                             tfr       d,u
1758 EF7E             (       c.prep.asm):02530         L1758               stu       -$02,s
175A 2746             (       c.prep.asm):02531                             beq       L17A2
175C EC64             (       c.prep.asm):02532                             ldd       $04,s
175E ED48             (       c.prep.asm):02533                             std       u0008,u
1760 AE66             (       c.prep.asm):02534                             ldx       $06,s
1762 E601             (       c.prep.asm):02535                             ldb       $01,x
1764 C12B             (       c.prep.asm):02536                             cmpb      #$2B
1766 2708             (       c.prep.asm):02537                             beq       L1770
1768 AE66             (       c.prep.asm):02538                             ldx       $06,s
176A E602             (       c.prep.asm):02539                             ldb       $02,x
176C C12B             (       c.prep.asm):02540                             cmpb      #$2B
176E 2606             (       c.prep.asm):02541                             bne       L1776
1770 EC46             (       c.prep.asm):02542         L1770               ldd       u0006,u
1772 CA03             (       c.prep.asm):02543                             orb       #$03
1774 201E             (       c.prep.asm):02544                             bra       L1794
1776 EC46             (       c.prep.asm):02545         L1776               ldd       u0006,u
1778 3406             (       c.prep.asm):02546                             pshs      b,a
177A E6F808           (       c.prep.asm):02547                             ldb       [<$08,s]
177D C172             (       c.prep.asm):02548                             cmpb      #$72
177F 2707             (       c.prep.asm):02549                             beq       L1788
1781 E6F808           (       c.prep.asm):02550                             ldb       [<$08,s]
1784 C164             (       c.prep.asm):02551                             cmpb      #$64
1786 2605             (       c.prep.asm):02552                             bne       L178D
1788 CC0001           (       c.prep.asm):02553         L1788               ldd       #$0001
178B 2003             (       c.prep.asm):02554                             bra       L1790
178D CC0002           (       c.prep.asm):02555         L178D               ldd       #$0002
1790 AAE0             (       c.prep.asm):02556         L1790               ora       ,s+
1792 EAE0             (       c.prep.asm):02557                             orb       ,s+
1794 ED46             (       c.prep.asm):02558         L1794               std       u0006,u
1796 EC42             (       c.prep.asm):02559                             ldd       u0002,u
1798 E34B             (       c.prep.asm):02560                             addd      u000B,u
179A ED44             (       c.prep.asm):02561                             std       u0004,u
179C EDC4             (       c.prep.asm):02562                             std       ,u
179E 1F30             (       c.prep.asm):02563         L179E               tfr       u,d
17A0 35C0             (       c.prep.asm):02564                             puls      pc,u
17A2 4F               (       c.prep.asm):02565         L17A2               clra
17A3 5F               (       c.prep.asm):02566                             clrb
17A4 35C0             (       c.prep.asm):02567                             puls      pc,u
                      (       c.prep.asm):02568         
17A6 3440             (       c.prep.asm):02569         L17A6               pshs      u
17A8 EE64             (       c.prep.asm):02570                             ldu       $04,s
17AA 327C             (       c.prep.asm):02571                             leas      -$04,s
17AC 4F               (       c.prep.asm):02572                             clra
17AD 5F               (       c.prep.asm):02573                             clrb
17AE EDE4             (       c.prep.asm):02574                             std       ,s
17B0 AE6A             (       c.prep.asm):02575                             ldx       $0A,s
17B2 E601             (       c.prep.asm):02576                             ldb       $01,x
17B4 1D               (       c.prep.asm):02577                             sex
17B5 1F01             (       c.prep.asm):02578                             tfr       d,x
17B7 201E             (       c.prep.asm):02579                             bra       L17D7
17B9 AE6A             (       c.prep.asm):02580         L17B9               ldx       $0A,s
17BB E602             (       c.prep.asm):02581                             ldb       $02,x
17BD C12B             (       c.prep.asm):02582                             cmpb      #$2B
17BF 2605             (       c.prep.asm):02583                             bne       L17C6
17C1 CC0007           (       c.prep.asm):02584                             ldd       #$0007
17C4 2008             (       c.prep.asm):02585                             bra       L17CE
17C6 CC0004           (       c.prep.asm):02586         L17C6               ldd       #$0004
17C9 2003             (       c.prep.asm):02587                             bra       L17CE
17CB CC0003           (       c.prep.asm):02588         L17CB               ldd       #$0003
17CE EDE4             (       c.prep.asm):02589         L17CE               std       ,s
17D0 2015             (       c.prep.asm):02590                             bra       L17E7
17D2 3064             (       c.prep.asm):02591         L17D2               leax      $04,s
17D4 160068           (       c.prep.asm):02592                             lbra      L183F
17D7 AF7E             (       c.prep.asm):02593         L17D7               stx       -$02,s
17D9 270C             (       c.prep.asm):02594                             beq       L17E7
17DB 8C0078           (       c.prep.asm):02595                             cmpx      #$0078
17DE 27D9             (       c.prep.asm):02596                             beq       L17B9
17E0 8C002B           (       c.prep.asm):02597                             cmpx      #$002B
17E3 27E6             (       c.prep.asm):02598                             beq       L17CB
17E5 20EB             (       c.prep.asm):02599                             bra       L17D2
17E7 E6F80A           (       c.prep.asm):02600         L17E7               ldb       [<$0A,s]
17EA 1D               (       c.prep.asm):02601                             sex
17EB 1F01             (       c.prep.asm):02602                             tfr       d,x
17ED 16005C           (       c.prep.asm):02603                             lbra      L184C
17F0 ECE4             (       c.prep.asm):02604         L17F0               ldd       ,s
17F2 CA01             (       c.prep.asm):02605                             orb       #$01
17F4 203C             (       c.prep.asm):02606                             bra       L1832
17F6 ECE4             (       c.prep.asm):02607         L17F6               ldd       ,s
17F8 CA02             (       c.prep.asm):02608                             orb       #$02
17FA 3406             (       c.prep.asm):02609                             pshs      b,a
17FC 3440             (       c.prep.asm):02610                             pshs      u
17FE 170C04           (       c.prep.asm):02611                             lbsr      L2405
1801 3264             (       c.prep.asm):02612                             leas      $04,s
1803 ED62             (       c.prep.asm):02613                             std       $02,s
1805 1083FFFF         (       c.prep.asm):02614                             cmpd      #$FFFF
1809 2716             (       c.prep.asm):02615                             beq       L1821
180B CC0002           (       c.prep.asm):02616                             ldd       #$0002
180E 3406             (       c.prep.asm):02617                             pshs      b,a
1810 4F               (       c.prep.asm):02618                             clra
1811 5F               (       c.prep.asm):02619                             clrb
1812 3406             (       c.prep.asm):02620                             pshs      b,a
1814 3406             (       c.prep.asm):02621                             pshs      b,a
1816 EC68             (       c.prep.asm):02622                             ldd       $08,s
1818 3406             (       c.prep.asm):02623                             pshs      b,a
181A 170CBA           (       c.prep.asm):02624                             lbsr      L24D7
181D 3268             (       c.prep.asm):02625                             leas      $08,s
181F 2045             (       c.prep.asm):02626                             bra       L1866
1821 ECE4             (       c.prep.asm):02627         L1821               ldd       ,s
1823 CA02             (       c.prep.asm):02628                             orb       #$02
1825 3406             (       c.prep.asm):02629                             pshs      b,a
1827 3440             (       c.prep.asm):02630                             pshs      u
1829 170BFA           (       c.prep.asm):02631                             lbsr      L2426
182C 200B             (       c.prep.asm):02632                             bra       L1839
182E ECE4             (       c.prep.asm):02633         L182E               ldd       ,s
1830 CA81             (       c.prep.asm):02634                             orb       #$81
1832 3406             (       c.prep.asm):02635         L1832               pshs      b,a
1834 3440             (       c.prep.asm):02636                             pshs      u
1836 170BCC           (       c.prep.asm):02637                             lbsr      L2405
1839 3264             (       c.prep.asm):02638         L1839               leas      $04,s
183B ED62             (       c.prep.asm):02639                             std       $02,s
183D 2027             (       c.prep.asm):02640                             bra       L1866
183F 321C             (       c.prep.asm):02641         L183F               leas      -$04,x
1841 CC00CB           (       c.prep.asm):02642         L1841               ldd       #$00CB
1844 EDA901CC         (       c.prep.asm):02643                             std       >$01CC,y
1848 4F               (       c.prep.asm):02644                             clra
1849 5F               (       c.prep.asm):02645                             clrb
184A 201C             (       c.prep.asm):02646                             bra       L1868
184C 8C0072           (       c.prep.asm):02647         L184C               cmpx      #$0072
184F 1027FF9D         (       c.prep.asm):02648                             lbeq      L17F0
1853 8C0061           (       c.prep.asm):02649                             cmpx      #$0061
1856 1027FF9C         (       c.prep.asm):02650                             lbeq      L17F6
185A 8C0077           (       c.prep.asm):02651                             cmpx      #$0077
185D 27C2             (       c.prep.asm):02652                             beq       L1821
185F 8C0064           (       c.prep.asm):02653                             cmpx      #$0064
1862 27CA             (       c.prep.asm):02654                             beq       L182E
1864 20DB             (       c.prep.asm):02655                             bra       L1841
1866 EC62             (       c.prep.asm):02656         L1866               ldd       $02,s
1868 3264             (       c.prep.asm):02657         L1868               leas      $04,s
186A 35C0             (       c.prep.asm):02658                             puls      pc,u
186C 3440             (       c.prep.asm):02659                             pshs      u
186E 4F               (       c.prep.asm):02660                             clra
186F 5F               (       c.prep.asm):02661                             clrb
1870 3406             (       c.prep.asm):02662                             pshs      b,a
1872 EC68             (       c.prep.asm):02663                             ldd       $08,s
1874 3406             (       c.prep.asm):02664                             pshs      b,a
1876 EC68             (       c.prep.asm):02665                             ldd       $08,s
1878 3406             (       c.prep.asm):02666                             pshs      b,a
187A 16004B           (       c.prep.asm):02667                             lbra      L18C8
                      (       c.prep.asm):02668         
187D 3440             (       c.prep.asm):02669         L187D               pshs      u
187F EC66             (       c.prep.asm):02670                             ldd       $06,s
1881 3406             (       c.prep.asm):02671                             pshs      b,a
1883 EC66             (       c.prep.asm):02672                             ldd       $06,s
1885 3406             (       c.prep.asm):02673                             pshs      b,a
1887 17FF1C           (       c.prep.asm):02674                             lbsr      L17A6
188A 3264             (       c.prep.asm):02675                             leas      $04,s
188C 1F03             (       c.prep.asm):02676                             tfr       d,u
188E 1183FFFF         (       c.prep.asm):02677                             cmpu      #$FFFF
1892 2604             (       c.prep.asm):02678                             bne       L1898
1894 4F               (       c.prep.asm):02679                             clra
1895 5F               (       c.prep.asm):02680                             clrb
1896 2035             (       c.prep.asm):02681                             bra       L18CD
1898 4F               (       c.prep.asm):02682         L1898               clra
1899 5F               (       c.prep.asm):02683                             clrb
189A 2024             (       c.prep.asm):02684                             bra       L18C0
189C 3440             (       c.prep.asm):02685                             pshs      u
189E EC68             (       c.prep.asm):02686                             ldd       $08,s
18A0 3406             (       c.prep.asm):02687                             pshs      b,a
18A2 170620           (       c.prep.asm):02688                             lbsr      L1EC5
18A5 3262             (       c.prep.asm):02689                             leas      $02,s
18A7 EC66             (       c.prep.asm):02690                             ldd       $06,s
18A9 3406             (       c.prep.asm):02691                             pshs      b,a
18AB EC66             (       c.prep.asm):02692                             ldd       $06,s
18AD 3406             (       c.prep.asm):02693                             pshs      b,a
18AF 17FEF4           (       c.prep.asm):02694                             lbsr      L17A6
18B2 3264             (       c.prep.asm):02695                             leas      $04,s
18B4 1F03             (       c.prep.asm):02696                             tfr       d,u
18B6 EF7E             (       c.prep.asm):02697                             stu       -$02,s
18B8 2C04             (       c.prep.asm):02698                             bge       L18BE
18BA 4F               (       c.prep.asm):02699                             clra
18BB 5F               (       c.prep.asm):02700                             clrb
18BC 200F             (       c.prep.asm):02701                             bra       L18CD
18BE EC68             (       c.prep.asm):02702         L18BE               ldd       $08,s
18C0 3406             (       c.prep.asm):02703         L18C0               pshs      b,a
18C2 EC68             (       c.prep.asm):02704                             ldd       $08,s
18C4 3406             (       c.prep.asm):02705                             pshs      b,a
18C6 3440             (       c.prep.asm):02706                             pshs      u
18C8 17FE83           (       c.prep.asm):02707         L18C8               lbsr      L174E
18CB 3266             (       c.prep.asm):02708                             leas      $06,s
18CD 35C0             (       c.prep.asm):02709         L18CD               puls      pc,u
                      (       c.prep.asm):02710         
18CF 3440             (       c.prep.asm):02711         L18CF               pshs      u
18D1 30A9003A         (       c.prep.asm):02712                             leax      >$003A,y
18D5 AFA9056C         (       c.prep.asm):02713                             stx       >$056C,y
18D9 3066             (       c.prep.asm):02714                             leax      $06,s
18DB 3410             (       c.prep.asm):02715                             pshs      x
18DD EC66             (       c.prep.asm):02716                             ldd       $06,s
18DF 200E             (       c.prep.asm):02717                             bra       L18EF
18E1 3440             (       c.prep.asm):02718                             pshs      u
18E3 EC64             (       c.prep.asm):02719                             ldd       $04,s
18E5 EDA9056C         (       c.prep.asm):02720                             std       >$056C,y
18E9 3068             (       c.prep.asm):02721                             leax      $08,s
18EB 3410             (       c.prep.asm):02722                             pshs      x
18ED EC68             (       c.prep.asm):02723                             ldd       $08,s
18EF 3406             (       c.prep.asm):02724         L18EF               pshs      b,a
18F1 308D04B4         (       c.prep.asm):02725                             leax      >L1DA9,pcr
18F5 3410             (       c.prep.asm):02726                             pshs      x
18F7 8D28             (       c.prep.asm):02727                             bsr       L1921
18F9 3266             (       c.prep.asm):02728                             leas      $06,s
18FB 35C0             (       c.prep.asm):02729                             puls      pc,u
18FD 3440             (       c.prep.asm):02730                             pshs      u
18FF EC64             (       c.prep.asm):02731                             ldd       $04,s
1901 EDA9056C         (       c.prep.asm):02732                             std       >$056C,y
1905 3068             (       c.prep.asm):02733                             leax      $08,s
1907 3410             (       c.prep.asm):02734                             pshs      x
1909 EC68             (       c.prep.asm):02735                             ldd       $08,s
190B 3406             (       c.prep.asm):02736                             pshs      b,a
190D 308D04AB         (       c.prep.asm):02737                             leax      >L1DBC,pcr
1911 3410             (       c.prep.asm):02738                             pshs      x
1913 8D0C             (       c.prep.asm):02739                             bsr       L1921
1915 3266             (       c.prep.asm):02740                             leas      $06,s
1917 4F               (       c.prep.asm):02741                             clra
1918 5F               (       c.prep.asm):02742                             clrb
1919 E7B9056C         (       c.prep.asm):02743                             stb       [>$056C,y]
191D EC64             (       c.prep.asm):02744                             ldd       $04,s
191F 35C0             (       c.prep.asm):02745                             puls      pc,u
                      (       c.prep.asm):02746         
1921 3440             (       c.prep.asm):02747         L1921               pshs      u
1923 EE66             (       c.prep.asm):02748                             ldu       $06,s
1925 3275             (       c.prep.asm):02749                             leas      -$0B,s
1927 2010             (       c.prep.asm):02750                             bra       L1939
1929 E668             (       c.prep.asm):02751         L1929               ldb       $08,s
192B 1027023B         (       c.prep.asm):02752                             lbeq      L1B6A
192F E668             (       c.prep.asm):02753                             ldb       $08,s
1931 1D               (       c.prep.asm):02754                             sex
1932 3406             (       c.prep.asm):02755                             pshs      b,a
1934 ADF811           (       c.prep.asm):02756                             jsr       [<$11,s]
1937 3262             (       c.prep.asm):02757                             leas      $02,s
1939 E6C0             (       c.prep.asm):02758         L1939               ldb       ,u+
193B E768             (       c.prep.asm):02759                             stb       $08,s
193D C125             (       c.prep.asm):02760                             cmpb      #$25
193F 26E8             (       c.prep.asm):02761                             bne       L1929
1941 E6C0             (       c.prep.asm):02762                             ldb       ,u+
1943 E768             (       c.prep.asm):02763                             stb       $08,s
1945 4F               (       c.prep.asm):02764                             clra
1946 5F               (       c.prep.asm):02765                             clrb
1947 ED62             (       c.prep.asm):02766                             std       $02,s
1949 ED66             (       c.prep.asm):02767                             std       $06,s
194B E668             (       c.prep.asm):02768                             ldb       $08,s
194D C12D             (       c.prep.asm):02769                             cmpb      #$2D
194F 260D             (       c.prep.asm):02770                             bne       L195E
1951 CC0001           (       c.prep.asm):02771                             ldd       #$0001
1954 EDA90582         (       c.prep.asm):02772                             std       >$0582,y
1958 E6C0             (       c.prep.asm):02773                             ldb       ,u+
195A E768             (       c.prep.asm):02774                             stb       $08,s
195C 2006             (       c.prep.asm):02775                             bra       L1964
195E 4F               (       c.prep.asm):02776         L195E               clra
195F 5F               (       c.prep.asm):02777                             clrb
1960 EDA90582         (       c.prep.asm):02778                             std       >$0582,y
1964 E668             (       c.prep.asm):02779         L1964               ldb       $08,s
1966 C130             (       c.prep.asm):02780                             cmpb      #$30
1968 2605             (       c.prep.asm):02781                             bne       L196F
196A CC0030           (       c.prep.asm):02782                             ldd       #$0030
196D 2003             (       c.prep.asm):02783                             bra       L1972
196F CC0020           (       c.prep.asm):02784         L196F               ldd       #$0020
1972 EDA90584         (       c.prep.asm):02785         L1972               std       >$0584,y
1976 201A             (       c.prep.asm):02786                             bra       L1992
1978 EC66             (       c.prep.asm):02787         L1978               ldd       $06,s
197A 3406             (       c.prep.asm):02788                             pshs      b,a
197C CC000A           (       c.prep.asm):02789                             ldd       #$000A
197F 170992           (       c.prep.asm):02790                             lbsr      L2314
1982 3406             (       c.prep.asm):02791                             pshs      b,a
1984 E66A             (       c.prep.asm):02792                             ldb       $0A,s
1986 1D               (       c.prep.asm):02793                             sex
1987 C3FFD0           (       c.prep.asm):02794                             addd      #$FFD0
198A E3E1             (       c.prep.asm):02795                             addd      ,s++
198C ED66             (       c.prep.asm):02796                             std       $06,s
198E E6C0             (       c.prep.asm):02797                             ldb       ,u+
1990 E768             (       c.prep.asm):02798                             stb       $08,s
1992 E668             (       c.prep.asm):02799         L1992               ldb       $08,s
1994 1D               (       c.prep.asm):02800                             sex
1995 30A900FE         (       c.prep.asm):02801                             leax      >$00FE,y
1999 308B             (       c.prep.asm):02802                             leax      d,x
199B E684             (       c.prep.asm):02803                             ldb       ,x
199D 4F               (       c.prep.asm):02804                             clra
199E C408             (       c.prep.asm):02805                             andb      #$08
19A0 26D6             (       c.prep.asm):02806                             bne       L1978
19A2 E668             (       c.prep.asm):02807                             ldb       $08,s
19A4 C12E             (       c.prep.asm):02808                             cmpb      #$2E
19A6 2633             (       c.prep.asm):02809                             bne       L19DB
19A8 CC0001           (       c.prep.asm):02810                             ldd       #$0001
19AB ED64             (       c.prep.asm):02811                             std       $04,s
19AD 2016             (       c.prep.asm):02812                             bra       L19C5
19AF EC62             (       c.prep.asm):02813         L19AF               ldd       $02,s
19B1 3406             (       c.prep.asm):02814                             pshs      b,a
19B3 CC000A           (       c.prep.asm):02815                             ldd       #$000A
19B6 17095B           (       c.prep.asm):02816                             lbsr      L2314
19B9 3406             (       c.prep.asm):02817                             pshs      b,a
19BB E66A             (       c.prep.asm):02818                             ldb       $0A,s
19BD 1D               (       c.prep.asm):02819                             sex
19BE C3FFD0           (       c.prep.asm):02820                             addd      #$FFD0
19C1 E3E1             (       c.prep.asm):02821                             addd      ,s++
19C3 ED62             (       c.prep.asm):02822                             std       $02,s
19C5 E6C0             (       c.prep.asm):02823         L19C5               ldb       ,u+
19C7 E768             (       c.prep.asm):02824                             stb       $08,s
19C9 E668             (       c.prep.asm):02825                             ldb       $08,s
19CB 1D               (       c.prep.asm):02826                             sex
19CC 30A900FE         (       c.prep.asm):02827                             leax      >$00FE,y
19D0 308B             (       c.prep.asm):02828                             leax      d,x
19D2 E684             (       c.prep.asm):02829                             ldb       ,x
19D4 4F               (       c.prep.asm):02830                             clra
19D5 C408             (       c.prep.asm):02831                             andb      #$08
19D7 26D6             (       c.prep.asm):02832                             bne       L19AF
19D9 2004             (       c.prep.asm):02833                             bra       L19DF
19DB 4F               (       c.prep.asm):02834         L19DB               clra
19DC 5F               (       c.prep.asm):02835                             clrb
19DD ED64             (       c.prep.asm):02836                             std       $04,s
19DF E668             (       c.prep.asm):02837         L19DF               ldb       $08,s
19E1 1D               (       c.prep.asm):02838                             sex
19E2 1F01             (       c.prep.asm):02839                             tfr       d,x
19E4 160126           (       c.prep.asm):02840                             lbra      L1B0D
19E7 EC66             (       c.prep.asm):02841         L19E7               ldd       $06,s
19E9 3406             (       c.prep.asm):02842                             pshs      b,a
19EB AEE815           (       c.prep.asm):02843                             ldx       <$15,s
19EE 3002             (       c.prep.asm):02844                             leax      $02,x
19F0 AFE815           (       c.prep.asm):02845                             stx       <$15,s
19F3 EC1E             (       c.prep.asm):02846                             ldd       -$02,x
19F5 3406             (       c.prep.asm):02847                             pshs      b,a
19F7 170174           (       c.prep.asm):02848                             lbsr      L1B6E
19FA 2013             (       c.prep.asm):02849                             bra       L1A0F
19FC EC66             (       c.prep.asm):02850         L19FC               ldd       $06,s
19FE 3406             (       c.prep.asm):02851                             pshs      b,a
1A00 AEE815           (       c.prep.asm):02852                             ldx       <$15,s
1A03 3002             (       c.prep.asm):02853                             leax      $02,x
1A05 AFE815           (       c.prep.asm):02854                             stx       <$15,s
1A08 EC1E             (       c.prep.asm):02855                             ldd       -$02,x
1A0A 3406             (       c.prep.asm):02856                             pshs      b,a
1A0C 170220           (       c.prep.asm):02857                             lbsr      L1C2F
1A0F EDE4             (       c.prep.asm):02858         L1A0F               std       ,s
1A11 1600DF           (       c.prep.asm):02859                             lbra      L1AF3
1A14 EC66             (       c.prep.asm):02860         L1A14               ldd       $06,s
1A16 3406             (       c.prep.asm):02861                             pshs      b,a
1A18 E66A             (       c.prep.asm):02862                             ldb       $0A,s
1A1A 1D               (       c.prep.asm):02863                             sex
1A1B 30A900FE         (       c.prep.asm):02864                             leax      >$00FE,y
1A1F 308B             (       c.prep.asm):02865                             leax      d,x
1A21 E684             (       c.prep.asm):02866                             ldb       ,x
1A23 4F               (       c.prep.asm):02867                             clra
1A24 C402             (       c.prep.asm):02868                             andb      #$02
1A26 3406             (       c.prep.asm):02869                             pshs      b,a
1A28 AEE817           (       c.prep.asm):02870                             ldx       <$17,s
1A2B 3002             (       c.prep.asm):02871                             leax      $02,x
1A2D AFE817           (       c.prep.asm):02872                             stx       <$17,s
1A30 EC1E             (       c.prep.asm):02873                             ldd       -$02,x
1A32 3406             (       c.prep.asm):02874                             pshs      b,a
1A34 17023E           (       c.prep.asm):02875                             lbsr      L1C75
1A37 1600B5           (       c.prep.asm):02876                             lbra      L1AEF
1A3A EC66             (       c.prep.asm):02877         L1A3A               ldd       $06,s
1A3C 3406             (       c.prep.asm):02878                             pshs      b,a
1A3E AEE815           (       c.prep.asm):02879                             ldx       <$15,s
1A41 3002             (       c.prep.asm):02880                             leax      $02,x
1A43 AFE815           (       c.prep.asm):02881                             stx       <$15,s
1A46 EC1E             (       c.prep.asm):02882                             ldd       -$02,x
1A48 3406             (       c.prep.asm):02883                             pshs      b,a
1A4A 30A9056E         (       c.prep.asm):02884                             leax      >$056E,y
1A4E 3410             (       c.prep.asm):02885                             pshs      x
1A50 170163           (       c.prep.asm):02886                             lbsr      L1BB6
1A53 160099           (       c.prep.asm):02887                             lbra      L1AEF
1A56 EC64             (       c.prep.asm):02888         L1A56               ldd       $04,s
1A58 2605             (       c.prep.asm):02889                             bne       L1A5F
1A5A CC0006           (       c.prep.asm):02890                             ldd       #$0006
1A5D ED62             (       c.prep.asm):02891                             std       $02,s
1A5F EC66             (       c.prep.asm):02892         L1A5F               ldd       $06,s
1A61 3406             (       c.prep.asm):02893                             pshs      b,a
1A63 30E815           (       c.prep.asm):02894                             leax      <$15,s
1A66 3410             (       c.prep.asm):02895                             pshs      x
1A68 EC66             (       c.prep.asm):02896                             ldd       $06,s
1A6A 3406             (       c.prep.asm):02897                             pshs      b,a
1A6C E66E             (       c.prep.asm):02898                             ldb       $0E,s
1A6E 1D               (       c.prep.asm):02899                             sex
1A6F 3406             (       c.prep.asm):02900                             pshs      b,a
1A71 17079B           (       c.prep.asm):02901                             lbsr      L220F
1A74 3266             (       c.prep.asm):02902                             leas      $06,s
1A76 160078           (       c.prep.asm):02903                             lbra      L1AF1
1A79 AEE813           (       c.prep.asm):02904         L1A79               ldx       <$13,s
1A7C 3002             (       c.prep.asm):02905                             leax      $02,x
1A7E AFE813           (       c.prep.asm):02906                             stx       <$13,s
1A81 EC1E             (       c.prep.asm):02907                             ldd       -$02,x
1A83 16007D           (       c.prep.asm):02908                             lbra      L1B03
1A86 AEE813           (       c.prep.asm):02909         L1A86               ldx       <$13,s
1A89 3002             (       c.prep.asm):02910                             leax      $02,x
1A8B AFE813           (       c.prep.asm):02911                             stx       <$13,s
1A8E EC1E             (       c.prep.asm):02912                             ldd       -$02,x
1A90 ED69             (       c.prep.asm):02913                             std       $09,s
1A92 EC64             (       c.prep.asm):02914                             ldd       $04,s
1A94 2738             (       c.prep.asm):02915                             beq       L1ACE
1A96 EC69             (       c.prep.asm):02916                             ldd       $09,s
1A98 ED64             (       c.prep.asm):02917                             std       $04,s
1A9A 200C             (       c.prep.asm):02918                             bra       L1AA8
1A9C E6F809           (       c.prep.asm):02919         L1A9C               ldb       [<$09,s]
1A9F 2713             (       c.prep.asm):02920                             beq       L1AB4
1AA1 EC69             (       c.prep.asm):02921                             ldd       $09,s
1AA3 C30001           (       c.prep.asm):02922                             addd      #$0001
1AA6 ED69             (       c.prep.asm):02923                             std       $09,s
1AA8 EC62             (       c.prep.asm):02924         L1AA8               ldd       $02,s
1AAA C3FFFF           (       c.prep.asm):02925                             addd      #$FFFF
1AAD ED62             (       c.prep.asm):02926                             std       $02,s
1AAF 83FFFF           (       c.prep.asm):02927                             subd      #$FFFF
1AB2 26E8             (       c.prep.asm):02928                             bne       L1A9C
1AB4 EC66             (       c.prep.asm):02929         L1AB4               ldd       $06,s
1AB6 3406             (       c.prep.asm):02930                             pshs      b,a
1AB8 EC6B             (       c.prep.asm):02931                             ldd       $0B,s
1ABA A366             (       c.prep.asm):02932                             subd      $06,s
1ABC 3406             (       c.prep.asm):02933                             pshs      b,a
1ABE EC68             (       c.prep.asm):02934                             ldd       $08,s
1AC0 3406             (       c.prep.asm):02935                             pshs      b,a
1AC2 ECE815           (       c.prep.asm):02936                             ldd       <$15,s
1AC5 3406             (       c.prep.asm):02937                             pshs      b,a
1AC7 170216           (       c.prep.asm):02938                             lbsr      L1CE0
1ACA 3268             (       c.prep.asm):02939                             leas      $08,s
1ACC 202F             (       c.prep.asm):02940                             bra       L1AFD
1ACE EC66             (       c.prep.asm):02941         L1ACE               ldd       $06,s
1AD0 3406             (       c.prep.asm):02942                             pshs      b,a
1AD2 EC6B             (       c.prep.asm):02943                             ldd       $0B,s
1AD4 201B             (       c.prep.asm):02944                             bra       L1AF1
1AD6 E6C0             (       c.prep.asm):02945         L1AD6               ldb       ,u+
1AD8 E768             (       c.prep.asm):02946                             stb       $08,s
1ADA 2002             (       c.prep.asm):02947                             bra       L1ADE
1ADC 3215             (       c.prep.asm):02948                             leas      -$0B,x
1ADE EC66             (       c.prep.asm):02949         L1ADE               ldd       $06,s
1AE0 3406             (       c.prep.asm):02950                             pshs      b,a
1AE2 30E815           (       c.prep.asm):02951                             leax      <$15,s
1AE5 3410             (       c.prep.asm):02952                             pshs      x
1AE7 E66C             (       c.prep.asm):02953                             ldb       $0C,s
1AE9 1D               (       c.prep.asm):02954                             sex
1AEA 3406             (       c.prep.asm):02955                             pshs      b,a
1AEC 1706E2           (       c.prep.asm):02956                             lbsr      L21D1
1AEF 3264             (       c.prep.asm):02957         L1AEF               leas      $04,s
1AF1 3406             (       c.prep.asm):02958         L1AF1               pshs      b,a
1AF3 ECE813           (       c.prep.asm):02959         L1AF3               ldd       <$13,s
1AF6 3406             (       c.prep.asm):02960                             pshs      b,a
1AF8 170247           (       c.prep.asm):02961                             lbsr      L1D42
1AFB 3266             (       c.prep.asm):02962                             leas      $06,s
1AFD 16FE39           (       c.prep.asm):02963         L1AFD               lbra      L1939
1B00 E668             (       c.prep.asm):02964         L1B00               ldb       $08,s
1B02 1D               (       c.prep.asm):02965                             sex
1B03 3406             (       c.prep.asm):02966         L1B03               pshs      b,a
1B05 ADF811           (       c.prep.asm):02967                             jsr       [<$11,s]
1B08 3262             (       c.prep.asm):02968                             leas      $02,s
1B0A 16FE2C           (       c.prep.asm):02969                             lbra      L1939
1B0D 8C0064           (       c.prep.asm):02970         L1B0D               cmpx      #$0064
1B10 1027FED3         (       c.prep.asm):02971                             lbeq      L19E7
1B14 8C006F           (       c.prep.asm):02972                             cmpx      #$006F
1B17 1027FEE1         (       c.prep.asm):02973                             lbeq      L19FC
1B1B 8C0078           (       c.prep.asm):02974                             cmpx      #$0078
1B1E 1027FEF2         (       c.prep.asm):02975                             lbeq      L1A14
1B22 8C0058           (       c.prep.asm):02976                             cmpx      #$0058
1B25 1027FEEB         (       c.prep.asm):02977                             lbeq      L1A14
1B29 8C0075           (       c.prep.asm):02978                             cmpx      #$0075
1B2C 1027FF0A         (       c.prep.asm):02979                             lbeq      L1A3A
1B30 8C0066           (       c.prep.asm):02980                             cmpx      #$0066
1B33 1027FF1F         (       c.prep.asm):02981                             lbeq      L1A56
1B37 8C0065           (       c.prep.asm):02982                             cmpx      #$0065
1B3A 1027FF18         (       c.prep.asm):02983                             lbeq      L1A56
1B3E 8C0067           (       c.prep.asm):02984                             cmpx      #$0067
1B41 1027FF11         (       c.prep.asm):02985                             lbeq      L1A56
1B45 8C0045           (       c.prep.asm):02986                             cmpx      #$0045
1B48 1027FF0A         (       c.prep.asm):02987                             lbeq      L1A56
1B4C 8C0047           (       c.prep.asm):02988                             cmpx      #$0047
1B4F 1027FF03         (       c.prep.asm):02989                             lbeq      L1A56
1B53 8C0063           (       c.prep.asm):02990                             cmpx      #$0063
1B56 1027FF1F         (       c.prep.asm):02991                             lbeq      L1A79
1B5A 8C0073           (       c.prep.asm):02992                             cmpx      #$0073
1B5D 1027FF25         (       c.prep.asm):02993                             lbeq      L1A86
1B61 8C006C           (       c.prep.asm):02994                             cmpx      #$006C
1B64 1027FF6E         (       c.prep.asm):02995                             lbeq      L1AD6
1B68 2096             (       c.prep.asm):02996                             bra       L1B00
1B6A 326B             (       c.prep.asm):02997         L1B6A               leas      $0B,s
1B6C 35C0             (       c.prep.asm):02998                             puls      pc,u
                      (       c.prep.asm):02999         
1B6E 3446             (       c.prep.asm):03000         L1B6E               pshs      u,b,a
1B70 30A9056E         (       c.prep.asm):03001                             leax      >$056E,y
1B74 AFE4             (       c.prep.asm):03002                             stx       ,s
1B76 EC66             (       c.prep.asm):03003                             ldd       $06,s
1B78 2C28             (       c.prep.asm):03004                             bge       L1BA2
1B7A EC66             (       c.prep.asm):03005                             ldd       $06,s
1B7C 40               (       c.prep.asm):03006                             nega
1B7D 50               (       c.prep.asm):03007                             negb
1B7E 8200             (       c.prep.asm):03008                             sbca      #$00
1B80 ED66             (       c.prep.asm):03009                             std       $06,s
1B82 2C13             (       c.prep.asm):03010                             bge       L1B97
1B84 308D0246         (       c.prep.asm):03011                             leax      >L1DCE,pcr
1B88 3410             (       c.prep.asm):03012                             pshs      x
1B8A 30A9056E         (       c.prep.asm):03013                             leax      >$056E,y
1B8E 3410             (       c.prep.asm):03014                             pshs      x
1B90 170698           (       c.prep.asm):03015                             lbsr      L222B
1B93 3264             (       c.prep.asm):03016                             leas      $04,s
1B95 35D0             (       c.prep.asm):03017                             puls      pc,u,x
1B97 CC002D           (       c.prep.asm):03018         L1B97               ldd       #$002D
1B9A AEE4             (       c.prep.asm):03019                             ldx       ,s
1B9C 3001             (       c.prep.asm):03020                             leax      $01,x
1B9E AFE4             (       c.prep.asm):03021                             stx       ,s
1BA0 E71F             (       c.prep.asm):03022                             stb       -$01,x
1BA2 EC66             (       c.prep.asm):03023         L1BA2               ldd       $06,s
1BA4 3406             (       c.prep.asm):03024                             pshs      b,a
1BA6 EC62             (       c.prep.asm):03025                             ldd       $02,s
1BA8 3406             (       c.prep.asm):03026                             pshs      b,a
1BAA 8D0A             (       c.prep.asm):03027                             bsr       L1BB6
1BAC 3264             (       c.prep.asm):03028                             leas      $04,s
1BAE 30A9056E         (       c.prep.asm):03029                             leax      >$056E,y
1BB2 1F10             (       c.prep.asm):03030                             tfr       x,d
1BB4 35D0             (       c.prep.asm):03031                             puls      pc,u,x
                      (       c.prep.asm):03032         
1BB6 3476             (       c.prep.asm):03033         L1BB6               pshs      u,y,x,b,a
1BB8 EE6A             (       c.prep.asm):03034                             ldu       $0A,s
1BBA 4F               (       c.prep.asm):03035                             clra
1BBB 5F               (       c.prep.asm):03036                             clrb
1BBC ED62             (       c.prep.asm):03037                             std       $02,s
1BBE 4F               (       c.prep.asm):03038                             clra
1BBF 5F               (       c.prep.asm):03039                             clrb
1BC0 EDE4             (       c.prep.asm):03040                             std       ,s
1BC2 200F             (       c.prep.asm):03041                             bra       L1BD3
1BC4 ECE4             (       c.prep.asm):03042         L1BC4               ldd       ,s
1BC6 C30001           (       c.prep.asm):03043                             addd      #$0001
1BC9 EDE4             (       c.prep.asm):03044                             std       ,s
1BCB EC6C             (       c.prep.asm):03045                             ldd       $0C,s
1BCD A3A90020         (       c.prep.asm):03046                             subd      >$0020,y
1BD1 ED6C             (       c.prep.asm):03047                             std       $0C,s
1BD3 EC6C             (       c.prep.asm):03048         L1BD3               ldd       $0C,s
1BD5 2DED             (       c.prep.asm):03049                             blt       L1BC4
1BD7 30A90020         (       c.prep.asm):03050                             leax      >$0020,y
1BDB AF64             (       c.prep.asm):03051                             stx       $04,s
1BDD 2036             (       c.prep.asm):03052                             bra       L1C15
1BDF ECE4             (       c.prep.asm):03053         L1BDF               ldd       ,s
1BE1 C30001           (       c.prep.asm):03054                             addd      #$0001
1BE4 EDE4             (       c.prep.asm):03055                             std       ,s
1BE6 EC6C             (       c.prep.asm):03056         L1BE6               ldd       $0C,s
1BE8 A3F804           (       c.prep.asm):03057                             subd      [<$04,s]
1BEB ED6C             (       c.prep.asm):03058                             std       $0C,s
1BED 2CF0             (       c.prep.asm):03059                             bge       L1BDF
1BEF EC6C             (       c.prep.asm):03060                             ldd       $0C,s
1BF1 E3F804           (       c.prep.asm):03061                             addd      [<$04,s]
1BF4 ED6C             (       c.prep.asm):03062                             std       $0C,s
1BF6 ECE4             (       c.prep.asm):03063                             ldd       ,s
1BF8 2705             (       c.prep.asm):03064                             beq       L1BFF
1BFA CC0001           (       c.prep.asm):03065                             ldd       #$0001
1BFD ED62             (       c.prep.asm):03066                             std       $02,s
1BFF EC62             (       c.prep.asm):03067         L1BFF               ldd       $02,s
1C01 2707             (       c.prep.asm):03068                             beq       L1C0A
1C03 ECE4             (       c.prep.asm):03069                             ldd       ,s
1C05 C30030           (       c.prep.asm):03070                             addd      #$0030
1C08 E7C0             (       c.prep.asm):03071                             stb       ,u+
1C0A 4F               (       c.prep.asm):03072         L1C0A               clra
1C0B 5F               (       c.prep.asm):03073                             clrb
1C0C EDE4             (       c.prep.asm):03074                             std       ,s
1C0E EC64             (       c.prep.asm):03075                             ldd       $04,s
1C10 C30002           (       c.prep.asm):03076                             addd      #$0002
1C13 ED64             (       c.prep.asm):03077                             std       $04,s
1C15 EC64             (       c.prep.asm):03078         L1C15               ldd       $04,s
1C17 10A3A90028       (       c.prep.asm):03079                             cmpd      >$0028,y
1C1C 26C8             (       c.prep.asm):03080                             bne       L1BE6
1C1E EC6C             (       c.prep.asm):03081                             ldd       $0C,s
1C20 C30030           (       c.prep.asm):03082                             addd      #$0030
1C23 E7C0             (       c.prep.asm):03083                             stb       ,u+
1C25 4F               (       c.prep.asm):03084                             clra
1C26 5F               (       c.prep.asm):03085                             clrb
1C27 E7C4             (       c.prep.asm):03086                             stb       ,u
1C29 EC6A             (       c.prep.asm):03087                             ldd       $0A,s
1C2B 3266             (       c.prep.asm):03088                             leas      $06,s
1C2D 35C0             (       c.prep.asm):03089                             puls      pc,u
                      (       c.prep.asm):03090         
1C2F 3446             (       c.prep.asm):03091         L1C2F               pshs      u,b,a
1C31 30A9056E         (       c.prep.asm):03092                             leax      >$056E,y
1C35 AFE4             (       c.prep.asm):03093                             stx       ,s
1C37 33A90578         (       c.prep.asm):03094                             leau      >$0578,y
1C3B EC66             (       c.prep.asm):03095         L1C3B               ldd       $06,s
1C3D 4F               (       c.prep.asm):03096                             clra
1C3E C407             (       c.prep.asm):03097                             andb      #$07
1C40 C30030           (       c.prep.asm):03098                             addd      #$0030
1C43 E7C0             (       c.prep.asm):03099                             stb       ,u+
1C45 EC66             (       c.prep.asm):03100                             ldd       $06,s
1C47 44               (       c.prep.asm):03101                             lsra
1C48 56               (       c.prep.asm):03102                             rorb
1C49 44               (       c.prep.asm):03103                             lsra
1C4A 56               (       c.prep.asm):03104                             rorb
1C4B 44               (       c.prep.asm):03105                             lsra
1C4C 56               (       c.prep.asm):03106                             rorb
1C4D ED66             (       c.prep.asm):03107                             std       $06,s
1C4F 26EA             (       c.prep.asm):03108                             bne       L1C3B
1C51 200A             (       c.prep.asm):03109                             bra       L1C5D
1C53 E6C4             (       c.prep.asm):03110         L1C53               ldb       ,u
1C55 AEE4             (       c.prep.asm):03111                             ldx       ,s
1C57 3001             (       c.prep.asm):03112                             leax      $01,x
1C59 AFE4             (       c.prep.asm):03113                             stx       ,s
1C5B E71F             (       c.prep.asm):03114                             stb       -$01,x
1C5D 335F             (       c.prep.asm):03115         L1C5D               leau      -u0001,u
1C5F 3440             (       c.prep.asm):03116                             pshs      u
1C61 30A90578         (       c.prep.asm):03117                             leax      >$0578,y
1C65 ACE1             (       c.prep.asm):03118                             cmpx      ,s++
1C67 23EA             (       c.prep.asm):03119                             bls       L1C53
1C69 4F               (       c.prep.asm):03120                             clra
1C6A 5F               (       c.prep.asm):03121                             clrb
1C6B E7F4             (       c.prep.asm):03122                             stb       [,s]
1C6D 30A9056E         (       c.prep.asm):03123                             leax      >$056E,y
1C71 1F10             (       c.prep.asm):03124                             tfr       x,d
1C73 35D0             (       c.prep.asm):03125                             puls      pc,u,x
1C75 3456             (       c.prep.asm):03126         L1C75               pshs      u,x,b,a
1C77 30A9056E         (       c.prep.asm):03127                             leax      >$056E,y
1C7B AF62             (       c.prep.asm):03128                             stx       $02,s
1C7D 33A90578         (       c.prep.asm):03129                             leau      >$0578,y
1C81 EC68             (       c.prep.asm):03130         L1C81               ldd       $08,s
1C83 4F               (       c.prep.asm):03131                             clra
1C84 C40F             (       c.prep.asm):03132                             andb      #$0F
1C86 EDE4             (       c.prep.asm):03133                             std       ,s
1C88 3406             (       c.prep.asm):03134                             pshs      b,a
1C8A EC62             (       c.prep.asm):03135                             ldd       $02,s
1C8C 10830009         (       c.prep.asm):03136                             cmpd      #$0009
1C90 2F11             (       c.prep.asm):03137                             ble       L1CA3
1C92 EC6C             (       c.prep.asm):03138                             ldd       $0C,s
1C94 2705             (       c.prep.asm):03139                             beq       L1C9B
1C96 CC0041           (       c.prep.asm):03140                             ldd       #$0041
1C99 2003             (       c.prep.asm):03141                             bra       L1C9E
1C9B CC0061           (       c.prep.asm):03142         L1C9B               ldd       #$0061
1C9E C3FFF6           (       c.prep.asm):03143         L1C9E               addd      #$FFF6
1CA1 2003             (       c.prep.asm):03144                             bra       L1CA6
1CA3 CC0030           (       c.prep.asm):03145         L1CA3               ldd       #$0030
1CA6 E3E1             (       c.prep.asm):03146         L1CA6               addd      ,s++
1CA8 E7C0             (       c.prep.asm):03147                             stb       ,u+
1CAA EC68             (       c.prep.asm):03148                             ldd       $08,s
1CAC 44               (       c.prep.asm):03149                             lsra
1CAD 56               (       c.prep.asm):03150                             rorb
1CAE 44               (       c.prep.asm):03151                             lsra
1CAF 56               (       c.prep.asm):03152                             rorb
1CB0 44               (       c.prep.asm):03153                             lsra
1CB1 56               (       c.prep.asm):03154                             rorb
1CB2 44               (       c.prep.asm):03155                             lsra
1CB3 56               (       c.prep.asm):03156                             rorb
1CB4 840F             (       c.prep.asm):03157                             anda      #$0F
1CB6 ED68             (       c.prep.asm):03158                             std       $08,s
1CB8 26C7             (       c.prep.asm):03159                             bne       L1C81
1CBA 200A             (       c.prep.asm):03160                             bra       L1CC6
1CBC E6C4             (       c.prep.asm):03161         L1CBC               ldb       ,u
1CBE AE62             (       c.prep.asm):03162                             ldx       $02,s
1CC0 3001             (       c.prep.asm):03163                             leax      $01,x
1CC2 AF62             (       c.prep.asm):03164                             stx       $02,s
1CC4 E71F             (       c.prep.asm):03165                             stb       -$01,x
1CC6 335F             (       c.prep.asm):03166         L1CC6               leau      -u0001,u
1CC8 3440             (       c.prep.asm):03167                             pshs      u
1CCA 30A90578         (       c.prep.asm):03168                             leax      >$0578,y
1CCE ACE1             (       c.prep.asm):03169                             cmpx      ,s++
1CD0 23EA             (       c.prep.asm):03170                             bls       L1CBC
1CD2 4F               (       c.prep.asm):03171                             clra
1CD3 5F               (       c.prep.asm):03172                             clrb
1CD4 E7F802           (       c.prep.asm):03173                             stb       [<$02,s]
1CD7 30A9056E         (       c.prep.asm):03174                             leax      >$056E,y
1CDB 1F10             (       c.prep.asm):03175                             tfr       x,d
1CDD 1600D8           (       c.prep.asm):03176                             lbra      L1DB8
                      (       c.prep.asm):03177         
1CE0 3440             (       c.prep.asm):03178         L1CE0               pshs      u
1CE2 EE66             (       c.prep.asm):03179                             ldu       $06,s
1CE4 EC6A             (       c.prep.asm):03180                             ldd       $0A,s
1CE6 A368             (       c.prep.asm):03181                             subd      $08,s
1CE8 ED6A             (       c.prep.asm):03182                             std       $0A,s
1CEA ECA90582         (       c.prep.asm):03183                             ldd       >$0582,y
1CEE 2625             (       c.prep.asm):03184                             bne       L1D15
1CF0 200B             (       c.prep.asm):03185                             bra       L1CFD
1CF2 ECA90584         (       c.prep.asm):03186         L1CF2               ldd       >$0584,y
1CF6 3406             (       c.prep.asm):03187                             pshs      b,a
1CF8 ADF806           (       c.prep.asm):03188                             jsr       [<$06,s]
1CFB 3262             (       c.prep.asm):03189                             leas      $02,s
1CFD EC6A             (       c.prep.asm):03190         L1CFD               ldd       $0A,s
1CFF C3FFFF           (       c.prep.asm):03191                             addd      #$FFFF
1D02 ED6A             (       c.prep.asm):03192                             std       $0A,s
1D04 83FFFF           (       c.prep.asm):03193                             subd      #$FFFF
1D07 2EE9             (       c.prep.asm):03194                             bgt       L1CF2
1D09 200A             (       c.prep.asm):03195                             bra       L1D15
1D0B E6C0             (       c.prep.asm):03196         L1D0B               ldb       ,u+
1D0D 1D               (       c.prep.asm):03197                             sex
1D0E 3406             (       c.prep.asm):03198                             pshs      b,a
1D10 ADF806           (       c.prep.asm):03199                             jsr       [<$06,s]
1D13 3262             (       c.prep.asm):03200                             leas      $02,s
1D15 EC68             (       c.prep.asm):03201         L1D15               ldd       $08,s
1D17 C3FFFF           (       c.prep.asm):03202                             addd      #$FFFF
1D1A ED68             (       c.prep.asm):03203                             std       $08,s
1D1C 83FFFF           (       c.prep.asm):03204                             subd      #$FFFF
1D1F 26EA             (       c.prep.asm):03205                             bne       L1D0B
1D21 ECA90582         (       c.prep.asm):03206                             ldd       >$0582,y
1D25 2719             (       c.prep.asm):03207                             beq       L1D40
1D27 200B             (       c.prep.asm):03208                             bra       L1D34
1D29 ECA90584         (       c.prep.asm):03209         L1D29               ldd       >$0584,y
1D2D 3406             (       c.prep.asm):03210                             pshs      b,a
1D2F ADF806           (       c.prep.asm):03211                             jsr       [<$06,s]
1D32 3262             (       c.prep.asm):03212                             leas      $02,s
1D34 EC6A             (       c.prep.asm):03213         L1D34               ldd       $0A,s
1D36 C3FFFF           (       c.prep.asm):03214                             addd      #$FFFF
1D39 ED6A             (       c.prep.asm):03215                             std       $0A,s
1D3B 83FFFF           (       c.prep.asm):03216                             subd      #$FFFF
1D3E 2EE9             (       c.prep.asm):03217                             bgt       L1D29
1D40 35C0             (       c.prep.asm):03218         L1D40               puls      pc,u
                      (       c.prep.asm):03219         
1D42 3440             (       c.prep.asm):03220         L1D42               pshs      u
1D44 EE66             (       c.prep.asm):03221                             ldu       $06,s
1D46 EC68             (       c.prep.asm):03222                             ldd       $08,s
1D48 3406             (       c.prep.asm):03223                             pshs      b,a
1D4A 3440             (       c.prep.asm):03224                             pshs      u
1D4C 1704CB           (       c.prep.asm):03225                             lbsr      L221A
1D4F 3262             (       c.prep.asm):03226                             leas      $02,s
1D51 40               (       c.prep.asm):03227                             nega
1D52 50               (       c.prep.asm):03228                             negb
1D53 8200             (       c.prep.asm):03229                             sbca      #$00
1D55 E3E1             (       c.prep.asm):03230                             addd      ,s++
1D57 ED68             (       c.prep.asm):03231                             std       $08,s
1D59 ECA90582         (       c.prep.asm):03232                             ldd       >$0582,y
1D5D 2625             (       c.prep.asm):03233                             bne       L1D84
1D5F 200B             (       c.prep.asm):03234                             bra       L1D6C
1D61 ECA90584         (       c.prep.asm):03235         L1D61               ldd       >$0584,y
1D65 3406             (       c.prep.asm):03236                             pshs      b,a
1D67 ADF806           (       c.prep.asm):03237                             jsr       [<$06,s]
1D6A 3262             (       c.prep.asm):03238                             leas      $02,s
1D6C EC68             (       c.prep.asm):03239         L1D6C               ldd       $08,s
1D6E C3FFFF           (       c.prep.asm):03240                             addd      #$FFFF
1D71 ED68             (       c.prep.asm):03241                             std       $08,s
1D73 83FFFF           (       c.prep.asm):03242                             subd      #$FFFF
1D76 2EE9             (       c.prep.asm):03243                             bgt       L1D61
1D78 200A             (       c.prep.asm):03244                             bra       L1D84
1D7A E6C0             (       c.prep.asm):03245         L1D7A               ldb       ,u+
1D7C 1D               (       c.prep.asm):03246                             sex
1D7D 3406             (       c.prep.asm):03247                             pshs      b,a
1D7F ADF806           (       c.prep.asm):03248                             jsr       [<$06,s]
1D82 3262             (       c.prep.asm):03249                             leas      $02,s
1D84 E6C4             (       c.prep.asm):03250         L1D84               ldb       ,u
1D86 26F2             (       c.prep.asm):03251                             bne       L1D7A
1D88 ECA90582         (       c.prep.asm):03252                             ldd       >$0582,y
1D8C 2719             (       c.prep.asm):03253                             beq       L1DA7
1D8E 200B             (       c.prep.asm):03254                             bra       L1D9B
1D90 ECA90584         (       c.prep.asm):03255         L1D90               ldd       >$0584,y
1D94 3406             (       c.prep.asm):03256                             pshs      b,a
1D96 ADF806           (       c.prep.asm):03257                             jsr       [<$06,s]
1D99 3262             (       c.prep.asm):03258                             leas      $02,s
1D9B EC68             (       c.prep.asm):03259         L1D9B               ldd       $08,s
1D9D C3FFFF           (       c.prep.asm):03260                             addd      #$FFFF
1DA0 ED68             (       c.prep.asm):03261                             std       $08,s
1DA2 83FFFF           (       c.prep.asm):03262                             subd      #$FFFF
1DA5 2EE9             (       c.prep.asm):03263                             bgt       L1D90
1DA7 35C0             (       c.prep.asm):03264         L1DA7               puls      pc,u
                      (       c.prep.asm):03265         
1DA9 3440             (       c.prep.asm):03266         L1DA9               pshs      u
1DAB ECA9056C         (       c.prep.asm):03267                             ldd       >$056C,y
1DAF 3406             (       c.prep.asm):03268                             pshs      b,a
1DB1 EC66             (       c.prep.asm):03269                             ldd       $06,s
1DB3 3406             (       c.prep.asm):03270                             pshs      b,a
1DB5 17001D           (       c.prep.asm):03271                             lbsr      L1DD5
1DB8 3264             (       c.prep.asm):03272         L1DB8               leas      $04,s
1DBA 35C0             (       c.prep.asm):03273                             puls      pc,u
                      (       c.prep.asm):03274         
1DBC 3440             (       c.prep.asm):03275         L1DBC               pshs      u
1DBE EC64             (       c.prep.asm):03276                             ldd       $04,s
1DC0 AEA9056C         (       c.prep.asm):03277                             ldx       >$056C,y
1DC4 3001             (       c.prep.asm):03278                             leax      $01,x
1DC6 AFA9056C         (       c.prep.asm):03279                             stx       >$056C,y
1DCA E71F             (       c.prep.asm):03280                             stb       -$01,x
1DCC 35C0             (       c.prep.asm):03281                             puls      pc,u
1DCE 2D3332373638     (       c.prep.asm):03282         L1DCE               fcc       "-32768"
1DD4 00               (       c.prep.asm):03283                             fcb       $00
                      (       c.prep.asm):03284         
1DD5 3440             (       c.prep.asm):03285         L1DD5               pshs      u
1DD7 EE66             (       c.prep.asm):03286                             ldu       $06,s
1DD9 EC46             (       c.prep.asm):03287                             ldd       u0006,u
1DDB 8480             (       c.prep.asm):03288                             anda      #$80
1DDD C422             (       c.prep.asm):03289                             andb      #$22
1DDF 10838002         (       c.prep.asm):03290                             cmpd      #$8002
1DE3 2714             (       c.prep.asm):03291                             beq       L1DF9
1DE5 EC46             (       c.prep.asm):03292                             ldd       u0006,u
1DE7 4F               (       c.prep.asm):03293                             clra
1DE8 C422             (       c.prep.asm):03294                             andb      #$22
1DEA 10830002         (       c.prep.asm):03295                             cmpd      #$0002
1DEE 1026011D         (       c.prep.asm):03296                             lbne      L1F0F
1DF2 3440             (       c.prep.asm):03297                             pshs      u
1DF4 17034A           (       c.prep.asm):03298                             lbsr      L2141
1DF7 3262             (       c.prep.asm):03299                             leas      $02,s
1DF9 EC46             (       c.prep.asm):03300         L1DF9               ldd       u0006,u
1DFB 4F               (       c.prep.asm):03301                             clra
1DFC C404             (       c.prep.asm):03302                             andb      #$04
1DFE 2735             (       c.prep.asm):03303                             beq       L1E35
1E00 CC0001           (       c.prep.asm):03304                             ldd       #$0001
1E03 3406             (       c.prep.asm):03305         L1E03               pshs      b,a
1E05 3067             (       c.prep.asm):03306                             leax      $07,s
1E07 3410             (       c.prep.asm):03307                             pshs      x
1E09 EC48             (       c.prep.asm):03308                             ldd       u0008,u
1E0B 3406             (       c.prep.asm):03309                             pshs      b,a
1E0D EC46             (       c.prep.asm):03310                             ldd       u0006,u
1E0F 4F               (       c.prep.asm):03311                             clra
1E10 C440             (       c.prep.asm):03312                             andb      #$40
1E12 2706             (       c.prep.asm):03313                             beq       L1E1A
1E14 308D06AF         (       c.prep.asm):03314                             leax      >L24C7,pcr
1E18 2004             (       c.prep.asm):03315                             bra       L1E1E
1E1A 308D0690         (       c.prep.asm):03316         L1E1A               leax      >L24AE,pcr
1E1E 1F10             (       c.prep.asm):03317         L1E1E               tfr       x,d
1E20 1F01             (       c.prep.asm):03318                             tfr       d,x
1E22 AD84             (       c.prep.asm):03319                             jsr       ,x
1E24 3266             (       c.prep.asm):03320                             leas      $06,s
1E26 1083FFFF         (       c.prep.asm):03321                             cmpd      #$FFFF
1E2A 264A             (       c.prep.asm):03322                             bne       L1E76
1E2C EC46             (       c.prep.asm):03323                             ldd       u0006,u
1E2E CA20             (       c.prep.asm):03324                             orb       #$20
1E30 ED46             (       c.prep.asm):03325                             std       u0006,u
1E32 1600DA           (       c.prep.asm):03326                             lbra      L1F0F
1E35 EC46             (       c.prep.asm):03327         L1E35               ldd       u0006,u
1E37 8401             (       c.prep.asm):03328                             anda      #$01
1E39 5F               (       c.prep.asm):03329                             clrb
1E3A ED7E             (       c.prep.asm):03330                             std       -$02,s
1E3C 2607             (       c.prep.asm):03331                             bne       L1E45
1E3E 3440             (       c.prep.asm):03332                             pshs      u
1E40 1700E7           (       c.prep.asm):03333                             lbsr      L1F2A
1E43 3262             (       c.prep.asm):03334                             leas      $02,s
1E45 ECC4             (       c.prep.asm):03335         L1E45               ldd       ,u
1E47 C30001           (       c.prep.asm):03336                             addd      #$0001
1E4A EDC4             (       c.prep.asm):03337                             std       ,u
1E4C 830001           (       c.prep.asm):03338                             subd      #$0001
1E4F 1F01             (       c.prep.asm):03339                             tfr       d,x
1E51 EC64             (       c.prep.asm):03340                             ldd       $04,s
1E53 E784             (       c.prep.asm):03341                             stb       ,x
1E55 ECC4             (       c.prep.asm):03342                             ldd       ,u
1E57 10A344           (       c.prep.asm):03343                             cmpd      u0004,u
1E5A 240F             (       c.prep.asm):03344                             bcc       L1E6B
1E5C EC46             (       c.prep.asm):03345                             ldd       u0006,u
1E5E 4F               (       c.prep.asm):03346                             clra
1E5F C440             (       c.prep.asm):03347                             andb      #$40
1E61 2713             (       c.prep.asm):03348                             beq       L1E76
1E63 EC64             (       c.prep.asm):03349                             ldd       $04,s
1E65 1083000D         (       c.prep.asm):03350                             cmpd      #$000D
1E69 260B             (       c.prep.asm):03351                             bne       L1E76
                      (       c.prep.asm):03352         
1E6B 3440             (       c.prep.asm):03353         L1E6B               pshs      u
1E6D 1700BA           (       c.prep.asm):03354                             lbsr      L1F2A
1E70 EDE1             (       c.prep.asm):03355                             std       ,s++
1E72 10260099         (       c.prep.asm):03356                             lbne      L1F0F
1E76 EC64             (       c.prep.asm):03357         L1E76               ldd       $04,s
1E78 35C0             (       c.prep.asm):03358                             puls      pc,u
1E7A 3440             (       c.prep.asm):03359                             pshs      u
1E7C EE64             (       c.prep.asm):03360                             ldu       $04,s
1E7E EC66             (       c.prep.asm):03361                             ldd       $06,s
1E80 3406             (       c.prep.asm):03362                             pshs      b,a
1E82 3440             (       c.prep.asm):03363                             pshs      u
1E84 CC0008           (       c.prep.asm):03364                             ldd       #$0008
1E87 1704E9           (       c.prep.asm):03365                             lbsr      L2373
1E8A 3406             (       c.prep.asm):03366                             pshs      b,a
1E8C 17FF46           (       c.prep.asm):03367                             lbsr      L1DD5
1E8F 3264             (       c.prep.asm):03368                             leas      $04,s
1E91 EC66             (       c.prep.asm):03369                             ldd       $06,s
1E93 3406             (       c.prep.asm):03370                             pshs      b,a
1E95 3440             (       c.prep.asm):03371                             pshs      u
1E97 17FF3B           (       c.prep.asm):03372                             lbsr      L1DD5
1E9A 160147           (       c.prep.asm):03373                             lbra      L1FE4
                      (       c.prep.asm):03374         
1E9D 3446             (       c.prep.asm):03375         L1E9D               pshs      u,b,a
1E9F 33A9002D         (       c.prep.asm):03376                             leau      >$002D,y
1EA3 4F               (       c.prep.asm):03377                             clra
1EA4 5F               (       c.prep.asm):03378                             clrb
1EA5 EDE4             (       c.prep.asm):03379                             std       ,s
1EA7 200A             (       c.prep.asm):03380                             bra       L1EB3
1EA9 1F30             (       c.prep.asm):03381         L1EA9               tfr       u,d
1EAB 334D             (       c.prep.asm):03382                             leau      u000D,u
1EAD 3406             (       c.prep.asm):03383                             pshs      b,a
1EAF 8D14             (       c.prep.asm):03384                             bsr       L1EC5
1EB1 3262             (       c.prep.asm):03385                             leas      $02,s
1EB3 ECE4             (       c.prep.asm):03386         L1EB3               ldd       ,s
1EB5 C30001           (       c.prep.asm):03387                             addd      #$0001
1EB8 EDE4             (       c.prep.asm):03388                             std       ,s
1EBA 830001           (       c.prep.asm):03389                             subd      #$0001
1EBD 10830010         (       c.prep.asm):03390                             cmpd      #$0010
1EC1 2DE6             (       c.prep.asm):03391                             blt       L1EA9
1EC3 35D0             (       c.prep.asm):03392                             puls      pc,u,x
                      (       c.prep.asm):03393         
1EC5 3440             (       c.prep.asm):03394         L1EC5               pshs      u
1EC7 EE64             (       c.prep.asm):03395                             ldu       $04,s
1EC9 327E             (       c.prep.asm):03396                             leas      -$02,s
1ECB 11830000         (       c.prep.asm):03397                             cmpu      #$0000
1ECF 2704             (       c.prep.asm):03398                             beq       L1ED5
1ED1 EC46             (       c.prep.asm):03399                             ldd       u0006,u
1ED3 2605             (       c.prep.asm):03400                             bne       L1EDA
1ED5 CCFFFF           (       c.prep.asm):03401         L1ED5               ldd       #$FFFF
1ED8 35D0             (       c.prep.asm):03402                             puls      pc,u,x
1EDA EC46             (       c.prep.asm):03403         L1EDA               ldd       u0006,u
1EDC 4F               (       c.prep.asm):03404                             clra
1EDD C402             (       c.prep.asm):03405                             andb      #$02
1EDF 2708             (       c.prep.asm):03406                             beq       L1EE9
1EE1 3440             (       c.prep.asm):03407                             pshs      u
1EE3 8D19             (       c.prep.asm):03408                             bsr       L1EFE
1EE5 3262             (       c.prep.asm):03409                             leas      $02,s
1EE7 2002             (       c.prep.asm):03410                             bra       L1EEB
1EE9 4F               (       c.prep.asm):03411         L1EE9               clra
1EEA 5F               (       c.prep.asm):03412                             clrb
1EEB EDE4             (       c.prep.asm):03413         L1EEB               std       ,s
1EED EC48             (       c.prep.asm):03414                             ldd       u0008,u
1EEF 3406             (       c.prep.asm):03415                             pshs      b,a
1EF1 170520           (       c.prep.asm):03416                             lbsr      L2414
1EF4 3262             (       c.prep.asm):03417                             leas      $02,s
1EF6 4F               (       c.prep.asm):03418                             clra
1EF7 5F               (       c.prep.asm):03419                             clrb
1EF8 ED46             (       c.prep.asm):03420                             std       u0006,u
1EFA ECE4             (       c.prep.asm):03421                             ldd       ,s
1EFC 35D0             (       c.prep.asm):03422                             puls      pc,u,x
                      (       c.prep.asm):03423         
1EFE 3440             (       c.prep.asm):03424         L1EFE               pshs      u
1F00 EE64             (       c.prep.asm):03425                             ldu       $04,s
1F02 270B             (       c.prep.asm):03426                             beq       L1F0F
1F04 EC46             (       c.prep.asm):03427                             ldd       u0006,u
1F06 4F               (       c.prep.asm):03428                             clra
1F07 C422             (       c.prep.asm):03429                             andb      #$22
1F09 10830002         (       c.prep.asm):03430                             cmpd      #$0002
1F0D 2705             (       c.prep.asm):03431                             beq       L1F14
1F0F CCFFFF           (       c.prep.asm):03432         L1F0F               ldd       #$FFFF
1F12 35C0             (       c.prep.asm):03433                             puls      pc,u
1F14 EC46             (       c.prep.asm):03434         L1F14               ldd       u0006,u
1F16 8480             (       c.prep.asm):03435                             anda      #$80
1F18 5F               (       c.prep.asm):03436                             clrb
1F19 ED7E             (       c.prep.asm):03437                             std       -$02,s
1F1B 2607             (       c.prep.asm):03438                             bne       L1F24
1F1D 3440             (       c.prep.asm):03439                             pshs      u
1F1F 17021F           (       c.prep.asm):03440                             lbsr      L2141
1F22 3262             (       c.prep.asm):03441                             leas      $02,s
                      (       c.prep.asm):03442         
1F24 3440             (       c.prep.asm):03443         L1F24               pshs      u
1F26 8D02             (       c.prep.asm):03444                             bsr       L1F2A
1F28 35D0             (       c.prep.asm):03445                             puls      pc,u,x
                      (       c.prep.asm):03446         
1F2A 3440             (       c.prep.asm):03447         L1F2A               pshs      u
1F2C EE64             (       c.prep.asm):03448                             ldu       $04,s
1F2E 327C             (       c.prep.asm):03449                             leas      -$04,s
1F30 EC46             (       c.prep.asm):03450                             ldd       u0006,u
1F32 8401             (       c.prep.asm):03451                             anda      #$01
1F34 5F               (       c.prep.asm):03452                             clrb
1F35 ED7E             (       c.prep.asm):03453                             std       -$02,s
1F37 2623             (       c.prep.asm):03454                             bne       L1F5C
1F39 ECC4             (       c.prep.asm):03455                             ldd       ,u
1F3B 10A344           (       c.prep.asm):03456                             cmpd      u0004,u
1F3E 271C             (       c.prep.asm):03457                             beq       L1F5C
1F40 4F               (       c.prep.asm):03458                             clra
1F41 5F               (       c.prep.asm):03459                             clrb
1F42 3406             (       c.prep.asm):03460                             pshs      b,a
1F44 3440             (       c.prep.asm):03461                             pshs      u
1F46 17009F           (       c.prep.asm):03462                             lbsr      L1FE8
1F49 3262             (       c.prep.asm):03463                             leas      $02,s
1F4B EC02             (       c.prep.asm):03464                             ldd       $02,x
1F4D 3406             (       c.prep.asm):03465                             pshs      b,a
1F4F EC84             (       c.prep.asm):03466                             ldd       ,x
1F51 3406             (       c.prep.asm):03467                             pshs      b,a
1F53 EC48             (       c.prep.asm):03468                             ldd       u0008,u
1F55 3406             (       c.prep.asm):03469                             pshs      b,a
1F57 17057D           (       c.prep.asm):03470                             lbsr      L24D7
1F5A 3268             (       c.prep.asm):03471                             leas      $08,s
1F5C ECC4             (       c.prep.asm):03472         L1F5C               ldd       ,u
1F5E A342             (       c.prep.asm):03473                             subd      u0002,u
1F60 ED62             (       c.prep.asm):03474                             std       $02,s
1F62 1027006E         (       c.prep.asm):03475                             lbeq      L1FD4
1F66 EC46             (       c.prep.asm):03476                             ldd       u0006,u
1F68 8401             (       c.prep.asm):03477                             anda      #$01
1F6A 5F               (       c.prep.asm):03478                             clrb
1F6B ED7E             (       c.prep.asm):03479                             std       -$02,s
1F6D 10270063         (       c.prep.asm):03480                             lbeq      L1FD4
1F71 EC46             (       c.prep.asm):03481                             ldd       u0006,u
1F73 4F               (       c.prep.asm):03482                             clra
1F74 C440             (       c.prep.asm):03483                             andb      #$40
1F76 2733             (       c.prep.asm):03484                             beq       L1FAB
1F78 EC42             (       c.prep.asm):03485                             ldd       u0002,u
1F7A 2027             (       c.prep.asm):03486                             bra       L1FA3
1F7C EC62             (       c.prep.asm):03487         L1F7C               ldd       $02,s
1F7E 3406             (       c.prep.asm):03488                             pshs      b,a
1F80 ECC4             (       c.prep.asm):03489                             ldd       ,u
1F82 3406             (       c.prep.asm):03490                             pshs      b,a
1F84 EC48             (       c.prep.asm):03491                             ldd       u0008,u
1F86 3406             (       c.prep.asm):03492                             pshs      b,a
1F88 17053C           (       c.prep.asm):03493                             lbsr      L24C7
1F8B 3266             (       c.prep.asm):03494                             leas      $06,s
1F8D EDE4             (       c.prep.asm):03495                             std       ,s
1F8F 1083FFFF         (       c.prep.asm):03496                             cmpd      #$FFFF
1F93 2604             (       c.prep.asm):03497                             bne       L1F99
1F95 3064             (       c.prep.asm):03498                             leax      $04,s
1F97 202A             (       c.prep.asm):03499                             bra       L1FC3
1F99 EC62             (       c.prep.asm):03500         L1F99               ldd       $02,s
1F9B A3E4             (       c.prep.asm):03501                             subd      ,s
1F9D ED62             (       c.prep.asm):03502                             std       $02,s
1F9F ECC4             (       c.prep.asm):03503                             ldd       ,u
1FA1 E3E4             (       c.prep.asm):03504                             addd      ,s
1FA3 EDC4             (       c.prep.asm):03505         L1FA3               std       ,u
1FA5 EC62             (       c.prep.asm):03506                             ldd       $02,s
1FA7 26D3             (       c.prep.asm):03507                             bne       L1F7C
1FA9 2029             (       c.prep.asm):03508                             bra       L1FD4
1FAB EC62             (       c.prep.asm):03509         L1FAB               ldd       $02,s
1FAD 3406             (       c.prep.asm):03510                             pshs      b,a
1FAF EC42             (       c.prep.asm):03511                             ldd       u0002,u
1FB1 3406             (       c.prep.asm):03512                             pshs      b,a
1FB3 EC48             (       c.prep.asm):03513                             ldd       u0008,u
1FB5 3406             (       c.prep.asm):03514                             pshs      b,a
1FB7 1704F4           (       c.prep.asm):03515                             lbsr      L24AE
1FBA 3266             (       c.prep.asm):03516                             leas      $06,s
1FBC 10A362           (       c.prep.asm):03517                             cmpd      $02,s
1FBF 2713             (       c.prep.asm):03518                             beq       L1FD4
1FC1 2002             (       c.prep.asm):03519                             bra       L1FC5
1FC3 321C             (       c.prep.asm):03520         L1FC3               leas      -$04,x
1FC5 EC46             (       c.prep.asm):03521         L1FC5               ldd       u0006,u
1FC7 CA20             (       c.prep.asm):03522                             orb       #$20
1FC9 ED46             (       c.prep.asm):03523                             std       u0006,u
1FCB EC44             (       c.prep.asm):03524                             ldd       u0004,u
1FCD EDC4             (       c.prep.asm):03525                             std       ,u
1FCF CCFFFF           (       c.prep.asm):03526                             ldd       #$FFFF
1FD2 2010             (       c.prep.asm):03527                             bra       L1FE4
1FD4 EC46             (       c.prep.asm):03528         L1FD4               ldd       u0006,u
1FD6 8A01             (       c.prep.asm):03529                             ora       #$01
1FD8 ED46             (       c.prep.asm):03530                             std       u0006,u
1FDA EC42             (       c.prep.asm):03531                             ldd       u0002,u
1FDC EDC4             (       c.prep.asm):03532                             std       ,u
1FDE E34B             (       c.prep.asm):03533                             addd      u000B,u
1FE0 ED44             (       c.prep.asm):03534                             std       u0004,u
1FE2 4F               (       c.prep.asm):03535                             clra
1FE3 5F               (       c.prep.asm):03536                             clrb
1FE4 3264             (       c.prep.asm):03537         L1FE4               leas      $04,s
1FE6 35C0             (       c.prep.asm):03538                             puls      pc,u
                      (       c.prep.asm):03539         
1FE8 3440             (       c.prep.asm):03540         L1FE8               pshs      u
1FEA 35C0             (       c.prep.asm):03541                             puls      pc,u
                      (       c.prep.asm):03542         
1FEC 3440             (       c.prep.asm):03543         L1FEC               pshs      u
1FEE EE64             (       c.prep.asm):03544                             ldu       $04,s
1FF0 2746             (       c.prep.asm):03545                             beq       L2038
1FF2 EC46             (       c.prep.asm):03546                             ldd       u0006,u
1FF4 8401             (       c.prep.asm):03547                             anda      #$01
1FF6 5F               (       c.prep.asm):03548                             clrb
1FF7 ED7E             (       c.prep.asm):03549                             std       -$02,s
1FF9 263D             (       c.prep.asm):03550                             bne       L2038
1FFB ECC4             (       c.prep.asm):03551                             ldd       ,u
1FFD 10A344           (       c.prep.asm):03552                             cmpd      u0004,u
2000 2411             (       c.prep.asm):03553                             bcc       L2013
2002 ECC4             (       c.prep.asm):03554                             ldd       ,u
2004 C30001           (       c.prep.asm):03555                             addd      #$0001
2007 EDC4             (       c.prep.asm):03556                             std       ,u
2009 830001           (       c.prep.asm):03557                             subd      #$0001
200C 1F01             (       c.prep.asm):03558                             tfr       d,x
200E E684             (       c.prep.asm):03559                             ldb       ,x
2010 4F               (       c.prep.asm):03560                             clra
2011 2007             (       c.prep.asm):03561                             bra       L201A
                      (       c.prep.asm):03562         
2013 3440             (       c.prep.asm):03563         L2013               pshs      u
2015 17006F           (       c.prep.asm):03564                             lbsr      L2087
2018 3262             (       c.prep.asm):03565                             leas      $02,s
201A 35C0             (       c.prep.asm):03566         L201A               puls      pc,u
201C 3440             (       c.prep.asm):03567                             pshs      u
201E EE66             (       c.prep.asm):03568                             ldu       $06,s
2020 2716             (       c.prep.asm):03569                             beq       L2038
2022 EC46             (       c.prep.asm):03570                             ldd       u0006,u
2024 4F               (       c.prep.asm):03571                             clra
2025 C401             (       c.prep.asm):03572                             andb      #$01
2027 270F             (       c.prep.asm):03573                             beq       L2038
2029 EC64             (       c.prep.asm):03574                             ldd       $04,s
202B 1083FFFF         (       c.prep.asm):03575                             cmpd      #$FFFF
202F 2707             (       c.prep.asm):03576                             beq       L2038
2031 ECC4             (       c.prep.asm):03577                             ldd       ,u
2033 10A342           (       c.prep.asm):03578                             cmpd      u0002,u
2036 2205             (       c.prep.asm):03579                             bhi       L203D
2038 CCFFFF           (       c.prep.asm):03580         L2038               ldd       #$FFFF
203B 35C0             (       c.prep.asm):03581                             puls      pc,u
203D ECC4             (       c.prep.asm):03582         L203D               ldd       ,u
203F C3FFFF           (       c.prep.asm):03583                             addd      #$FFFF
2042 EDC4             (       c.prep.asm):03584                             std       ,u
2044 1F01             (       c.prep.asm):03585                             tfr       d,x
2046 EC64             (       c.prep.asm):03586                             ldd       $04,s
2048 E784             (       c.prep.asm):03587                             stb       ,x
204A EC64             (       c.prep.asm):03588                             ldd       $04,s
204C 35C0             (       c.prep.asm):03589                             puls      pc,u
204E 3440             (       c.prep.asm):03590                             pshs      u
2050 EE64             (       c.prep.asm):03591                             ldu       $04,s
2052 327C             (       c.prep.asm):03592                             leas      -$04,s
2054 3440             (       c.prep.asm):03593                             pshs      u
2056 17FF93           (       c.prep.asm):03594                             lbsr      L1FEC
2059 3262             (       c.prep.asm):03595                             leas      $02,s
205B ED62             (       c.prep.asm):03596                             std       $02,s
205D 1083FFFF         (       c.prep.asm):03597                             cmpd      #$FFFF
2061 270F             (       c.prep.asm):03598                             beq       L2072
2063 3440             (       c.prep.asm):03599                             pshs      u
2065 17FF84           (       c.prep.asm):03600                             lbsr      L1FEC
2068 3262             (       c.prep.asm):03601                             leas      $02,s
206A EDE4             (       c.prep.asm):03602                             std       ,s
206C 1083FFFF         (       c.prep.asm):03603                             cmpd      #$FFFF
2070 2605             (       c.prep.asm):03604                             bne       L2077
2072 CCFFFF           (       c.prep.asm):03605         L2072               ldd       #$FFFF
2075 200C             (       c.prep.asm):03606                             bra       L2083
2077 EC62             (       c.prep.asm):03607         L2077               ldd       $02,s
2079 3406             (       c.prep.asm):03608                             pshs      b,a
207B CC0008           (       c.prep.asm):03609                             ldd       #$0008
207E 170309           (       c.prep.asm):03610                             lbsr      L238A
2081 E3E4             (       c.prep.asm):03611                             addd      ,s
2083 3264             (       c.prep.asm):03612         L2083               leas      $04,s
2085 35C0             (       c.prep.asm):03613                             puls      pc,u
                      (       c.prep.asm):03614         
2087 3440             (       c.prep.asm):03615         L2087               pshs      u
2089 EE64             (       c.prep.asm):03616                             ldu       $04,s
208B 327E             (       c.prep.asm):03617                             leas      -$02,s
208D EC46             (       c.prep.asm):03618                             ldd       u0006,u
208F 8480             (       c.prep.asm):03619                             anda      #$80
2091 C431             (       c.prep.asm):03620                             andb      #$31
2093 10838001         (       c.prep.asm):03621                             cmpd      #$8001
2097 2717             (       c.prep.asm):03622                             beq       L20B0
2099 EC46             (       c.prep.asm):03623                             ldd       u0006,u
209B 4F               (       c.prep.asm):03624                             clra
209C C431             (       c.prep.asm):03625                             andb      #$31
209E 10830001         (       c.prep.asm):03626                             cmpd      #$0001
20A2 2705             (       c.prep.asm):03627                             beq       L20A9
20A4 CCFFFF           (       c.prep.asm):03628                             ldd       #$FFFF
20A7 35D0             (       c.prep.asm):03629                             puls      pc,u,x
                      (       c.prep.asm):03630         
20A9 3440             (       c.prep.asm):03631         L20A9               pshs      u
20AB 170093           (       c.prep.asm):03632                             lbsr      L2141
20AE 3262             (       c.prep.asm):03633                             leas      $02,s
20B0 30A9002D         (       c.prep.asm):03634         L20B0               leax      >$002D,y
20B4 3410             (       c.prep.asm):03635                             pshs      x
20B6 11A3E1           (       c.prep.asm):03636                             cmpu      ,s++
20B9 2612             (       c.prep.asm):03637                             bne       L20CD
20BB EC46             (       c.prep.asm):03638                             ldd       u0006,u
20BD 4F               (       c.prep.asm):03639                             clra
20BE C440             (       c.prep.asm):03640                             andb      #$40
20C0 270B             (       c.prep.asm):03641                             beq       L20CD
20C2 30A9003A         (       c.prep.asm):03642                             leax      >$003A,y
20C6 3410             (       c.prep.asm):03643                             pshs      x
20C8 17FE33           (       c.prep.asm):03644                             lbsr      L1EFE
20CB 3262             (       c.prep.asm):03645                             leas      $02,s
20CD EC46             (       c.prep.asm):03646         L20CD               ldd       u0006,u
20CF 4F               (       c.prep.asm):03647                             clra
20D0 C408             (       c.prep.asm):03648                             andb      #$08
20D2 2725             (       c.prep.asm):03649                             beq       L20F9
20D4 EC4B             (       c.prep.asm):03650                             ldd       u000B,u
20D6 3406             (       c.prep.asm):03651                             pshs      b,a
20D8 EC42             (       c.prep.asm):03652                             ldd       u0002,u
20DA 3406             (       c.prep.asm):03653                             pshs      b,a
20DC EC48             (       c.prep.asm):03654                             ldd       u0008,u
20DE 3406             (       c.prep.asm):03655                             pshs      b,a
20E0 EC46             (       c.prep.asm):03656                             ldd       u0006,u
20E2 4F               (       c.prep.asm):03657                             clra
20E3 C440             (       c.prep.asm):03658                             andb      #$40
20E5 2706             (       c.prep.asm):03659                             beq       L20ED
20E7 308D03B3         (       c.prep.asm):03660                             leax      >L249E,pcr
20EB 2004             (       c.prep.asm):03661                             bra       L20F1
20ED 308D038C         (       c.prep.asm):03662         L20ED               leax      >L247D,pcr
20F1 1F10             (       c.prep.asm):03663         L20F1               tfr       x,d
20F3 1F01             (       c.prep.asm):03664                             tfr       d,x
20F5 AD84             (       c.prep.asm):03665                             jsr       ,x
20F7 2012             (       c.prep.asm):03666                             bra       L210B
20F9 CC0001           (       c.prep.asm):03667         L20F9               ldd       #$0001
20FC 3406             (       c.prep.asm):03668                             pshs      b,a
20FE 304A             (       c.prep.asm):03669                             leax      u000A,u
2100 AF42             (       c.prep.asm):03670                             stx       u0002,u
2102 3410             (       c.prep.asm):03671                             pshs      x
2104 EC48             (       c.prep.asm):03672                             ldd       u0008,u
2106 3406             (       c.prep.asm):03673                             pshs      b,a
2108 170372           (       c.prep.asm):03674                             lbsr      L247D
210B 3266             (       c.prep.asm):03675         L210B               leas      $06,s
210D EDE4             (       c.prep.asm):03676                             std       ,s
210F ECE4             (       c.prep.asm):03677                             ldd       ,s
2111 2E1B             (       c.prep.asm):03678                             bgt       L212E
2113 EC46             (       c.prep.asm):03679                             ldd       u0006,u
2115 3406             (       c.prep.asm):03680                             pshs      b,a
2117 EC62             (       c.prep.asm):03681                             ldd       $02,s
2119 2705             (       c.prep.asm):03682                             beq       L2120
211B CC0020           (       c.prep.asm):03683                             ldd       #$0020
211E 2003             (       c.prep.asm):03684                             bra       L2123
2120 CC0010           (       c.prep.asm):03685         L2120               ldd       #$0010
2123 AAE0             (       c.prep.asm):03686         L2123               ora       ,s+
2125 EAE0             (       c.prep.asm):03687                             orb       ,s+
2127 ED46             (       c.prep.asm):03688                             std       u0006,u
2129 CCFFFF           (       c.prep.asm):03689                             ldd       #$FFFF
212C 35D0             (       c.prep.asm):03690                             puls      pc,u,x
212E EC42             (       c.prep.asm):03691         L212E               ldd       u0002,u
2130 C30001           (       c.prep.asm):03692                             addd      #$0001
2133 EDC4             (       c.prep.asm):03693                             std       ,u
2135 EC42             (       c.prep.asm):03694                             ldd       u0002,u
2137 E3E4             (       c.prep.asm):03695                             addd      ,s
2139 ED44             (       c.prep.asm):03696                             std       u0004,u
213B E6D802           (       c.prep.asm):03697                             ldb       [<u0002,u]
213E 4F               (       c.prep.asm):03698                             clra
213F 35D0             (       c.prep.asm):03699                             puls      pc,u,x
                      (       c.prep.asm):03700         
2141 3440             (       c.prep.asm):03701         L2141               pshs      u
2143 EE64             (       c.prep.asm):03702                             ldu       $04,s
2145 EC46             (       c.prep.asm):03703                             ldd       u0006,u
2147 4F               (       c.prep.asm):03704                             clra
2148 C4C0             (       c.prep.asm):03705                             andb      #$C0
214A 262D             (       c.prep.asm):03706                             bne       L2179
214C 32E8E0           (       c.prep.asm):03707                             leas      <-$20,s
214F 30E4             (       c.prep.asm):03708                             leax      ,s
2151 3410             (       c.prep.asm):03709                             pshs      x
2153 EC48             (       c.prep.asm):03710                             ldd       u0008,u
2155 3406             (       c.prep.asm):03711                             pshs      b,a
2157 4F               (       c.prep.asm):03712                             clra
2158 5F               (       c.prep.asm):03713                             clrb
2159 3406             (       c.prep.asm):03714                             pshs      b,a
215B 170238           (       c.prep.asm):03715                             lbsr      L2396
215E 3266             (       c.prep.asm):03716                             leas      $06,s
2160 EC46             (       c.prep.asm):03717                             ldd       u0006,u
2162 3406             (       c.prep.asm):03718                             pshs      b,a
2164 E662             (       c.prep.asm):03719                             ldb       $02,s
2166 2605             (       c.prep.asm):03720                             bne       L216D
2168 CC0040           (       c.prep.asm):03721                             ldd       #$0040
216B 2003             (       c.prep.asm):03722                             bra       L2170
216D CC0080           (       c.prep.asm):03723         L216D               ldd       #$0080
2170 AAE0             (       c.prep.asm):03724         L2170               ora       ,s+
2172 EAE0             (       c.prep.asm):03725                             orb       ,s+
2174 ED46             (       c.prep.asm):03726                             std       u0006,u
2176 32E820           (       c.prep.asm):03727                             leas      <$20,s
2179 EC46             (       c.prep.asm):03728         L2179               ldd       u0006,u
217B 8A80             (       c.prep.asm):03729                             ora       #$80
217D ED46             (       c.prep.asm):03730                             std       u0006,u
217F 4F               (       c.prep.asm):03731                             clra
2180 C40C             (       c.prep.asm):03732                             andb      #$0C
2182 2702             (       c.prep.asm):03733                             beq       L2186
2184 35C0             (       c.prep.asm):03734                             puls      pc,u
2186 EC4B             (       c.prep.asm):03735         L2186               ldd       u000B,u
2188 2611             (       c.prep.asm):03736                             bne       L219B
218A EC46             (       c.prep.asm):03737                             ldd       u0006,u
218C 4F               (       c.prep.asm):03738                             clra
218D C440             (       c.prep.asm):03739                             andb      #$40
218F 2705             (       c.prep.asm):03740                             beq       L2196
2191 CC0080           (       c.prep.asm):03741                             ldd       #$0080
2194 2003             (       c.prep.asm):03742                             bra       L2199
2196 CC0100           (       c.prep.asm):03743         L2196               ldd       #$0100
2199 ED4B             (       c.prep.asm):03744         L2199               std       u000B,u
219B EC42             (       c.prep.asm):03745         L219B               ldd       u0002,u
219D 2611             (       c.prep.asm):03746                             bne       L21B0
219F EC4B             (       c.prep.asm):03747                             ldd       u000B,u
21A1 3406             (       c.prep.asm):03748                             pshs      b,a
21A3 170424           (       c.prep.asm):03749                             lbsr      L25CA
21A6 3262             (       c.prep.asm):03750                             leas      $02,s
21A8 ED42             (       c.prep.asm):03751                             std       u0002,u
21AA 1083FFFF         (       c.prep.asm):03752                             cmpd      #$FFFF
21AE 2708             (       c.prep.asm):03753                             beq       L21B8
21B0 EC46             (       c.prep.asm):03754         L21B0               ldd       u0006,u
21B2 CA08             (       c.prep.asm):03755                             orb       #$08
21B4 ED46             (       c.prep.asm):03756                             std       u0006,u
21B6 200F             (       c.prep.asm):03757                             bra       L21C7
21B8 EC46             (       c.prep.asm):03758         L21B8               ldd       u0006,u
21BA CA04             (       c.prep.asm):03759                             orb       #$04
21BC ED46             (       c.prep.asm):03760                             std       u0006,u
21BE 304A             (       c.prep.asm):03761                             leax      u000A,u
21C0 AF42             (       c.prep.asm):03762                             stx       u0002,u
21C2 CC0001           (       c.prep.asm):03763                             ldd       #$0001
21C5 ED4B             (       c.prep.asm):03764                             std       u000B,u
21C7 EC42             (       c.prep.asm):03765         L21C7               ldd       u0002,u
21C9 E34B             (       c.prep.asm):03766                             addd      u000B,u
21CB ED44             (       c.prep.asm):03767                             std       u0004,u
21CD EDC4             (       c.prep.asm):03768                             std       ,u
21CF 35C0             (       c.prep.asm):03769                             puls      pc,u
                      (       c.prep.asm):03770         
21D1 3440             (       c.prep.asm):03771         L21D1               pshs      u
21D3 E665             (       c.prep.asm):03772                             ldb       $05,s
21D5 1D               (       c.prep.asm):03773                             sex
21D6 1F01             (       c.prep.asm):03774                             tfr       d,x
21D8 201D             (       c.prep.asm):03775                             bra       L21F7
21DA ECF806           (       c.prep.asm):03776         L21DA               ldd       [<$06,s]
21DD C30004           (       c.prep.asm):03777                             addd      #$0004
21E0 EDF806           (       c.prep.asm):03778                             std       [<$06,s]
21E3 308D0027         (       c.prep.asm):03779                             leax      >L220E,pcr
21E7 200A             (       c.prep.asm):03780                             bra       L21F3
21E9 E665             (       c.prep.asm):03781         L21E9               ldb       $05,s
21EB E7A9002B         (       c.prep.asm):03782                             stb       >$002B,y
21EF 30A9002A         (       c.prep.asm):03783                             leax      >$002A,y
21F3 1F10             (       c.prep.asm):03784         L21F3               tfr       x,d
21F5 35C0             (       c.prep.asm):03785                             puls      pc,u
21F7 8C0064           (       c.prep.asm):03786         L21F7               cmpx      #$0064
21FA 27DE             (       c.prep.asm):03787                             beq       L21DA
21FC 8C006F           (       c.prep.asm):03788                             cmpx      #$006F
21FF 1027FFD7         (       c.prep.asm):03789                             lbeq      L21DA
2203 8C0078           (       c.prep.asm):03790                             cmpx      #$0078
2206 1027FFD0         (       c.prep.asm):03791                             lbeq      L21DA
220A 20DD             (       c.prep.asm):03792                             bra       L21E9
220C 35C0             (       c.prep.asm):03793                             puls      pc,u
                      (       c.prep.asm):03794         
220E 00               (       c.prep.asm):03795         L220E               fcb       $00
                      (       c.prep.asm):03796         
220F 3440             (       c.prep.asm):03797         L220F               pshs      u
2211 308D0004         (       c.prep.asm):03798                             leax      >L2219,pcr
2215 1F10             (       c.prep.asm):03799                             tfr       x,d
2217 35C0             (       c.prep.asm):03800                             puls      pc,u
                      (       c.prep.asm):03801         
2219 00               (       c.prep.asm):03802         L2219               fcb       $00
                      (       c.prep.asm):03803         
221A 3440             (       c.prep.asm):03804         L221A               pshs      u
221C EE64             (       c.prep.asm):03805                             ldu       $04,s
221E E6C0             (       c.prep.asm):03806         L221E               ldb       ,u+
2220 26FC             (       c.prep.asm):03807                             bne       L221E
2222 1F30             (       c.prep.asm):03808                             tfr       u,d
2224 A364             (       c.prep.asm):03809                             subd      $04,s
2226 C3FFFF           (       c.prep.asm):03810                             addd      #$FFFF
2229 35C0             (       c.prep.asm):03811                             puls      pc,u
                      (       c.prep.asm):03812         
222B 3440             (       c.prep.asm):03813         L222B               pshs      u
222D EE66             (       c.prep.asm):03814                             ldu       $06,s
222F 327E             (       c.prep.asm):03815                             leas      -$02,s
2231 EC66             (       c.prep.asm):03816                             ldd       $06,s
2233 EDE4             (       c.prep.asm):03817                             std       ,s
2235 E6C0             (       c.prep.asm):03818         L2235               ldb       ,u+
2237 AEE4             (       c.prep.asm):03819                             ldx       ,s
2239 3001             (       c.prep.asm):03820                             leax      $01,x
223B AFE4             (       c.prep.asm):03821                             stx       ,s
223D E71F             (       c.prep.asm):03822                             stb       -$01,x
223F 26F4             (       c.prep.asm):03823                             bne       L2235
2241 EC66             (       c.prep.asm):03824                             ldd       $06,s
2243 35D0             (       c.prep.asm):03825                             puls      pc,u,x
2245 3440             (       c.prep.asm):03826         L2245               pshs      u
2247 EE66             (       c.prep.asm):03827                             ldu       $06,s
2249 327E             (       c.prep.asm):03828                             leas      -$02,s
224B EC66             (       c.prep.asm):03829                             ldd       $06,s
224D EDE4             (       c.prep.asm):03830                             std       ,s
224F AEE4             (       c.prep.asm):03831         L224F               ldx       ,s
2251 3001             (       c.prep.asm):03832                             leax      $01,x
2253 AFE4             (       c.prep.asm):03833                             stx       ,s
2255 E61F             (       c.prep.asm):03834                             ldb       -$01,x
2257 26F6             (       c.prep.asm):03835                             bne       L224F
2259 ECE4             (       c.prep.asm):03836                             ldd       ,s
225B C3FFFF           (       c.prep.asm):03837                             addd      #$FFFF
225E EDE4             (       c.prep.asm):03838                             std       ,s
2260 E6C0             (       c.prep.asm):03839         L2260               ldb       ,u+
2262 AEE4             (       c.prep.asm):03840                             ldx       ,s
2264 3001             (       c.prep.asm):03841                             leax      $01,x
2266 AFE4             (       c.prep.asm):03842                             stx       ,s
2268 E71F             (       c.prep.asm):03843                             stb       -$01,x
226A 26F4             (       c.prep.asm):03844                             bne       L2260
226C EC66             (       c.prep.asm):03845                             ldd       $06,s
226E 35D0             (       c.prep.asm):03846                             puls      pc,u,x
                      (       c.prep.asm):03847         
2270 3440             (       c.prep.asm):03848         L2270               pshs      u
2272 EE64             (       c.prep.asm):03849                             ldu       $04,s
2274 2010             (       c.prep.asm):03850                             bra       L2286
2276 AE66             (       c.prep.asm):03851         L2276               ldx       $06,s
2278 3001             (       c.prep.asm):03852                             leax      $01,x
227A AF66             (       c.prep.asm):03853                             stx       $06,s
227C E61F             (       c.prep.asm):03854                             ldb       -$01,x
227E 2604             (       c.prep.asm):03855                             bne       L2284
2280 4F               (       c.prep.asm):03856                             clra
2281 5F               (       c.prep.asm):03857                             clrb
2282 35C0             (       c.prep.asm):03858                             puls      pc,u
2284 3341             (       c.prep.asm):03859         L2284               leau      u0001,u
2286 E6C4             (       c.prep.asm):03860         L2286               ldb       ,u
2288 1D               (       c.prep.asm):03861                             sex
2289 3406             (       c.prep.asm):03862                             pshs      b,a
228B E6F808           (       c.prep.asm):03863                             ldb       [<$08,s]
228E 1D               (       c.prep.asm):03864                             sex
228F 10A3E1           (       c.prep.asm):03865                             cmpd      ,s++
2292 27E2             (       c.prep.asm):03866                             beq       L2276
2294 E6F806           (       c.prep.asm):03867                             ldb       [<$06,s]
2297 1D               (       c.prep.asm):03868                             sex
2298 3406             (       c.prep.asm):03869                             pshs      b,a
229A E6C4             (       c.prep.asm):03870                             ldb       ,u
229C 1D               (       c.prep.asm):03871                             sex
229D A3E1             (       c.prep.asm):03872                             subd      ,s++
229F 35C0             (       c.prep.asm):03873                             puls      pc,u
                      (       c.prep.asm):03874         
22A1 3440             (       c.prep.asm):03875         L22A1               pshs      u
22A3 EE64             (       c.prep.asm):03876                             ldu       $04,s
22A5 327B             (       c.prep.asm):03877                             leas      -$05,s
22A7 4F               (       c.prep.asm):03878                             clra
22A8 5F               (       c.prep.asm):03879                             clrb
22A9 ED61             (       c.prep.asm):03880                             std       $01,s
22AB E6C0             (       c.prep.asm):03881         L22AB               ldb       ,u+
22AD E7E4             (       c.prep.asm):03882                             stb       ,s
22AF C120             (       c.prep.asm):03883                             cmpb      #$20
22B1 27F8             (       c.prep.asm):03884                             beq       L22AB
22B3 E6E4             (       c.prep.asm):03885                             ldb       ,s
22B5 C109             (       c.prep.asm):03886                             cmpb      #$09
22B7 1027FFF0         (       c.prep.asm):03887                             lbeq      L22AB
22BB E6E4             (       c.prep.asm):03888                             ldb       ,s
22BD C12D             (       c.prep.asm):03889                             cmpb      #$2D
22BF 2605             (       c.prep.asm):03890                             bne       L22C6
22C1 CC0001           (       c.prep.asm):03891                             ldd       #$0001
22C4 2002             (       c.prep.asm):03892                             bra       L22C8
22C6 4F               (       c.prep.asm):03893         L22C6               clra
22C7 5F               (       c.prep.asm):03894                             clrb
22C8 ED63             (       c.prep.asm):03895         L22C8               std       $03,s
22CA E6E4             (       c.prep.asm):03896                             ldb       ,s
22CC C12D             (       c.prep.asm):03897                             cmpb      #$2D
22CE 271E             (       c.prep.asm):03898                             beq       L22EE
22D0 E6E4             (       c.prep.asm):03899                             ldb       ,s
22D2 C12B             (       c.prep.asm):03900                             cmpb      #$2B
22D4 261C             (       c.prep.asm):03901                             bne       L22F2
22D6 2016             (       c.prep.asm):03902                             bra       L22EE
22D8 EC61             (       c.prep.asm):03903         L22D8               ldd       $01,s
22DA 3406             (       c.prep.asm):03904                             pshs      b,a
22DC CC000A           (       c.prep.asm):03905                             ldd       #$000A
22DF 170032           (       c.prep.asm):03906                             lbsr      L2314
22E2 3406             (       c.prep.asm):03907                             pshs      b,a
22E4 E662             (       c.prep.asm):03908                             ldb       $02,s
22E6 1D               (       c.prep.asm):03909                             sex
22E7 E3E1             (       c.prep.asm):03910                             addd      ,s++
22E9 C3FFD0           (       c.prep.asm):03911                             addd      #$FFD0
22EC ED61             (       c.prep.asm):03912                             std       $01,s
22EE E6C0             (       c.prep.asm):03913         L22EE               ldb       ,u+
22F0 E7E4             (       c.prep.asm):03914                             stb       ,s
22F2 E6E4             (       c.prep.asm):03915         L22F2               ldb       ,s
22F4 1D               (       c.prep.asm):03916                             sex
22F5 30A900FE         (       c.prep.asm):03917                             leax      >$00FE,y
22F9 308B             (       c.prep.asm):03918                             leax      d,x
22FB E684             (       c.prep.asm):03919                             ldb       ,x
22FD 4F               (       c.prep.asm):03920                             clra
22FE C408             (       c.prep.asm):03921                             andb      #$08
2300 26D6             (       c.prep.asm):03922                             bne       L22D8
2302 EC63             (       c.prep.asm):03923                             ldd       $03,s
2304 2708             (       c.prep.asm):03924                             beq       L230E
2306 EC61             (       c.prep.asm):03925                             ldd       $01,s
2308 40               (       c.prep.asm):03926                             nega
2309 50               (       c.prep.asm):03927                             negb
230A 8200             (       c.prep.asm):03928                             sbca      #$00
230C 2002             (       c.prep.asm):03929                             bra       L2310
230E EC61             (       c.prep.asm):03930         L230E               ldd       $01,s
2310 3265             (       c.prep.asm):03931         L2310               leas      $05,s
2312 35C0             (       c.prep.asm):03932                             puls      pc,u
2314 4D               (       c.prep.asm):03933         L2314               tsta
2315 2612             (       c.prep.asm):03934                             bne       L2329
2317 6D62             (       c.prep.asm):03935                             tst       $02,s
2319 260E             (       c.prep.asm):03936                             bne       L2329
231B A663             (       c.prep.asm):03937                             lda       $03,s
231D 3D               (       c.prep.asm):03938                             mul
231E AEE4             (       c.prep.asm):03939                             ldx       ,s
2320 AF62             (       c.prep.asm):03940                             stx       $02,s
2322 8E0000           (       c.prep.asm):03941                             ldx       #$0000
2325 EDE4             (       c.prep.asm):03942                             std       ,s
2327 3586             (       c.prep.asm):03943                             puls      pc,b,a
2329 3406             (       c.prep.asm):03944         L2329               pshs      b,a
232B CC0000           (       c.prep.asm):03945                             ldd       #$0000
232E 3406             (       c.prep.asm):03946                             pshs      b,a
2330 3406             (       c.prep.asm):03947                             pshs      b,a
2332 A665             (       c.prep.asm):03948                             lda       $05,s
2334 E669             (       c.prep.asm):03949                             ldb       $09,s
2336 3D               (       c.prep.asm):03950                             mul
2337 ED62             (       c.prep.asm):03951                             std       $02,s
2339 A665             (       c.prep.asm):03952                             lda       $05,s
233B E668             (       c.prep.asm):03953                             ldb       $08,s
233D 3D               (       c.prep.asm):03954                             mul
233E E361             (       c.prep.asm):03955                             addd      $01,s
2340 ED61             (       c.prep.asm):03956                             std       $01,s
2342 2402             (       c.prep.asm):03957                             bcc       L2346
2344 6CE4             (       c.prep.asm):03958                             inc       ,s
2346 A664             (       c.prep.asm):03959         L2346               lda       $04,s
2348 E669             (       c.prep.asm):03960                             ldb       $09,s
234A 3D               (       c.prep.asm):03961                             mul
234B E361             (       c.prep.asm):03962                             addd      $01,s
234D ED61             (       c.prep.asm):03963                             std       $01,s
234F 2402             (       c.prep.asm):03964                             bcc       L2353
2351 6CE4             (       c.prep.asm):03965                             inc       ,s
2353 A664             (       c.prep.asm):03966         L2353               lda       $04,s
2355 E668             (       c.prep.asm):03967                             ldb       $08,s
2357 3D               (       c.prep.asm):03968                             mul
2358 E3E4             (       c.prep.asm):03969                             addd      ,s
235A EDE4             (       c.prep.asm):03970                             std       ,s
235C AE66             (       c.prep.asm):03971                             ldx       $06,s
235E AF68             (       c.prep.asm):03972                             stx       $08,s
2360 AEE4             (       c.prep.asm):03973                             ldx       ,s
2362 EC62             (       c.prep.asm):03974                             ldd       $02,s
2364 3268             (       c.prep.asm):03975                             leas      $08,s
2366 39               (       c.prep.asm):03976                             rts
2367 5D               (       c.prep.asm):03977                             tstb
2368 2713             (       c.prep.asm):03978                             beq       L237D
236A 6762             (       c.prep.asm):03979         L236A               asr       $02,s
236C 6663             (       c.prep.asm):03980                             ror       $03,s
236E 5A               (       c.prep.asm):03981                             decb
236F 26F9             (       c.prep.asm):03982                             bne       L236A
2371 200A             (       c.prep.asm):03983                             bra       L237D
2373 5D               (       c.prep.asm):03984         L2373               tstb
2374 2707             (       c.prep.asm):03985                             beq       L237D
2376 6462             (       c.prep.asm):03986         L2376               lsr       $02,s
2378 6663             (       c.prep.asm):03987                             ror       $03,s
237A 5A               (       c.prep.asm):03988                             decb
237B 26F9             (       c.prep.asm):03989                             bne       L2376
237D EC62             (       c.prep.asm):03990         L237D               ldd       $02,s
237F 3406             (       c.prep.asm):03991                             pshs      b,a
2381 EC62             (       c.prep.asm):03992                             ldd       $02,s
2383 ED64             (       c.prep.asm):03993                             std       $04,s
2385 ECE4             (       c.prep.asm):03994                             ldd       ,s
2387 3264             (       c.prep.asm):03995                             leas      $04,s
2389 39               (       c.prep.asm):03996                             rts
238A 5D               (       c.prep.asm):03997         L238A               tstb
238B 27F0             (       c.prep.asm):03998                             beq       L237D
238D 6863             (       c.prep.asm):03999         L238D               lsl       $03,s
238F 6962             (       c.prep.asm):04000                             rol       $02,s
2391 5A               (       c.prep.asm):04001                             decb
2392 26F9             (       c.prep.asm):04002                             bne       L238D
2394 20E7             (       c.prep.asm):04003                             bra       L237D
2396 A665             (       c.prep.asm):04004         L2396               lda       $05,s
2398 E663             (       c.prep.asm):04005                             ldb       $03,s
239A 272D             (       c.prep.asm):04006                             beq       L23C9
239C C101             (       c.prep.asm):04007                             cmpb      #$01
239E 272B             (       c.prep.asm):04008                             beq       L23CB
23A0 C106             (       c.prep.asm):04009                             cmpb      #$06
23A2 2727             (       c.prep.asm):04010                             beq       L23CB
23A4 C102             (       c.prep.asm):04011                             cmpb      #$02
23A6 2709             (       c.prep.asm):04012                             beq       L23B1
23A8 C105             (       c.prep.asm):04013                             cmpb      #$05
23AA 2705             (       c.prep.asm):04014                             beq       L23B1
23AC C6D0             (       c.prep.asm):04015                             ldb       #$D0
23AE 160268           (       c.prep.asm):04016                             lbra      L2619
                      (       c.prep.asm):04017         
23B1 3440             (       c.prep.asm):04018         L23B1               pshs      u
23B3 103F8D           (       c.prep.asm):04019                             os9       I$GetStt
23B6 2405             (       c.prep.asm):04020                             bcc       L23BD
23B8 3540             (       c.prep.asm):04021                             puls      u
23BA 16025C           (       c.prep.asm):04022                             lbra      L2619
23BD AFF808           (       c.prep.asm):04023         L23BD               stx       [<$08,s]
23C0 AE68             (       c.prep.asm):04024                             ldx       $08,s
23C2 EF02             (       c.prep.asm):04025                             stu       $02,x
23C4 3540             (       c.prep.asm):04026                             puls      u
23C6 4F               (       c.prep.asm):04027                             clra
23C7 5F               (       c.prep.asm):04028                             clrb
23C8 39               (       c.prep.asm):04029                             rts
                      (       c.prep.asm):04030         
23C9 AE66             (       c.prep.asm):04031         L23C9               ldx       $06,s
23CB 103F8D           (       c.prep.asm):04032         L23CB               os9       I$GetStt
23CE 160251           (       c.prep.asm):04033                             lbra      L2622
23D1 A665             (       c.prep.asm):04034                             lda       $05,s
23D3 E663             (       c.prep.asm):04035                             ldb       $03,s
23D5 2709             (       c.prep.asm):04036                             beq       L23E0
23D7 C102             (       c.prep.asm):04037                             cmpb      #$02
23D9 270D             (       c.prep.asm):04038                             beq       L23E8
23DB C6D0             (       c.prep.asm):04039                             ldb       #$D0
23DD 160239           (       c.prep.asm):04040                             lbra      L2619
23E0 AE66             (       c.prep.asm):04041         L23E0               ldx       $06,s
23E2 103F8E           (       c.prep.asm):04042                             os9       I$SetStt
23E5 16023A           (       c.prep.asm):04043                             lbra      L2622
                      (       c.prep.asm):04044         
23E8 3440             (       c.prep.asm):04045         L23E8               pshs      u
23EA AE68             (       c.prep.asm):04046                             ldx       $08,s
23EC EE6A             (       c.prep.asm):04047                             ldu       $0A,s
23EE 103F8E           (       c.prep.asm):04048                             os9       I$SetStt
23F1 3540             (       c.prep.asm):04049                             puls      u
23F3 16022C           (       c.prep.asm):04050                             lbra      L2622
23F6 AE62             (       c.prep.asm):04051                             ldx       $02,s
23F8 A665             (       c.prep.asm):04052                             lda       $05,s
23FA 103F84           (       c.prep.asm):04053                             os9       I$Open
23FD 2503             (       c.prep.asm):04054                             bcs       L2402
23FF 103F8F           (       c.prep.asm):04055                             os9       I$Close
2402 16021D           (       c.prep.asm):04056         L2402               lbra      L2622
2405 AE62             (       c.prep.asm):04057         L2405               ldx       $02,s
2407 A665             (       c.prep.asm):04058                             lda       $05,s
2409 103F84           (       c.prep.asm):04059                             os9       I$Open
240C 10250209         (       c.prep.asm):04060                             lbcs      L2619
2410 1F89             (       c.prep.asm):04061                             tfr       a,b
2412 4F               (       c.prep.asm):04062                             clra
2413 39               (       c.prep.asm):04063                             rts
2414 A663             (       c.prep.asm):04064         L2414               lda       $03,s
2416 103F8F           (       c.prep.asm):04065                             os9       I$Close
2419 160206           (       c.prep.asm):04066                             lbra      L2622
241C AE62             (       c.prep.asm):04067                             ldx       $02,s
241E E665             (       c.prep.asm):04068                             ldb       $05,s
2420 103F85           (       c.prep.asm):04069                             os9       I$MakDir
2423 1601FC           (       c.prep.asm):04070                             lbra      L2622
2426 AE62             (       c.prep.asm):04071         L2426               ldx       $02,s
2428 A665             (       c.prep.asm):04072                             lda       $05,s
242A C60B             (       c.prep.asm):04073                             ldb       #$0B
242C 103F83           (       c.prep.asm):04074                             os9       I$Create
242F 2504             (       c.prep.asm):04075                             bcs       L2435
2431 1F89             (       c.prep.asm):04076         L2431               tfr       a,b
2433 4F               (       c.prep.asm):04077                             clra
2434 39               (       c.prep.asm):04078                             rts
2435 C1DA             (       c.prep.asm):04079         L2435               cmpb      #$DA
2437 102601DE         (       c.prep.asm):04080                             lbne      L2619
243B A665             (       c.prep.asm):04081                             lda       $05,s
243D 8580             (       c.prep.asm):04082                             bita      #$80
243F 102601D6         (       c.prep.asm):04083                             lbne      L2619
2443 8407             (       c.prep.asm):04084                             anda      #$07
2445 AE62             (       c.prep.asm):04085                             ldx       $02,s
2447 103F84           (       c.prep.asm):04086                             os9       I$Open
244A 102501CB         (       c.prep.asm):04087                             lbcs      L2619
244E 3442             (       c.prep.asm):04088                             pshs      u,a
2450 8E0000           (       c.prep.asm):04089                             ldx       #$0000
2453 3384             (       c.prep.asm):04090                             leau      ,x
2455 C602             (       c.prep.asm):04091                             ldb       #$02
2457 103F8E           (       c.prep.asm):04092                             os9       I$SetStt
245A 3542             (       c.prep.asm):04093                             puls      u,a
245C 24D3             (       c.prep.asm):04094                             bcc       L2431
245E 3404             (       c.prep.asm):04095                             pshs      b
2460 103F8F           (       c.prep.asm):04096                             os9       I$Close
2463 3504             (       c.prep.asm):04097                             puls      b
2465 1601B1           (       c.prep.asm):04098                             lbra      L2619
2468 AE62             (       c.prep.asm):04099                             ldx       $02,s
246A 103F87           (       c.prep.asm):04100                             os9       I$Delete
246D 1601B2           (       c.prep.asm):04101                             lbra      L2622
2470 A663             (       c.prep.asm):04102                             lda       $03,s
2472 103F82           (       c.prep.asm):04103                             os9       I$Dup
2475 102501A0         (       c.prep.asm):04104                             lbcs      L2619
2479 1F89             (       c.prep.asm):04105                             tfr       a,b
247B 4F               (       c.prep.asm):04106                             clra
247C 39               (       c.prep.asm):04107                             rts
247D 3420             (       c.prep.asm):04108         L247D               pshs      y
247F AE66             (       c.prep.asm):04109                             ldx       $06,s
2481 A665             (       c.prep.asm):04110                             lda       $05,s
2483 10AE68           (       c.prep.asm):04111                             ldy       $08,s
2486 3420             (       c.prep.asm):04112                             pshs      y
2488 103F89           (       c.prep.asm):04113                             os9       I$Read
248B 240D             (       c.prep.asm):04114         L248B               bcc       L249A
248D C1D3             (       c.prep.asm):04115                             cmpb      #$D3
248F 2604             (       c.prep.asm):04116                             bne       L2495
2491 4F               (       c.prep.asm):04117                             clra
2492 5F               (       c.prep.asm):04118                             clrb
2493 35B0             (       c.prep.asm):04119                             puls      pc,y,x
2495 3530             (       c.prep.asm):04120         L2495               puls      y,x
2497 16017F           (       c.prep.asm):04121                             lbra      L2619
249A 1F20             (       c.prep.asm):04122         L249A               tfr       y,d
249C 35B0             (       c.prep.asm):04123                             puls      pc,y,x
249E 3420             (       c.prep.asm):04124         L249E               pshs      y
24A0 A665             (       c.prep.asm):04125                             lda       $05,s
24A2 AE66             (       c.prep.asm):04126                             ldx       $06,s
24A4 10AE68           (       c.prep.asm):04127                             ldy       $08,s
24A7 3420             (       c.prep.asm):04128                             pshs      y
24A9 103F8B           (       c.prep.asm):04129                             os9       I$ReadLn
24AC 20DD             (       c.prep.asm):04130                             bra       L248B
24AE 3420             (       c.prep.asm):04131         L24AE               pshs      y
24B0 10AE68           (       c.prep.asm):04132                             ldy       $08,s
24B3 270E             (       c.prep.asm):04133                             beq       L24C3
24B5 A665             (       c.prep.asm):04134                             lda       $05,s
24B7 AE66             (       c.prep.asm):04135                             ldx       $06,s
24B9 103F8A           (       c.prep.asm):04136                             os9       I$Write
24BC 2405             (       c.prep.asm):04137         L24BC               bcc       L24C3
24BE 3520             (       c.prep.asm):04138                             puls      y
24C0 160156           (       c.prep.asm):04139                             lbra      L2619
24C3 1F20             (       c.prep.asm):04140         L24C3               tfr       y,d
24C5 35A0             (       c.prep.asm):04141                             puls      pc,y
24C7 3420             (       c.prep.asm):04142         L24C7               pshs      y
24C9 10AE68           (       c.prep.asm):04143                             ldy       $08,s
24CC 27F5             (       c.prep.asm):04144                             beq       L24C3
24CE A665             (       c.prep.asm):04145                             lda       $05,s
24D0 AE66             (       c.prep.asm):04146                             ldx       $06,s
24D2 103F8C           (       c.prep.asm):04147                             os9       I$WritLn
24D5 20E5             (       c.prep.asm):04148                             bra       L24BC
                      (       c.prep.asm):04149         
24D7 3440             (       c.prep.asm):04150         L24D7               pshs      u
24D9 EC6A             (       c.prep.asm):04151                             ldd       $0A,s
24DB 2608             (       c.prep.asm):04152                             bne       L24E5
24DD CE0000           (       c.prep.asm):04153                             ldu       #$0000
24E0 8E0000           (       c.prep.asm):04154                             ldx       #$0000
24E3 2034             (       c.prep.asm):04155                             bra       L2519
24E5 10830001         (       c.prep.asm):04156         L24E5               cmpd      #$0001
24E9 2725             (       c.prep.asm):04157                             beq       L2510
24EB 10830002         (       c.prep.asm):04158                             cmpd      #$0002
24EF 2714             (       c.prep.asm):04159                             beq       L2505
24F1 C6F7             (       c.prep.asm):04160                             ldb       #$F7
24F3 4F               (       c.prep.asm):04161         L24F3               clra
24F4 EDA901CC         (       c.prep.asm):04162                             std       >$01CC,y
24F8 CCFFFF           (       c.prep.asm):04163                             ldd       #$FFFF
24FB 30A901C0         (       c.prep.asm):04164                             leax      >$01C0,y
24FF ED84             (       c.prep.asm):04165                             std       ,x
2501 ED02             (       c.prep.asm):04166                             std       $02,x
2503 35C0             (       c.prep.asm):04167                             puls      pc,u
2505 A665             (       c.prep.asm):04168         L2505               lda       $05,s
2507 C602             (       c.prep.asm):04169                             ldb       #$02
2509 103F8D           (       c.prep.asm):04170                             os9       I$GetStt
250C 25E5             (       c.prep.asm):04171                             bcs       L24F3
250E 2009             (       c.prep.asm):04172                             bra       L2519
2510 A665             (       c.prep.asm):04173         L2510               lda       $05,s
2512 C605             (       c.prep.asm):04174                             ldb       #$05
2514 103F8D           (       c.prep.asm):04175                             os9       I$GetStt
2517 25DA             (       c.prep.asm):04176                             bcs       L24F3
2519 1F30             (       c.prep.asm):04177         L2519               tfr       u,d
251B E368             (       c.prep.asm):04178                             addd      $08,s
251D EDA901C2         (       c.prep.asm):04179                             std       >$01C2,y
2521 1F03             (       c.prep.asm):04180                             tfr       d,u
2523 1F10             (       c.prep.asm):04181                             tfr       x,d
2525 E967             (       c.prep.asm):04182                             adcb      $07,s
2527 A966             (       c.prep.asm):04183                             adca      $06,s
2529 2BC8             (       c.prep.asm):04184                             bmi       L24F3
252B 1F01             (       c.prep.asm):04185                             tfr       d,x
252D EDA901C0         (       c.prep.asm):04186                             std       >$01C0,y
2531 A665             (       c.prep.asm):04187                             lda       $05,s
2533 103F88           (       c.prep.asm):04188                             os9       I$Seek
2536 25BB             (       c.prep.asm):04189                             bcs       L24F3
2538 30A901C0         (       c.prep.asm):04190                             leax      >$01C0,y
253C 35C0             (       c.prep.asm):04191                             puls      pc,u
                      (       c.prep.asm):04192         
253E 3460             (       c.prep.asm):04193         L253E               pshs      u,y
2540 AE66             (       c.prep.asm):04194                             ldx       $06,s
2542 A669             (       c.prep.asm):04195                             lda       $09,s
2544 48               (       c.prep.asm):04196                             lsla
2545 48               (       c.prep.asm):04197                             lsla
2546 48               (       c.prep.asm):04198                             lsla
2547 48               (       c.prep.asm):04199                             lsla
2548 AA6B             (       c.prep.asm):04200                             ora       $0B,s
254A 103F00           (       c.prep.asm):04201                             os9       F$Link
254D 1F30             (       c.prep.asm):04202         L254D               tfr       u,d
254F 3560             (       c.prep.asm):04203                             puls      u,y
2551 102500C4         (       c.prep.asm):04204                             lbcs      L2619
2555 39               (       c.prep.asm):04205                             rts
                      (       c.prep.asm):04206         
2556 3460             (       c.prep.asm):04207                             pshs      u,y
2558 AE66             (       c.prep.asm):04208                             ldx       $06,s
255A A669             (       c.prep.asm):04209                             lda       $09,s
255C 48               (       c.prep.asm):04210                             lsla
255D 48               (       c.prep.asm):04211                             lsla
255E 48               (       c.prep.asm):04212                             lsla
255F 48               (       c.prep.asm):04213                             lsla
2560 AA6B             (       c.prep.asm):04214                             ora       $0B,s
2562 103F01           (       c.prep.asm):04215                             os9       F$Load
2565 20E6             (       c.prep.asm):04216                             bra       L254D
                      (       c.prep.asm):04217         
2567 3440             (       c.prep.asm):04218         L2567               pshs      u
2569 EE64             (       c.prep.asm):04219                             ldu       $04,s
256B 103F02           (       c.prep.asm):04220                             os9       F$UnLink
256E 3540             (       c.prep.asm):04221                             puls      u
2570 1600AF           (       c.prep.asm):04222                             lbra      L2622
                      (       c.prep.asm):04223         
2573 ECA901BE         (       c.prep.asm):04224         L2573               ldd       >$01BE,y
2577 3406             (       c.prep.asm):04225                             pshs      b,a
2579 EC64             (       c.prep.asm):04226                             ldd       $04,s
257B 10A3A90586       (       c.prep.asm):04227                             cmpd      >$0586,y
2580 2525             (       c.prep.asm):04228                             bcs       L25A7
2582 E3A901BE         (       c.prep.asm):04229                             addd      >$01BE,y
2586 3420             (       c.prep.asm):04230                             pshs      y
2588 A3E4             (       c.prep.asm):04231                             subd      ,s
258A 103F07           (       c.prep.asm):04232                             os9       F$Mem
258D 1F20             (       c.prep.asm):04233                             tfr       y,d
258F 3520             (       c.prep.asm):04234                             puls      y
2591 2406             (       c.prep.asm):04235                             bcc       L2599
2593 CCFFFF           (       c.prep.asm):04236                             ldd       #$FFFF
2596 3262             (       c.prep.asm):04237                             leas      $02,s
2598 39               (       c.prep.asm):04238                             rts
2599 EDA901BE         (       c.prep.asm):04239         L2599               std       >$01BE,y
259D E3A90586         (       c.prep.asm):04240                             addd      >$0586,y
25A1 A3E4             (       c.prep.asm):04241                             subd      ,s
25A3 EDA90586         (       c.prep.asm):04242                             std       >$0586,y
25A7 3262             (       c.prep.asm):04243         L25A7               leas      $02,s
25A9 ECA90586         (       c.prep.asm):04244                             ldd       >$0586,y
25AD 3406             (       c.prep.asm):04245                             pshs      b,a
25AF A364             (       c.prep.asm):04246                             subd      $04,s
25B1 EDA90586         (       c.prep.asm):04247                             std       >$0586,y
25B5 ECA901BE         (       c.prep.asm):04248                             ldd       >$01BE,y
25B9 A3E1             (       c.prep.asm):04249                             subd      ,s++
25BB 3406             (       c.prep.asm):04250                             pshs      b,a
25BD 4F               (       c.prep.asm):04251                             clra
25BE AEE4             (       c.prep.asm):04252                             ldx       ,s
25C0 A780             (       c.prep.asm):04253         L25C0               sta       ,x+
25C2 ACA901BE         (       c.prep.asm):04254                             cmpx      >$01BE,y
25C6 25F8             (       c.prep.asm):04255                             bcs       L25C0
25C8 3586             (       c.prep.asm):04256                             puls      pc,b,a
25CA EC62             (       c.prep.asm):04257         L25CA               ldd       $02,s
25CC E3A901C8         (       c.prep.asm):04258                             addd      >$01C8,y
25D0 2521             (       c.prep.asm):04259                             bcs       L25F3
25D2 10A3A901CA       (       c.prep.asm):04260                             cmpd      >$01CA,y
25D7 241A             (       c.prep.asm):04261                             bcc       L25F3
25D9 3406             (       c.prep.asm):04262                             pshs      b,a
25DB AEA901C8         (       c.prep.asm):04263                             ldx       >$01C8,y
25DF 4F               (       c.prep.asm):04264                             clra
25E0 ACE4             (       c.prep.asm):04265         L25E0               cmpx      ,s
25E2 2404             (       c.prep.asm):04266                             bcc       L25E8
25E4 A780             (       c.prep.asm):04267                             sta       ,x+
25E6 20F8             (       c.prep.asm):04268                             bra       L25E0
25E8 ECA901C8         (       c.prep.asm):04269         L25E8               ldd       >$01C8,y
25EC 3510             (       c.prep.asm):04270                             puls      x
25EE AFA901C8         (       c.prep.asm):04271                             stx       >$01C8,y
25F2 39               (       c.prep.asm):04272                             rts
25F3 CCFFFF           (       c.prep.asm):04273         L25F3               ldd       #$FFFF
25F6 39               (       c.prep.asm):04274                             rts
                      (       c.prep.asm):04275         
25F7 3440             (       c.prep.asm):04276         L25F7               pshs      u
25F9 1F23             (       c.prep.asm):04277                             tfr       y,u
25FB AE64             (       c.prep.asm):04278                             ldx       $04,s
25FD AFA90588         (       c.prep.asm):04279                             stx       >$0588,y
2601 308D0008         (       c.prep.asm):04280                             leax      >L260D,pcr
2605 103F09           (       c.prep.asm):04281                             os9       F$Icpt
2608 3540             (       c.prep.asm):04282                             puls      u
260A 160015           (       c.prep.asm):04283                             lbra      L2622
260D 1F32             (       c.prep.asm):04284         L260D               tfr       u,y
260F 4F               (       c.prep.asm):04285                             clra
2610 3406             (       c.prep.asm):04286                             pshs      b,a
2612 ADB90588         (       c.prep.asm):04287                             jsr       [>$0588,y]
2616 3262             (       c.prep.asm):04288                             leas      $02,s
2618 3B               (       c.prep.asm):04289                             rti
                      (       c.prep.asm):04290         
2619 4F               (       c.prep.asm):04291         L2619               clra
261A EDA901CC         (       c.prep.asm):04292                             std       >$01CC,y
261E CCFFFF           (       c.prep.asm):04293                             ldd       #$FFFF
2621 39               (       c.prep.asm):04294                             rts
2622 25F5             (       c.prep.asm):04295         L2622               bcs       L2619
2624 4F               (       c.prep.asm):04296                             clra
2625 5F               (       c.prep.asm):04297                             clrb
2626 39               (       c.prep.asm):04298                             rts
                      (       c.prep.asm):04299         
2627 170008           (       c.prep.asm):04300         L2627               lbsr      L2632
262A 17F870           (       c.prep.asm):04301                             lbsr      L1E9D
                      (       c.prep.asm):04302         
262D EC62             (       c.prep.asm):04303         L262D               ldd       $02,s
262F 103F06           (       c.prep.asm):04304                             os9       F$Exit
2632 39               (       c.prep.asm):04305         L2632               rts
                      (       c.prep.asm):04306         
2633 00               (       c.prep.asm):04307         L2633               fcb       $00
2634 01               (       c.prep.asm):04308                             fcb       $01
2635 00               (       c.prep.asm):04309                             fcb       $00
2636 01               (       c.prep.asm):04310                             fcb       $01
2637 62               (       c.prep.asm):04311                             fcb       $62                 b
2638 03               (       c.prep.asm):04312                             fcb       $03
2639 77               (       c.prep.asm):04313                             fcb       $77                 w
263A 00               (       c.prep.asm):04314                             fcb       $00
263B 01               (       c.prep.asm):04315                             fcb       $01
263C 27               (       c.prep.asm):04316                             fcb       $27                 '
263D 10               (       c.prep.asm):04317                             fcb       $10
263E 03               (       c.prep.asm):04318                             fcb       $03
263F E8               (       c.prep.asm):04319                             fcb       $E8
2640 00               (       c.prep.asm):04320                             fcb       $00
2641 64               (       c.prep.asm):04321                             fcb       $64                 d
2642 00               (       c.prep.asm):04322                             fcb       $00
2643 0A               (       c.prep.asm):04323                             fcb       $0A
2644 00               (       c.prep.asm):04324                             fcb       $00
2645 28               (       c.prep.asm):04325                             fcb       $28                 (
2646 6C               (       c.prep.asm):04326                             fcb       $6C                 l
2647 78               (       c.prep.asm):04327                             fcb       $78                 x
2648 00               (       c.prep.asm):04328                             fcb       $00
2649 00               (       c.prep.asm):04329                             fcb       $00
264A 00               (       c.prep.asm):04330                             fcb       $00
264B 00               (       c.prep.asm):04331                             fcb       $00
264C 00               (       c.prep.asm):04332                             fcb       $00
264D 00               (       c.prep.asm):04333                             fcb       $00
264E 00               (       c.prep.asm):04334                             fcb       $00
264F 00               (       c.prep.asm):04335                             fcb       $00
2650 01               (       c.prep.asm):04336                             fcb       $01
2651 00               (       c.prep.asm):04337                             fcb       $00
2652 00               (       c.prep.asm):04338                             fcb       $00
2653 00               (       c.prep.asm):04339                             fcb       $00
2654 00               (       c.prep.asm):04340                             fcb       $00
2655 00               (       c.prep.asm):04341                             fcb       $00
2656 00               (       c.prep.asm):04342                             fcb       $00
2657 00               (       c.prep.asm):04343                             fcb       $00
2658 00               (       c.prep.asm):04344                             fcb       $00
2659 00               (       c.prep.asm):04345                             fcb       $00
265A 00               (       c.prep.asm):04346                             fcb       $00
265B 00               (       c.prep.asm):04347                             fcb       $00
265C 00               (       c.prep.asm):04348                             fcb       $00
265D 02               (       c.prep.asm):04349                             fcb       $02
265E 00               (       c.prep.asm):04350                             fcb       $00
265F 01               (       c.prep.asm):04351                             fcb       $01
2660 00               (       c.prep.asm):04352                             fcb       $00
2661 00               (       c.prep.asm):04353                             fcb       $00
2662 00               (       c.prep.asm):04354                             fcb       $00
2663 00               (       c.prep.asm):04355                             fcb       $00
2664 00               (       c.prep.asm):04356                             fcb       $00
2665 00               (       c.prep.asm):04357                             fcb       $00
2666 00               (       c.prep.asm):04358                             fcb       $00
2667 00               (       c.prep.asm):04359                             fcb       $00
2668 00               (       c.prep.asm):04360                             fcb       $00
2669 00               (       c.prep.asm):04361                             fcb       $00
266A 42               (       c.prep.asm):04362                             fcb       $42                 B
266B 00               (       c.prep.asm):04363                             fcb       $00
266C 02               (       c.prep.asm):04364                             fcb       $02
266D 00               (       c.prep.asm):04365                             fcb       $00
266E 00               (       c.prep.asm):04366                             fcb       $00
266F 00               (       c.prep.asm):04367                             fcb       $00
2670 00               (       c.prep.asm):04368                             fcb       $00
2671 00               (       c.prep.asm):04369                             fcb       $00
2672 00               (       c.prep.asm):04370                             fcb       $00
2673 00               (       c.prep.asm):04371                             fcb       $00
2674 00               (       c.prep.asm):04372                             fcb       $00
2675 00               (       c.prep.asm):04373                             fcb       $00
2676 00               (       c.prep.asm):04374                             fcb       $00
2677 00               (       c.prep.asm):04375                             fcb       $00
2678 00               (       c.prep.asm):04376                             fcb       $00
2679 00               (       c.prep.asm):04377                             fcb       $00
267A 00               (       c.prep.asm):04378                             fcb       $00
267B 00               (       c.prep.asm):04379                             fcb       $00
267C 00               (       c.prep.asm):04380                             fcb       $00
267D 00               (       c.prep.asm):04381                             fcb       $00
267E 00               (       c.prep.asm):04382                             fcb       $00
267F 00               (       c.prep.asm):04383                             fcb       $00
2680 00               (       c.prep.asm):04384                             fcb       $00
2681 00               (       c.prep.asm):04385                             fcb       $00
2682 00               (       c.prep.asm):04386                             fcb       $00
2683 00               (       c.prep.asm):04387                             fcb       $00
2684 00               (       c.prep.asm):04388                             fcb       $00
2685 00               (       c.prep.asm):04389                             fcb       $00
2686 00               (       c.prep.asm):04390                             fcb       $00
2687 00               (       c.prep.asm):04391                             fcb       $00
2688 00               (       c.prep.asm):04392                             fcb       $00
2689 00               (       c.prep.asm):04393                             fcb       $00
268A 00               (       c.prep.asm):04394                             fcb       $00
268B 00               (       c.prep.asm):04395                             fcb       $00
268C 00               (       c.prep.asm):04396                             fcb       $00
268D 00               (       c.prep.asm):04397                             fcb       $00
268E 00               (       c.prep.asm):04398                             fcb       $00
268F 00               (       c.prep.asm):04399                             fcb       $00
2690 00               (       c.prep.asm):04400                             fcb       $00
2691 00               (       c.prep.asm):04401                             fcb       $00
2692 00               (       c.prep.asm):04402                             fcb       $00
2693 00               (       c.prep.asm):04403                             fcb       $00
2694 00               (       c.prep.asm):04404                             fcb       $00
2695 00               (       c.prep.asm):04405                             fcb       $00
2696 00               (       c.prep.asm):04406                             fcb       $00
2697 00               (       c.prep.asm):04407                             fcb       $00
2698 00               (       c.prep.asm):04408                             fcb       $00
2699 00               (       c.prep.asm):04409                             fcb       $00
269A 00               (       c.prep.asm):04410                             fcb       $00
269B 00               (       c.prep.asm):04411                             fcb       $00
269C 00               (       c.prep.asm):04412                             fcb       $00
269D 00               (       c.prep.asm):04413                             fcb       $00
269E 00               (       c.prep.asm):04414                             fcb       $00
269F 00               (       c.prep.asm):04415                             fcb       $00
26A0 00               (       c.prep.asm):04416                             fcb       $00
26A1 00               (       c.prep.asm):04417                             fcb       $00
26A2 00               (       c.prep.asm):04418                             fcb       $00
26A3 00               (       c.prep.asm):04419                             fcb       $00
26A4 00               (       c.prep.asm):04420                             fcb       $00
26A5 00               (       c.prep.asm):04421                             fcb       $00
26A6 00               (       c.prep.asm):04422                             fcb       $00
26A7 00               (       c.prep.asm):04423                             fcb       $00
26A8 00               (       c.prep.asm):04424                             fcb       $00
26A9 00               (       c.prep.asm):04425                             fcb       $00
26AA 00               (       c.prep.asm):04426                             fcb       $00
26AB 00               (       c.prep.asm):04427                             fcb       $00
26AC 00               (       c.prep.asm):04428                             fcb       $00
26AD 00               (       c.prep.asm):04429                             fcb       $00
26AE 00               (       c.prep.asm):04430                             fcb       $00
26AF 00               (       c.prep.asm):04431                             fcb       $00
26B0 00               (       c.prep.asm):04432                             fcb       $00
26B1 00               (       c.prep.asm):04433                             fcb       $00
26B2 00               (       c.prep.asm):04434                             fcb       $00
26B3 00               (       c.prep.asm):04435                             fcb       $00
26B4 00               (       c.prep.asm):04436                             fcb       $00
26B5 00               (       c.prep.asm):04437                             fcb       $00
26B6 00               (       c.prep.asm):04438                             fcb       $00
26B7 00               (       c.prep.asm):04439                             fcb       $00
26B8 00               (       c.prep.asm):04440                             fcb       $00
26B9 00               (       c.prep.asm):04441                             fcb       $00
26BA 00               (       c.prep.asm):04442                             fcb       $00
26BB 00               (       c.prep.asm):04443                             fcb       $00
26BC 00               (       c.prep.asm):04444                             fcb       $00
26BD 00               (       c.prep.asm):04445                             fcb       $00
26BE 00               (       c.prep.asm):04446                             fcb       $00
26BF 00               (       c.prep.asm):04447                             fcb       $00
26C0 00               (       c.prep.asm):04448                             fcb       $00
26C1 00               (       c.prep.asm):04449                             fcb       $00
26C2 00               (       c.prep.asm):04450                             fcb       $00
26C3 00               (       c.prep.asm):04451                             fcb       $00
26C4 00               (       c.prep.asm):04452                             fcb       $00
26C5 00               (       c.prep.asm):04453                             fcb       $00
26C6 00               (       c.prep.asm):04454                             fcb       $00
26C7 00               (       c.prep.asm):04455                             fcb       $00
26C8 00               (       c.prep.asm):04456                             fcb       $00
26C9 00               (       c.prep.asm):04457                             fcb       $00
26CA 00               (       c.prep.asm):04458                             fcb       $00
26CB 00               (       c.prep.asm):04459                             fcb       $00
26CC 00               (       c.prep.asm):04460                             fcb       $00
26CD 00               (       c.prep.asm):04461                             fcb       $00
26CE 00               (       c.prep.asm):04462                             fcb       $00
26CF 00               (       c.prep.asm):04463                             fcb       $00
26D0 00               (       c.prep.asm):04464                             fcb       $00
26D1 00               (       c.prep.asm):04465                             fcb       $00
26D2 00               (       c.prep.asm):04466                             fcb       $00
26D3 00               (       c.prep.asm):04467                             fcb       $00
26D4 00               (       c.prep.asm):04468                             fcb       $00
26D5 00               (       c.prep.asm):04469                             fcb       $00
26D6 00               (       c.prep.asm):04470                             fcb       $00
26D7 00               (       c.prep.asm):04471                             fcb       $00
26D8 00               (       c.prep.asm):04472                             fcb       $00
26D9 00               (       c.prep.asm):04473                             fcb       $00
26DA 00               (       c.prep.asm):04474                             fcb       $00
26DB 00               (       c.prep.asm):04475                             fcb       $00
26DC 00               (       c.prep.asm):04476                             fcb       $00
26DD 00               (       c.prep.asm):04477                             fcb       $00
26DE 00               (       c.prep.asm):04478                             fcb       $00
26DF 00               (       c.prep.asm):04479                             fcb       $00
26E0 00               (       c.prep.asm):04480                             fcb       $00
26E1 00               (       c.prep.asm):04481                             fcb       $00
26E2 00               (       c.prep.asm):04482                             fcb       $00
26E3 00               (       c.prep.asm):04483                             fcb       $00
26E4 00               (       c.prep.asm):04484                             fcb       $00
26E5 00               (       c.prep.asm):04485                             fcb       $00
26E6 00               (       c.prep.asm):04486                             fcb       $00
26E7 00               (       c.prep.asm):04487                             fcb       $00
26E8 00               (       c.prep.asm):04488                             fcb       $00
26E9 00               (       c.prep.asm):04489                             fcb       $00
26EA 00               (       c.prep.asm):04490                             fcb       $00
26EB 00               (       c.prep.asm):04491                             fcb       $00
26EC 00               (       c.prep.asm):04492                             fcb       $00
26ED 00               (       c.prep.asm):04493                             fcb       $00
26EE 00               (       c.prep.asm):04494                             fcb       $00
26EF 00               (       c.prep.asm):04495                             fcb       $00
26F0 00               (       c.prep.asm):04496                             fcb       $00
26F1 00               (       c.prep.asm):04497                             fcb       $00
26F2 00               (       c.prep.asm):04498                             fcb       $00
26F3 00               (       c.prep.asm):04499                             fcb       $00
26F4 00               (       c.prep.asm):04500                             fcb       $00
26F5 00               (       c.prep.asm):04501                             fcb       $00
26F6 00               (       c.prep.asm):04502                             fcb       $00
26F7 00               (       c.prep.asm):04503                             fcb       $00
26F8 00               (       c.prep.asm):04504                             fcb       $00
26F9 00               (       c.prep.asm):04505                             fcb       $00
26FA 00               (       c.prep.asm):04506                             fcb       $00
26FB 00               (       c.prep.asm):04507                             fcb       $00
26FC 00               (       c.prep.asm):04508                             fcb       $00
26FD 00               (       c.prep.asm):04509                             fcb       $00
26FE 00               (       c.prep.asm):04510                             fcb       $00
26FF 00               (       c.prep.asm):04511                             fcb       $00
2700 00               (       c.prep.asm):04512                             fcb       $00
2701 00               (       c.prep.asm):04513                             fcb       $00
2702 00               (       c.prep.asm):04514                             fcb       $00
2703 00               (       c.prep.asm):04515                             fcb       $00
2704 00               (       c.prep.asm):04516                             fcb       $00
2705 00               (       c.prep.asm):04517                             fcb       $00
2706 00               (       c.prep.asm):04518                             fcb       $00
2707 00               (       c.prep.asm):04519                             fcb       $00
2708 00               (       c.prep.asm):04520                             fcb       $00
2709 00               (       c.prep.asm):04521                             fcb       $00
270A 00               (       c.prep.asm):04522                             fcb       $00
270B 00               (       c.prep.asm):04523                             fcb       $00
270C 00               (       c.prep.asm):04524                             fcb       $00
270D 00               (       c.prep.asm):04525                             fcb       $00
270E 00               (       c.prep.asm):04526                             fcb       $00
270F 00               (       c.prep.asm):04527                             fcb       $00
2710 00               (       c.prep.asm):04528                             fcb       $00
2711 00               (       c.prep.asm):04529                             fcb       $00
2712 00               (       c.prep.asm):04530                             fcb       $00
2713 00               (       c.prep.asm):04531                             fcb       $00
2714 00               (       c.prep.asm):04532                             fcb       $00
2715 00               (       c.prep.asm):04533                             fcb       $00
2716 00               (       c.prep.asm):04534                             fcb       $00
2717 00               (       c.prep.asm):04535                             fcb       $00
2718 00               (       c.prep.asm):04536                             fcb       $00
2719 00               (       c.prep.asm):04537                             fcb       $00
271A 01               (       c.prep.asm):04538                             fcb       $01
271B 01               (       c.prep.asm):04539                             fcb       $01
271C 01               (       c.prep.asm):04540                             fcb       $01
271D 01               (       c.prep.asm):04541                             fcb       $01
271E 01               (       c.prep.asm):04542                             fcb       $01
271F 01               (       c.prep.asm):04543                             fcb       $01
2720 01               (       c.prep.asm):04544                             fcb       $01
2721 01               (       c.prep.asm):04545                             fcb       $01
2722 01               (       c.prep.asm):04546                             fcb       $01
2723 11               (       c.prep.asm):04547                             fcb       $11
2724 11               (       c.prep.asm):04548                             fcb       $11
2725 01               (       c.prep.asm):04549                             fcb       $01
2726 11               (       c.prep.asm):04550                             fcb       $11
2727 11               (       c.prep.asm):04551                             fcb       $11
2728 01               (       c.prep.asm):04552                             fcb       $01
2729 01               (       c.prep.asm):04553                             fcb       $01
272A 01               (       c.prep.asm):04554                             fcb       $01
272B 01               (       c.prep.asm):04555                             fcb       $01
272C 01               (       c.prep.asm):04556                             fcb       $01
272D 01               (       c.prep.asm):04557                             fcb       $01
272E 01               (       c.prep.asm):04558                             fcb       $01
272F 01               (       c.prep.asm):04559                             fcb       $01
2730 01               (       c.prep.asm):04560                             fcb       $01
2731 01               (       c.prep.asm):04561                             fcb       $01
2732 01               (       c.prep.asm):04562                             fcb       $01
2733 01               (       c.prep.asm):04563                             fcb       $01
2734 01               (       c.prep.asm):04564                             fcb       $01
2735 01               (       c.prep.asm):04565                             fcb       $01
2736 01               (       c.prep.asm):04566                             fcb       $01
2737 01               (       c.prep.asm):04567                             fcb       $01
2738 01               (       c.prep.asm):04568                             fcb       $01
2739 01               (       c.prep.asm):04569                             fcb       $01
273A 30               (       c.prep.asm):04570                             fcb       $30                 0
273B 20               (       c.prep.asm):04571                             fcb       $20
273C 20               (       c.prep.asm):04572                             fcb       $20
273D 20               (       c.prep.asm):04573                             fcb       $20
273E 20               (       c.prep.asm):04574                             fcb       $20
273F 20               (       c.prep.asm):04575                             fcb       $20
2740 20               (       c.prep.asm):04576                             fcb       $20
2741 20               (       c.prep.asm):04577                             fcb       $20
2742 20               (       c.prep.asm):04578                             fcb       $20
2743 20               (       c.prep.asm):04579                             fcb       $20
2744 20               (       c.prep.asm):04580                             fcb       $20
2745 20               (       c.prep.asm):04581                             fcb       $20
2746 20               (       c.prep.asm):04582                             fcb       $20
2747 20               (       c.prep.asm):04583                             fcb       $20
2748 20               (       c.prep.asm):04584                             fcb       $20
2749 20               (       c.prep.asm):04585                             fcb       $20
274A 48               (       c.prep.asm):04586                             fcb       $48                 H
274B 48               (       c.prep.asm):04587                             fcb       $48                 H
274C 48               (       c.prep.asm):04588                             fcb       $48                 H
274D 48               (       c.prep.asm):04589                             fcb       $48                 H
274E 48               (       c.prep.asm):04590                             fcb       $48                 H
274F 48               (       c.prep.asm):04591                             fcb       $48                 H
2750 48               (       c.prep.asm):04592                             fcb       $48                 H
2751 48               (       c.prep.asm):04593                             fcb       $48                 H
2752 48               (       c.prep.asm):04594                             fcb       $48                 H
2753 48               (       c.prep.asm):04595                             fcb       $48                 H
2754 20               (       c.prep.asm):04596                             fcb       $20
2755 20               (       c.prep.asm):04597                             fcb       $20
2756 20               (       c.prep.asm):04598                             fcb       $20
2757 20               (       c.prep.asm):04599                             fcb       $20
2758 20               (       c.prep.asm):04600                             fcb       $20
2759 20               (       c.prep.asm):04601                             fcb       $20
275A 20               (       c.prep.asm):04602                             fcb       $20
275B 42               (       c.prep.asm):04603                             fcb       $42                 B
275C 42               (       c.prep.asm):04604                             fcb       $42                 B
275D 42               (       c.prep.asm):04605                             fcb       $42                 B
275E 42               (       c.prep.asm):04606         L275E               fcb       $42                 B
275F 42               (       c.prep.asm):04607                             fcb       $42                 B
2760 42               (       c.prep.asm):04608         L2760               fcb       $42                 B
2761 02               (       c.prep.asm):04609                             fcb       $02
2762 02               (       c.prep.asm):04610                             fcb       $02
2763 02               (       c.prep.asm):04611                             fcb       $02
2764 02               (       c.prep.asm):04612         L2764               fcb       $02
2765 02               (       c.prep.asm):04613                             fcb       $02
2766 02               (       c.prep.asm):04614                             fcb       $02
2767 02               (       c.prep.asm):04615                             fcb       $02
2768 02               (       c.prep.asm):04616                             fcb       $02
2769 02               (       c.prep.asm):04617                             fcb       $02
276A 02               (       c.prep.asm):04618         L276A               fcb       $02
276B 02               (       c.prep.asm):04619                             fcb       $02
276C 02               (       c.prep.asm):04620                             fcb       $02
276D 02               (       c.prep.asm):04621                             fcb       $02
276E 02               (       c.prep.asm):04622                             fcb       $02
276F 02               (       c.prep.asm):04623                             fcb       $02
2770 02               (       c.prep.asm):04624                             fcb       $02
2771 02               (       c.prep.asm):04625                             fcb       $02
2772 02               (       c.prep.asm):04626                             fcb       $02
2773 02               (       c.prep.asm):04627                             fcb       $02
2774 02               (       c.prep.asm):04628                             fcb       $02
2775 20               (       c.prep.asm):04629                             fcb       $20
2776 20               (       c.prep.asm):04630         L2776               fcb       $20
2777 20               (       c.prep.asm):04631                             fcb       $20
2778 20               (       c.prep.asm):04632                             fcb       $20
2779 20               (       c.prep.asm):04633                             fcb       $20
277A 20               (       c.prep.asm):04634                             fcb       $20
277B 44               (       c.prep.asm):04635                             fcb       $44                 D
277C 44               (       c.prep.asm):04636                             fcb       $44                 D
277D 44               (       c.prep.asm):04637                             fcb       $44                 D
277E 44               (       c.prep.asm):04638                             fcb       $44                 D
277F 44               (       c.prep.asm):04639                             fcb       $44                 D
2780 44               (       c.prep.asm):04640                             fcb       $44                 D
2781 04               (       c.prep.asm):04641                             fcb       $04
2782 04               (       c.prep.asm):04642                             fcb       $04
2783 04               (       c.prep.asm):04643                             fcb       $04
2784 04               (       c.prep.asm):04644                             fcb       $04
2785 04               (       c.prep.asm):04645                             fcb       $04
2786 04               (       c.prep.asm):04646                             fcb       $04
2787 04               (       c.prep.asm):04647                             fcb       $04
2788 04               (       c.prep.asm):04648                             fcb       $04
2789 04               (       c.prep.asm):04649                             fcb       $04
278A 04               (       c.prep.asm):04650                             fcb       $04
278B 04               (       c.prep.asm):04651                             fcb       $04
278C 04               (       c.prep.asm):04652                             fcb       $04
278D 04               (       c.prep.asm):04653                             fcb       $04
278E 04               (       c.prep.asm):04654                             fcb       $04
278F 04               (       c.prep.asm):04655                             fcb       $04
2790 04               (       c.prep.asm):04656                             fcb       $04
2791 04               (       c.prep.asm):04657                             fcb       $04
2792 04               (       c.prep.asm):04658                             fcb       $04
2793 04               (       c.prep.asm):04659                             fcb       $04
2794 04               (       c.prep.asm):04660                             fcb       $04
2795 20               (       c.prep.asm):04661                             fcb       $20
2796 20               (       c.prep.asm):04662                             fcb       $20
2797 20               (       c.prep.asm):04663                             fcb       $20
2798 20               (       c.prep.asm):04664                             fcb       $20
2799 01               (       c.prep.asm):04665                             fcb       $01
279A 00               (       c.prep.asm):04666                             fcb       $00
279B 01               (       c.prep.asm):04667                             fcb       $01
279C 00               (       c.prep.asm):04668                             fcb       $00
279D 1C               (       c.prep.asm):04669                             fcb       $1C
279E 00               (       c.prep.asm):04670                             fcb       $00
279F 01               (       c.prep.asm):04671                             fcb       $01
27A0 00               (       c.prep.asm):04672                             fcb       $00
27A1 28               (       c.prep.asm):04673                             fcb       $28                 (
27A2 63               (       c.prep.asm):04674                             fcb       $63                 c
27A3 2E               (       c.prep.asm):04675                             fcb       $2E                 .
27A4 70               (       c.prep.asm):04676                             fcb       $70                 p
27A5 72               (       c.prep.asm):04677                             fcb       $72                 r
27A6 65               (       c.prep.asm):04678                             fcb       $65                 e
27A7 70               (       c.prep.asm):04679                             fcb       $70                 p
27A8 00               (       c.prep.asm):04680                             fcb       $00
27A9 4B70BB           (       c.prep.asm):04681                             emod
     27AC             (       c.prep.asm):04682         eom                 equ       *

Symbol Table:
[SG] atrv                             0081
[ G] AttrMask                         00F0
[ G] B110                             0000
[ G] B115200                          000A
[ G] B1200                            0003
[ G] B19200                           0007
[ G] B2400                            0004
[ G] B300                             0001
[ G] B38400                           0008
[ G] B4800                            0005
[ G] B57600                           0009
[ G] B600                             0002
[ G] B9600                            0006
[ G] badinstr                         0040
[ G] BootStr                          0014
[ G] BufReads                         0010
[ G] BufWrits                         0040
[ G] BuildInfo                        0021
[SG] C$BELL                           0007
[SG] C$BSP                            0008
[SG] C$Clsall                         0016
[SG] C$Clsgr                          0015
[SG] C$COMA                           002C
[SG] C$CR                             000D
[SG] C$DEL                            0018
[SG] C$DELETE                         0010
[SG] C$DWN                            001F
[SG] C$EL                             0005
[SG] C$EOF                            001B
[SG] C$FORM                           000C
[SG] C$HOME                           000B
[SG] C$INSERT                         0011
[SG] C$INTR                           0003
[SG] C$LF                             000A
[SG] C$LFT                            001D
[SG] C$NULL                           0000
[SG] C$PAUS                           0017
[SG] C$PERD                           002E
[SG] C$PLINE                          0013
[SG] C$QUIT                           0005
[SG] C$RARR                           0009
[SG] C$RGT                            001C
[SG] C$RPET                           0001
[SG] C$RPRT                           0004
[SG] C$SHRARR                         0019
[SG] C$SI                             000F
[SG] C$SO                             000E
[SG] C$SPAC                           0020
[SG] C$UP                             001E
[SG] C$XOFF                           0013
[SG] C$XON                            0011
[ G] Carry                            0001
[ G] CblCode                          0005
[ G] CCode                            0004
[ G] Condem                           0002
[ G] CRCCon1                          0080
[ G] CRCCon23                         0FE3
[ G] CRCOff                           0000
[ G] CRCOn                            0001
[ G] D$GSTA                           0009
[ G] D$INIT                           0000
[ G] D$PSTA                           000C
[ G] D$READ                           0003
[ G] D$TERM                           000F
[ G] D$WRIT                           0006
[ G] D.AltIRQ                         00B2
[ G] D.AProcQ                         0052
[ G] D.BlkMap                         0040
[ G] D.Boot                           0031
[ G] D.BORDR                          009A
[ G] D.BtBug                          005E
[ G] D.BtPtr                          0036
[ G] D.BtSz                           0038
[ G] D.CBStrt                         0071
[ G] D.CCMem                          00A5
[ G] D.CCStk                          00A7
[ G] D.CldRes                         005C
[ G] D.Clock                          00E0
[ G] D.Clock2                         00B6
[ G] D.CLTb                           00B0
[ G] D.COCOXT                         0009
[ G] D.Crash                          006B
[ G] D.CRC                            003B
[ G] D.Day                            002A
[ G] D.Daywk                          0034
[ G] D.DbgMem                         000A
[ G] D.DevTbl                         0080
[ G] D.DMAReq                         008A
[ G] D.DWSrvID                        0010
[ G] D.DWStat                         000E
[ G] D.DWSubAddr                      000C
[ G] D.ErrCod                         0033
[ G] D.ErrRst                         00EE
[ G] D.FIRQ                           00F6
[ G] D.Flip0                          00A9
[ G] D.Flip1                          00AB
[ G] D.FRQER                          0093
[ G] D.GPoll                          00B4
[ G] D.HINIT                          0090
[ G] D.HOFF0                          009F
[ G] D.Hour                           002B
[ G] D.Init                           0024
[ G] D.IRQ                            00F8
[ G] D.IRQER                          0092
[ G] D.IRQS                           00AF
[ G] D.IRQTmp                         0011
[ G] D.MemSz                          00A3
[ G] D.Min                            002C
[ G] D.ModDAT                         005A
[ G] D.ModDir                         0044
[ G] D.ModEnd                         0058
[ G] D.Month                          0029
[ G] D.MotOn                          0032
[ G] D.NMI                            00FC
[ G] D.Pipe                           0061
[ G] D.Poll                           0026
[ G] D.PolTbl                         0082
[ G] D.PrcDBT                         0048
[ G] D.Proc                           0050
[ G] D.PthDBT                         0088
[ G] D.QCnt                           007C
[ G] D.QIRQ                           003F
[ G] D.Quick                          003E
[ G] D.RESV1                          0096
[ G] D.RESV2                          0097
[ G] D.RESV3                          009B
[ G] D.Sec                            002D
[ G] D.Slice                          002F
[ G] D.Speed                          00A0
[ G] D.SProcQ                         0056
[ G] D.SSTskN                         00A4
[ G] D.SvcIRQ                         00CE
[ G] D.SWI                            00FA
[ G] D.SWI2                           00F4
[ G] D.SWI3                           00F2
[ G] D.SWPage                         0003
[ G] D.SysDAT                         004C
[ G] D.SysDis                         00C2
[ G] D.SysIRQ                         00C4
[ G] D.SysMem                         004E
[ G] D.SysPrc                         004A
[ G] D.SysStk                         00CC
[ G] D.SysSvc                         00C0
[ G] D.SysTsk                         00D0
[ G] D.SysVec                         00F0
[ G] D.Task1N                         003D
[ G] D.Tasks                          0020
[ G] D.Tenths                         003C
[ G] D.Tick                           002E
[ G] D.Time                           0028
[ G] D.TIMLS                          0095
[ G] D.TIMMS                          0094
[ G] D.TINIT                          0091
[ G] D.TkCnt                          0035
[ G] D.TmpDAT                         0022
[ G] D.TskIPt                         00A1
[ G] D.TSlice                         0030
[ G] D.UsrDis                         00C8
[ G] D.UsrIRQ                         00CA
[ G] D.UsrSvc                         00C6
[ G] D.VIDMD                          0098
[ G] D.VIDRS                          0099
[ G] D.VIRQ                           00AD
[ G] D.VOFF0                          009E
[ G] D.VOFF1                          009D
[ G] D.VOFF2                          009C
[ G] D.WDAddr                         0000
[ G] D.WDBtDr                         0002
[ G] D.WProcQ                         0054
[ G] D.XFIRQ                          00E6
[ G] D.XIRQ                           00E8
[ G] D.XNMI                           00EC
[ G] D.XSWI                           00EA
[ G] D.XSWI2                          00E4
[ G] D.XSWI3                          00E2
[ G] D.Year                           0028
[ G] Data                             0040
[ G] Dead                             0001
[ G] DefIOSiz                         0010
[ G] DevCnt                           000D
[ G] Devic                            00F0
[ G] DEVSIZ                           000D
[ G] DIR.                             0080
[ G] DIV0                             0080
[ G] Drivr                            00E0
[ G] DT.CDFM                          0005
[ G] DT.NFM                           0004
[ G] DT.Pipe                          0002
[ G] DT.RBF                           0001
[ G] DT.RFM                           0006
[ G] DT.SBF                           0003
[ G] DT.SCF                           0000
[ G] E$Alias                          00C7
[ G] E$ArrOvf                         0049
[ G] E$BadBuf                         00C2
[ G] E$BMCRC                          00E8
[ G] E$BMHP                           00EC
[ G] E$BMID                           00CD
[ G] E$BMode                          00CB
[ G] E$BNam                           00EB
[ G] E$BPAddr                         00D2
[ G] E$BPNam                          00D7
[ G] E$BPNum                          00C9
[ G] E$BPrcID                         00E0
[ G] E$BTyp                           00F9
[ G] E$BufSiz                         00BF
[ G] E$Bug                            00BE
[ G] E$CEF                            00DA
[ G] E$CRC                            00F3
[ G] E$DeadLk                         00FE
[ G] E$DelSP                          00DF
[ G] E$DevBsy                         00FA
[ G] E$DevOvf                         00CC
[ G] E$DIDC                           00FB
[ G] E$DimLrg                         0019
[ G] E$DirFul                         00CE
[ G] E$DivZer                         002D
[ G] E$Dn                             00C6
[ G] E$DNE                            00EE
[ G] E$EndQou                         0029
[ G] E$EOF                            00D3
[ G] E$ExcVrb                         000B
[ G] E$FltOvf                         0032
[ G] E$FNA                            00D6
[ G] E$Full                           00F8
[ G] E$HangUp                         00DC
[ G] E$IBA                            00DB
[ G] E$IChRef                         000E
[ G] E$ICoord                         00BD
[ G] E$ICOvf                          000D
[ G] E$IForkP                         00E6
[ G] E$IllA                           0043
[ G] E$IllArg                         00BB
[ G] E$IllCmd                         00C0
[ G] E$IllCnt                         0044
[ G] E$IllDec                         0048
[ G] E$IllDim                         0015
[ G] E$IllExp                         0047
[ G] E$IllFOR                         0046
[ G] E$IllInp                         003D
[ G] E$IllIVr                         004D
[ G] E$IllLit                         0016
[ G] E$IllMod                         000F
[ G] E$IllNum                         0010
[ G] E$IllOpd                         0012
[ G] E$IllOpr                         0013
[ G] E$IllPNm                         0040
[ G] E$IllPrf                         0011
[ G] E$IllRet                         0017
[ G] E$IllRFN                         0014
[ G] E$IllSfx                         0018
[ G] E$IllStC                         000C
[ G] E$IOConv                         003C
[ G] E$IOFRpt                         003E
[ G] E$IOFSyn                         003F
[ G] E$IOMism                         003A
[ G] E$IONum                          003B
[ G] E$IPrcID                         00E0
[ G] E$ISWI                           00E3
[ G] E$IWDef                          00C3
[ G] E$IWTyp                          00B7
[ G] E$KwnMod                         00E7
[ G] E$LinLrg                         001A
[ G] E$LnComp                         0033
[ G] E$Lock                           00FC
[ G] E$MemFul                         00CF
[ G] E$MFull                          0020
[ G] E$MltLin                         004B
[ G] E$MltVar                         004C
[ G] E$MNF                            00DD
[ G] E$ModBsy                         00D1
[ G] E$MulPrc                         002C
[ G] E$NEMod                          00EA
[ G] E$NES                            00D5
[ G] E$NFont                          00B9
[ G] E$NoAssg                         001B
[ G] E$NoChld                         00E2
[ G] E$NoComa                         001D
[ G] E$NoData                         004F
[ G] E$NoDim                          001E
[ G] E$NoDO                           001F
[ G] E$NoGoto                         0021
[ G] E$NoLPar                         0022
[ G] E$NoLRef                         0023
[ G] E$NonRcO                         0042
[ G] E$NoOprd                         0024
[ G] E$NoPath                         001C
[ G] E$NoRAM                          00ED
[ G] E$NoRout                         0030
[ G] E$NoRPar                         0025
[ G] E$NoTask                         00EF
[ G] E$NoTHEN                         0026
[ G] E$NoTO                           0027
[ G] E$NotRdy                         00F6
[ G] E$NoVRef                         0028
[ G] E$ParmEr                         0038
[ G] E$PNNF                           00D8
[ G] E$Poll                           00CA
[ G] E$PrcAbt                         00E4
[ G] E$PrcFul                         00E5
[ G] E$PthFul                         00C8
[ G] E$Read                           00F4
[ G] E$Sect                           00F1
[ G] E$Seek                           00F7
[ G] E$SeekRg                         004E
[ G] E$Share                          00FD
[ G] E$SLF                            00D9
[ G] E$StkOvf                         00BA
[ G] E$StrOvf                         002F
[ G] E$SubLrg                         002A
[ G] E$SubOvf                         0035
[ G] E$SubRng                         0037
[ G] E$SubUnd                         0036
[ G] E$SysOvf                         0039
[ G] E$TblFul                         00C1
[ G] E$TypMis                         002E
[ G] E$UndLin                         004A
[ G] E$UndVar                         0031
[ G] E$Unit                           00F0
[ G] E$UnkPrc                         002B
[ G] E$UnkSvc                         00D0
[ G] E$UnkSym                         000A
[ G] E$UnmCnt                         0045
[ G] E$Up                             00C5
[ G] E$USigP                          00E9
[ G] E$ValRng                         0034
[ G] E$WADef                          00B8
[ G] E$WP                             00F2
[ G] E$Write                          00F5
[ G] E$WrSub                          0041
[ G] E$WUndef                         00C4
[SG] edition                          0004
[ G] Entire                           0080
[ G] eom                              27AC
[ G] EXEC.                            0004
[ G] F$Alarm                          001E
[ G] F$AlHRAM                         0053
[ G] F$All64                          0030
[ G] F$AllBit                         0013
[ G] F$AllImg                         003A
[ G] F$AllPrc                         004B
[ G] F$AllRAM                         0039
[ G] F$AllTsk                         003F
[ G] F$AProc                          002C
[ G] F$Boot                           0035
[ G] F$BtMem                          0036
[ G] F$Chain                          0005
[ G] F$ClrBlk                         0050
[ G] F$CmpNam                         0011
[ G] F$CpyMem                         001B
[ G] F$CRC                            0017
[ G] F$CRCMod                         0055
[ G] F$DATLog                         0044
[ G] F$DATTmp                         0045
[ G] F$Debug                          0023
[ G] F$DelBit                         0014
[ G] F$DelImg                         003B
[ G] F$DelPrc                         004C
[ G] F$DelRAM                         0051
[ G] F$DelTsk                         0040
[ G] F$ELink                          004D
[ G] F$Exit                           0006
[ G] F$Find64                         002F
[ G] F$FModul                         004E
[ G] F$Fork                           0003
[ G] F$FreeHB                         003E
[ G] F$FreeLB                         003D
[ G] F$GBlkMp                         0019
[ G] F$GCMDir                         0052
[ G] F$GModDr                         001A
[ G] F$GPrDsc                         0018
[ G] F$GProcP                         0037
[ G] F$Icpt                           0009
[ G] F$ID                             000C
[ G] F$IODel                          0033
[ G] F$IOQu                           002B
[ G] F$IRQ                            002A
[ G] F$LDABX                          0049
[ G] F$LDAXY                          0046
[ G] F$LDAXYP                         0047
[ G] F$LDDDXY                         0048
[ G] F$Link                           0000
[ G] F$Load                           0001
[ G] F$MapBlk                         004F
[ G] F$Mem                            0007
[ G] F$Move                           0038
[ G] F$NMLink                         0021
[ G] F$NMLoad                         0022
[ G] F$NProc                          002D
[ G] F$NVRAM                          0071
[ G] F$PErr                           000F
[ G] F$PrsNam                         0010
[ G] F$ReBoot                         0054
[ G] F$RegDmp                         0070
[ G] F$RelTsk                         0043
[ G] F$ResTsk                         0042
[ G] F$Ret64                          0031
[ G] F$SchBit                         0012
[ G] F$Send                           0008
[ G] F$SetImg                         003C
[ G] F$SetTsk                         0041
[ G] F$Sleep                          000A
[ G] F$SLink                          0034
[ G] F$SPrior                         000D
[ G] F$SRqMem                         0028
[ G] F$SRtMem                         0029
[ G] F$SSpd                           000B
[ G] F$SSvc                           0032
[ G] F$SSWI                           000E
[ G] F$STABX                          004A
[ G] F$STime                          0016
[ G] F$SUser                          001C
[ G] F$TimAlm                         0026
[ G] F$Time                           0015
[ G] F$TPS                            0025
[ G] F$UnLink                         0002
[ G] F$UnLoad                         001D
[ G] F$VBlock                         0057
[ G] F$VIRQ                           0027
[ G] F$VModul                         002E
[ G] F$Wait                           0004
[ G] F$XTime                          0056
[ G] false                            0000
[ G] Feature1                         001B
[ G] Feature2                         001C
[ G] FIRQMask                         0040
[ G] FlMgr                            00D0
[ G] FMCDIR                           0009
[ G] FMCLOS                           0024
[ G] FMCREA                           0000
[ G] FMDLET                           000C
[ G] FMGSTA                           001E
[ G] FMMDIR                           0006
[ G] FMOPEN                           0003
[ G] FMRDLN                           0018
[ G] FMREAD                           0012
[ G] FMSEEK                           000F
[ G] FMSSTA                           0021
[ G] FMWRIT                           0015
[ G] FMWRLN                           001B
[ G] FrtnCode                         0006
[ G] HalfCrry                         0020
[ G] I$Attach                         0080
[ G] I$ChgDir                         0086
[ G] I$Close                          008F
[ G] I$Create                         0083
[ G] I$Delete                         0087
[ G] I$DeletX                         0090
[ G] I$Detach                         0081
[ G] I$Dup                            0082
[ G] I$GetStt                         008D
[ G] I$MakDir                         0085
[ G] I$ModDsc                         0091
[ G] I$Open                           0084
[ G] I$Read                           0089
[ G] I$ReadLn                         008B
[ G] I$Seek                           0088
[ G] I$SetStt                         008E
[ G] I$Write                          008A
[ G] I$WritLn                         008C
[ G] ICode                            0002
[ G] ImgChg                           0010
[ G] InitStr                          000E
[ G] InstallName                      001F
[ G] IntMasks                         0050
[ G] IOEntry                          00FE
[ G] IRQMask                          0010
[ G] ISIZ.                            0020
[ G] IT.ALF                           0017
[ G] IT.BAU                           0027
[ G] IT.BDC                           0035
[ G] IT.BGC                           0034
[ G] IT.BSE                           0024
[ G] IT.BSO                           0014
[ G] IT.BSP                           001B
[ G] IT.COL                           002C
[ G] IT.CPX                           0031
[ G] IT.CPY                           0032
[ G] IT.D2P                           0028
[ G] IT.DEL                           001C
[ G] IT.DLO                           0015
[ G] IT.DTP                           0012
[ G] IT.DUP                           0020
[ G] IT.DVC                           0012
[ G] IT.EKO                           0016
[ G] IT.EOF                           001E
[ G] IT.EOR                           001D
[ G] IT.FGC                           0033
[ G] IT.INT                           0022
[ G] IT.NUL                           0018
[ G] IT.OVF                           0025
[ G] IT.PAG                           001A
[ G] IT.PAR                           0026
[ G] IT.PAU                           0019
[ G] IT.PSC                           0021
[ G] IT.QUT                           0023
[ G] IT.ROW                           002D
[ G] IT.RPR                           001F
[ G] IT.STY                           0030
[ G] IT.UPC                           0013
[ G] IT.VAL                           002F
[ G] IT.WND                           002E
[ G] IT.XOFF                          002B
[ G] IT.XON                           002A
[ G] IT.XTYP                          002E
[ G] KeyRptD                          0029
[ G] KeyRptS                          0028
[ G] L0014                            0014
[ G] L0023                            0023
[ G] L003E                            003E
[ G] L0049                            0049
[ G] L0052                            0052
[ G] L005F                            005F
[ G] L0068                            0068
[ G] L0084                            0084
[ G] L008C                            008C
[ G] L0098                            0098
[ G] L009C                            009C
[ G] L00A4                            00A4
[ G] L00AC                            00AC
[ G] L00B6                            00B6
[ G] L00C2                            00C2
[ G] L00CC                            00CC
[ G] L00DC                            00DC
[ G] L00E0                            00E0
[ G] L00FA                            00FA
[ G] L010F                            010F
[ G] L0121                            0121
[ G] L0122                            0122
[ G] L013B                            013B
[ G] L0148                            0148
[ G] L0150                            0150
[ G] L0161                            0161
[ G] L0162                            0162
[ G] L016A                            016A
[ G] L017B                            017B
[ G] L017C                            017C
[ G] L018E                            018E
[ G] L01AE                            01AE
[ G] L01C4                            01C4
[ G] L01D1                            01D1
[ G] L01D9                            01D9
[ G] L01EC                            01EC
[ G] L0206                            0206
[ G] L020A                            020A
[ G] L0211                            0211
[ G] L0247                            0247
[ G] L024D                            024D
[ G] L025B                            025B
[ G] L0271                            0271
[ G] L0290                            0290
[ G] L0304                            0304
[ G] L0321                            0321
[ G] L0339                            0339
[ G] L0344                            0344
[ G] L0357                            0357
[ G] L0366                            0366
[ G] L0368                            0368
[ G] L0377                            0377
[ G] L0379                            0379
[ G] L037B                            037B
[ G] L037D                            037D
[ G] L037F                            037F
[ G] L038B                            038B
[ G] L038D                            038D
[ G] L0391                            0391
[ G] L0395                            0395
[ G] L03A6                            03A6
[ G] L03C1                            03C1
[ G] L03E0                            03E0
[ G] L03E4                            03E4
[ G] L03F0                            03F0
[ G] L03F4                            03F4
[ G] L0407                            0407
[ G] L0444                            0444
[ G] L044C                            044C
[ G] L0467                            0467
[ G] L0487                            0487
[ G] L04A6                            04A6
[ G] L04C1                            04C1
[ G] L04DC                            04DC
[ G] L04F6                            04F6
[ G] L0514                            0514
[ G] L051A                            051A
[ G] L0539                            0539
[ G] L0553                            0553
[ G] L0559                            0559
[ G] L055D                            055D
[ G] L0566                            0566
[ G] L0568                            0568
[ G] L056F                            056F
[ G] L0575                            0575
[ G] L05A4                            05A4
[ G] L05D3                            05D3
[ G] L05DA                            05DA
[ G] L05E0                            05E0
[ G] L0602                            0602
[ G] L060E                            060E
[ G] L0630                            0630
[ G] L0648                            0648
[ G] L0671                            0671
[ G] L0673                            0673
[ G] L06A3                            06A3
[ G] L06C3                            06C3
[ G] L06CB                            06CB
[ G] L06DD                            06DD
[ G] L06E8                            06E8
[ G] L06EF                            06EF
[ G] L06F4                            06F4
[ G] L06F9                            06F9
[ G] L06FE                            06FE
[ G] L0714                            0714
[ G] L0732                            0732
[ G] L0753                            0753
[ G] L0764                            0764
[ G] L076C                            076C
[ G] L0770                            0770
[ G] L078D                            078D
[ G] L0799                            0799
[ G] L07AE                            07AE
[ G] L07ED                            07ED
[ G] L0805                            0805
[ G] L0814                            0814
[ G] L0825                            0825
[ G] L0835                            0835
[ G] L083B                            083B
[ G] L085A                            085A
[ G] L086C                            086C
[ G] L087A                            087A
[ G] L0887                            0887
[ G] L088F                            088F
[ G] L08B1                            08B1
[ G] L08B8                            08B8
[ G] L08BD                            08BD
[ G] L08C7                            08C7
[ G] L08CE                            08CE
[ G] L08F4                            08F4
[ G] L091A                            091A
[ G] L092E                            092E
[ G] L0944                            0944
[ G] L0963                            0963
[ G] L097B                            097B
[ G] L097F                            097F
[ G] L0987                            0987
[ G] L09BC                            09BC
[ G] L09DB                            09DB
[ G] L09E3                            09E3
[ G] L09EC                            09EC
[ G] L09EE                            09EE
[ G] L09F2                            09F2
[ G] L09FC                            09FC
[ G] L0A00                            0A00
[ G] L0A11                            0A11
[ G] L0A8E                            0A8E
[ G] L0AB2                            0AB2
[ G] L0AE3                            0AE3
[ G] L0AF4                            0AF4
[ G] L0B1E                            0B1E
[ G] L0B27                            0B27
[ G] L0B29                            0B29
[ G] L0B2C                            0B2C
[ G] L0B36                            0B36
[ G] L0B3C                            0B3C
[ G] L0B48                            0B48
[ G] L0B52                            0B52
[ G] L0B6A                            0B6A
[ G] L0B78                            0B78
[ G] L0BAB                            0BAB
[ G] L0BB2                            0BB2
[ G] L0BBF                            0BBF
[ G] L0BC8                            0BC8
[ G] L0BD3                            0BD3
[ G] L0BEC                            0BEC
[ G] L0C12                            0C12
[ G] L0C38                            0C38
[ G] L0C4C                            0C4C
[ G] L0C5B                            0C5B
[ G] L0C61                            0C61
[ G] L0C6D                            0C6D
[ G] L0C74                            0C74
[ G] L0C7A                            0C7A
[ G] L0CB5                            0CB5
[ G] L0CF3                            0CF3
[ G] L0D04                            0D04
[ G] L0D11                            0D11
[ G] L0D1D                            0D1D
[ G] L0DCB                            0DCB
[ G] L0DD1                            0DD1
[ G] L0DD5                            0DD5
[ G] L0DDC                            0DDC
[ G] L0DE1                            0DE1
[ G] L0E1A                            0E1A
[ G] L0E58                            0E58
[ G] L0E6E                            0E6E
[ G] L0E72                            0E72
[ G] L0E80                            0E80
[ G] L0E88                            0E88
[ G] L0E8A                            0E8A
[ G] L0EAB                            0EAB
[ G] L0EBF                            0EBF
[ G] L0EC1                            0EC1
[ G] L0EC3                            0EC3
[ G] L0EE0                            0EE0
[ G] L0EEE                            0EEE
[ G] L0F08                            0F08
[ G] L0F33                            0F33
[ G] L0F3D                            0F3D
[ G] L0F8F                            0F8F
[ G] L0F91                            0F91
[ G] L0F99                            0F99
[ G] L0F9D                            0F9D
[ G] L0FB6                            0FB6
[ G] L0FD4                            0FD4
[ G] L0FD6                            0FD6
[ G] L0FDE                            0FDE
[ G] L0FF7                            0FF7
[ G] L101E                            101E
[ G] L1024                            1024
[ G] L1035                            1035
[ G] L104C                            104C
[ G] L1066                            1066
[ G] L106D                            106D
[ G] L107E                            107E
[ G] L1091                            1091
[ G] L10B3                            10B3
[ G] L10B9                            10B9
[ G] L10C3                            10C3
[ G] L10DD                            10DD
[ G] L10E5                            10E5
[ G] L1100                            1100
[ G] L1105                            1105
[ G] L1170                            1170
[ G] L1176                            1176
[ G] L1180                            1180
[ G] L1189                            1189
[ G] L1191                            1191
[ G] L11A3                            11A3
[ G] L11B4                            11B4
[ G] L11BB                            11BB
[ G] L11BD                            11BD
[ G] L11C9                            11C9
[ G] L11CB                            11CB
[ G] L11D7                            11D7
[ G] L11DE                            11DE
[ G] L11EA                            11EA
[ G] L11FE                            11FE
[ G] L120C                            120C
[ G] L1211                            1211
[ G] L1213                            1213
[ G] L1231                            1231
[ G] L1235                            1235
[ G] L1253                            1253
[ G] L1257                            1257
[ G] L1293                            1293
[ G] L129C                            129C
[ G] L12AB                            12AB
[ G] L12C7                            12C7
[ G] L12D6                            12D6
[ G] L12E4                            12E4
[ G] L12E8                            12E8
[ G] L12EF                            12EF
[ G] L12F7                            12F7
[ G] L12FD                            12FD
[ G] L1304                            1304
[ G] L130A                            130A
[ G] L130F                            130F
[ G] L1315                            1315
[ G] L1319                            1319
[ G] L1320                            1320
[ G] L1325                            1325
[ G] L1331                            1331
[ G] L1344                            1344
[ G] L135B                            135B
[ G] L135F                            135F
[ G] L1366                            1366
[ G] L1368                            1368
[ G] L1373                            1373
[ G] L1384                            1384
[ G] L139B                            139B
[ G] L13B4                            13B4
[ G] L13C9                            13C9
[ G] L13DA                            13DA
[ G] L13F1                            13F1
[ G] L140B                            140B
[ G] L1434                            1434
[ G] L143B                            143B
[ G] L144D                            144D
[ G] L1464                            1464
[ G] L146A                            146A
[ G] L146E                            146E
[ G] L147D                            147D
[ G] L148D                            148D
[ G] L1491                            1491
[ G] L14BF                            14BF
[ G] L14C3                            14C3
[ G] L14D8                            14D8
[ G] L14DE                            14DE
[ G] L14FC                            14FC
[ G] L150F                            150F
[ G] L1520                            1520
[ G] L1529                            1529
[ G] L153C                            153C
[ G] L153E                            153E
[ G] L1548                            1548
[ G] L154C                            154C
[ G] L155E                            155E
[ G] L1572                            1572
[ G] L1574                            1574
[ G] L1592                            1592
[ G] L15AD                            15AD
[ G] L15B4                            15B4
[ G] L15DB                            15DB
[ G] L15F7                            15F7
[ G] L1601                            1601
[ G] L1614                            1614
[ G] L164D                            164D
[ G] L166F                            166F
[ G] L1673                            1673
[ G] L1674                            1674
[ G] L1678                            1678
[ G] L167F                            167F
[ G] L168B                            168B
[ G] L1694                            1694
[ G] L169D                            169D
[ G] L16AA                            16AA
[ G] L16B8                            16B8
[ G] L16C1                            16C1
[ G] L16F0                            16F0
[ G] L16F2                            16F2
[ G] L16F4                            16F4
[ G] L171C                            171C
[ G] L171E                            171E
[ G] L1722                            1722
[ G] L1727                            1727
[ G] L172D                            172D
[ G] L174E                            174E
[ G] L1758                            1758
[ G] L1770                            1770
[ G] L1776                            1776
[ G] L1788                            1788
[ G] L178D                            178D
[ G] L1790                            1790
[ G] L1794                            1794
[ G] L179E                            179E
[ G] L17A2                            17A2
[ G] L17A6                            17A6
[ G] L17B9                            17B9
[ G] L17C6                            17C6
[ G] L17CB                            17CB
[ G] L17CE                            17CE
[ G] L17D2                            17D2
[ G] L17D7                            17D7
[ G] L17E7                            17E7
[ G] L17F0                            17F0
[ G] L17F6                            17F6
[ G] L1821                            1821
[ G] L182E                            182E
[ G] L1832                            1832
[ G] L1839                            1839
[ G] L183F                            183F
[ G] L1841                            1841
[ G] L184C                            184C
[ G] L1866                            1866
[ G] L1868                            1868
[ G] L187D                            187D
[ G] L1898                            1898
[ G] L18BE                            18BE
[ G] L18C0                            18C0
[ G] L18C8                            18C8
[ G] L18CD                            18CD
[ G] L18CF                            18CF
[ G] L18EF                            18EF
[ G] L1921                            1921
[ G] L1929                            1929
[ G] L1939                            1939
[ G] L195E                            195E
[ G] L1964                            1964
[ G] L196F                            196F
[ G] L1972                            1972
[ G] L1978                            1978
[ G] L1992                            1992
[ G] L19AF                            19AF
[ G] L19C5                            19C5
[ G] L19DB                            19DB
[ G] L19DF                            19DF
[ G] L19E7                            19E7
[ G] L19FC                            19FC
[ G] L1A0F                            1A0F
[ G] L1A14                            1A14
[ G] L1A3A                            1A3A
[ G] L1A56                            1A56
[ G] L1A5F                            1A5F
[ G] L1A79                            1A79
[ G] L1A86                            1A86
[ G] L1A9C                            1A9C
[ G] L1AA8                            1AA8
[ G] L1AB4                            1AB4
[ G] L1ACE                            1ACE
[ G] L1AD6                            1AD6
[ G] L1ADE                            1ADE
[ G] L1AEF                            1AEF
[ G] L1AF1                            1AF1
[ G] L1AF3                            1AF3
[ G] L1AFD                            1AFD
[ G] L1B00                            1B00
[ G] L1B03                            1B03
[ G] L1B0D                            1B0D
[ G] L1B6A                            1B6A
[ G] L1B6E                            1B6E
[ G] L1B97                            1B97
[ G] L1BA2                            1BA2
[ G] L1BB6                            1BB6
[ G] L1BC4                            1BC4
[ G] L1BD3                            1BD3
[ G] L1BDF                            1BDF
[ G] L1BE6                            1BE6
[ G] L1BFF                            1BFF
[ G] L1C0A                            1C0A
[ G] L1C15                            1C15
[ G] L1C2F                            1C2F
[ G] L1C3B                            1C3B
[ G] L1C53                            1C53
[ G] L1C5D                            1C5D
[ G] L1C75                            1C75
[ G] L1C81                            1C81
[ G] L1C9B                            1C9B
[ G] L1C9E                            1C9E
[ G] L1CA3                            1CA3
[ G] L1CA6                            1CA6
[ G] L1CBC                            1CBC
[ G] L1CC6                            1CC6
[ G] L1CE0                            1CE0
[ G] L1CF2                            1CF2
[ G] L1CFD                            1CFD
[ G] L1D0B                            1D0B
[ G] L1D15                            1D15
[ G] L1D29                            1D29
[ G] L1D34                            1D34
[ G] L1D40                            1D40
[ G] L1D42                            1D42
[ G] L1D61                            1D61
[ G] L1D6C                            1D6C
[ G] L1D7A                            1D7A
[ G] L1D84                            1D84
[ G] L1D90                            1D90
[ G] L1D9B                            1D9B
[ G] L1DA7                            1DA7
[ G] L1DA9                            1DA9
[ G] L1DB8                            1DB8
[ G] L1DBC                            1DBC
[ G] L1DCE                            1DCE
[ G] L1DD5                            1DD5
[ G] L1DF9                            1DF9
[ G] L1E03                            1E03
[ G] L1E1A                            1E1A
[ G] L1E1E                            1E1E
[ G] L1E35                            1E35
[ G] L1E45                            1E45
[ G] L1E6B                            1E6B
[ G] L1E76                            1E76
[ G] L1E9D                            1E9D
[ G] L1EA9                            1EA9
[ G] L1EB3                            1EB3
[ G] L1EC5                            1EC5
[ G] L1ED5                            1ED5
[ G] L1EDA                            1EDA
[ G] L1EE9                            1EE9
[ G] L1EEB                            1EEB
[ G] L1EFE                            1EFE
[ G] L1F0F                            1F0F
[ G] L1F14                            1F14
[ G] L1F24                            1F24
[ G] L1F2A                            1F2A
[ G] L1F5C                            1F5C
[ G] L1F7C                            1F7C
[ G] L1F99                            1F99
[ G] L1FA3                            1FA3
[ G] L1FAB                            1FAB
[ G] L1FC3                            1FC3
[ G] L1FC5                            1FC5
[ G] L1FD4                            1FD4
[ G] L1FE4                            1FE4
[ G] L1FE8                            1FE8
[ G] L1FEC                            1FEC
[ G] L2013                            2013
[ G] L201A                            201A
[ G] L2038                            2038
[ G] L203D                            203D
[ G] L2072                            2072
[ G] L2077                            2077
[ G] L2083                            2083
[ G] L2087                            2087
[ G] L20A9                            20A9
[ G] L20B0                            20B0
[ G] L20CD                            20CD
[ G] L20ED                            20ED
[ G] L20F1                            20F1
[ G] L20F9                            20F9
[ G] L210B                            210B
[ G] L2120                            2120
[ G] L2123                            2123
[ G] L212E                            212E
[ G] L2141                            2141
[ G] L216D                            216D
[ G] L2170                            2170
[ G] L2179                            2179
[ G] L2186                            2186
[ G] L2196                            2196
[ G] L2199                            2199
[ G] L219B                            219B
[ G] L21B0                            21B0
[ G] L21B8                            21B8
[ G] L21C7                            21C7
[ G] L21D1                            21D1
[ G] L21DA                            21DA
[ G] L21E9                            21E9
[ G] L21F3                            21F3
[ G] L21F7                            21F7
[ G] L220E                            220E
[ G] L220F                            220F
[ G] L2219                            2219
[ G] L221A                            221A
[ G] L221E                            221E
[ G] L222B                            222B
[ G] L2235                            2235
[ G] L2245                            2245
[ G] L224F                            224F
[ G] L2260                            2260
[ G] L2270                            2270
[ G] L2276                            2276
[ G] L2284                            2284
[ G] L2286                            2286
[ G] L22A1                            22A1
[ G] L22AB                            22AB
[ G] L22C6                            22C6
[ G] L22C8                            22C8
[ G] L22D8                            22D8
[ G] L22EE                            22EE
[ G] L22F2                            22F2
[ G] L230E                            230E
[ G] L2310                            2310
[ G] L2314                            2314
[ G] L2329                            2329
[ G] L2346                            2346
[ G] L2353                            2353
[ G] L236A                            236A
[ G] L2373                            2373
[ G] L2376                            2376
[ G] L237D                            237D
[ G] L238A                            238A
[ G] L238D                            238D
[ G] L2396                            2396
[ G] L23B1                            23B1
[ G] L23BD                            23BD
[ G] L23C9                            23C9
[ G] L23CB                            23CB
[ G] L23E0                            23E0
[ G] L23E8                            23E8
[ G] L2402                            2402
[ G] L2405                            2405
[ G] L2414                            2414
[ G] L2426                            2426
[ G] L2431                            2431
[ G] L2435                            2435
[ G] L247D                            247D
[ G] L248B                            248B
[ G] L2495                            2495
[ G] L249A                            249A
[ G] L249E                            249E
[ G] L24AE                            24AE
[ G] L24BC                            24BC
[ G] L24C3                            24C3
[ G] L24C7                            24C7
[ G] L24D7                            24D7
[ G] L24E5                            24E5
[ G] L24F3                            24F3
[ G] L2505                            2505
[ G] L2510                            2510
[ G] L2519                            2519
[ G] L253E                            253E
[ G] L254D                            254D
[ G] L2567                            2567
[ G] L2573                            2573
[ G] L2599                            2599
[ G] L25A7                            25A7
[ G] L25C0                            25C0
[ G] L25CA                            25CA
[ G] L25E0                            25E0
[ G] L25E8                            25E8
[ G] L25F3                            25F3
[ G] L25F7                            25F7
[ G] L260D                            260D
[ G] L2619                            2619
[ G] L2622                            2622
[ G] L2627                            2627
[ G] L262D                            262D
[ G] L2632                            2632
[ G] L2633                            2633
[ G] L275E                            275E
[ G] L2760                            2760
[ G] L2764                            2764
[ G] L276A                            276A
[ G] L2776                            2776
[ G] LangMask                         000F
[SG] Level                            0002
[ G] M$DTyp                           0012
[ G] M$Exec                           0009
[ G] M$FMgr                           0009
[ G] M$ID                             0000
[ G] M$ID1                            0087
[ G] M$ID12                           87CD
[ G] M$ID2                            00CD
[ G] M$IDSize                         0009
[ G] M$Mem                            000B
[ G] M$Mode                           000D
[ G] M$Name                           0004
[ G] M$Opt                            0011
[ G] M$Parity                         0008
[ G] M$PDev                           000B
[ G] M$Port                           000E
[ G] M$Revs                           0007
[ G] M$Size                           0002
[ G] M$Type                           0006
[ G] MaxMem                           0009
[ G] MD$ESize                         0008
[ G] MD$Link                          0006
[ G] MD$MBSiz                         0002
[ G] MD$MPDAT                         0000
[ G] MD$MPtr                          0004
[ G] ModBlock                         0002
[ G] ModNat                           0020
[ G] ModProt                          0040
[ G] MonType                          0025
[ G] MouseInf                         0026
[ G] Multi                            0030
[ G] name                             000D
[ G] NefIOSiz                         000C
[ G] Negative                         0008
[SG] NOS9MAJ                          0003
[SG] NOS9MIN                          0000
[SG] NOS9VER                          0003
[ G] NotRAM                           0080
[ G] NumPaths                         0010
[ G] Obj6309                          0007
[ G] Objct                            0001
[ G] OPTCNT                           001A
[SG] OS9.D                            0001
[ G] OSLevel                          0017
[ G] OSMajor                          0019
[ G] OSMinor                          001A
[ G] OSName                           001D
[ G] OSVer                            0018
[ G] P$Age                            000B
[ G] P$Alarm                          00C3
[ G] P$CID                            0003
[ G] P$DatBeg                         00BD
[ G] P$DATImg                         0040
[ G] P$DeadLk                         001E
[ G] P$DIO                            0020
[ G] P$FCalls                         00B5
[ G] P$ICalls                         00B9
[ G] P$ID                             0000
[ G] P$IOQN                           0010
[ G] P$IOQP                           000F
[ G] P$Links                          0080
[ G] P$NIO                            00A0
[ G] P$PagCnt                         0007
[ G] P$Path                           0030
[ G] P$PID                            0001
[ G] P$PModul                         0011
[ G] P$Prior                          000A
[ G] P$Queue                          000D
[ G] P$SelP                           00AC
[ G] P$SID                            0002
[ G] P$SigDat                         001C
[ G] P$Signal                         0019
[ G] P$SigVec                         001A
[ G] P$Size                           0200
[ G] P$SP                             0004
[ G] P$Stack                          0200
[ G] P$State                          000C
[ G] P$STicks                         00B1
[ G] P$SWI                            0013
[ G] P$SWI2                           0015
[ G] P$SWI3                           0017
[ G] P$Task                           0006
[ G] P$TimBeg                         00C0
[ G] P$User                           0008
[ G] P$UTicks                         00AD
[ G] PAREVEN                          0060
[ G] PARMARK                          00A0
[ G] PARMASK                          00E0
[ G] PARNONE                          0000
[ G] PARODD                           0020
[ G] PARSPACE                         00E0
[ G] PCode                            0003
[ G] PD.ALF                           0025
[ G] PD.BAU                           0035
[ G] PD.BSE                           0032
[ G] PD.BSO                           0022
[ G] PD.BSP                           0029
[ G] PD.BUF                           0008
[ G] PD.CNT                           0002
[ G] PD.CPR                           0005
[ G] PD.D2P                           0036
[ G] PD.DEL                           002A
[ G] PD.DEV                           0003
[ G] PD.DLO                           0023
[ G] PD.DTP                           0020
[ G] PD.DUP                           002E
[ G] PD.DV2                           000A
[ G] PD.EKO                           0024
[ G] PD.EOF                           002C
[ G] PD.EOR                           002B
[ G] PD.ERR                           003A
[ G] PD.FST                           000A
[ G] PD.INT                           0030
[ G] PD.MAX                           000D
[ G] PD.MIN                           000F
[ G] PD.MOD                           0001
[ G] PD.NUL                           0026
[ G] PD.OPT                           0020
[ G] PD.OVF                           0033
[ G] PD.PAG                           0028
[ G] PD.PAR                           0034
[ G] PD.PAU                           0027
[ G] PD.PD                            0000
[ G] PD.PLP                           003D
[ G] PD.PSC                           002F
[ G] PD.PST                           003F
[ G] PD.QUT                           0031
[ G] PD.RAW                           000C
[ G] PD.RGS                           0006
[ G] PD.RPR                           002D
[ G] PD.STM                           0012
[ G] PD.STS                           0010
[ G] PD.TBL                           003B
[ G] PD.UPC                           0021
[ G] PD.XOFF                          0039
[ G] PD.XON                           0038
[ G] PDELIM                           002F
[ G] PDIR                             002E
[ G] PDSIZE                           0040
[ G] PENTIR                           0040
[ G] PEXEC.                           0020
[ G] PollCnt                          000C
[ G] POLSIZ                           000B
[ G] PREAD.                           0008
[ G] Prgrm                            0010
[ G] Proc6309                         0002
[ G] Proc6809                         0000
[ G] ProtFlag                         0016
[ G] PST.DCD                          0001
[ G] PWRIT.                           0010
[ G] Q$FLIP                           0002
[ G] Q$MAP                            0009
[ G] Q$MASK                           0003
[ G] Q$POLL                           0000
[ G] Q$PRTY                           0008
[ G] Q$SERV                           0004
[ G] Q$STAT                           0006
[ G] R$A                              0001
[ G] R$B                              0002
[ G] R$CC                             0000
[ G] R$D                              0001
[ G] R$DP                             0003
[ G] R$PC                             000A
[ G] R$Size                           000C
[ G] R$U                              0008
[ G] R$X                              0004
[ G] R$Y                              0006
[ G] RAMinUse                         0001
[ G] READ.                            0001
[ G] ReEnt                            0080
[SG] rev                              0001
[ G] RevsMask                         000F
[ G] S$Abort                          0002
[ G] S$Alarm                          0005
[ G] S$FS2Sig                         0080
[ G] S$HUP                            0004
[ G] S$Intrpt                         0003
[ G] S$Kill                           0000
[ G] S$KQ3Sig                         0080
[ G] S$Wake                           0001
[ G] S$Window                         0004
[ G] Sbrtn                            0020
[SG] SCF.D                            0001
[ G] SHARE.                           0040
[ G] ShellSub                         0050
[ G] Sign                             0080
[ G] size                             170A
[ G] SS.AAGBf                         0080
[ G] SS.AlfaS                         001C
[ G] SS.AnPal                         009A
[ G] SS.ARAM                          00CA
[ G] SS.AScrn                         008B
[ G] SS.Attr                          001C
[ G] SS.BlkRd                         0014
[ G] SS.BlkWr                         0015
[ G] SS.Break                         001D
[ G] SS.CDRel                         009B
[ G] SS.CDSig                         009A
[ G] SS.CDSta                         0099
[ G] SS.Close                         002A
[ G] SS.ComSt                         0028
[ G] SS.Cursr                         0025
[ G] SS.DCmd                          000D
[ G] SS.DevNm                         000E
[ G] SS.DfPal                         0097
[ G] SS.DirEnt                        0020
[ G] SS.DRAM                          00CB
[ G] SS.DRead                         0080
[ G] SS.DrvCh                         0086
[ G] SS.DScrn                         008C
[ G] SS.DSize                         0026
[ G] SS.DStat                         0012
[ G] SS.DWrit                         0080
[ G] SS.ECC                           00B0
[ G] SS.ELog                          0019
[ G] SS.EOF                           0006
[ G] SS.FBRgs                         0096
[ G] SS.FClr                          0081
[ G] SS.FD                            000F
[ G] SS.FDInf                         0020
[ G] SS.Feed                          0009
[ G] SS.Fill                          00A0
[ G] SS.FndBf                         009B
[ G] SS.Frz                           000A
[ G] SS.FScrn                         008D
[ G] SS.FSet                          00C7
[ G] SS.FSig                          002C
[ G] SS.GIP                           0094
[ G] SS.GIP2                          0099
[ G] SS.Hist                          00A1
[ G] SS.HngUp                         002B
[ G] SS.Joy                           0013
[ G] SS.KClr                          00C9
[ G] SS.KSet                          00C8
[ G] SS.KySns                         0027
[ G] SS.Link                          0007
[ G] SS.Lock                          0011
[ G] SS.MnSel                         0087
[ G] SS.MOFF                          0082
[ G] SS.Montr                         0092
[ G] SS.MoTim                         0083
[ G] SS.Mount                         0082
[ G] SS.Mouse                         0089
[ G] SS.MpGPB                         0084
[ G] SS.MsSig                         008A
[ G] SS.Open                          0029
[ G] SS.Opt                           0000
[ G] SS.Palet                         0091
[ G] SS.Pos                           0005
[ G] SS.PScrn                         008E
[ G] SS.RdNet                         0083
[ G] SS.Ready                         0001
[ G] SS.Relea                         001B
[ G] SS.Reset                         0003
[ G] SS.Reten                         0016
[ G] SS.RFM                           0018
[ G] SS.RsBit                         001E
[ G] SS.SBar                          0088
[ G] SS.ScInf                         008F
[ G] SS.ScSiz                         0026
[ G] SS.ScTyp                         0093
[ G] SS.SDRD                          0084
[ G] SS.SDWRT                         0084
[ G] SS.SetMF                         0024
[ G] SS.Size                          0002
[ G] SS.Sleep                         0085
[ G] SS.SLGBf                         0081
[ G] SS.Slots                         0085
[ G] SS.SPT                           000B
[ G] SS.SQD                           000C
[ G] SS.SSig                          001A
[ G] SS.Ticks                         0010
[ G] SS.Tone                          0098
[ G] SS.ULink                         0008
[ G] SS.UMBar                         0095
[ G] SS.UnFrz                         0081
[ G] SS.VarSect                       0012
[ G] SS.VCtr                          0080
[ G] SS.VSig                          0081
[ G] SS.WFM                           0017
[ G] SS.WnSet                         0086
[ G] SS.WTrk                          0004
[ G] start                            001D
[ G] StdStr                           0012
[ G] STOP1                            0000
[ G] STOP2                            0010
[ G] Suspend                          0008
[ G] SysState                         0080
[ G] SysStr                           0010
[ G] Systm                            00C0
[ G] TimOut                           0020
[ G] TimSleep                         0040
[ G] true                             0001
[ G] TwosOvfl                         0002
[SG] tylg                             0011
[ G] TypeMask                         00F0
[ G] u0000                            0000
[ G] u0001                            0001
[ G] u0002                            0002
[ G] u0003                            0003
[ G] u0004                            0004
[ G] u0006                            0006
[ G] u0008                            0008
[ G] u0009                            0009
[ G] u000A                            000A
[ G] u000B                            000B
[ G] u000C                            000C
[ G] u000D                            000D
[ G] u0011                            0011
[ G] u0014                            0014
[ G] u0016                            0016
[ G] u0018                            0018
[ G] u001A                            001A
[ G] u001C                            001C
[ G] u0020                            0020
[ G] u0025                            0025
[ G] u0027                            0027
[ G] u0028                            0028
[ G] u002F                            002F
[ G] u0034                            0034
[ G] u0062                            0062
[ G] u0064                            0064
[ G] u0065                            0065
[ G] u0069                            0069
[ G] u006C                            006C
[ G] u006D                            006D
[ G] u006E                            006E
[ G] u0073                            0073
[ G] u00E8                            00E8
[ G] u017E                            017E
[ G] u0180                            0180
[ G] u01BA                            01BA
[ G] u01BB                            01BB
[ G] u01BE                            01BE
[ G] UPDAT.                           0003
[ G] V$DESC                           0004
[ G] V$DRIV                           0000
[ G] V$DRIVEX                         0009
[ G] V$FMGR                           0006
[ G] V$FMGREX                         000B
[ G] V$STAT                           0002
[ G] V$USRS                           0008
[ G] V.BUSY                           0004
[ G] V.DEV2                           0009
[ G] V.ERR                            000E
[ G] V.INTR                           000B
[ G] V.KANJI                          0011
[ G] V.KBUF                           0012
[ G] V.LINE                           0007
[ G] V.LPRC                           0003
[ G] V.MODADR                         0014
[ G] V.PAGE                           0000
[ G] V.PAUS                           0008
[ G] V.PCHR                           000D
[ G] V.PDLHd                          0016
[ G] V.PORT                           0001
[ G] V.QUIT                           000C
[ G] V.RSV                            0018
[ G] V.SCF                            001D
[ G] V.TYPE                           0006
[ G] V.USER                           0006
[ G] V.WAKE                           0005
[ G] V.XOFF                           0010
[ G] V.XON                            000F
[ G] Vi.Cnt                           0000
[ G] Vi.IFlag                         0001
[ G] Vi.PkSz                          0005
[ G] Vi.Rst                           0002
[ G] Vi.Stat                          0004
[ G] VidRAM                           0004
[ G] WORD7                            0020
[ G] WORD8                            0000
[ G] WRITE.                           0002
[ G] Zero                             0004
