                      (_6809/control.asm):00001         
0000 87CD3A6E000D1181 (_6809/control.asm):00002         L0000               fcb       $87,$CD,$3A,$6E,$00,$0D,$11,$81 .M:n....
0008 7C001E1834636F6E (_6809/control.asm):00003         L0008               fcb       $7C,$00,$1E,$18,$34,$63,$6F,$6E |...4con
0010 74726FEC08A6A0A7 (_6809/control.asm):00004         L0010               fcb       $74,$72,$6F,$EC,$08,$A6,$A0,$A7 trol.& '
0018 C0301F26F8393420 (_6809/control.asm):00005         L0018               fcb       $C0,$30,$1F,$26,$F8,$39,$34,$20 @0.&x94
0020 34404F5FA7C05A26 (_6809/control.asm):00006         L0020               fcb       $34,$40,$4F,$5F,$A7,$C0,$5A,$26 4@O_'@Z&
0028 FBAEE43384308914 (_6809/control.asm):00007         L0028               fcb       $FB,$AE,$E4,$33,$84,$30,$89,$14 ..d3.0..
0030 B43410318D36EAAE (_6809/control.asm):00008         L0030               fcb       $B4,$34,$10,$31,$8D,$36,$EA,$AE 44.1.6j.
0038 A127048DD8EE6233 (_6809/control.asm):00009         L0038               fcb       $A1,$27,$04,$8D,$D8,$EE,$62,$33 !'..Xnb3
0040 C90035AEA127038D (_6809/control.asm):00010         L0040               fcb       $C9,$00,$35,$AE,$A1,$27,$03,$8D I.5.!'..
0048 CC4F11A3E42704A7 (_6809/control.asm):00011         L0048               fcb       $CC,$4F,$11,$A3,$E4,$27,$04,$A7 LO.#d'.'
0050 C020F7EE62ECA127 (_6809/control.asm):00012         L0050               fcb       $C0,$20,$F7,$EE,$62,$EC,$A1,$27 @ wnbl!'
0058 07308DFFA3170103 (_6809/control.asm):00013         L0058               fcb       $07,$30,$8D,$FF,$A3,$17,$01,$03 .0..#...
0060 ECA1270530C41700 (_6809/control.asm):00014         L0060               fcb       $EC,$A1,$27,$05,$30,$C4,$17,$00 l!'.0D..
0068 FA32643510AFC903 (_6809/control.asm):00015         L0068               fcb       $FA,$32,$64,$35,$10,$AF,$C9,$03 z2d5./I.
0070 8610AFC90346CC00 (_6809/control.asm):00016         L0070               fcb       $86,$10,$AF,$C9,$03,$46,$CC,$00 ../I.FL.
0078 01EDC9038231C903 (_6809/control.asm):00017         L0078               fcb       $01,$ED,$C9,$03,$82,$31,$C9,$03 .mI..1I.
0080 4830E4A680E6C903 (_6809/control.asm):00018         L0080               fcb       $48,$30,$E4,$A6,$80,$E6,$C9,$03 H0d&.fI.
0088 83C11D2754810D27 (_6809/control.asm):00019         L0088               fcb       $83,$C1,$1D,$27,$54,$81,$0D,$27 .A.'T..'
0090 5081202704812C26 (_6809/control.asm):00020         L0090               fcb       $50,$81,$20,$27,$04,$81,$2C,$26 P. '..,&
0098 04A68020F0812227 (_6809/control.asm):00021         L0098               fcb       $04,$A6,$80,$20,$F0,$81,$22,$27 .&. p."'
00A0 048127261EAFA16C (_6809/control.asm):00022         L00A0               fcb       $04,$81,$27,$26,$1E,$AF,$A1,$6C ..'&./!l
00A8 C903833402A68081 (_6809/control.asm):00023         L00A8               fcb       $C9,$03,$83,$34,$02,$A6,$80,$81 I..4.&..
00B0 0D2704A1E426F635 (_6809/control.asm):00024         L00B0               fcb       $0D,$27,$04,$A1,$E4,$26,$F6,$35 .'.!d&v5
00B8 046F1F810D2722A6 (_6809/control.asm):00025         L00B8               fcb       $04,$6F,$1F,$81,$0D,$27,$22,$A6 .o...'"&
00C0 8020C2301FAFA130 (_6809/control.asm):00026         L00C0               fcb       $80,$20,$C2,$30,$1F,$AF,$A1,$30 . B0./!0
00C8 016CC90383810D27 (_6809/control.asm):00027         L00C8               fcb       $01,$6C,$C9,$03,$83,$81,$0D,$27 .lI....'
00D0 0C81202708812C27 (_6809/control.asm):00028         L00D0               fcb       $0C,$81,$20,$27,$08,$81,$2C,$27 .. '..,'
00D8 04A68020F06F1F20 (_6809/control.asm):00029         L00D8               fcb       $04,$A6,$80,$20,$F0,$6F,$1F,$20 .&. po.
00E0 A430C903463410EC (_6809/control.asm):00030         L00E0               fcb       $A4,$30,$C9,$03,$46,$34,$10,$EC $0I.F4.l
00E8 C90382340631C48D (_6809/control.asm):00031         L00E8               fcb       $C9,$03,$82,$34,$06,$31,$C4,$8D I..4.1D.
00F0 0A1700976FE26FE2 (_6809/control.asm):00032         L00F0               fcb       $0A,$17,$00,$97,$6F,$E2,$6F,$E2 ....obob
00F8 17361930A914B4AF (_6809/control.asm):00033         L00F8               fcb       $17,$36,$19,$30,$A9,$14,$B4,$AF .6.0).4/
0100 A9039010EFA90384 (_6809/control.asm):00034         L0100               fcb       $A9,$03,$90,$10,$EF,$A9,$03,$84 )...o)..
0108 10EFA90392CCFF82 (_6809/control.asm):00035         L0108               fcb       $10,$EF,$A9,$03,$92,$CC,$FF,$82 .o)..L..
0110 30EBACA90392240A (_6809/control.asm):00036         L0110               fcb       $30,$EB,$AC,$A9,$03,$92,$24,$0A 0k,)..$.
0118 ACA90390251EAFA9 (_6809/control.asm):00037         L0118               fcb       $AC,$A9,$03,$90,$25,$1E,$AF,$A9 ,)..%./)
0120 0392392A2A2A2A20 (_6809/control.asm):00038         L0120               fcb       $03,$92,$39,$2A,$2A,$2A,$2A,$20 ..9****
0128 535441434B204F56 (_6809/control.asm):00039         L0128               fcb       $53,$54,$41,$43,$4B,$20,$4F,$56 STACK OV
0130 4552464C4F57202A (_6809/control.asm):00040         L0130               fcb       $45,$52,$46,$4C,$4F,$57,$20,$2A ERFLOW *
0138 2A2A2A0D308CE4C6 (_6809/control.asm):00041         L0138               fcb       $2A,$2A,$2A,$0D,$30,$8C,$E4,$C6 ***.0.dF
0140 CF34048602108E00 (_6809/control.asm):00042         L0140               fcb       $CF,$34,$04,$86,$02,$10,$8E,$00 O4......
0148 64103F8C6FE21735 (_6809/control.asm):00043         L0148               fcb       $64,$10,$3F,$8C,$6F,$E2,$17,$35 d.?.ob.5
0150 C9ECA90384A3A903 (_6809/control.asm):00044         L0150               fcb       $C9,$EC,$A9,$03,$84,$A3,$A9,$03 Il)..#).
0158 9239ECA90392A3A9 (_6809/control.asm):00045         L0158               fcb       $92,$39,$EC,$A9,$03,$92,$A3,$A9 .9l)..#)
0160 039039341030AB30 (_6809/control.asm):00046         L0160               fcb       $03,$90,$39,$34,$10,$30,$AB,$30 ..94.0+0
0168 8B3410ECA130CBEC (_6809/control.asm):00047         L0168               fcb       $8B,$34,$10,$EC,$A1,$30,$CB,$EC .4.l!0Kl
0170 84E362ED8410ACE4 (_6809/control.asm):00048         L0170               fcb       $84,$E3,$62,$ED,$84,$10,$AC,$E4 .cbm..,d
0178 26F13264393440CC (_6809/control.asm):00049         L0178               fcb       $26,$F1,$32,$64,$39,$34,$40,$CC &q2d94@L
0180 FFC017FF8BEC64DD (_6809/control.asm):00050         L0180               fcb       $FF,$C0,$17,$FF,$8B,$EC,$64,$DD .@...ld]
0188 0535C03440CCFFBA (_6809/control.asm):00051         L0188               fcb       $05,$35,$C0,$34,$40,$CC,$FF,$BA .5@4@L.:
0190 17FF7D308DFFE634 (_6809/control.asm):00052         L0190               fcb       $17,$FF,$7D,$30,$8D,$FF,$E6,$34 ..}0..f4
0198 101735483262EC64 (_6809/control.asm):00053         L0198               fcb       $10,$17,$35,$48,$32,$62,$EC,$64 ..5H2bld
01A0 340617004F3262EC (_6809/control.asm):00054         L01A0               fcb       $34,$06,$17,$00,$4F,$32,$62,$EC 4...O2bl
01A8 6410830001261A4F (_6809/control.asm):00055         L01A8               fcb       $64,$10,$83,$00,$01,$26,$1A,$4F d....&.O
01B0 5FDD0D17021C4F5F (_6809/control.asm):00056         L01B0               fcb       $5F,$DD,$0D,$17,$02,$1C,$4F,$5F _]....O_
01B8 34061708E3326220 (_6809/control.asm):00057         L01B8               fcb       $34,$06,$17,$08,$E3,$32,$62,$20 4...c2b
01C0 001709F7170AAC20 (_6809/control.asm):00058         L01C0               fcb       $00,$17,$09,$F7,$17,$0A,$AC,$20 ...w..,
01C8 F8AE66EE02E6C4C1 (_6809/control.asm):00059         L01C8               fcb       $F8,$AE,$66,$EE,$02,$E6,$C4,$C1 x.fn.fDA
01D0 2D261FE6411D1F01 (_6809/control.asm):00060         L01D0               fcb       $2D,$26,$1F,$E6,$41,$1D,$1F,$01 -&.fA...
01D8 200CDC0DC30001DD (_6809/control.asm):00061         L01D8               fcb       $20,$0C,$DC,$0D,$C3,$00,$01,$DD .\.C..]
01E0 0D170D79200C8C00 (_6809/control.asm):00062         L01E0               fcb       $0D,$17,$0D,$79,$20,$0C,$8C,$00 ...y ...
01E8 6527EF8C00451027 (_6809/control.asm):00063         L01E8               fcb       $65,$27,$EF,$8C,$00,$45,$10,$27 e'o..E.'
01F0 FFE835C03440CCFF (_6809/control.asm):00064         L01F0               fcb       $FF,$E8,$35,$C0,$34,$40,$CC,$FF .h5@4@L.
01F8 B217FF14CC0001DD (_6809/control.asm):00065         L01F8               fcb       $B2,$17,$FF,$14,$CC,$00,$01,$DD 2...L..]
0200 094F5FDD0730A903 (_6809/control.asm):00066         L0200               fcb       $09,$4F,$5F,$DD,$07,$30,$A9,$03 .O_].0).
0208 F83410DC0934064F (_6809/control.asm):00067         L0208               fcb       $F8,$34,$10,$DC,$09,$34,$06,$4F x4.\.4.O
0210 5F34061733213266 (_6809/control.asm):00068         L0210               fcb       $5F,$34,$06,$17,$33,$21,$32,$66 _4..3!2f
0218 30A9041A3410DC09 (_6809/control.asm):00069         L0218               fcb       $30,$A9,$04,$1A,$34,$10,$DC,$09 0)..4.\.
0220 34064F5F34061733 (_6809/control.asm):00070         L0220               fcb       $34,$06,$4F,$5F,$34,$06,$17,$33 4.O_4..3
0228 0E32664F5FE7A903 (_6809/control.asm):00071         L0228               fcb       $0E,$32,$66,$4F,$5F,$E7,$A9,$03 .2fO_g).
0230 FF4F5FE7A903FC30 (_6809/control.asm):00072         L0230               fcb       $FF,$4F,$5F,$E7,$A9,$03,$FC,$30 .O_g)..0
0238 A903F83410DC0934 (_6809/control.asm):00073         L0238               fcb       $A9,$03,$F8,$34,$10,$DC,$09,$34 ).x4.\.4
0240 064F5F340617332A (_6809/control.asm):00074         L0240               fcb       $06,$4F,$5F,$34,$06,$17,$33,$2A .O_4..3*
0248 3266EC6410830001 (_6809/control.asm):00075         L0248               fcb       $32,$66,$EC,$64,$10,$83,$00,$01 2fld....
0250 1026015ECC000234 (_6809/control.asm):00076         L0250               fcb       $10,$26,$01,$5E,$CC,$00,$02,$34 .&.^L..4
0258 0630A900033410DC (_6809/control.asm):00077         L0258               fcb       $06,$30,$A9,$00,$03,$34,$10,$DC .0)..4.\
0260 0934061733E03266 (_6809/control.asm):00078         L0260               fcb       $09,$34,$06,$17,$33,$E0,$32,$66 .4..3`2f
0268 CC00013406DC0934 (_6809/control.asm):00079         L0268               fcb       $CC,$00,$01,$34,$06,$DC,$09,$34 L..4.\.4
0270 06172C9432644F5F (_6809/control.asm):00080         L0270               fcb       $06,$17,$2C,$94,$32,$64,$4F,$5F ..,.2dO_
0278 3406DC093406172C (_6809/control.asm):00081         L0278               fcb       $34,$06,$DC,$09,$34,$06,$17,$2C 4.\.4..,
0280 8B32644F5F34064F (_6809/control.asm):00082         L0280               fcb       $8B,$32,$64,$4F,$5F,$34,$06,$4F .2dO_4.O
0288 5F3406DC09340617 (_6809/control.asm):00083         L0288               fcb       $5F,$34,$06,$DC,$09,$34,$06,$17 _4.\.4..
0290 2C3332664F5F3406 (_6809/control.asm):00084         L0290               fcb       $2C,$33,$32,$66,$4F,$5F,$34,$06 ,32fO_4.
0298 4F5F3406DC093406 (_6809/control.asm):00085         L0298               fcb       $4F,$5F,$34,$06,$DC,$09,$34,$06 O_4.\.4.
02A0 172C7132664F5F34 (_6809/control.asm):00086         L02A0               fcb       $17,$2C,$71,$32,$66,$4F,$5F,$34 .,q2fO_4
02A8 06DC093406172C44 (_6809/control.asm):00087         L02A8               fcb       $06,$DC,$09,$34,$06,$17,$2C,$44 .\.4..,D
02B0 32644F5F3406DC09 (_6809/control.asm):00088         L02B0               fcb       $32,$64,$4F,$5F,$34,$06,$DC,$09 2dO_4.\.
02B8 3406172C3B3264CC (_6809/control.asm):00089         L02B8               fcb       $34,$06,$17,$2C,$3B,$32,$64,$CC 4..,;2dL
02C0 00013406DC093406 (_6809/control.asm):00090         L02C0               fcb       $00,$01,$34,$06,$DC,$09,$34,$06 ..4.\.4.
02C8 172C1D3264DC0934 (_6809/control.asm):00091         L02C8               fcb       $17,$2C,$1D,$32,$64,$DC,$09,$34 .,.2d\.4
02D0 06172CA6326230A9 (_6809/control.asm):00092         L02D0               fcb       $06,$17,$2C,$A6,$32,$62,$30,$A9 ..,&2b0)
02D8 0261AFA903D6CC00 (_6809/control.asm):00093         L02D8               fcb       $02,$61,$AF,$A9,$03,$D6,$CC,$00 .a/).VL.
02E0 01E7A903CACC0014 (_6809/control.asm):00094         L02E0               fcb       $01,$E7,$A9,$03,$CA,$CC,$00,$14 .g).JL..
02E8 E7A903CBCC000FE7 (_6809/control.asm):00095         L02E8               fcb       $E7,$A9,$03,$CB,$CC,$00,$0F,$E7 g).KL..g
02F0 A903CCCCC0C0EDA9 (_6809/control.asm):00096         L02F0               fcb       $A9,$03,$CC,$CC,$C0,$C0,$ED,$A9 ).LL@@m)
02F8 03CD308D0F153410 (_6809/control.asm):00097         L02F8               fcb       $03,$CD,$30,$8D,$0F,$15,$34,$10 .M0...4.
0300 30A903B63410172D (_6809/control.asm):00098         L0300               fcb       $30,$A9,$03,$B6,$34,$10,$17,$2D 0).64..-
0308 4C326430A9001334 (_6809/control.asm):00099         L0308               fcb       $4C,$32,$64,$30,$A9,$00,$13,$34 L2d0)..4
0310 10DC093406172B0E (_6809/control.asm):00100         L0310               fcb       $10,$DC,$09,$34,$06,$17,$2B,$0E .\.4..+.
0318 326430A900113410 (_6809/control.asm):00101         L0318               fcb       $32,$64,$30,$A9,$00,$11,$34,$10 2d0)..4.
0320 30A9000F3410DC09 (_6809/control.asm):00102         L0320               fcb       $30,$A9,$00,$0F,$34,$10,$DC,$09 0)..4.\.
0328 3406172A9C326630 (_6809/control.asm):00103         L0328               fcb       $34,$06,$17,$2A,$9C,$32,$66,$30 4..*.2f0
0330 A903B63410CC0001 (_6809/control.asm):00104         L0330               fcb       $A9,$03,$B6,$34,$10,$CC,$00,$01 ).64.L..
0338 3406DC093406172A (_6809/control.asm):00105         L0338               fcb       $34,$06,$DC,$09,$34,$06,$17,$2A 4.\.4..*
0340 B83266ED7E270E17 (_6809/control.asm):00106         L0340               fcb       $B8,$32,$66,$ED,$7E,$27,$0E,$17 82fm~'..
0348 095CECA903943406 (_6809/control.asm):00107         L0348               fcb       $09,$5C,$EC,$A9,$03,$94,$34,$06 .\l)..4.
0350 1733C13262CC0001 (_6809/control.asm):00108         L0350               fcb       $17,$33,$C1,$32,$62,$CC,$00,$01 .3A2bL..
0358 3406CC00C83406DC (_6809/control.asm):00109         L0358               fcb       $34,$06,$CC,$00,$C8,$34,$06,$DC 4.L.H4.\
0360 093406172B693266 (_6809/control.asm):00110         L0360               fcb       $09,$34,$06,$17,$2B,$69,$32,$66 .4..+i2f
0368 DC11830001DD1134 (_6809/control.asm):00111         L0368               fcb       $DC,$11,$83,$00,$01,$DD,$11,$34 \....].4
0370 06DC0F3406CC0001 (_6809/control.asm):00112         L0370               fcb       $06,$DC,$0F,$34,$06,$CC,$00,$01 .\.4.L..
0378 34064F5F3406DC09 (_6809/control.asm):00113         L0378               fcb       $34,$06,$4F,$5F,$34,$06,$DC,$09 4.O_4.\.
0380 3406172B21326ACC (_6809/control.asm):00114         L0380               fcb       $34,$06,$17,$2B,$21,$32,$6A,$CC 4..+!2jL
0388 00013406CC00CA34 (_6809/control.asm):00115         L0388               fcb       $00,$01,$34,$06,$CC,$00,$CA,$34 ..4.L.J4
0390 06DC093406172B32 (_6809/control.asm):00116         L0390               fcb       $06,$DC,$09,$34,$06,$17,$2B,$32 .\.4..+2
0398 3266CC00013406CC (_6809/control.asm):00117         L0398               fcb       $32,$66,$CC,$00,$01,$34,$06,$CC 2fL..4.L
03A0 000A3406CC000334 (_6809/control.asm):00118         L03A0               fcb       $00,$0A,$34,$06,$CC,$00,$03,$34 ..4.L..4
03A8 06DC093406172999 (_6809/control.asm):00119         L03A8               fcb       $06,$DC,$09,$34,$06,$17,$29,$99 .\.4..).
03B0 3268CCFFFFE7A904 (_6809/control.asm):00120         L03B0               fcb       $32,$68,$CC,$FF,$FF,$E7,$A9,$04 2hL..g).
03B8 41E7A90440E7A904 (_6809/control.asm):00121         L03B8               fcb       $41,$E7,$A9,$04,$40,$E7,$A9,$04 Ag).@g).
03C0 3FCCFFFFDD19DD1B (_6809/control.asm):00122         L03C0               fcb       $3F,$CC,$FF,$FF,$DD,$19,$DD,$1B ?L..].].
03C8 DD1FDD17DD15DD1D (_6809/control.asm):00123         L03C8               fcb       $DD,$1F,$DD,$17,$DD,$15,$DD,$1D ].].].].
03D0 35C03440CCFFAE17 (_6809/control.asm):00124         L03D0               fcb       $35,$C0,$34,$40,$CC,$FF,$AE,$17 5@4@L...
03D8 FD36327ACC000134 (_6809/control.asm):00125         L03D8               fcb       $FD,$36,$32,$7A,$CC,$00,$01,$34 .62zL..4
03E0 06DC093406172B20 (_6809/control.asm):00126         L03E0               fcb       $06,$DC,$09,$34,$06,$17,$2B,$20 .\.4..+
03E8 3264CC009234064F (_6809/control.asm):00127         L03E8               fcb       $32,$64,$CC,$00,$92,$34,$06,$4F 2dL..4.O
03F0 5F3406DC09340617 (_6809/control.asm):00128         L03F0               fcb       $5F,$34,$06,$DC,$09,$34,$06,$17 _4.\.4..
03F8 2B4D3266CC000134 (_6809/control.asm):00129         L03F8               fcb       $2B,$4D,$32,$66,$CC,$00,$01,$34 +M2fL..4
0400 06CC027F3406DC09 (_6809/control.asm):00130         L0400               fcb       $06,$CC,$02,$7F,$34,$06,$DC,$09 .L.4.\.
0408 3406172B3632664F (_6809/control.asm):00131         L0408               fcb       $34,$06,$17,$2B,$36,$32,$66,$4F 4..+62fO
0410 5F3406CC012C3406 (_6809/control.asm):00132         L0410               fcb       $5F,$34,$06,$CC,$01,$2C,$34,$06 _4.L.,4.
0418 DC093406172B2832 (_6809/control.asm):00133         L0418               fcb       $DC,$09,$34,$06,$17,$2B,$28,$32 \.4..+(2
0420 66CC009134064F5F (_6809/control.asm):00134         L0420               fcb       $66,$CC,$00,$91,$34,$06,$4F,$5F fL..4.O_
0428 3406DC093406172A (_6809/control.asm):00135         L0428               fcb       $34,$06,$DC,$09,$34,$06,$17,$2A 4.\.4..*
0430 FA3266CCFFEC3406 (_6809/control.asm):00136         L0430               fcb       $FA,$32,$66,$CC,$FF,$EC,$34,$06 z2fL.l4.
0438 CCFED43406CC0041 (_6809/control.asm):00137         L0438               fcb       $CC,$FE,$D4,$34,$06,$CC,$00,$41 L.T4.L.A
0440 3406CC012C340617 (_6809/control.asm):00138         L0440               fcb       $34,$06,$CC,$01,$2C,$34,$06,$17 4.L.,4..
0448 28873268CC001434 (_6809/control.asm):00139         L0448               fcb       $28,$87,$32,$68,$CC,$00,$14,$34 (.2hL..4
0450 06CC01533406DC09 (_6809/control.asm):00140         L0450               fcb       $06,$CC,$01,$53,$34,$06,$DC,$09 .L.S4.\.
0458 3406172ADE3266CC (_6809/control.asm):00141         L0458               fcb       $34,$06,$17,$2A,$DE,$32,$66,$CC 4..*^2fL
0460 00653406CC006434 (_6809/control.asm):00142         L0460               fcb       $00,$65,$34,$06,$CC,$00,$64,$34 .e4.L.d4
0468 06CC002D3406CC00 (_6809/control.asm):00143         L0468               fcb       $06,$CC,$00,$2D,$34,$06,$CC,$00 .L.-4.L.
0470 64340617285B3268 (_6809/control.asm):00144         L0470               fcb       $64,$34,$06,$17,$28,$5B,$32,$68 d4..([2h
0478 CC002F3406CC001E (_6809/control.asm):00145         L0478               fcb       $CC,$00,$2F,$34,$06,$CC,$00,$1E L./4.L..
0480 34061721F63264CC (_6809/control.asm):00146         L0480               fcb       $34,$06,$17,$21,$F6,$32,$64,$CC 4..!v2dL
0488 002F3406CC007D34 (_6809/control.asm):00147         L0488               fcb       $00,$2F,$34,$06,$CC,$00,$7D,$34 ./4.L.}4
0490 0617223D3264CC00 (_6809/control.asm):00148         L0490               fcb       $06,$17,$22,$3D,$32,$64,$CC,$00 .."=2dL.
0498 2F3406CC00E63406 (_6809/control.asm):00149         L0498               fcb       $2F,$34,$06,$CC,$00,$E6,$34,$06 /4.L.f4.
04A0 1722A83264CC001E (_6809/control.asm):00150         L04A0               fcb       $17,$22,$A8,$32,$64,$CC,$00,$1E ."(2dL..
04A8 3406CC004A3406CC (_6809/control.asm):00151         L04A8               fcb       $34,$06,$CC,$00,$4A,$34,$06,$CC 4.L.J4.L
04B0 00053406CC000A34 (_6809/control.asm):00152         L04B0               fcb       $00,$05,$34,$06,$CC,$00,$0A,$34 ..4.L..4
04B8 061728153268CC00 (_6809/control.asm):00153         L04B8               fcb       $06,$17,$28,$15,$32,$68,$CC,$00 ..(.2hL.
04C0 143406CC003C3406 (_6809/control.asm):00154         L04C0               fcb       $14,$34,$06,$CC,$00,$3C,$34,$06 .4.L.<4.
04C8 CC00093406CC0010 (_6809/control.asm):00155         L04C8               fcb       $CC,$00,$09,$34,$06,$CC,$00,$10 L..4.L..
04D0 34061727FC3268CC (_6809/control.asm):00156         L04D0               fcb       $34,$06,$17,$27,$FC,$32,$68,$CC 4..'.2hL
04D8 00053406CC003234 (_6809/control.asm):00157         L04D8               fcb       $00,$05,$34,$06,$CC,$00,$32,$34 ..4.L.24
04E0 06CC00233406CC00 (_6809/control.asm):00158         L04E0               fcb       $06,$CC,$00,$23,$34,$06,$CC,$00 .L.#4.L.
04E8 1634061727E33268 (_6809/control.asm):00159         L04E8               fcb       $16,$34,$06,$17,$27,$E3,$32,$68 .4..'c2h
04F0 CC00062013EC6434 (_6809/control.asm):00160         L04F0               fcb       $CC,$00,$06,$20,$13,$EC,$64,$34 L.. .ld4
04F8 06CC00FA34061727 (_6809/control.asm):00161         L04F8               fcb       $06,$CC,$00,$FA,$34,$06,$17,$27 .L.z4..'
0500 F83264EC64C3000C (_6809/control.asm):00162         L0500               fcb       $F8,$32,$64,$EC,$64,$C3,$00,$0C x2dldC..
0508 ED64EC6410830028 (_6809/control.asm):00163         L0508               fcb       $ED,$64,$EC,$64,$10,$83,$00,$28 mdld...(
0510 2DE3CC00063406CC (_6809/control.asm):00164         L0510               fcb       $2D,$E3,$CC,$00,$06,$34,$06,$CC -cL..4.L
0518 009634061722FF32 (_6809/control.asm):00165         L0518               fcb       $00,$96,$34,$06,$17,$22,$FF,$32 ..4..".2
0520 64CC00063406CC00 (_6809/control.asm):00166         L0520               fcb       $64,$CC,$00,$06,$34,$06,$CC,$00 dL..4.L.
0528 AF34061725893264 (_6809/control.asm):00167         L0528               fcb       $AF,$34,$06,$17,$25,$89,$32,$64 /4..%.2d
0530 CC00063406CC00C8 (_6809/control.asm):00168         L0530               fcb       $CC,$00,$06,$34,$06,$CC,$00,$C8 L..4.L.H
0538 340617232B3264CC (_6809/control.asm):00169         L0538               fcb       $34,$06,$17,$23,$2B,$32,$64,$CC 4..#+2dL
0540 00123406CC009634 (_6809/control.asm):00170         L0540               fcb       $00,$12,$34,$06,$CC,$00,$96,$34 ..4.L..4
0548 061726183264CC00 (_6809/control.asm):00171         L0548               fcb       $06,$17,$26,$18,$32,$64,$CC,$00 ..&.2dL.
0550 123406CC00AF3406 (_6809/control.asm):00172         L0550               fcb       $12,$34,$06,$CC,$00,$AF,$34,$06 .4.L./4.
0558 1726523264CC0012 (_6809/control.asm):00173         L0558               fcb       $17,$26,$52,$32,$64,$CC,$00,$12 .&R2dL..
0560 3406CC00C8340617 (_6809/control.asm):00174         L0560               fcb       $34,$06,$CC,$00,$C8,$34,$06,$17 4.L.H4..
0568 26D43264CC001E34 (_6809/control.asm):00175         L0568               fcb       $26,$D4,$32,$64,$CC,$00,$1E,$34 &T2dL..4
0570 06CC009634061725 (_6809/control.asm):00176         L0570               fcb       $06,$CC,$00,$96,$34,$06,$17,$25 .L..4..%
0578 3E3264CC001E3406 (_6809/control.asm):00177         L0578               fcb       $3E,$32,$64,$CC,$00,$1E,$34,$06 >2dL..4.
0580 CC00AF34061725C1 (_6809/control.asm):00178         L0580               fcb       $CC,$00,$AF,$34,$06,$17,$25,$C1 L./4..%A
0588 3264CC001E3406CC (_6809/control.asm):00179         L0588               fcb       $32,$64,$CC,$00,$1E,$34,$06,$CC 2dL..4.L
0590 00C8340617257032 (_6809/control.asm):00180         L0590               fcb       $00,$C8,$34,$06,$17,$25,$70,$32 .H4..%p2
0598 64CC00143406CC00 (_6809/control.asm):00181         L0598               fcb       $64,$CC,$00,$14,$34,$06,$CC,$00 dL..4.L.
05A0 463406CC000F3406 (_6809/control.asm):00182         L05A0               fcb       $46,$34,$06,$CC,$00,$0F,$34,$06 F4.L..4.
05A8 CC015E3406172721 (_6809/control.asm):00183         L05A8               fcb       $CC,$01,$5E,$34,$06,$17,$27,$21 L.^4..'!
05B0 3268CC00143406CC (_6809/control.asm):00184         L05B0               fcb       $32,$68,$CC,$00,$14,$34,$06,$CC 2hL..4.L
05B8 01683406DC093406 (_6809/control.asm):00185         L05B8               fcb       $01,$68,$34,$06,$DC,$09,$34,$06 .h4.\.4.
05C0 1729843266CC0005 (_6809/control.asm):00186         L05C0               fcb       $17,$29,$84,$32,$66,$CC,$00,$05 .).2fL..
05C8 3406CC00323406DC (_6809/control.asm):00187         L05C8               fcb       $34,$06,$CC,$00,$32,$34,$06,$DC 4.L.24.\
05D0 09340617296D3266 (_6809/control.asm):00188         L05D0               fcb       $09,$34,$06,$17,$29,$6D,$32,$66 .4..)m2f
05D8 CC00053406CC0181 (_6809/control.asm):00189         L05D8               fcb       $CC,$00,$05,$34,$06,$CC,$01,$81 L..4.L..
05E0 3406DC0934061729 (_6809/control.asm):00190         L05E0               fcb       $34,$06,$DC,$09,$34,$06,$17,$29 4.\.4..)
05E8 5E3266CC000A3406 (_6809/control.asm):00191         L05E8               fcb       $5E,$32,$66,$CC,$00,$0A,$34,$06 ^2fL..4.
05F0 4F5F3406DC093406 (_6809/control.asm):00192         L05F0               fcb       $4F,$5F,$34,$06,$DC,$09,$34,$06 O_4.\.4.
05F8 1729303266CC0006 (_6809/control.asm):00193         L05F8               fcb       $17,$29,$30,$32,$66,$CC,$00,$06 .)02fL..
0600 ED64CE01902024EC (_6809/control.asm):00194         L0600               fcb       $ED,$64,$CE,$01,$90,$20,$24,$EC mdN.. $l
0608 643406CC02443406 (_6809/control.asm):00195         L0608               fcb       $64,$34,$06,$CC,$02,$44,$34,$06 d4.L.D4.
0610 1726E63264CC0028 (_6809/control.asm):00196         L0610               fcb       $17,$26,$E6,$32,$64,$CC,$00,$28 .&f2dL.(
0618 340634401726DA32 (_6809/control.asm):00197         L0618               fcb       $34,$06,$34,$40,$17,$26,$DA,$32 4.4@.&Z2
0620 64EC64C3000FED64 (_6809/control.asm):00198         L0620               fcb       $64,$EC,$64,$C3,$00,$0F,$ED,$64 dldC..md
0628 33C864118301F42F (_6809/control.asm):00199         L0628               fcb       $33,$C8,$64,$11,$83,$01,$F4,$2F 3Hd...t/
0630 D6CC00073406CC01 (_6809/control.asm):00200         L0630               fcb       $D6,$CC,$00,$07,$34,$06,$CC,$01 VL..4.L.
0638 FE34061723D13264 (_6809/control.asm):00201         L0638               fcb       $FE,$34,$06,$17,$23,$D1,$32,$64 .4..#Q2d
0640 CC00073406CC0226 (_6809/control.asm):00202         L0640               fcb       $CC,$00,$07,$34,$06,$CC,$02,$26 L..4.L.&
0648 34061724273264CC (_6809/control.asm):00203         L0648               fcb       $34,$06,$17,$24,$27,$32,$64,$CC 4..$'2dL
0650 00163406CC01FE34 (_6809/control.asm):00204         L0650               fcb       $00,$16,$34,$06,$CC,$01,$FE,$34 ..4.L..4
0658 0617242C3264CC00 (_6809/control.asm):00205         L0658               fcb       $06,$17,$24,$2C,$32,$64,$CC,$00 ..$,2dL.
0660 163406CC021C3406 (_6809/control.asm):00206         L0660               fcb       $16,$34,$06,$CC,$02,$1C,$34,$06 .4.L..4.
0668 1724DE3264CC0034 (_6809/control.asm):00207         L0668               fcb       $17,$24,$DE,$32,$64,$CC,$00,$34 .$^2dL.4
0670 3406CC019F340617 (_6809/control.asm):00208         L0670               fcb       $34,$06,$CC,$01,$9F,$34,$06,$17 4.L..4..
0678 240E3264CC003434 (_6809/control.asm):00209         L0678               fcb       $24,$0E,$32,$64,$CC,$00,$34,$34 $.2dL.44
0680 06CC020334061724 (_6809/control.asm):00210         L0680               fcb       $06,$CC,$02,$03,$34,$06,$17,$24 .L..4..$
0688 DB3264CC000B3406 (_6809/control.asm):00211         L0688               fcb       $DB,$32,$64,$CC,$00,$0B,$34,$06 [2dL..4.
0690 CC00CD3406CC0046 (_6809/control.asm):00212         L0690               fcb       $CC,$00,$CD,$34,$06,$CC,$00,$46 L.M4.L.F
0698 3406CC016D340617 (_6809/control.asm):00213         L0698               fcb       $34,$06,$CC,$01,$6D,$34,$06,$17 4.L.m4..
06A0 262F3268CC004834 (_6809/control.asm):00214         L06A0               fcb       $26,$2F,$32,$68,$CC,$00,$48,$34 &/2hL.H4
06A8 06CC018B34061721 (_6809/control.asm):00215         L06A8               fcb       $06,$CC,$01,$8B,$34,$06,$17,$21 .L..4..!
06B0 6D3264CC00483406 (_6809/control.asm):00216         L06B0               fcb       $6D,$32,$64,$CC,$00,$48,$34,$06 m2dL.H4.
06B8 CC01A43406172102 (_6809/control.asm):00217         L06B8               fcb       $CC,$01,$A4,$34,$06,$17,$21,$02 L.$4..!.
06C0 3264CC00483406CC (_6809/control.asm):00218         L06C0               fcb       $32,$64,$CC,$00,$48,$34,$06,$CC 2dL.H4.L
06C8 01BD340617243832 (_6809/control.asm):00219         L06C8               fcb       $01,$BD,$34,$06,$17,$24,$38,$32 .=4..$82
06D0 64CC00483406CC01 (_6809/control.asm):00220         L06D0               fcb       $64,$CC,$00,$48,$34,$06,$CC,$01 dL.H4.L.
06D8 D634061721403264 (_6809/control.asm):00221         L06D8               fcb       $D6,$34,$06,$17,$21,$40,$32,$64 V4..!@2d
06E0 CC00483406CC01EF (_6809/control.asm):00222         L06E0               fcb       $CC,$00,$48,$34,$06,$CC,$01,$EF L.H4.L.o
06E8 34061722BD3264CC (_6809/control.asm):00223         L06E8               fcb       $34,$06,$17,$22,$BD,$32,$64,$CC 4.."=2dL
06F0 00483406CC020834 (_6809/control.asm):00224         L06F0               fcb       $00,$48,$34,$06,$CC,$02,$08,$34 .H4.L..4
06F8 0617238C3264CC00 (_6809/control.asm):00225         L06F8               fcb       $06,$17,$23,$8C,$32,$64,$CC,$00 ..#.2dL.
0700 5A3406CC015E3406 (_6809/control.asm):00226         L0700               fcb       $5A,$34,$06,$CC,$01,$5E,$34,$06 Z4.L.^4.
0708 1724593264CC005A (_6809/control.asm):00227         L0708               fcb       $17,$24,$59,$32,$64,$CC,$00,$5A .$Y2dL.Z
0710 3406CC0172340617 (_6809/control.asm):00228         L0710               fcb       $34,$06,$CC,$01,$72,$34,$06,$17 4.L.r4..
0718 22903264CC005A34 (_6809/control.asm):00229         L0718               fcb       $22,$90,$32,$64,$CC,$00,$5A,$34 ".2dL.Z4
0720 06CC018634061721 (_6809/control.asm):00230         L0720               fcb       $06,$CC,$01,$86,$34,$06,$17,$21 .L..4..!
0728 3F3264CC005A3406 (_6809/control.asm):00231         L0728               fcb       $3F,$32,$64,$CC,$00,$5A,$34,$06 ?2dL.Z4.
0730 CC019A3406172272 (_6809/control.asm):00232         L0730               fcb       $CC,$01,$9A,$34,$06,$17,$22,$72 L..4.."r
0738 3264CC005A3406CC (_6809/control.asm):00233         L0738               fcb       $32,$64,$CC,$00,$5A,$34,$06,$CC 2dL.Z4.L
0740 01AE340617207B32 (_6809/control.asm):00234         L0740               fcb       $01,$AE,$34,$06,$17,$20,$7B,$32 ..4.. {2
0748 64CC005A3406CC01 (_6809/control.asm):00235         L0748               fcb       $64,$CC,$00,$5A,$34,$06,$CC,$01 dL.Z4.L.
0750 C234061721643264 (_6809/control.asm):00236         L0750               fcb       $C2,$34,$06,$17,$21,$64,$32,$64 B4..!d2d
0758 CC005A3406CC01EA (_6809/control.asm):00237         L0758               fcb       $CC,$00,$5A,$34,$06,$CC,$01,$EA L.Z4.L.j
0760 340617218D3264CC (_6809/control.asm):00238         L0760               fcb       $34,$06,$17,$21,$8D,$32,$64,$CC 4..!.2dL
0768 005A3406CC01FE34 (_6809/control.asm):00239         L0768               fcb       $00,$5A,$34,$06,$CC,$01,$FE,$34 .Z4.L..4
0770 061721463264CC00 (_6809/control.asm):00240         L0770               fcb       $06,$17,$21,$46,$32,$64,$CC,$00 ..!F2dL.
0778 5A3406CC02123406 (_6809/control.asm):00241         L0778               fcb       $5A,$34,$06,$CC,$02,$12,$34,$06 Z4.L..4.
0780 17203F3264CC005A (_6809/control.asm):00242         L0780               fcb       $17,$20,$3F,$32,$64,$CC,$00,$5A . ?2dL.Z
0788 3406CC0226340617 (_6809/control.asm):00243         L0788               fcb       $34,$06,$CC,$02,$26,$34,$06,$17 4.L.&4..
0790 23D23264CC005A34 (_6809/control.asm):00244         L0790               fcb       $23,$D2,$32,$64,$CC,$00,$5A,$34 #R2dL.Z4
0798 06CC023A34061721 (_6809/control.asm):00245         L0798               fcb       $06,$CC,$02,$3A,$34,$06,$17,$21 .L.:4..!
07A0 193264CC00783406 (_6809/control.asm):00246         L07A0               fcb       $19,$32,$64,$CC,$00,$78,$34,$06 .2dL.x4.
07A8 CC015E34061723B4 (_6809/control.asm):00247         L07A8               fcb       $CC,$01,$5E,$34,$06,$17,$23,$B4 L.^4..#4
07B0 3264CC00783406CC (_6809/control.asm):00248         L07B0               fcb       $32,$64,$CC,$00,$78,$34,$06,$CC 2dL.x4.L
07B8 017234061721EB32 (_6809/control.asm):00249         L07B8               fcb       $01,$72,$34,$06,$17,$21,$EB,$32 .r4..!k2
07C0 64CC00783406CC01 (_6809/control.asm):00250         L07C0               fcb       $64,$CC,$00,$78,$34,$06,$CC,$01 dL.x4.L.
07C8 86340617209A3264 (_6809/control.asm):00251         L07C8               fcb       $86,$34,$06,$17,$20,$9A,$32,$64 .4.. .2d
07D0 CC00783406CC019A (_6809/control.asm):00252         L07D0               fcb       $CC,$00,$78,$34,$06,$CC,$01,$9A L.x4.L..
07D8 34061721CD3264CC (_6809/control.asm):00253         L07D8               fcb       $34,$06,$17,$21,$CD,$32,$64,$CC 4..!M2dL
07E0 00783406CC01AE34 (_6809/control.asm):00254         L07E0               fcb       $00,$78,$34,$06,$CC,$01,$AE,$34 .x4.L..4
07E8 06171FD63264CC00 (_6809/control.asm):00255         L07E8               fcb       $06,$17,$1F,$D6,$32,$64,$CC,$00 ...V2dL.
07F0 783406CC01C23406 (_6809/control.asm):00256         L07F0               fcb       $78,$34,$06,$CC,$01,$C2,$34,$06 x4.L.B4.
07F8 1720BF3264CC0078 (_6809/control.asm):00257         L07F8               fcb       $17,$20,$BF,$32,$64,$CC,$00,$78 . ?2dL.x
0800 3406CC01EA340617 (_6809/control.asm):00258         L0800               fcb       $34,$06,$CC,$01,$EA,$34,$06,$17 4.L.j4..
0808 20E83264CC007834 (_6809/control.asm):00259         L0808               fcb       $20,$E8,$32,$64,$CC,$00,$78,$34 h2dL.x4
0810 06CC01FE34061720 (_6809/control.asm):00260         L0810               fcb       $06,$CC,$01,$FE,$34,$06,$17,$20 .L..4..
0818 4F3264CC00783406 (_6809/control.asm):00261         L0818               fcb       $4F,$32,$64,$CC,$00,$78,$34,$06 O2dL.x4.
0820 CC02123406172182 (_6809/control.asm):00262         L0820               fcb       $CC,$02,$12,$34,$06,$17,$21,$82 L..4..!.
0828 3264CC00783406CC (_6809/control.asm):00263         L0828               fcb       $32,$64,$CC,$00,$78,$34,$06,$CC 2dL.x4.L
0830 0226340617217332 (_6809/control.asm):00264         L0830               fcb       $02,$26,$34,$06,$17,$21,$73,$32 .&4..!s2
0838 64CC00783406CC02 (_6809/control.asm):00265         L0838               fcb       $64,$CC,$00,$78,$34,$06,$CC,$02 dL.x4.L.
0840 3A34061721083264 (_6809/control.asm):00266         L0840               fcb       $3A,$34,$06,$17,$21,$08,$32,$64 :4..!.2d
0848 CC00641600AECE01 (_6809/control.asm):00267         L0848               fcb       $CC,$00,$64,$16,$00,$AE,$CE,$01 L.d...N.
0850 6D4F5FED62160097 (_6809/control.asm):00268         L0850               fcb       $6D,$4F,$5F,$ED,$62,$16,$00,$97 mO_mb...
0858 CC000F3406CC001E (_6809/control.asm):00269         L0858               fcb       $CC,$00,$0F,$34,$06,$CC,$00,$1E L..4.L..
0860 3406EC6834063440 (_6809/control.asm):00270         L0860               fcb       $34,$06,$EC,$68,$34,$06,$34,$40 4.lh4.4@
0868 1724663268AE6220 (_6809/control.asm):00271         L0868               fcb       $17,$24,$66,$32,$68,$AE,$62,$20 .$f2h.b
0870 4DCC00043406CC00 (_6809/control.asm):00272         L0870               fcb       $4D,$CC,$00,$04,$34,$06,$CC,$00 ML..4.L.
0878 0D3406171C53203A (_6809/control.asm):00273         L0878               fcb       $0D,$34,$06,$17,$1C,$53,$20,$3A .4...S :
0880 CC00043406CC0009 (_6809/control.asm):00274         L0880               fcb       $CC,$00,$04,$34,$06,$CC,$00,$09 L..4.L..
0888 3406171C6B202BCC (_6809/control.asm):00275         L0888               fcb       $34,$06,$17,$1C,$6B,$20,$2B,$CC 4...k +L
0890 00043406CC000934 (_6809/control.asm):00276         L0890               fcb       $00,$04,$34,$06,$CC,$00,$09,$34 ..4.L..4
0898 06171CC1201CCC00 (_6809/control.asm):00277         L0898               fcb       $06,$17,$1C,$C1,$20,$1C,$CC,$00 ...A .L.
08A0 043406CC000B3406 (_6809/control.asm):00278         L08A0               fcb       $04,$34,$06,$CC,$00,$0B,$34,$06 .4.L..4.
08A8 171D18200DCC0004 (_6809/control.asm):00279         L08A8               fcb       $17,$1D,$18,$20,$0D,$CC,$00,$04 ... .L..
08B0 3406CC0009340617 (_6809/control.asm):00280         L08B0               fcb       $34,$06,$CC,$00,$09,$34,$06,$17 4.L..4..
08B8 1D5C32642024AF7E (_6809/control.asm):00281         L08B8               fcb       $1D,$5C,$32,$64,$20,$24,$AF,$7E .\2d $/~
08C0 27208C0006271B8C (_6809/control.asm):00282         L08C0               fcb       $27,$20,$8C,$00,$06,$27,$1B,$8C ' ...'..
08C8 000127A58C000227 (_6809/control.asm):00283         L08C8               fcb       $00,$01,$27,$A5,$8C,$00,$02,$27 ..'%...'
08D0 AF8C000327B98C00 (_6809/control.asm):00284         L08D0               fcb       $AF,$8C,$00,$03,$27,$B9,$8C,$00 /...'9..
08D8 0427C38C000527CD (_6809/control.asm):00285         L08D8               fcb       $04,$27,$C3,$8C,$00,$05,$27,$CD .'C...'M
08E0 200033C81EEC62C3 (_6809/control.asm):00286         L08E0               fcb       $20,$00,$33,$C8,$1E,$EC,$62,$C3 .3H.lbC
08E8 0001ED6283000111 (_6809/control.asm):00287         L08E8               fcb       $00,$01,$ED,$62,$83,$00,$01,$11 ..mb....
08F0 83023F102DFF61EC (_6809/control.asm):00288         L08F0               fcb       $83,$02,$3F,$10,$2D,$FF,$61,$EC ..?.-.al
08F8 64C3001EED64EC64 (_6809/control.asm):00289         L08F8               fcb       $64,$C3,$00,$1E,$ED,$64,$EC,$64 dC..mdld
0900 10830082102FFF46 (_6809/control.asm):00290         L0900               fcb       $10,$83,$00,$82,$10,$2F,$FF,$46 ...../.F
0908 CC00053406CC0014 (_6809/control.asm):00291         L0908               fcb       $CC,$00,$05,$34,$06,$CC,$00,$14 L..4.L..
0910 3406CC006E3406CC (_6809/control.asm):00292         L0910               fcb       $34,$06,$CC,$00,$6E,$34,$06,$CC 4.L.n4.L
0918 017234061723B232 (_6809/control.asm):00293         L0918               fcb       $01,$72,$34,$06,$17,$23,$B2,$32 .r4..#22
0920 68CC00643406CC01 (_6809/control.asm):00294         L0920               fcb       $68,$CC,$00,$64,$34,$06,$CC,$01 hL.d4.L.
0928 773406DC09340617 (_6809/control.asm):00295         L0928               fcb       $77,$34,$06,$DC,$09,$34,$06,$17 w4.\.4..
0930 26153266CC000534 (_6809/control.asm):00296         L0930               fcb       $26,$15,$32,$66,$CC,$00,$05,$34 &.2fL..4
0938 064F5F3406DC0934 (_6809/control.asm):00297         L0938               fcb       $06,$4F,$5F,$34,$06,$DC,$09,$34 .O_4.\.4
0940 061725EF3266CC00 (_6809/control.asm):00298         L0940               fcb       $06,$17,$25,$EF,$32,$66,$CC,$00 ..%o2fL.
0948 053406CC00053406 (_6809/control.asm):00299         L0948               fcb       $05,$34,$06,$CC,$00,$05,$34,$06 .4.L..4.
0950 DC0934061725DC32 (_6809/control.asm):00300         L0950               fcb       $DC,$09,$34,$06,$17,$25,$DC,$32 \.4..%\2
0958 66CC00643406CC01 (_6809/control.asm):00301         L0958               fcb       $66,$CC,$00,$64,$34,$06,$CC,$01 fL.d4.L.
0960 813406DC09340617 (_6809/control.asm):00302         L0960               fcb       $81,$34,$06,$DC,$09,$34,$06,$17 .4.\.4..
0968 25DD3266CC000A34 (_6809/control.asm):00303         L0968               fcb       $25,$DD,$32,$66,$CC,$00,$0A,$34 %]2fL..4
0970 064F5F3406DC0934 (_6809/control.asm):00304         L0970               fcb       $06,$4F,$5F,$34,$06,$DC,$09,$34 .O_4.\.4
0978 061725AF3266CC00 (_6809/control.asm):00305         L0978               fcb       $06,$17,$25,$AF,$32,$66,$CC,$00 ..%/2fL.
0980 053406CC00053406 (_6809/control.asm):00306         L0980               fcb       $05,$34,$06,$CC,$00,$05,$34,$06 .4.L..4.
0988 CC00643406CC017C (_6809/control.asm):00307         L0988               fcb       $CC,$00,$64,$34,$06,$CC,$01,$7C L.d4.L.|
0990 340617233C3268CC (_6809/control.asm):00308         L0990               fcb       $34,$06,$17,$23,$3C,$32,$68,$CC 4..#<2hL
0998 000A3406CC001434 (_6809/control.asm):00309         L0998               fcb       $00,$0A,$34,$06,$CC,$00,$14,$34 ..4.L..4
09A0 06CC00693406CC02 (_6809/control.asm):00310         L09A0               fcb       $06,$CC,$00,$69,$34,$06,$CC,$02 .L.i4.L.
09A8 2634061723233268 (_6809/control.asm):00311         L09A8               fcb       $26,$34,$06,$17,$23,$23,$32,$68 &4..##2h
09B0 CC00653406CC022B (_6809/control.asm):00312         L09B0               fcb       $CC,$00,$65,$34,$06,$CC,$02,$2B L.e4.L.+
09B8 3406DC0934061725 (_6809/control.asm):00313         L09B8               fcb       $34,$06,$DC,$09,$34,$06,$17,$25 4.\.4..%
09C0 863266CC00043406 (_6809/control.asm):00314         L09C0               fcb       $86,$32,$66,$CC,$00,$04,$34,$06 .2fL..4.
09C8 CC00043406DC0934 (_6809/control.asm):00315         L09C8               fcb       $CC,$00,$04,$34,$06,$DC,$09,$34 L..4.\.4
09D0 061725573266CC00 (_6809/control.asm):00316         L09D0               fcb       $06,$17,$25,$57,$32,$66,$CC,$00 ..%W2fL.
09D8 053406CC00053406 (_6809/control.asm):00317         L09D8               fcb       $05,$34,$06,$CC,$00,$05,$34,$06 .4.L..4.
09E0 CC00643406CC0230 (_6809/control.asm):00318         L09E0               fcb       $CC,$00,$64,$34,$06,$CC,$02,$30 L.d4.L.0
09E8 34061722E43268CC (_6809/control.asm):00319         L09E8               fcb       $34,$06,$17,$22,$E4,$32,$68,$CC 4.."d2hL
09F0 00863406CC022B34 (_6809/control.asm):00320         L09F0               fcb       $00,$86,$34,$06,$CC,$02,$2B,$34 ..4.L.+4
09F8 061719C03264CC00 (_6809/control.asm):00321         L09F8               fcb       $06,$17,$19,$C0,$32,$64,$CC,$00 ...@2dL.
0A00 863406CC01773406 (_6809/control.asm):00322         L0A00               fcb       $86,$34,$06,$CC,$01,$77,$34,$06 .4.L.w4.
0A08 171A043264172303 (_6809/control.asm):00323         L0A08               fcb       $17,$1A,$04,$32,$64,$17,$23,$03 ...2d.#.
0A10 EDE44F5FED62CC00 (_6809/control.asm):00324         L0A10               fcb       $ED,$E4,$4F,$5F,$ED,$62,$CC,$00 mdO_mbL.
0A18 9B160075CE000A16 (_6809/control.asm):00325         L0A18               fcb       $9B,$16,$00,$75,$CE,$00,$0A,$16 ...uN...
0A20 0062CC000A3406CC (_6809/control.asm):00326         L0A20               fcb       $00,$62,$CC,$00,$0A,$34,$06,$CC .bL..4.L
0A28 003C3406EC683406 (_6809/control.asm):00327         L0A28               fcb       $00,$3C,$34,$06,$EC,$68,$34,$06 .<4.lh4.
0A30 344017229C3268EC (_6809/control.asm):00328         L0A30               fcb       $34,$40,$17,$22,$9C,$32,$68,$EC 4@.".2hl
0A38 E42F46CC00023406 (_6809/control.asm):00329         L0A38               fcb       $E4,$2F,$46,$CC,$00,$02,$34,$06 d/FL..4.
0A40 CC00023406DC0934 (_6809/control.asm):00330         L0A40               fcb       $CC,$00,$02,$34,$06,$DC,$09,$34 L..4.\.4
0A48 061725123266EC62 (_6809/control.asm):00331         L0A48               fcb       $06,$17,$25,$12,$32,$66,$EC,$62 ..%.2flb
0A50 C30001ED62830001 (_6809/control.asm):00332         L0A50               fcb       $C3,$00,$01,$ED,$62,$83,$00,$01 C..mb...
0A58 3406DC0934061724 (_6809/control.asm):00333         L0A58               fcb       $34,$06,$DC,$09,$34,$06,$17,$24 4.\.4..$
0A60 A73264DC09340617 (_6809/control.asm):00334         L0A60               fcb       $A7,$32,$64,$DC,$09,$34,$06,$17 '2d\.4..
0A68 24F83262CC000134 (_6809/control.asm):00335         L0A68               fcb       $24,$F8,$32,$62,$CC,$00,$01,$34 $x2bL..4
0A70 06DC093406172490 (_6809/control.asm):00336         L0A70               fcb       $06,$DC,$09,$34,$06,$17,$24,$90 .\.4..$.
0A78 3264ECE4C3FFFFED (_6809/control.asm):00337         L0A78               fcb       $32,$64,$EC,$E4,$C3,$FF,$FF,$ED 2dldC..m
0A80 E433C85011830276 (_6809/control.asm):00338         L0A80               fcb       $E4,$33,$C8,$50,$11,$83,$02,$76 d3HP...v
0A88 102DFF96EC64C300 (_6809/control.asm):00339         L0A88               fcb       $10,$2D,$FF,$96,$EC,$64,$C3,$00 .-..ldC.
0A90 14ED64EC64108300 (_6809/control.asm):00340         L0A90               fcb       $14,$ED,$64,$EC,$64,$10,$83,$00 .mdld...
0A98 AF102FFF7F16023D (_6809/control.asm):00341         L0A98               fcb       $AF,$10,$2F,$FF,$7F,$16,$02,$3D /./...=
0AA0 3440CCFFAE17F668 (_6809/control.asm):00342         L0AA0               fcb       $34,$40,$CC,$FF,$AE,$17,$F6,$68 4@L...vh
0AA8 327CEC68263730A9 (_6809/control.asm):00343         L0AA8               fcb       $32,$7C,$EC,$68,$26,$37,$30,$A9 2|lh&70)
0AB0 03963410DC093406 (_6809/control.asm):00344         L0AB0               fcb       $03,$96,$34,$10,$DC,$09,$34,$06 ..4.\.4.
0AB8 1722FE3264171023 (_6809/control.asm):00345         L0AB8               fcb       $17,$22,$FE,$32,$64,$17,$10,$23 .".2d..#
0AC0 1083FFFF260E1701 (_6809/control.asm):00346         L0AC0               fcb       $10,$83,$FF,$FF,$26,$0E,$17,$01 ....&...
0AC8 DDECA90394340617 (_6809/control.asm):00347         L0AC8               fcb       $DD,$EC,$A9,$03,$94,$34,$06,$17 ]l)..4..
0AD0 2C423262CC001034 (_6809/control.asm):00348         L0AD0               fcb       $2C,$42,$32,$62,$CC,$00,$10,$34 ,B2bL..4
0AD8 0630A90396341030 (_6809/control.asm):00349         L0AD8               fcb       $06,$30,$A9,$03,$96,$34,$10,$30 .0)..4.0
0AE0 A903A6200FCC0010 (_6809/control.asm):00350         L0AE0               fcb       $A9,$03,$A6,$20,$0F,$CC,$00,$10 ).& .L..
0AE8 340630A903A63410 (_6809/control.asm):00351         L0AE8               fcb       $34,$06,$30,$A9,$03,$A6,$34,$10 4.0).&4.
0AF0 30A9039634101727 (_6809/control.asm):00352         L0AF0               fcb       $30,$A9,$03,$96,$34,$10,$17,$27 0)..4..'
0AF8 2732661704974F5F (_6809/control.asm):00353         L0AF8               fcb       $27,$32,$66,$17,$04,$97,$4F,$5F '2f...O_
0B00 34061709393262DC (_6809/control.asm):00354         L0B00               fcb       $34,$06,$17,$09,$39,$32,$62,$DC 4...92b\
0B08 2F3406170DF73262 (_6809/control.asm):00355         L0B08               fcb       $2F,$34,$06,$17,$0D,$F7,$32,$62 /4...w2b
0B10 DC25DD233406170D (_6809/control.asm):00356         L0B10               fcb       $DC,$25,$DD,$23,$34,$06,$17,$0D \%]#4...
0B18 4C3262DC27DD2134 (_6809/control.asm):00357         L0B18               fcb       $4C,$32,$62,$DC,$27,$DD,$21,$34 L2b\']!4
0B20 06170D8C3262DC2B (_6809/control.asm):00358         L0B20               fcb       $06,$17,$0D,$8C,$32,$62,$DC,$2B ....2b\+
0B28 3406170EE03262DC (_6809/control.asm):00359         L0B28               fcb       $34,$06,$17,$0E,$E0,$32,$62,$DC 4...`2b\
0B30 293406170E513262 (_6809/control.asm):00360         L0B30               fcb       $29,$34,$06,$17,$0E,$51,$32,$62 )4...Q2b
0B38 EC68263FDC29C3FF (_6809/control.asm):00361         L0B38               fcb       $EC,$68,$26,$3F,$DC,$29,$C3,$FF lh&?\)C.
0B40 FF584930A9028230 (_6809/control.asm):00362         L0B40               fcb       $FF,$58,$49,$30,$A9,$02,$82,$30 .XI0)..0
0B48 8BEC843406DC2BC3 (_6809/control.asm):00363         L0B48               fcb       $8B,$EC,$84,$34,$06,$DC,$2B,$C3 .l.4.\+C
0B50 FFFF584930A90278 (_6809/control.asm):00364         L0B50               fcb       $FF,$FF,$58,$49,$30,$A9,$02,$78 ..XI0).x
0B58 308BEC843406CC00 (_6809/control.asm):00365         L0B58               fcb       $30,$8B,$EC,$84,$34,$06,$CC,$00 0.l.4.L.
0B60 0293273406DC2534 (_6809/control.asm):00366         L0B60               fcb       $02,$93,$27,$34,$06,$DC,$25,$34 ..'4.\%4
0B68 06DC09340617229C (_6809/control.asm):00367         L0B68               fcb       $06,$DC,$09,$34,$06,$17,$22,$9C .\.4..".
0B70 326ADC2F3406170D (_6809/control.asm):00368         L0B70               fcb       $32,$6A,$DC,$2F,$34,$06,$17,$0D 2j\/4...
0B78 D23262326435C034 (_6809/control.asm):00369         L0B78               fcb       $D2,$32,$62,$32,$64,$35,$C0,$34 R2b2d5@4
0B80 40CCFFC017F589DC (_6809/control.asm):00370         L0B80               fcb       $40,$CC,$FF,$C0,$17,$F5,$89,$DC @L.@.u.\
0B88 15DD25DC1FDD2FDC (_6809/control.asm):00371         L0B88               fcb       $15,$DD,$25,$DC,$1F,$DD,$2F,$DC .]%\.]/\
0B90 17DD27DC19DD29DC (_6809/control.asm):00372         L0B90               fcb       $17,$DD,$27,$DC,$19,$DD,$29,$DC .]'\.])\
0B98 1BDD2B35C03440CC (_6809/control.asm):00373         L0B98               fcb       $1B,$DD,$2B,$35,$C0,$34,$40,$CC .]+5@4@L
0BA0 FFC017F56BDC25DD (_6809/control.asm):00374         L0BA0               fcb       $FF,$C0,$17,$F5,$6B,$DC,$25,$DD .@.uk\%]
0BA8 15DC2FDD1FDC27DD (_6809/control.asm):00375         L0BA8               fcb       $15,$DC,$2F,$DD,$1F,$DC,$27,$DD .\/].\']
0BB0 17DC29DD19DC2BDD (_6809/control.asm):00376         L0BB0               fcb       $17,$DC,$29,$DD,$19,$DC,$2B,$DD .\)].\+]
0BB8 1B35C03440CCFFB8 (_6809/control.asm):00377         L0BB8               fcb       $1B,$35,$C0,$34,$40,$CC,$FF,$B8 .5@4@L.8
0BC0 17F54D20004F5FDD (_6809/control.asm):00378         L0BC0               fcb       $17,$F5,$4D,$20,$00,$4F,$5F,$DD .uM .O_]
0BC8 05CC000A3406DC09 (_6809/control.asm):00379         L0BC8               fcb       $05,$CC,$00,$0A,$34,$06,$DC,$09 .L..4.\.
0BD0 34061722183264CC (_6809/control.asm):00380         L0BD0               fcb       $34,$06,$17,$22,$18,$32,$64,$CC 4..".2dL
0BD8 000B34064F5F3406 (_6809/control.asm):00381         L0BD8               fcb       $00,$0B,$34,$06,$4F,$5F,$34,$06 ..4.O_4.
0BE0 1721933264DC0526 (_6809/control.asm):00382         L0BE0               fcb       $17,$21,$93,$32,$64,$DC,$05,$26 .!.2d\.&
0BE8 094F5F3406172153 (_6809/control.asm):00383         L0BE8               fcb       $09,$4F,$5F,$34,$06,$17,$21,$53 .O_4..!S
0BF0 32624F5F34061721 (_6809/control.asm):00384         L0BF0               fcb       $32,$62,$4F,$5F,$34,$06,$17,$21 2bO_4..!
0BF8 8932629E05201717 (_6809/control.asm):00385         L0BF8               fcb       $89,$32,$62,$9E,$05,$20,$17,$17 .2b.. ..
0C00 04781083FFFF2702 (_6809/control.asm):00386         L0C00               fcb       $04,$78,$10,$83,$FF,$FF,$27,$02 .x....'.
0C08 20BB35C08D238D3D (_6809/control.asm):00387         L0C08               fcb       $20,$BB,$35,$C0,$8D,$23,$8D,$3D ;5@.#.=
0C10 16FFB216FFAF8C00 (_6809/control.asm):00388         L0C10               fcb       $16,$FF,$B2,$16,$FF,$AF,$8C,$00 ..2../..
0C18 0A27E48C000B27EC (_6809/control.asm):00389         L0C18               fcb       $0A,$27,$E4,$8C,$00,$0B,$27,$EC .'d...'l
0C20 8C000227EE8C0003 (_6809/control.asm):00390         L0C20               fcb       $8C,$00,$02,$27,$EE,$8C,$00,$03 ...'n...
0C28 1027FFE716FFE435 (_6809/control.asm):00391         L0C28               fcb       $10,$27,$FF,$E7,$16,$FF,$E4,$35 .'.g..d5
0C30 C03440CCFFB517F4 (_6809/control.asm):00392         L0C30               fcb       $C0,$34,$40,$CC,$FF,$B5,$17,$F4 @4@L.5.t
0C38 D7327FCC00013406 (_6809/control.asm):00393         L0C38               fcb       $D7,$32,$7F,$CC,$00,$01,$34,$06 W2L..4.
0C40 306234104F5F3406 (_6809/control.asm):00394         L0C40               fcb       $30,$62,$34,$10,$4F,$5F,$34,$06 0b4.O_4.
0C48 1729D720203440CC (_6809/control.asm):00395         L0C48               fcb       $17,$29,$D7,$20,$20,$34,$40,$CC .)W  4@L
0C50 FFB517F4BB327FCC (_6809/control.asm):00396         L0C50               fcb       $FF,$B5,$17,$F4,$BB,$32,$7F,$CC .5.t;2L
0C58 0007E7E4CC000134 (_6809/control.asm):00397         L0C58               fcb       $00,$07,$E7,$E4,$CC,$00,$01,$34 ..gdL..4
0C60 0630623410CC0001 (_6809/control.asm):00398         L0C60               fcb       $06,$30,$62,$34,$10,$CC,$00,$01 .0b4.L..
0C68 34061729D9326632 (_6809/control.asm):00399         L0C68               fcb       $34,$06,$17,$29,$D9,$32,$66,$32 4..)Y2f2
0C70 6135C03440CCFFBA (_6809/control.asm):00400         L0C70               fcb       $61,$35,$C0,$34,$40,$CC,$FF,$BA a5@4@L.:
0C78 17F495170063ED7E (_6809/control.asm):00401         L0C78               fcb       $17,$F4,$95,$17,$00,$63,$ED,$7E .t...cm~
0C80 271917039D4F5F34 (_6809/control.asm):00402         L0C80               fcb       $27,$19,$17,$03,$9D,$4F,$5F,$34 '....O_4
0C88 061720F632628D16 (_6809/control.asm):00403         L0C88               fcb       $06,$17,$20,$F6,$32,$62,$8D,$16 .. v2b..
0C90 4F5F3406172A7D32 (_6809/control.asm):00404         L0C90               fcb       $4F,$5F,$34,$06,$17,$2A,$7D,$32 O_4..*}2
0C98 6220094F5FDD07CC (_6809/control.asm):00405         L0C98               fcb       $62,$20,$09,$4F,$5F,$DD,$07,$CC b .O_].L
0CA0 FFFF35C035C03440 (_6809/control.asm):00406         L0CA0               fcb       $FF,$FF,$35,$C0,$35,$C0,$34,$40 ..5@5@4@
0CA8 CCFFB617F46230A9 (_6809/control.asm):00407         L0CA8               fcb       $CC,$FF,$B6,$17,$F4,$62,$30,$A9 L.6.tb0)
0CB0 041A3410DC093406 (_6809/control.asm):00408         L0CB0               fcb       $04,$1A,$34,$10,$DC,$09,$34,$06 ..4.\.4.
0CB8 4F5F34061728B332 (_6809/control.asm):00409         L0CB8               fcb       $4F,$5F,$34,$06,$17,$28,$B3,$32 O_4..(32
0CC0 66DC0D261ADC0934 (_6809/control.asm):00410         L0CC0               fcb       $66,$DC,$0D,$26,$1A,$DC,$09,$34 f\.&.\.4
0CC8 061722B332624F5F (_6809/control.asm):00411         L0CC8               fcb       $06,$17,$22,$B3,$32,$62,$4F,$5F .."32bO_
0CD0 34064F5F3406DC09 (_6809/control.asm):00412         L0CD0               fcb       $34,$06,$4F,$5F,$34,$06,$DC,$09 4.O_4.\.
0CD8 340617211C326635 (_6809/control.asm):00413         L0CD8               fcb       $34,$06,$17,$21,$1C,$32,$66,$35 4..!.2f5
0CE0 C03440CCFFA517F4 (_6809/control.asm):00414         L0CE0               fcb       $C0,$34,$40,$CC,$FF,$A5,$17,$F4 @4@L.%.t
0CE8 273279DC21109317 (_6809/control.asm):00415         L0CE8               fcb       $27,$32,$79,$DC,$21,$10,$93,$17 '2y\!...
0CF0 2609DC2310931510 (_6809/control.asm):00416         L0CF0               fcb       $26,$09,$DC,$23,$10,$93,$15,$10 &.\#....
0CF8 27025BCC00033406 (_6809/control.asm):00417         L0CF8               fcb       $27,$02,$5B,$CC,$00,$03,$34,$06 '.[L..4.
0D00 CC00023406CC0011 (_6809/control.asm):00418         L0D00               fcb       $CC,$00,$02,$34,$06,$CC,$00,$11 L..4.L..
0D08 3406CC00123406CC (_6809/control.asm):00419         L0D08               fcb       $34,$06,$CC,$00,$12,$34,$06,$CC 4.L..4.L
0D10 00033406CC000134 (_6809/control.asm):00420         L0D10               fcb       $00,$03,$34,$06,$CC,$00,$01,$34 ..4.L..4
0D18 06CC00013406DC09 (_6809/control.asm):00421         L0D18               fcb       $06,$CC,$00,$01,$34,$06,$DC,$09 .L..4.\.
0D20 340617214032E810 (_6809/control.asm):00422         L0D20               fcb       $34,$06,$17,$21,$40,$32,$E8,$10 4..!@2h.
0D28 1083FFFF2631CC00 (_6809/control.asm):00423         L0D28               fcb       $10,$83,$FF,$FF,$26,$31,$CC,$00 ....&1L.
0D30 033406CC00023406 (_6809/control.asm):00424         L0D30               fcb       $03,$34,$06,$CC,$00,$02,$34,$06 .4.L..4.
0D38 CC00113406CC0012 (_6809/control.asm):00425         L0D38               fcb       $CC,$00,$11,$34,$06,$CC,$00,$12 L..4.L..
0D40 3406CC00033406CC (_6809/control.asm):00426         L0D40               fcb       $34,$06,$CC,$00,$03,$34,$06,$CC 4.L..4.L
0D48 000134064F5F3406 (_6809/control.asm):00427         L0D48               fcb       $00,$01,$34,$06,$4F,$5F,$34,$06 ..4.O_4.
0D50 DC09340617210E32 (_6809/control.asm):00428         L0D50               fcb       $DC,$09,$34,$06,$17,$21,$0E,$32 \.4..!.2
0D58 E810CC000120024F (_6809/control.asm):00429         L0D58               fcb       $E8,$10,$CC,$00,$01,$20,$02,$4F h.L.. .O
0D60 5FED614F5F3406CC (_6809/control.asm):00430         L0D60               fcb       $5F,$ED,$61,$4F,$5F,$34,$06,$CC _maO_4.L
0D68 00043406DC093406 (_6809/control.asm):00431         L0D68               fcb       $00,$04,$34,$06,$DC,$09,$34,$06 ..4.\.4.
0D70 1720863266CC0001 (_6809/control.asm):00432         L0D70               fcb       $17,$20,$86,$32,$66,$CC,$00,$01 . .2fL..
0D78 3406CC00C83406DC (_6809/control.asm):00433         L0D78               fcb       $34,$06,$CC,$00,$C8,$34,$06,$DC 4.L.H4.\
0D80 0934061721493266 (_6809/control.asm):00434         L0D80               fcb       $09,$34,$06,$17,$21,$49,$32,$66 .4..!I2f
0D88 4F5F34064F5F3406 (_6809/control.asm):00435         L0D88               fcb       $4F,$5F,$34,$06,$4F,$5F,$34,$06 O_4.O_4.
0D90 DC09340617224332 (_6809/control.asm):00436         L0D90               fcb       $DC,$09,$34,$06,$17,$22,$43,$32 \.4.."C2
0D98 66308D0484341017 (_6809/control.asm):00437         L0D98               fcb       $66,$30,$8D,$04,$84,$34,$10,$17 f0...4..
0DA0 043E3262308D0489 (_6809/control.asm):00438         L0DA0               fcb       $04,$3E,$32,$62,$30,$8D,$04,$89 .>2b0...
0DA8 3410170433326230 (_6809/control.asm):00439         L0DA8               fcb       $34,$10,$17,$04,$33,$32,$62,$30 4...32b0
0DB0 8D048D3410170428 (_6809/control.asm):00440         L0DB0               fcb       $8D,$04,$8D,$34,$10,$17,$04,$28 ...4...(
0DB8 3262308D04933410 (_6809/control.asm):00441         L0DB8               fcb       $32,$62,$30,$8D,$04,$93,$34,$10 2b0...4.
0DC0 17041D3262DC1526 (_6809/control.asm):00442         L0DC0               fcb       $17,$04,$1D,$32,$62,$DC,$15,$26 ...2b\.&
0DC8 06308D0496200F30 (_6809/control.asm):00443         L0DC8               fcb       $06,$30,$8D,$04,$96,$20,$0F,$30 .0... .0
0DD0 8D04A23410170408 (_6809/control.asm):00444         L0DD0               fcb       $8D,$04,$A2,$34,$10,$17,$04,$08 .."4....
0DD8 3262308D04A73410 (_6809/control.asm):00445         L0DD8               fcb       $32,$62,$30,$8D,$04,$A7,$34,$10 2b0..'4.
0DE0 1703FD326217040D (_6809/control.asm):00446         L0DE0               fcb       $17,$03,$FD,$32,$62,$17,$04,$0D ...2b...
0DE8 DC172606308D04A5 (_6809/control.asm):00447         L0DE8               fcb       $DC,$17,$26,$06,$30,$8D,$04,$A5 \.&.0..%
0DF0 2004308D04AE3410 (_6809/control.asm):00448         L0DF0               fcb       $20,$04,$30,$8D,$04,$AE,$34,$10 .0...4.
0DF8 1703E532621703F5 (_6809/control.asm):00449         L0DF8               fcb       $17,$03,$E5,$32,$62,$17,$03,$F5 ..e2b..u
0E00 308D04B034101703 (_6809/control.asm):00450         L0E00               fcb       $30,$8D,$04,$B0,$34,$10,$17,$03 0..04...
0E08 D73262DC09340617 (_6809/control.asm):00451         L0E08               fcb       $D7,$32,$62,$DC,$09,$34,$06,$17 W2b\.4..
0E10 21993262CC000734 (_6809/control.asm):00452         L0E10               fcb       $21,$99,$32,$62,$CC,$00,$07,$34 !.2bL..4
0E18 06308D04A73410DC (_6809/control.asm):00453         L0E18               fcb       $06,$30,$8D,$04,$A7,$34,$10,$DC .0..'4.\
0E20 0934061728203266 (_6809/control.asm):00454         L0E20               fcb       $09,$34,$06,$17,$28,$20,$32,$66 .4..( 2f
0E28 DC09340617218132 (_6809/control.asm):00455         L0E28               fcb       $DC,$09,$34,$06,$17,$21,$81,$32 \.4..!.2
0E30 62CC00073406308D (_6809/control.asm):00456         L0E30               fcb       $62,$CC,$00,$07,$34,$06,$30,$8D bL..4.0.
0E38 04923410DC093406 (_6809/control.asm):00457         L0E38               fcb       $04,$92,$34,$10,$DC,$09,$34,$06 ..4.\.4.
0E40 1728033266CEFFFF (_6809/control.asm):00458         L0E40               fcb       $17,$28,$03,$32,$66,$CE,$FF,$FF .(.2fN..
0E48 4F5FDD05CC000A34 (_6809/control.asm):00459         L0E48               fcb       $4F,$5F,$DD,$05,$CC,$00,$0A,$34 O_].L..4
0E50 06DC093406171F95 (_6809/control.asm):00460         L0E50               fcb       $06,$DC,$09,$34,$06,$17,$1F,$95 .\.4....
0E58 3264CC000B34064F (_6809/control.asm):00461         L0E58               fcb       $32,$64,$CC,$00,$0B,$34,$06,$4F 2dL..4.O
0E60 5F3406171F103264 (_6809/control.asm):00462         L0E60               fcb       $5F,$34,$06,$17,$1F,$10,$32,$64 _4....2d
0E68 DC0526094F5F3406 (_6809/control.asm):00463         L0E68               fcb       $DC,$05,$26,$09,$4F,$5F,$34,$06 \.&.O_4.
0E70 171ED032624F5F34 (_6809/control.asm):00464         L0E70               fcb       $17,$1E,$D0,$32,$62,$4F,$5F,$34 ..P2bO_4
0E78 06171F0632629E05 (_6809/control.asm):00465         L0E78               fcb       $06,$17,$1F,$06,$32,$62,$9E,$05 ....2b..
0E80 160091DC013406CC (_6809/control.asm):00466         L0E80               fcb       $16,$00,$91,$DC,$01,$34,$06,$CC ...\.4.L
0E88 00013406171ED332 (_6809/control.asm):00467         L0E88               fcb       $00,$01,$34,$06,$17,$1E,$D3,$32 ..4...S2
0E90 64E6B90001102700 (_6809/control.asm):00468         L0E90               fcb       $64,$E6,$B9,$00,$01,$10,$27,$00 df9...'.
0E98 959E01E68816C102 (_6809/control.asm):00469         L0E98               fcb       $95,$9E,$01,$E6,$88,$16,$C1,$02 ...f..A.
0EA0 1027008A9E01EC88 (_6809/control.asm):00470         L0EA0               fcb       $10,$27,$00,$8A,$9E,$01,$EC,$88 .'....l.
0EA8 1C3406CC00081726 (_6809/control.asm):00471         L0EA8               fcb       $1C,$34,$06,$CC,$00,$08,$17,$26 .4.L...&
0EB0 0DED659E01EC881E (_6809/control.asm):00472         L0EB0               fcb       $0D,$ED,$65,$9E,$01,$EC,$88,$1E .me..l..
0EB8 3406CC00081725FE (_6809/control.asm):00473         L0EB8               fcb       $34,$06,$CC,$00,$08,$17,$25,$FE 4.L...%.
0EC0 ED631083000B1026 (_6809/control.asm):00474         L0EC0               fcb       $ED,$63,$10,$83,$00,$0B,$10,$26 mc.....&
0EC8 0064EC6510830008 (_6809/control.asm):00475         L0EC8               fcb       $00,$64,$EC,$65,$10,$83,$00,$08 .dle....
0ED0 2C3DCE0001160056 (_6809/control.asm):00476         L0ED0               fcb       $2C,$3D,$CE,$00,$01,$16,$00,$56 ,=N....V
0ED8 CC00013406306234 (_6809/control.asm):00477         L0ED8               fcb       $CC,$00,$01,$34,$06,$30,$62,$34 L..4.0b4
0EE0 104F5F340617273A (_6809/control.asm):00478         L0EE0               fcb       $10,$4F,$5F,$34,$06,$17,$27,$3A .O_4..':
0EE8 3266E6E41D340617 (_6809/control.asm):00479         L0EE8               fcb       $32,$66,$E6,$E4,$1D,$34,$06,$17 2ffd.4..
0EF0 211F326210830059 (_6809/control.asm):00480         L0EF0               fcb       $21,$1F,$32,$62,$10,$83,$00,$59 !.2b...Y
0EF8 2605CE0001202FE6 (_6809/control.asm):00481         L0EF8               fcb       $26,$05,$CE,$00,$01,$20,$2F,$E6 &.N.. /f
0F00 E41D340617210A32 (_6809/control.asm):00482         L0F00               fcb       $E4,$1D,$34,$06,$17,$21,$0A,$32 d.4..!.2
0F08 621083004E261FCE (_6809/control.asm):00483         L0F08               fcb       $62,$10,$83,$00,$4E,$26,$1F,$CE b...N&.N
0F10 0000201A8C000A10 (_6809/control.asm):00484         L0F10               fcb       $00,$00,$20,$1A,$8C,$00,$0A,$10 .. .....
0F18 27FF688C000B27B8 (_6809/control.asm):00485         L0F18               fcb       $27,$FF,$68,$8C,$00,$0B,$27,$B8 '.h...'8
0F20 8C000227EA8C0003 (_6809/control.asm):00486         L0F20               fcb       $8C,$00,$02,$27,$EA,$8C,$00,$03 ...'j...
0F28 1027FFE320001183 (_6809/control.asm):00487         L0F28               fcb       $10,$27,$FF,$E3,$20,$00,$11,$83 .'.c ...
0F30 FFFF1027FF12DC09 (_6809/control.asm):00488         L0F30               fcb       $FF,$FF,$10,$27,$FF,$12,$DC,$09 ...'..\.
0F38 3406171F583262EC (_6809/control.asm):00489         L0F38               fcb       $34,$06,$17,$1F,$58,$32,$62,$EC 4...X2bl
0F40 61270FEF7E2708EF (_6809/control.asm):00490         L0F40               fcb       $61,$27,$0F,$EF,$7E,$27,$08,$EF a'.o~'.o
0F48 7E2707DC07260317 (_6809/control.asm):00491         L0F48               fcb       $7E,$27,$07,$DC,$07,$26,$03,$17 ~'.\.&..
0F50 01D61F302003CC00 (_6809/control.asm):00492         L0F50               fcb       $01,$D6,$1F,$30,$20,$03,$CC,$00 .V.0 .L.
0F58 01326735C03440CC (_6809/control.asm):00493         L0F58               fcb       $01,$32,$67,$35,$C0,$34,$40,$CC .2g5@4@L
0F60 FFB817F1AB30A903 (_6809/control.asm):00494         L0F60               fcb       $FF,$B8,$17,$F1,$AB,$30,$A9,$03 .8.q+0).
0F68 963410DC09340617 (_6809/control.asm):00495         L0F68               fcb       $96,$34,$10,$DC,$09,$34,$06,$17 .4.\.4..
0F70 1E473264170B6C10 (_6809/control.asm):00496         L0F70               fcb       $1E,$47,$32,$64,$17,$0B,$6C,$10 .G2d..l.
0F78 83FFFF260E17FD26 (_6809/control.asm):00497         L0F78               fcb       $83,$FF,$FF,$26,$0E,$17,$FD,$26 ...&...&
0F80 ECA9039434061727 (_6809/control.asm):00498         L0F80               fcb       $EC,$A9,$03,$94,$34,$06,$17,$27 l)..4..'
0F88 8B326217FC0F1700 (_6809/control.asm):00499         L0F88               fcb       $8B,$32,$62,$17,$FC,$0F,$17,$00 .2b.....
0F90 918D0235C03440CC (_6809/control.asm):00500         L0F90               fcb       $91,$8D,$02,$35,$C0,$34,$40,$CC ...5@4@L
0F98 FFB617F173CE0000 (_6809/control.asm):00501         L0F98               fcb       $FF,$B6,$17,$F1,$73,$CE,$00,$00 .6.qsN..
0FA0 201A1F3030A90396 (_6809/control.asm):00502         L0FA0               fcb       $20,$1A,$1F,$30,$30,$A9,$03,$96 ..00)..
0FA8 308BE6841D340634 (_6809/control.asm):00503         L0FA8               fcb       $30,$8B,$E6,$84,$1D,$34,$06,$34 0.f..4.4
0FB0 40DC093406171F08 (_6809/control.asm):00504         L0FB0               fcb       $40,$DC,$09,$34,$06,$17,$1F,$08 @\.4....
0FB8 3266334111830010 (_6809/control.asm):00505         L0FB8               fcb       $32,$66,$33,$41,$11,$83,$00,$10 2f3A....
0FC0 2DE035C03440CCFF (_6809/control.asm):00506         L0FC0               fcb       $2D,$E0,$35,$C0,$34,$40,$CC,$FF -`5@4@L.
0FC8 B617F14417FD12ED (_6809/control.asm):00507         L0FC8               fcb       $B6,$17,$F1,$44,$17,$FD,$12,$ED 6.qD...m
0FD0 7E1027023CCC0004 (_6809/control.asm):00508         L0FD0               fcb       $7E,$10,$27,$02,$3C,$CC,$00,$04 ~.'.<L..
0FD8 3406CC00CA3406DC (_6809/control.asm):00509         L0FD8               fcb       $34,$06,$CC,$00,$CA,$34,$06,$DC 4.L.J4.\
0FE0 093406171EE43266 (_6809/control.asm):00510         L0FE0               fcb       $09,$34,$06,$17,$1E,$E4,$32,$66 .4...d2f
0FE8 8D38CC0010340630 (_6809/control.asm):00511         L0FE8               fcb       $8D,$38,$CC,$00,$10,$34,$06,$30 .8L..4.0
0FF0 A90396341030A903 (_6809/control.asm):00512         L0FF0               fcb       $A9,$03,$96,$34,$10,$30,$A9,$03 )..4.0).
0FF8 A634101722223266 (_6809/control.asm):00513         L0FF8               fcb       $A6,$34,$10,$17,$22,$22,$32,$66 &4..""2f
1000 17FB7C170C6FDC17 (_6809/control.asm):00514         L1000               fcb       $17,$FB,$7C,$17,$0C,$6F,$DC,$17 ..|..o\.
1008 DD21DC15DD23CC00 (_6809/control.asm):00515         L1008               fcb       $DD,$21,$DC,$15,$DD,$23,$CC,$00 ]!\.]#L.
1010 013406CC00CA3406 (_6809/control.asm):00516         L1010               fcb       $01,$34,$06,$CC,$00,$CA,$34,$06 .4.L.J4.
1018 DC093406171EAB16 (_6809/control.asm):00517         L1018               fcb       $DC,$09,$34,$06,$17,$1E,$AB,$16 \.4...+.
1020 01ED3440CCFFB217 (_6809/control.asm):00518         L1020               fcb       $01,$ED,$34,$40,$CC,$FF,$B2,$17 .m4@L.2.
1028 F0E630A903963410 (_6809/control.asm):00519         L1028               fcb       $F0,$E6,$30,$A9,$03,$96,$34,$10 pf0)..4.
1030 DC093406171E0232 (_6809/control.asm):00520         L1030               fcb       $DC,$09,$34,$06,$17,$1E,$02,$32 \.4....2
1038 64DC19C3FFFF5849 (_6809/control.asm):00521         L1038               fcb       $64,$DC,$19,$C3,$FF,$FF,$58,$49 d\.C..XI
1040 30A90282308BEC84 (_6809/control.asm):00522         L1040               fcb       $30,$A9,$02,$82,$30,$8B,$EC,$84 0)..0.l.
1048 3406DC1BC3FFFF58 (_6809/control.asm):00523         L1048               fcb       $34,$06,$DC,$1B,$C3,$FF,$FF,$58 4.\.C..X
1050 4930A90278308BEC (_6809/control.asm):00524         L1050               fcb       $49,$30,$A9,$02,$78,$30,$8B,$EC I0).x0.l
1058 843406CC00029317 (_6809/control.asm):00525         L1058               fcb       $84,$34,$06,$CC,$00,$02,$93,$17 .4.L....
1060 3406DC153406DC09 (_6809/control.asm):00526         L1060               fcb       $34,$06,$DC,$15,$34,$06,$DC,$09 4.\.4.\.
1068 3406171D9F326ADC (_6809/control.asm):00527         L1068               fcb       $34,$06,$17,$1D,$9F,$32,$6A,$DC 4....2j\
1070 1F34061708D53262 (_6809/control.asm):00528         L1070               fcb       $1F,$34,$06,$17,$08,$D5,$32,$62 .4...U2b
1078 35C03440CCFFB817 (_6809/control.asm):00529         L1078               fcb       $35,$C0,$34,$40,$CC,$FF,$B8,$17 5@4@L.8.
1080 F08EDC013406DC09 (_6809/control.asm):00530         L1080               fcb       $F0,$8E,$DC,$01,$34,$06,$DC,$09 p.\.4.\.
1088 3406171CD532649E (_6809/control.asm):00531         L1088               fcb       $34,$06,$17,$1C,$D5,$32,$64,$9E 4...U2d.
1090 01E60826089E01E6 (_6809/control.asm):00532         L1090               fcb       $01,$E6,$08,$26,$08,$9E,$01,$E6 .f.&...f
1098 0A10270087E6B900 (_6809/control.asm):00533         L1098               fcb       $0A,$10,$27,$00,$87,$E6,$B9,$00 ..'..f9.
10A0 011027007F9E01E6 (_6809/control.asm):00534         L10A0               fcb       $01,$10,$27,$00,$7F,$9E,$01,$E6 ..'...f
10A8 8816C10210270074 (_6809/control.asm):00535         L10A8               fcb       $88,$16,$C1,$02,$10,$27,$00,$74 ..A..'.t
10B0 9E01E68816C10110 (_6809/control.asm):00536         L10B0               fcb       $9E,$01,$E6,$88,$16,$C1,$01,$10 ..f..A..
10B8 26006030A9003134 (_6809/control.asm):00537         L10B8               fcb       $26,$00,$60,$30,$A9,$00,$31,$34 &.`0).14
10C0 10DC093406171CDC (_6809/control.asm):00538         L10C0               fcb       $10,$DC,$09,$34,$06,$17,$1C,$DC .\.4...\
10C8 32641F012041DC31 (_6809/control.asm):00539         L10C8               fcb       $32,$64,$1F,$01,$20,$41,$DC,$31 2d.. A\1
10D0 10830001260517FE (_6809/control.asm):00540         L10D0               fcb       $10,$83,$00,$01,$26,$05,$17,$FE ....&...
10D8 EB2049DC31108300 (_6809/control.asm):00541         L10D8               fcb       $EB,$20,$49,$DC,$31,$10,$83,$00 k I\1...
10E0 0226094F5F340617 (_6809/control.asm):00542         L10E0               fcb       $02,$26,$09,$4F,$5F,$34,$06,$17 .&.O_4..
10E8 F9B62036DC311083 (_6809/control.asm):00543         L10E8               fcb       $F9,$B6,$20,$36,$DC,$31,$10,$83 y6 6\1..
10F0 0003260517057120 (_6809/control.asm):00544         L10F0               fcb       $00,$03,$26,$05,$17,$05,$71,$20 ..&...q
10F8 0FDC311083000426 (_6809/control.asm):00545         L10F8               fcb       $0F,$DC,$31,$10,$83,$00,$04,$26 .\1....&
1100 23DC07C30001DD07 (_6809/control.asm):00546         L1100               fcb       $23,$DC,$07,$C3,$00,$01,$DD,$07 #\.C..].
1108 CCFFFF35C020158C (_6809/control.asm):00547         L1108               fcb       $CC,$FF,$FF,$35,$C0,$20,$15,$8C L..5@ ..
1110 000227ED8C001727 (_6809/control.asm):00548         L1110               fcb       $00,$02,$27,$ED,$8C,$00,$17,$27 ..'m...'
1118 B52009DC01340617 (_6809/control.asm):00549         L1118               fcb       $B5,$20,$09,$DC,$01,$34,$06,$17 5 .\.4..
1120 01B432624F5F35C0 (_6809/control.asm):00550         L1120               fcb       $01,$B4,$32,$62,$4F,$5F,$35,$C0 .42bO_5@
1128 3440CCFFB217EFE0 (_6809/control.asm):00551         L1128               fcb       $34,$40,$CC,$FF,$B2,$17,$EF,$E0 4@L.2.o`
1130 CC00013406DC0934 (_6809/control.asm):00552         L1130               fcb       $CC,$00,$01,$34,$06,$DC,$09,$34 L..4.\.4
1138 06171DCC32644F5F (_6809/control.asm):00553         L1138               fcb       $06,$17,$1D,$CC,$32,$64,$4F,$5F ...L2dO_
1140 3406DC093406171D (_6809/control.asm):00554         L1140               fcb       $34,$06,$DC,$09,$34,$06,$17,$1D 4.\.4...
1148 C3326430A903B634 (_6809/control.asm):00555         L1148               fcb       $C3,$32,$64,$30,$A9,$03,$B6,$34 C2d0).64
1150 10CC00013406DC09 (_6809/control.asm):00556         L1150               fcb       $10,$CC,$00,$01,$34,$06,$DC,$09 .L..4.\.
1158 3406171C9C3266DC (_6809/control.asm):00557         L1158               fcb       $34,$06,$17,$1C,$9C,$32,$66,$DC 4....2f\
1160 113406DC0F3406CC (_6809/control.asm):00558         L1160               fcb       $11,$34,$06,$DC,$0F,$34,$06,$CC .4.\.4.L
1168 000134064F5F3406 (_6809/control.asm):00559         L1168               fcb       $00,$01,$34,$06,$4F,$5F,$34,$06 ..4.O_4.
1170 DC093406171D2F32 (_6809/control.asm):00560         L1170               fcb       $DC,$09,$34,$06,$17,$1D,$2F,$32 \.4.../2
1178 6A17F25617FA00DC (_6809/control.asm):00561         L1178               fcb       $6A,$17,$F2,$56,$17,$FA,$00,$DC j.rV.z.\
1180 21DD27DC23DD25CC (_6809/control.asm):00562         L1180               fcb       $21,$DD,$27,$DC,$23,$DD,$25,$CC !]'\#]%L
1188 FFFFE7A90441E7A9 (_6809/control.asm):00563         L1188               fcb       $FF,$FF,$E7,$A9,$04,$41,$E7,$A9 ..g).Ag)
1190 0440E7A9043FCCFF (_6809/control.asm):00564         L1190               fcb       $04,$40,$E7,$A9,$04,$3F,$CC,$FF .@g).?L.
1198 FFDD1FDD1BDD19DD (_6809/control.asm):00565         L1198               fcb       $FF,$DD,$1F,$DD,$1B,$DD,$19,$DD .].].].]
11A0 17DD15DD1D4F5F34 (_6809/control.asm):00566         L11A0               fcb       $17,$DD,$15,$DD,$1D,$4F,$5F,$34 .].].O_4
11A8 061702923262DC25 (_6809/control.asm):00567         L11A8               fcb       $06,$17,$02,$92,$32,$62,$DC,$25 ....2b\%
11B0 34061706B03262DC (_6809/control.asm):00568         L11B0               fcb       $34,$06,$17,$06,$B0,$32,$62,$DC 4...02b\
11B8 2734061706F23262 (_6809/control.asm):00569         L11B8               fcb       $27,$34,$06,$17,$06,$F2,$32,$62 '4...r2b
11C0 DC2F340617073E32 (_6809/control.asm):00570         L11C0               fcb       $DC,$2F,$34,$06,$17,$07,$3E,$32 \/4...>2
11C8 62DC2B340617083D (_6809/control.asm):00571         L11C8               fcb       $62,$DC,$2B,$34,$06,$17,$08,$3D b\+4...=
11D0 3262DC2934061707 (_6809/control.asm):00572         L11D0               fcb       $32,$62,$DC,$29,$34,$06,$17,$07 2b\)4...
11D8 AE326217F9BF35C0 (_6809/control.asm):00573         L11D8               fcb       $AE,$32,$62,$17,$F9,$BF,$35,$C0 .2b.y?5@
11E0 3440CCFFB617EF28 (_6809/control.asm):00574         L11E0               fcb       $34,$40,$CC,$FF,$B6,$17,$EF,$28 4@L.6.o(
11E8 EE643440171E55ED (_6809/control.asm):00575         L11E8               fcb       $EE,$64,$34,$40,$17,$1E,$55,$ED nd4@..Um
11F0 E4344020133440CC (_6809/control.asm):00576         L11F0               fcb       $E4,$34,$40,$20,$13,$34,$40,$CC d4@ .4@L
11F8 FFB617EF13CC0001 (_6809/control.asm):00577         L11F8               fcb       $FF,$B6,$17,$EF,$13,$CC,$00,$01 .6.o.L..
1200 3406308D00CE3410 (_6809/control.asm):00578         L1200               fcb       $34,$06,$30,$8D,$00,$CE,$34,$10 4.0..N4.
1208 DC09340617244732 (_6809/control.asm):00579         L1208               fcb       $DC,$09,$34,$06,$17,$24,$47,$32 \.4..$G2
1210 6635C0436F6E7472 (_6809/control.asm):00580         L1210               fcb       $66,$35,$C0,$43,$6F,$6E,$74,$72 f5@Contr
1218 6F6C2050616E656C (_6809/control.asm):00581         L1218               fcb       $6F,$6C,$20,$50,$61,$6E,$65,$6C ol Panel
1220 004D6F7573652053 (_6809/control.asm):00582         L1220               fcb       $00,$4D,$6F,$75,$73,$65,$20,$53 .Mouse S
1228 657474696E67730D (_6809/control.asm):00583         L1228               fcb       $65,$74,$74,$69,$6E,$67,$73,$0D ettings.
1230 0020486176652043 (_6809/control.asm):00584         L1230               fcb       $00,$20,$48,$61,$76,$65,$20,$43 . Have C
1238 68616E6765640D00 (_6809/control.asm):00585         L1238               fcb       $68,$61,$6E,$67,$65,$64,$0D,$00 hanged..
1240 4368616E67652048 (_6809/control.asm):00586         L1240               fcb       $43,$68,$61,$6E,$67,$65,$20,$48 Change H
1248 617264776172650D (_6809/control.asm):00587         L1248               fcb       $61,$72,$64,$77,$61,$72,$65,$0D ardware.
1250 0041667465722052 (_6809/control.asm):00588         L1250               fcb       $00,$41,$66,$74,$65,$72,$20,$52 .After R
1258 6573706F6E64696E (_6809/control.asm):00589         L1258               fcb       $65,$73,$70,$6F,$6E,$64,$69,$6E espondin
1260 670D00557365204C (_6809/control.asm):00590         L1260               fcb       $67,$0D,$00,$55,$73,$65,$20,$4C g..Use L
1268 6F2D526573204D6F (_6809/control.asm):00591         L1268               fcb       $6F,$2D,$52,$65,$73,$20,$4D,$6F o-Res Mo
1270 7573650D00496E73 (_6809/control.asm):00592         L1270               fcb       $75,$73,$65,$0D,$00,$49,$6E,$73 use..Ins
1278 74616C6C2048692D (_6809/control.asm):00593         L1278               fcb       $74,$61,$6C,$6C,$20,$48,$69,$2D tall Hi-
1280 5265730D00204D6F (_6809/control.asm):00594         L1280               fcb       $52,$65,$73,$0D,$00,$20,$4D,$6F Res.. Mo
1288 7573652041646170 (_6809/control.asm):00595         L1288               fcb       $75,$73,$65,$20,$41,$64,$61,$70 use Adap
1290 7465720D00557365 (_6809/control.asm):00596         L1290               fcb       $74,$65,$72,$0D,$00,$55,$73,$65 ter..Use
1298 204C65667420506F (_6809/control.asm):00597         L1298               fcb       $20,$4C,$65,$66,$74,$20,$50,$6F Left Po
12A0 72740D0055736520 (_6809/control.asm):00598         L12A0               fcb       $72,$74,$0D,$00,$55,$73,$65,$20 rt..Use
12A8 526967687420506F (_6809/control.asm):00599         L12A8               fcb       $52,$69,$67,$68,$74,$20,$50,$6F Right Po
12B0 72740D0041636365 (_6809/control.asm):00600         L12B0               fcb       $72,$74,$0D,$00,$41,$63,$63,$65 rt..Acce
12B8 7074204368616E67 (_6809/control.asm):00601         L12B8               fcb       $70,$74,$20,$43,$68,$61,$6E,$67 pt Chang
12C0 65730D0020205945 (_6809/control.asm):00602         L12C0               fcb       $65,$73,$0D,$00,$20,$20,$59,$45 es..  YE
12C8 532020002020204E (_6809/control.asm):00603         L12C8               fcb       $53,$20,$20,$00,$20,$20,$20,$4E S  .   N
12D0 4F2020000D003440 (_6809/control.asm):00604         L12D0               fcb       $4F,$20,$20,$00,$0D,$00,$34,$40 O  ...4@
12D8 CCFFB417EE32327C (_6809/control.asm):00605         L12D8               fcb       $CC,$FF,$B4,$17,$EE,$32,$32,$7C L.4.n22|
12E0 AE68EC881C1720EB (_6809/control.asm):00606         L12E0               fcb       $AE,$68,$EC,$88,$1C,$17,$20,$EB .hl... k
12E8 EC023406EC843406 (_6809/control.asm):00607         L12E8               fcb       $EC,$02,$34,$06,$EC,$84,$34,$06 l.4.l.4.
12F0 8D04000002803510 (_6809/control.asm):00608         L12F0               fcb       $8D,$04,$00,$00,$02,$80,$35,$10 ......5.
12F8 171F43EC023406EC (_6809/control.asm):00609         L12F8               fcb       $17,$1F,$43,$EC,$02,$34,$06,$EC ..Cl.4.l
1300 843406DC0F584958 (_6809/control.asm):00610         L1300               fcb       $84,$34,$06,$DC,$0F,$58,$49,$58 .4.\.XIX
1308 4958491720C5171F (_6809/control.asm):00611         L1308               fcb       $49,$58,$49,$17,$20,$C5,$17,$1F IXI. E..
1310 A2ECA9038A1F03AE (_6809/control.asm):00612         L1310               fcb       $A2,$EC,$A9,$03,$8A,$1F,$03,$AE "l).....
1318 68EC881E1720B4EC (_6809/control.asm):00613         L1318               fcb       $68,$EC,$88,$1E,$17,$20,$B4,$EC hl... 4l
1320 023406EC8434068D (_6809/control.asm):00614         L1320               fcb       $02,$34,$06,$EC,$84,$34,$06,$8D .4.l.4..
1328 04000000C0351017 (_6809/control.asm):00615         L1328               fcb       $04,$00,$00,$00,$C0,$35,$10,$17 ....@5..
1330 1F0CEC023406EC84 (_6809/control.asm):00616         L1330               fcb       $1F,$0C,$EC,$02,$34,$06,$EC,$84 ..l.4.l.
1338 3406DC1158495849 (_6809/control.asm):00617         L1338               fcb       $34,$06,$DC,$11,$58,$49,$58,$49 4.\.XIXI
1340 584917208E171F6B (_6809/control.asm):00618         L1340               fcb       $58,$49,$17,$20,$8E,$17,$1F,$6B XI. ...k
1348 ECA9038AED621083 (_6809/control.asm):00619         L1348               fcb       $EC,$A9,$03,$8A,$ED,$62,$10,$83 l)..mb..
1350 0091102C00581183 (_6809/control.asm):00620         L1350               fcb       $00,$91,$10,$2C,$00,$58,$11,$83 ...,.X..
1358 012C2F31EC621083 (_6809/control.asm):00621         L1358               fcb       $01,$2C,$2F,$31,$EC,$62,$10,$83 .,/1lb..
1360 00552F0BEC623406 (_6809/control.asm):00622         L1360               fcb       $00,$55,$2F,$0B,$EC,$62,$34,$06 .U/.lb4.
1368 3440170295203AEC (_6809/control.asm):00623         L1368               fcb       $34,$40,$17,$02,$95,$20,$3A,$EC 4@... :l
1370 62108300412F0BEC (_6809/control.asm):00624         L1370               fcb       $62,$10,$83,$00,$41,$2F,$0B,$EC b...A/.l
1378 62340634401702E8 (_6809/control.asm):00625         L1378               fcb       $62,$34,$06,$34,$40,$17,$02,$E8 b4.4@..h
1380 2027EC6234063440 (_6809/control.asm):00626         L1380               fcb       $20,$27,$EC,$62,$34,$06,$34,$40 'lb4.4@
1388 170316201CEC6210 (_6809/control.asm):00627         L1388               fcb       $17,$03,$16,$20,$1C,$EC,$62,$10 ... .lb.
1390 83002D2C0BEC6234 (_6809/control.asm):00628         L1390               fcb       $83,$00,$2D,$2C,$0B,$EC,$62,$34 ..-,.lb4
1398 0634401703902009 (_6809/control.asm):00629         L1398               fcb       $06,$34,$40,$17,$03,$90,$20,$09 .4@... .
13A0 EC62340634401703 (_6809/control.asm):00630         L13A0               fcb       $EC,$62,$34,$06,$34,$40,$17,$03 lb4.4@..
13A8 D8326416008CEC62 (_6809/control.asm):00631         L13A8               fcb       $D8,$32,$64,$16,$00,$8C,$EC,$62 X2d...lb
13B0 1083009B2D1CEC62 (_6809/control.asm):00632         L13B0               fcb       $10,$83,$00,$9B,$2D,$1C,$EC,$62 ....-.lb
13B8 108300A52E143440 (_6809/control.asm):00633         L13B8               fcb       $10,$83,$00,$A5,$2E,$14,$34,$40 ...%..4@
13C0 8D3F3262EDE41083 (_6809/control.asm):00634         L13C0               fcb       $8D,$3F,$32,$62,$ED,$E4,$10,$83 .?2bmd..
13C8 FFFF1027006CECE4 (_6809/control.asm):00635         L13C8               fcb       $FF,$FF,$10,$27,$00,$6C,$EC,$E4 ...'.lld
13D0 2027EC62108300AF (_6809/control.asm):00636         L13D0               fcb       $20,$27,$EC,$62,$10,$83,$00,$AF 'lb.../
13D8 102D005EEC621083 (_6809/control.asm):00637         L13D8               fcb       $10,$2D,$00,$5E,$EC,$62,$10,$83 .-.^lb..
13E0 00B9102E00543440 (_6809/control.asm):00638         L13E0               fcb       $00,$B9,$10,$2E,$00,$54,$34,$40 .9...T4@
13E8 8D173262EDE41083 (_6809/control.asm):00639         L13E8               fcb       $8D,$17,$32,$62,$ED,$E4,$10,$83 ..2bmd..
13F0 FFFF2746ECE4C300 (_6809/control.asm):00640         L13F0               fcb       $FF,$FF,$27,$46,$EC,$E4,$C3,$00 ..'FldC.
13F8 0834068D41326220 (_6809/control.asm):00641         L13F8               fcb       $08,$34,$06,$8D,$41,$32,$62,$20 .4..A2b
1400 393440CCFFBC17ED (_6809/control.asm):00642         L1400               fcb       $39,$34,$40,$CC,$FF,$BC,$17,$ED 94@L.<.m
1408 07EE64327C4F5FED (_6809/control.asm):00643         L1408               fcb       $07,$EE,$64,$32,$7C,$4F,$5F,$ED .nd2|O_m
1410 623356EF7E2F2020 (_6809/control.asm):00644         L1410               fcb       $62,$33,$56,$EF,$7E,$2F,$20,$20 b3Vo~/
1418 00EFE433C8B0EF7E (_6809/control.asm):00645         L1418               fcb       $00,$EF,$E4,$33,$C8,$B0,$EF,$7E .od3H0o~
1420 2D09EC62C30001ED (_6809/control.asm):00646         L1420               fcb       $2D,$09,$EC,$62,$C3,$00,$01,$ED -.lbC..m
1428 6220EEECE4108300 (_6809/control.asm):00647         L1428               fcb       $62,$20,$EE,$EC,$E4,$10,$83,$00 b nld...
1430 3C2E04EC622003CC (_6809/control.asm):00648         L1430               fcb       $3C,$2E,$04,$EC,$62,$20,$03,$CC <..lb .L
1438 FFFF326435C03440 (_6809/control.asm):00649         L1438               fcb       $FF,$FF,$32,$64,$35,$C0,$34,$40 ..2d5@4@
1440 CCFFB417ECCAEE64 (_6809/control.asm):00650         L1440               fcb       $CC,$FF,$B4,$17,$EC,$CA,$EE,$64 L.4.lJnd
1448 DC1D2D454F5F3406 (_6809/control.asm):00651         L1448               fcb       $DC,$1D,$2D,$45,$4F,$5F,$34,$06 \.-EO_4.
1450 DC093406171AB132 (_6809/control.asm):00652         L1450               fcb       $DC,$09,$34,$06,$17,$1A,$B1,$32 \.4...12
1458 64CC00103406CC00 (_6809/control.asm):00653         L1458               fcb       $64,$CC,$00,$10,$34,$06,$CC,$00 dL..4.L.
1460 463406DC1D108300 (_6809/control.asm):00654         L1460               fcb       $46,$34,$06,$DC,$1D,$10,$83,$00 F4.\....
1468 072F05CC00AC2003 (_6809/control.asm):00655         L1468               fcb       $07,$2F,$05,$CC,$00,$AC,$20,$03 ./.L., .
1470 CC00983406DC1D34 (_6809/control.asm):00656         L1470               fcb       $CC,$00,$98,$34,$06,$DC,$1D,$34 L..4.\.4
1478 06CC0008171FEC34 (_6809/control.asm):00657         L1478               fcb       $06,$CC,$00,$08,$17,$1F,$EC,$34 .L....l4
1480 06CC0050171F83C3 (_6809/control.asm):00658         L1480               fcb       $06,$CC,$00,$50,$17,$1F,$83,$C3 .L.P...C
1488 0005340617184232 (_6809/control.asm):00659         L1488               fcb       $00,$05,$34,$06,$17,$18,$42,$32 ..4...B2
1490 68118300002D4DCC (_6809/control.asm):00660         L1490               fcb       $68,$11,$83,$00,$00,$2D,$4D,$CC h....-ML
1498 00013406DC093406 (_6809/control.asm):00661         L1498               fcb       $00,$01,$34,$06,$DC,$09,$34,$06 ..4.\.4.
14A0 171A653264CC0010 (_6809/control.asm):00662         L14A0               fcb       $17,$1A,$65,$32,$64,$CC,$00,$10 ..e2dL..
14A8 3406CC0046340611 (_6809/control.asm):00663         L14A8               fcb       $34,$06,$CC,$00,$46,$34,$06,$11 4.L.F4..
14B0 8300072F05CC00AC (_6809/control.asm):00664         L14B0               fcb       $83,$00,$07,$2F,$05,$CC,$00,$AC .../.L.,
14B8 2003CC0098340634 (_6809/control.asm):00665         L14B8               fcb       $20,$03,$CC,$00,$98,$34,$06,$34 .L..4.4
14C0 40CC0008171FA434 (_6809/control.asm):00666         L14C0               fcb       $40,$CC,$00,$08,$17,$1F,$A4,$34 @L....$4
14C8 06CC0050171F3BC3 (_6809/control.asm):00667         L14C8               fcb       $06,$CC,$00,$50,$17,$1F,$3B,$C3 .L.P..;C
14D0 000534061717FA32 (_6809/control.asm):00668         L14D0               fcb       $00,$05,$34,$06,$17,$17,$FA,$32 ..4...z2
14D8 68DF1D3440170BA1 (_6809/control.asm):00669         L14D8               fcb       $68,$DF,$1D,$34,$40,$17,$0B,$A1 h_.4@..!
14E0 32628D0235C03440 (_6809/control.asm):00670         L14E0               fcb       $32,$62,$8D,$02,$35,$C0,$34,$40 2b..5@4@
14E8 CCFFAE17EC22327A (_6809/control.asm):00671         L14E8               fcb       $CC,$FF,$AE,$17,$EC,$22,$32,$7A L...l"2z
14F0 30A9043CAF6430A9 (_6809/control.asm):00672         L14F0               fcb       $30,$A9,$04,$3C,$AF,$64,$30,$A9 0).</d0)
14F8 043FAF62CC0005ED (_6809/control.asm):00673         L14F8               fcb       $04,$3F,$AF,$62,$CC,$00,$05,$ED .?/bL..m
1500 E41600B9E6F8021D (_6809/control.asm):00674         L1500               fcb       $E4,$16,$00,$B9,$E6,$F8,$02,$1D d..9fx..
1508 3406E6F8061D10A3 (_6809/control.asm):00675         L1508               fcb       $34,$06,$E6,$F8,$06,$1D,$10,$A3 4.fx...#
1510 E11027008DE6F802 (_6809/control.asm):00676         L1510               fcb       $E1,$10,$27,$00,$8D,$E6,$F8,$02 a.'..fx.
1518 1D34061700AC3262 (_6809/control.asm):00677         L1518               fcb       $1D,$34,$06,$17,$00,$AC,$32,$62 .4...,2b
1520 1F03EF7E2F2F4F5F (_6809/control.asm):00678         L1520               fcb       $1F,$03,$EF,$7E,$2F,$2F,$4F,$5F ..o~//O_
1528 3406DC0934061719 (_6809/control.asm):00679         L1528               fcb       $34,$06,$DC,$09,$34,$06,$17,$19 4.\.4...
1530 D732643440EC6234 (_6809/control.asm):00680         L1530               fcb       $D7,$32,$64,$34,$40,$EC,$62,$34 W2d4@lb4
1538 06DC093406171A07 (_6809/control.asm):00681         L1538               fcb       $06,$DC,$09,$34,$06,$17,$1A,$07 .\.4....
1540 3266CC00123406CC (_6809/control.asm):00682         L1540               fcb       $32,$66,$CC,$00,$12,$34,$06,$CC 2fL..4.L
1548 005A3406DC093406 (_6809/control.asm):00683         L1548               fcb       $00,$5A,$34,$06,$DC,$09,$34,$06 .Z4.\.4.
1550 1719F03266E6F804 (_6809/control.asm):00684         L1550               fcb       $17,$19,$F0,$32,$66,$E6,$F8,$04 ..p2ffx.
1558 E7F8021D34061700 (_6809/control.asm):00685         L1558               fcb       $E7,$F8,$02,$1D,$34,$06,$17,$00 gx..4...
1560 6932621F03CC0001 (_6809/control.asm):00686         L1560               fcb       $69,$32,$62,$1F,$03,$CC,$00,$01 i2b..L..
1568 3406DC0934061719 (_6809/control.asm):00687         L1568               fcb       $34,$06,$DC,$09,$34,$06,$17,$19 4.\.4...
1570 973264CC00123406 (_6809/control.asm):00688         L1570               fcb       $97,$32,$64,$CC,$00,$12,$34,$06 .2dL..4.
1578 CC005A34063440EC (_6809/control.asm):00689         L1578               fcb       $CC,$00,$5A,$34,$06,$34,$40,$EC L.Z4.4@l
1580 66340617174B3268 (_6809/control.asm):00690         L1580               fcb       $66,$34,$06,$17,$17,$4B,$32,$68 f4...K2h
1588 CC00053406CC0028 (_6809/control.asm):00691         L1588               fcb       $CC,$00,$05,$34,$06,$CC,$00,$28 L..4.L.(
1590 3406E6F8081D5849 (_6809/control.asm):00692         L1590               fcb       $34,$06,$E6,$F8,$08,$1D,$58,$49 4.fx..XI
1598 30A90035308BAD94 (_6809/control.asm):00693         L1598               fcb       $30,$A9,$00,$35,$30,$8B,$AD,$94 0).50.-.
15A0 3264ECE4C30064ED (_6809/control.asm):00694         L15A0               fcb       $32,$64,$EC,$E4,$C3,$00,$64,$ED 2dldC.dm
15A8 E4EC62C30001ED62 (_6809/control.asm):00695         L15A8               fcb       $E4,$EC,$62,$C3,$00,$01,$ED,$62 dlbC..mb
15B0 830001EC64C30001 (_6809/control.asm):00696         L15B0               fcb       $83,$00,$01,$EC,$64,$C3,$00,$01 ...ldC..
15B8 ED64830001ECE410 (_6809/control.asm):00697         L15B8               fcb       $ED,$64,$83,$00,$01,$EC,$E4,$10 md...ld.
15C0 83012C102DFF3D16 (_6809/control.asm):00698         L15C0               fcb       $83,$01,$2C,$10,$2D,$FF,$3D,$16 ..,.-.=.
15C8 020F3440CCFFC017 (_6809/control.asm):00699         L15C8               fcb       $02,$0F,$34,$40,$CC,$FF,$C0,$17 ..4@L.@.
15D0 EB3EAE642014CC00 (_6809/control.asm):00700         L15D0               fcb       $EB,$3E,$AE,$64,$20,$14,$CC,$00 k>.d .L.
15D8 7E35C0CC006A35C0 (_6809/control.asm):00701         L15D8               fcb       $7E,$35,$C0,$CC,$00,$6A,$35,$C0 ~5@L.j5@
15E0 CC005635C0CC0042 (_6809/control.asm):00702         L15E0               fcb       $CC,$00,$56,$35,$C0,$CC,$00,$42 L.V5@L.B
15E8 35C0AF7E27E88C00 (_6809/control.asm):00703         L15E8               fcb       $35,$C0,$AF,$7E,$27,$E8,$8C,$00 5@/~'h..
15F0 0127E88C000227E8 (_6809/control.asm):00704         L15F0               fcb       $01,$27,$E8,$8C,$00,$02,$27,$E8 .'h...'h
15F8 8C000327E8CCFFFF (_6809/control.asm):00705         L15F8               fcb       $8C,$00,$03,$27,$E8,$CC,$FF,$FF ...'hL..
1600 35C03440CCFFB817 (_6809/control.asm):00706         L1600               fcb       $35,$C0,$34,$40,$CC,$FF,$B8,$17 5@4@L.8.
1608 EB06EE64327E1183 (_6809/control.asm):00707         L1608               fcb       $EB,$06,$EE,$64,$32,$7E,$11,$83 k.nd2~..
1610 016D102D01671183 (_6809/control.asm):00708         L1610               fcb       $01,$6D,$10,$2D,$01,$67,$11,$83 .m.-.g..
1618 023F102E015F3440 (_6809/control.asm):00709         L1618               fcb       $02,$3F,$10,$2E,$01,$5F,$34,$40 .?..._4@
1620 CCFE93E3E13406CC (_6809/control.asm):00710         L1620               fcb       $CC,$FE,$93,$E3,$E1,$34,$06,$CC L..ca4.L
1628 001E171E91EDE4EC (_6809/control.asm):00711         L1628               fcb       $00,$1E,$17,$1E,$91,$ED,$E4,$EC .....mdl
1630 68108300642D11EC (_6809/control.asm):00712         L1630               fcb       $68,$10,$83,$00,$64,$2D,$11,$EC h...d-.l
1638 68108300732E09EC (_6809/control.asm):00713         L1638               fcb       $68,$10,$83,$00,$73,$2E,$09,$EC h...s..l
1640 E434061703C7201B (_6809/control.asm):00714         L1640               fcb       $E4,$34,$06,$17,$03,$C7,$20,$1B d4...G .
1648 EC6810830082102D (_6809/control.asm):00715         L1648               fcb       $EC,$68,$10,$83,$00,$82,$10,$2D lh.....-
1650 012BEC6810830091 (_6809/control.asm):00716         L1650               fcb       $01,$2B,$EC,$68,$10,$83,$00,$91 .+lh....
1658 102E0121ECE43406 (_6809/control.asm):00717         L1658               fcb       $10,$2E,$01,$21,$EC,$E4,$34,$06 ...!ld4.
1660 1703243262160115 (_6809/control.asm):00718         L1660               fcb       $17,$03,$24,$32,$62,$16,$01,$15 ..$2b...
1668 3440CCFFB617EAA0 (_6809/control.asm):00719         L1668               fcb       $34,$40,$CC,$FF,$B6,$17,$EA,$A0 4@L.6.j
1670 CC00043406CC00CA (_6809/control.asm):00720         L1670               fcb       $CC,$00,$04,$34,$06,$CC,$00,$CA L..4.L.J
1678 3406DC0934061718 (_6809/control.asm):00721         L1678               fcb       $34,$06,$DC,$09,$34,$06,$17,$18 4.\.4...
1680 493266CC00013406 (_6809/control.asm):00722         L1680               fcb       $49,$32,$66,$CC,$00,$01,$34,$06 I2fL..4.
1688 17F4153262CC0001 (_6809/control.asm):00723         L1688               fcb       $17,$F4,$15,$32,$62,$CC,$00,$01 .t.2bL..
1690 3406CC00CA3406DC (_6809/control.asm):00724         L1690               fcb       $34,$06,$CC,$00,$CA,$34,$06,$DC 4.L.J4.\
1698 09340617182C1601 (_6809/control.asm):00725         L1698               fcb       $09,$34,$06,$17,$18,$2C,$16,$01 .4...,..
16A0 383440CCFFBA17EA (_6809/control.asm):00726         L16A0               fcb       $38,$34,$40,$CC,$FF,$BA,$17,$EA 84@L.:.j
16A8 67EE64EC66108300 (_6809/control.asm):00727         L16A8               fcb       $67,$EE,$64,$EC,$66,$10,$83,$00 gndlf...
16B0 282D37EC66108300 (_6809/control.asm):00728         L16B0               fcb       $28,$2D,$37,$EC,$66,$10,$83,$00 (-7lf...
16B8 30102E00C2118301 (_6809/control.asm):00729         L16B8               fcb       $30,$10,$2E,$00,$C2,$11,$83,$01 0...B...
16C0 90102D00BA118301 (_6809/control.asm):00730         L16C0               fcb       $90,$10,$2D,$00,$BA,$11,$83,$01 ..-.:...
16C8 B82E044F5F201311 (_6809/control.asm):00731         L16C8               fcb       $B8,$2E,$04,$4F,$5F,$20,$13,$11 8..O_ ..
16D0 8301F4102D00A811 (_6809/control.asm):00732         L16D0               fcb       $83,$01,$F4,$10,$2D,$00,$A8,$11 ..t.-.(.
16D8 83021C102E00A0CC (_6809/control.asm):00733         L16D8               fcb       $83,$02,$1C,$10,$2E,$00,$A0,$CC ...... L
16E0 000134061701C916 (_6809/control.asm):00734         L16E0               fcb       $00,$01,$34,$06,$17,$01,$C9,$16 ..4...I.
16E8 009311830244102D (_6809/control.asm):00735         L16E8               fcb       $00,$93,$11,$83,$02,$44,$10,$2D .....D.-
16F0 008D1183026C102E (_6809/control.asm):00736         L16F0               fcb       $00,$8D,$11,$83,$02,$6C,$10,$2E .....l..
16F8 0085EC6610830006 (_6809/control.asm):00737         L16F8               fcb       $00,$85,$EC,$66,$10,$83,$00,$06 ..lf....
1700 102D007BEC661083 (_6809/control.asm):00738         L1700               fcb       $10,$2D,$00,$7B,$EC,$66,$10,$83 .-.{lf..
1708 000E2E05CC000120 (_6809/control.asm):00739         L1708               fcb       $00,$0E,$2E,$05,$CC,$00,$01,$20 ....L..
1710 16EC661083001510 (_6809/control.asm):00740         L1710               fcb       $16,$EC,$66,$10,$83,$00,$15,$10 .lf.....
1718 2D0064EC66108300 (_6809/control.asm):00741         L1718               fcb       $2D,$00,$64,$EC,$66,$10,$83,$00 -.dlf...
1720 1D102E005A4F5F34 (_6809/control.asm):00742         L1720               fcb       $1D,$10,$2E,$00,$5A,$4F,$5F,$34 ....ZO_4
1728 06170139204F3440 (_6809/control.asm):00743         L1728               fcb       $06,$17,$01,$39,$20,$4F,$34,$40 ...9 O4@
1730 CCFFBA17E9DAEE66 (_6809/control.asm):00744         L1730               fcb       $CC,$FF,$BA,$17,$E9,$DA,$EE,$66 L.:.iZnf
1738 EC64108300FA2D3F (_6809/control.asm):00745         L1738               fcb       $EC,$64,$10,$83,$00,$FA,$2D,$3F ld...z-?
1740 EC64108301222E37 (_6809/control.asm):00746         L1740               fcb       $EC,$64,$10,$83,$01,$22,$2E,$37 ld...".7
1748 118300062D0A1183 (_6809/control.asm):00747         L1748               fcb       $11,$83,$00,$06,$2D,$0A,$11,$83 ....-...
1750 000E2E044F5F2020 (_6809/control.asm):00748         L1750               fcb       $00,$0E,$2E,$04,$4F,$5F,$20,$20 ....O_
1758 118300122D0B1183 (_6809/control.asm):00749         L1758               fcb       $11,$83,$00,$12,$2D,$0B,$11,$83 ....-...
1760 001A2E05CC000120 (_6809/control.asm):00750         L1760               fcb       $00,$1A,$2E,$05,$CC,$00,$01,$20 ....L..
1768 0F1183001E2D1011 (_6809/control.asm):00751         L1768               fcb       $0F,$11,$83,$00,$1E,$2D,$10,$11 .....-..
1770 8300262E0ACC0002 (_6809/control.asm):00752         L1770               fcb       $83,$00,$26,$2E,$0A,$CC,$00,$02 ..&..L..
1778 3406170188326235 (_6809/control.asm):00753         L1778               fcb       $34,$06,$17,$01,$88,$32,$62,$35 4....2b5
1780 C03440CCFFB617E9 (_6809/control.asm):00754         L1780               fcb       $C0,$34,$40,$CC,$FF,$B6,$17,$E9 @4@L.6.i
1788 87EC643406170063 (_6809/control.asm):00755         L1788               fcb       $87,$EC,$64,$34,$06,$17,$00,$63 .ld4...c
1790 32621F03EC661083 (_6809/control.asm):00756         L1790               fcb       $32,$62,$1F,$03,$EC,$66,$10,$83 2b..lf..
1798 00412E0834408D3D (_6809/control.asm):00757         L1798               fcb       $00,$41,$2E,$08,$34,$40,$8D,$3D .A..4@.=
17A0 326220151F3030A9 (_6809/control.asm):00758         L17A0               fcb       $32,$62,$20,$15,$1F,$30,$30,$A9 2b ..00)
17A8 043C308B3410EC68 (_6809/control.asm):00759         L17A8               fcb       $04,$3C,$30,$8B,$34,$10,$EC,$68 .<0.4.lh
17B0 34061700523262E7 (_6809/control.asm):00760         L17B0               fcb       $34,$06,$17,$00,$52,$32,$62,$E7 4...R2bg
17B8 F117FD2ADC1D30A9 (_6809/control.asm):00761         L17B8               fcb       $F1,$17,$FD,$2A,$DC,$1D,$30,$A9 q..*\.0)
17C0 0396308B34101700 (_6809/control.asm):00762         L17C0               fcb       $03,$96,$30,$8B,$34,$10,$17,$00 ..0.4...
17C8 63E7F11D3406DC1D (_6809/control.asm):00763         L17C8               fcb       $63,$E7,$F1,$1D,$34,$06,$DC,$1D cgq.4.\.
17D0 3406DC0934061716 (_6809/control.asm):00764         L17D0               fcb       $34,$06,$DC,$09,$34,$06,$17,$16 4.\.4...
17D8 E7326635C03440EC (_6809/control.asm):00765         L17D8               fcb       $E7,$32,$66,$35,$C0,$34,$40,$EC g2f5@4@l
17E0 6430A9043C308BE6 (_6809/control.asm):00766         L17E0               fcb       $64,$30,$A9,$04,$3C,$30,$8B,$E6 d0).<0.f
17E8 845CC1032F015FE7 (_6809/control.asm):00767         L17E8               fcb       $84,$5C,$C1,$03,$2F,$01,$5F,$E7 .\A./._g
17F0 8435C03440EE6411 (_6809/control.asm):00768         L17F0               fcb       $84,$35,$C0,$34,$40,$EE,$64,$11 .5@4@nd.
17F8 8300C82C25118300 (_6809/control.asm):00769         L17F8               fcb       $83,$00,$C8,$2C,$25,$11,$83,$00 ..H,%...
1800 642C144F5F35C034 (_6809/control.asm):00770         L1800               fcb       $64,$2C,$14,$4F,$5F,$35,$C0,$34 d,.O_5@4
1808 40EE641183007D2C (_6809/control.asm):00771         L1808               fcb       $40,$EE,$64,$11,$83,$00,$7D,$2C @nd...},
1810 F2118300692F05CC (_6809/control.asm):00772         L1810               fcb       $F2,$11,$83,$00,$69,$2F,$05,$CC r...i/.L
1818 000135C011830055 (_6809/control.asm):00773         L1818               fcb       $00,$01,$35,$C0,$11,$83,$00,$55 ..5@...U
1820 2F05CC000235C0CC (_6809/control.asm):00774         L1820               fcb       $2F,$05,$CC,$00,$02,$35,$C0,$CC /.L..5@L
1828 000335C03440327E (_6809/control.asm):00775         L1828               fcb       $00,$03,$35,$C0,$34,$40,$32,$7E ..5@4@2~
1830 33A9043C4F5FEDE4 (_6809/control.asm):00776         L1830               fcb       $33,$A9,$04,$3C,$4F,$5F,$ED,$E4 3).<O_md
1838 8E0003ECE45849ED (_6809/control.asm):00777         L1838               fcb       $8E,$00,$03,$EC,$E4,$58,$49,$ED ...ldXIm
1840 E4E6C08D0AEA61E7 (_6809/control.asm):00778         L1840               fcb       $E4,$E6,$C0,$8D,$0A,$EA,$61,$E7 df@..jag
1848 61301F26EE35C634 (_6809/control.asm):00779         L1848               fcb       $61,$30,$1F,$26,$EE,$35,$C6,$34 a0.&n5F4
1850 04C4012704860120 (_6809/control.asm):00780         L1850               fcb       $04,$C4,$01,$27,$04,$86,$01,$20 .D.'...
1858 014F3504C4022702 (_6809/control.asm):00781         L1858               fcb       $01,$4F,$35,$04,$C4,$02,$27,$02 .O5.D.'.
1860 8A081F89393440CC (_6809/control.asm):00782         L1860               fcb       $8A,$08,$1F,$89,$39,$34,$40,$CC ....94@L
1868 FFB817E8A3EC6410 (_6809/control.asm):00783         L1868               fcb       $FF,$B8,$17,$E8,$A3,$EC,$64,$10 .8.h#ld.
1870 9315260235C0DC15 (_6809/control.asm):00784         L1870               fcb       $93,$15,$26,$02,$35,$C0,$DC,$15 ..&.5@\.
1878 2D18DC152605CC00 (_6809/control.asm):00785         L1878               fcb       $2D,$18,$DC,$15,$26,$05,$CC,$00 -.\.&.L.
1880 182003CC00093406 (_6809/control.asm):00786         L1880               fcb       $18,$20,$03,$CC,$00,$09,$34,$06 . .L..4.
1888 CC02493406170222 (_6809/control.asm):00787         L1888               fcb       $CC,$02,$49,$34,$06,$17,$02,$22 L.I4..."
1890 3264EC642605CC00 (_6809/control.asm):00788         L1890               fcb       $32,$64,$EC,$64,$26,$05,$CC,$00 2dld&.L.
1898 182003CC00093406 (_6809/control.asm):00789         L1898               fcb       $18,$20,$03,$CC,$00,$09,$34,$06 . .L..4.
18A0 CC024934061701FD (_6809/control.asm):00790         L18A0               fcb       $CC,$02,$49,$34,$06,$17,$01,$FD L.I4....
18A8 3264EC64DD1535C0 (_6809/control.asm):00791         L18A8               fcb       $32,$64,$EC,$64,$DD,$15,$35,$C0 2dld].5@
18B0 3440CCFFB817E858 (_6809/control.asm):00792         L18B0               fcb       $34,$40,$CC,$FF,$B8,$17,$E8,$58 4@L.8.hX
18B8 EC64109317260235 (_6809/control.asm):00793         L18B8               fcb       $EC,$64,$10,$93,$17,$26,$02,$35 ld...&.5
18C0 C0DC172D12CC002A (_6809/control.asm):00794         L18C0               fcb       $C0,$DC,$17,$2D,$12,$CC,$00,$2A @\.-.L.*
18C8 3406DC1734068D1F (_6809/control.asm):00795         L18C8               fcb       $34,$06,$DC,$17,$34,$06,$8D,$1F 4.\.4...
18D0 EDE41701DD3264CC (_6809/control.asm):00796         L18D0               fcb       $ED,$E4,$17,$01,$DD,$32,$64,$CC md..]2dL
18D8 002A3406EC663406 (_6809/control.asm):00797         L18D8               fcb       $00,$2A,$34,$06,$EC,$66,$34,$06 .*4.lf4.
18E0 8D0DEDE41701BE32 (_6809/control.asm):00798         L18E0               fcb       $8D,$0D,$ED,$E4,$17,$01,$BE,$32 ..md..>2
18E8 64EC64DD1735C034 (_6809/control.asm):00799         L18E8               fcb       $64,$EC,$64,$DD,$17,$35,$C0,$34 dld].5@4
18F0 40CCFFC017E819EC (_6809/control.asm):00800         L18F0               fcb       $40,$CC,$FF,$C0,$17,$E8,$19,$EC @L.@.h.l
18F8 642605CC019A2003 (_6809/control.asm):00801         L18F8               fcb       $64,$26,$05,$CC,$01,$9A,$20,$03 d&.L.. .
1900 CC01FE35C03440CC (_6809/control.asm):00802         L1900               fcb       $CC,$01,$FE,$35,$C0,$34,$40,$CC L..5@4@L
1908 FFB817E803EE6411 (_6809/control.asm):00803         L1908               fcb       $FF,$B8,$17,$E8,$03,$EE,$64,$11 .8.h.nd.
1910 931F270611830002 (_6809/control.asm):00804         L1910               fcb       $93,$1F,$27,$06,$11,$83,$00,$02 ..'.....
1918 2F0235C0DC1F2D12 (_6809/control.asm):00805         L1918               fcb       $2F,$02,$35,$C0,$DC,$1F,$2D,$12 /.5@\.-.
1920 DC1F34068D3CEDE4 (_6809/control.asm):00806         L1920               fcb       $DC,$1F,$34,$06,$8D,$3C,$ED,$E4 \.4..<md
1928 CC00FC3406170182 (_6809/control.asm):00807         L1928               fcb       $CC,$00,$FC,$34,$06,$17,$01,$82 L..4....
1930 326434408D2CEDE4 (_6809/control.asm):00808         L1930               fcb       $32,$64,$34,$40,$8D,$2C,$ED,$E4 2d4@.,md
1938 CC00FC3406170165 (_6809/control.asm):00809         L1938               fcb       $CC,$00,$FC,$34,$06,$17,$01,$65 L..4...e
1940 3264DF1F34408D03 (_6809/control.asm):00810         L1940               fcb       $32,$64,$DF,$1F,$34,$40,$8D,$03 2d_.4@..
1948 1601943440CCFFB8 (_6809/control.asm):00811         L1948               fcb       $16,$01,$94,$34,$40,$CC,$FF,$B8 ...4@L.8
1950 17E7BDEE643440DC (_6809/control.asm):00812         L1950               fcb       $17,$E7,$BD,$EE,$64,$34,$40,$DC .g=nd4@\
1958 0934061714EB3264 (_6809/control.asm):00813         L1958               fcb       $09,$34,$06,$17,$14,$EB,$32,$64 .4...k2d
1960 35C03440CCFFC017 (_6809/control.asm):00814         L1960               fcb       $35,$C0,$34,$40,$CC,$FF,$C0,$17 5@4@L.@.
1968 E7A6EE6411830000 (_6809/control.asm):00815         L1968               fcb       $E7,$A6,$EE,$64,$11,$83,$00,$00 g&nd....
1970 2605CC0008200E11 (_6809/control.asm):00816         L1970               fcb       $26,$05,$CC,$00,$08,$20,$0E,$11 &.L.. ..
1978 8300012605CC0014 (_6809/control.asm):00817         L1978               fcb       $83,$00,$01,$26,$05,$CC,$00,$14 ...&.L..
1980 2003CC002035C034 (_6809/control.asm):00818         L1980               fcb       $20,$03,$CC,$00,$20,$35,$C0,$34 .L. 5@4
1988 40CCFFB617E781EE (_6809/control.asm):00819         L1988               fcb       $40,$CC,$FF,$B6,$17,$E7,$81,$EE @L.6.g.n
1990 64327E1193191027 (_6809/control.asm):00820         L1990               fcb       $64,$32,$7E,$11,$93,$19,$10,$27 d2~....'
1998 014511830006102E (_6809/control.asm):00821         L1998               fcb       $01,$45,$11,$83,$00,$06,$10,$2E .E......
19A0 013D11830000260F (_6809/control.asm):00822         L19A0               fcb       $01,$3D,$11,$83,$00,$00,$26,$0F .=....&.
19A8 DC1910830001271C (_6809/control.asm):00823         L19A8               fcb       $DC,$19,$10,$83,$00,$01,$27,$1C \.....'.
19B0 DC19C3FFFF201711 (_6809/control.asm):00824         L19B0               fcb       $DC,$19,$C3,$FF,$FF,$20,$17,$11 \.C.. ..
19B8 8300062613DC1910 (_6809/control.asm):00825         L19B8               fcb       $83,$00,$06,$26,$13,$DC,$19,$10 ...&.\..
19C0 8300052707DC19C3 (_6809/control.asm):00826         L19C0               fcb       $83,$00,$05,$27,$07,$DC,$19,$C3 ...'.\.C
19C8 00012002DC191F03 (_6809/control.asm):00827         L19C8               fcb       $00,$01,$20,$02,$DC,$19,$1F,$03 .. .\...
19D0 DC192D1BDC193406 (_6809/control.asm):00828         L19D0               fcb       $DC,$19,$2D,$1B,$DC,$19,$34,$06 \.-.\.4.
19D8 1700B43262EDE427 (_6809/control.asm):00829         L19D8               fcb       $17,$00,$B4,$32,$62,$ED,$E4,$27 ..42bmd'
19E0 0ECC00853406EC62 (_6809/control.asm):00830         L19E0               fcb       $0E,$CC,$00,$85,$34,$06,$EC,$62 .L..4.lb
19E8 34061700C5326434 (_6809/control.asm):00831         L19E8               fcb       $34,$06,$17,$00,$C5,$32,$64,$34 4...E2d4
19F0 4017009B3262EDE4 (_6809/control.asm):00832         L19F0               fcb       $40,$17,$00,$9B,$32,$62,$ED,$E4 @...2bmd
19F8 270ECC00853406EC (_6809/control.asm):00833         L19F8               fcb       $27,$0E,$CC,$00,$85,$34,$06,$EC '.L..4.l
1A00 62340617009F3264 (_6809/control.asm):00834         L1A00               fcb       $62,$34,$06,$17,$00,$9F,$32,$64 b4....2d
1A08 DF191600D23440CC (_6809/control.asm):00835         L1A08               fcb       $DF,$19,$16,$00,$D2,$34,$40,$CC _...R4@L
1A10 FFB617E6FBEE6432 (_6809/control.asm):00836         L1A10               fcb       $FF,$B6,$17,$E6,$FB,$EE,$64,$32 .6.f.nd2
1A18 7E11931B102700BF (_6809/control.asm):00837         L1A18               fcb       $7E,$11,$93,$1B,$10,$27,$00,$BF ~....'.?
1A20 11830006102E00B7 (_6809/control.asm):00838         L1A20               fcb       $11,$83,$00,$06,$10,$2E,$00,$B7 .......7
1A28 11830000260FDC1B (_6809/control.asm):00839         L1A28               fcb       $11,$83,$00,$00,$26,$0F,$DC,$1B ....&.\.
1A30 10830001271CDC1B (_6809/control.asm):00840         L1A30               fcb       $10,$83,$00,$01,$27,$1C,$DC,$1B ....'.\.
1A38 C3FFFF2017118300 (_6809/control.asm):00841         L1A38               fcb       $C3,$FF,$FF,$20,$17,$11,$83,$00 C.. ....
1A40 062613DC1B108300 (_6809/control.asm):00842         L1A40               fcb       $06,$26,$13,$DC,$1B,$10,$83,$00 .&.\....
1A48 052707DC1BC30001 (_6809/control.asm):00843         L1A48               fcb       $05,$27,$07,$DC,$1B,$C3,$00,$01 .'.\.C..
1A50 2002DC1B1F03DC1B (_6809/control.asm):00844         L1A50               fcb       $20,$02,$DC,$1B,$1F,$03,$DC,$1B .\...\.
1A58 2D19DC1B34068D2F (_6809/control.asm):00845         L1A58               fcb       $2D,$19,$DC,$1B,$34,$06,$8D,$2F -.\.4../
1A60 3262EDE4270DCC00 (_6809/control.asm):00846         L1A60               fcb       $32,$62,$ED,$E4,$27,$0D,$CC,$00 2bmd'.L.
1A68 673406EC6234068D (_6809/control.asm):00847         L1A68               fcb       $67,$34,$06,$EC,$62,$34,$06,$8D g4.lb4..
1A70 41326434408D1832 (_6809/control.asm):00848         L1A70               fcb       $41,$32,$64,$34,$40,$8D,$18,$32 A2d4@..2
1A78 62EDE4270DCC0067 (_6809/control.asm):00849         L1A78               fcb       $62,$ED,$E4,$27,$0D,$CC,$00,$67 bmd'.L.g
1A80 3406EC6234068D1D (_6809/control.asm):00850         L1A80               fcb       $34,$06,$EC,$62,$34,$06,$8D,$1D 4.lb4...
1A88 3264DF1B16005034 (_6809/control.asm):00851         L1A88               fcb       $32,$64,$DF,$1B,$16,$00,$50,$34 2d_...P4
1A90 40CCFFC017E679EC (_6809/control.asm):00852         L1A90               fcb       $40,$CC,$FF,$C0,$17,$E6,$79,$EC @L.@.fyl
1A98 64584930A9028C30 (_6809/control.asm):00853         L1A98               fcb       $64,$58,$49,$30,$A9,$02,$8C,$30 dXI0)..0
1AA0 8BEC8435C03440CC (_6809/control.asm):00854         L1AA0               fcb       $8B,$EC,$84,$35,$C0,$34,$40,$CC .l.5@4@L
1AA8 FFB617E663CC0003 (_6809/control.asm):00855         L1AA8               fcb       $FF,$B6,$17,$E6,$63,$CC,$00,$03 .6.fcL..
1AB0 200A3440CCFFB617 (_6809/control.asm):00856         L1AB0               fcb       $20,$0A,$34,$40,$CC,$FF,$B6,$17 .4@L.6.
1AB8 E6564F5F3406DC09 (_6809/control.asm):00857         L1AB8               fcb       $E6,$56,$4F,$5F,$34,$06,$DC,$09 fVO_4.\.
1AC0 34061714433264EC (_6809/control.asm):00858         L1AC0               fcb       $34,$06,$17,$14,$43,$32,$64,$EC 4...C2dl
1AC8 663406EC663406DC (_6809/control.asm):00859         L1AC8               fcb       $66,$34,$06,$EC,$66,$34,$06,$DC f4.lf4.\
1AD0 0934061714713266 (_6809/control.asm):00860         L1AD0               fcb       $09,$34,$06,$17,$14,$71,$32,$66 .4...q2f
1AD8 DC09340617148332 (_6809/control.asm):00861         L1AD8               fcb       $DC,$09,$34,$06,$17,$14,$83,$32 \.4....2
1AE0 6235C03440CCFFB6 (_6809/control.asm):00862         L1AE0               fcb       $62,$35,$C0,$34,$40,$CC,$FF,$B6 b5@4@L.6
1AE8 17E625CC00043406 (_6809/control.asm):00863         L1AE8               fcb       $17,$E6,$25,$CC,$00,$04,$34,$06 .f%L..4.
1AF0 CC00CA3406DC0934 (_6809/control.asm):00864         L1AF0               fcb       $CC,$00,$CA,$34,$06,$DC,$09,$34 L.J4.\.4
1AF8 061713CE326630A9 (_6809/control.asm):00865         L1AF8               fcb       $06,$17,$13,$CE,$32,$66,$30,$A9 ...N2f0)
1B00 02B23410171BCF32 (_6809/control.asm):00866         L1B00               fcb       $02,$B2,$34,$10,$17,$1B,$CF,$32 .24...O2
1B08 62CC0001340630A9 (_6809/control.asm):00867         L1B08               fcb       $62,$CC,$00,$01,$34,$06,$30,$A9 bL..4.0)
1B10 02BA3410171A8F32 (_6809/control.asm):00868         L1B10               fcb       $02,$BA,$34,$10,$17,$1A,$8F,$32 .:4....2
1B18 641F03EF7E2C35EC (_6809/control.asm):00869         L1B18               fcb       $64,$1F,$03,$EF,$7E,$2C,$35,$EC d..o~,5l
1B20 A903943406308D07 (_6809/control.asm):00870         L1B20               fcb       $A9,$03,$94,$34,$06,$30,$8D,$07 )..4.0..
1B28 D834101705A73264 (_6809/control.asm):00871         L1B28               fcb       $D8,$34,$10,$17,$05,$A7,$32,$64 X4...'2d
1B30 CC00013406CC00CA (_6809/control.asm):00872         L1B30               fcb       $CC,$00,$01,$34,$06,$CC,$00,$CA L..4.L.J
1B38 3406DC0934061713 (_6809/control.asm):00873         L1B38               fcb       $34,$06,$DC,$09,$34,$06,$17,$13 4.\.4...
1B40 893266CCFFFF35C0 (_6809/control.asm):00874         L1B40               fcb       $89,$32,$66,$CC,$FF,$FF,$35,$C0 .2fL..5@
1B48 200A30A904423410 (_6809/control.asm):00875         L1B48               fcb       $20,$0A,$30,$A9,$04,$42,$34,$10 .0).B4.
1B50 8D363262CC005034 (_6809/control.asm):00876         L1B50               fcb       $8D,$36,$32,$62,$CC,$00,$50,$34 .62bL.P4
1B58 0630A90442341034 (_6809/control.asm):00877         L1B58               fcb       $06,$30,$A9,$04,$42,$34,$10,$34 .0).B4.4
1B60 40171ACC3266ED7E (_6809/control.asm):00878         L1B60               fcb       $40,$17,$1A,$CC,$32,$66,$ED,$7E @..L2fm~
1B68 2EE03440171A4632 (_6809/control.asm):00879         L1B68               fcb       $2E,$E0,$34,$40,$17,$1A,$46,$32 .`4@..F2
1B70 62CC00013406CC00 (_6809/control.asm):00880         L1B70               fcb       $62,$CC,$00,$01,$34,$06,$CC,$00 bL..4.L.
1B78 CA3406DC09340617 (_6809/control.asm):00881         L1B78               fcb       $CA,$34,$06,$DC,$09,$34,$06,$17 J4.\.4..
1B80 134832664F5F35C0 (_6809/control.asm):00882         L1B80               fcb       $13,$48,$32,$66,$4F,$5F,$35,$C0 .H2fO_5@
1B88 3440CCFFB417E580 (_6809/control.asm):00883         L1B88               fcb       $34,$40,$CC,$FF,$B4,$17,$E5,$80 4@L.4.e.
1B90 327E30A9029AAFE4 (_6809/control.asm):00884         L1B90               fcb       $32,$7E,$30,$A9,$02,$9A,$AF,$E4 2~0)../d
1B98 CC003D3406EC6834 (_6809/control.asm):00885         L1B98               fcb       $CC,$00,$3D,$34,$06,$EC,$68,$34 L.=4.lh4
1BA0 0617045632641F03 (_6809/control.asm):00886         L1BA0               fcb       $06,$17,$04,$56,$32,$64,$1F,$03 ...V2d..
1BA8 EF7E1027005A4F5F (_6809/control.asm):00887         L1BA8               fcb       $EF,$7E,$10,$27,$00,$5A,$4F,$5F o~.'.ZO_
1BB0 E7C0CC0005340630 (_6809/control.asm):00888         L1BB0               fcb       $E7,$C0,$CC,$00,$05,$34,$06,$30 g@L..4.0
1BB8 8D07573410EC6A34 (_6809/control.asm):00889         L1BB8               fcb       $8D,$07,$57,$34,$10,$EC,$6A,$34 ..W4.lj4
1BC0 061715443266ED7E (_6809/control.asm):00890         L1BC0               fcb       $06,$17,$15,$44,$32,$66,$ED,$7E ...D2fm~
1BC8 263A3440EC68C300 (_6809/control.asm):00891         L1BC8               fcb       $26,$3A,$34,$40,$EC,$68,$C3,$00 &:4@lhC.
1BD0 0534061715D7EDE4 (_6809/control.asm):00892         L1BD0               fcb       $05,$34,$06,$17,$15,$D7,$ED,$E4 .4...Wmd
1BD8 8D323264202AECF4 (_6809/control.asm):00893         L1BD8               fcb       $8D,$32,$32,$64,$20,$2A,$EC,$F4 .22d *lt
1BE0 3406EC6834061714 (_6809/control.asm):00894         L1BE0               fcb       $34,$06,$EC,$68,$34,$06,$17,$14 4.lh4...
1BE8 B13264ED7E260E34 (_6809/control.asm):00895         L1BE8               fcb       $B1,$32,$64,$ED,$7E,$26,$0E,$34 12dm~&.4
1BF0 401715B93262AEE4 (_6809/control.asm):00896         L1BF0               fcb       $40,$17,$15,$B9,$32,$62,$AE,$E4 @..92b.d
1BF8 ED9802200BECE4C3 (_6809/control.asm):00897         L1BF8               fcb       $ED,$98,$02,$20,$0B,$EC,$E4,$C3 m.. .ldC
1C00 0004EDE4ECF426D6 (_6809/control.asm):00898         L1C00               fcb       $00,$04,$ED,$E4,$EC,$F4,$26,$D6 ..mdlt&V
1C08 326235C03440CCFF (_6809/control.asm):00899         L1C08               fcb       $32,$62,$35,$C0,$34,$40,$CC,$FF 2b5@4@L.
1C10 B417E4FCEE66327C (_6809/control.asm):00900         L1C10               fcb       $B4,$17,$E4,$FC,$EE,$66,$32,$7C 4.d.nf2|
1C18 4F5FED62EC682D51 (_6809/control.asm):00901         L1C18               fcb       $4F,$5F,$ED,$62,$EC,$68,$2D,$51 O_mblh-Q
1C20 EC68108300102C49 (_6809/control.asm):00902         L1C20               fcb       $EC,$68,$10,$83,$00,$10,$2C,$49 lh....,I
1C28 4F5F202CECE430A9 (_6809/control.asm):00903         L1C28               fcb       $4F,$5F,$20,$2C,$EC,$E4,$30,$A9 O_ ,ld0)
1C30 043C308B34103440 (_6809/control.asm):00904         L1C30               fcb       $04,$3C,$30,$8B,$34,$10,$34,$40 .<0.4.4@
1C38 1715723262E7F1CC (_6809/control.asm):00905         L1C38               fcb       $17,$15,$72,$32,$62,$E7,$F1,$CC ..r2bgqL
1C40 002C340634401703 (_6809/control.asm):00906         L1C40               fcb       $00,$2C,$34,$06,$34,$40,$17,$03 .,4.4@..
1C48 B132641F03EF7E27 (_6809/control.asm):00907         L1C48               fcb       $B1,$32,$64,$1F,$03,$EF,$7E,$27 12d..o~'
1C50 113341ECE4C30001 (_6809/control.asm):00908         L1C50               fcb       $11,$33,$41,$EC,$E4,$C3,$00,$01 .3AldC..
1C58 EDE4ECE410830003 (_6809/control.asm):00909         L1C58               fcb       $ED,$E4,$EC,$E4,$10,$83,$00,$03 mdld....
1C60 2DCAEC6830A90396 (_6809/control.asm):00910         L1C60               fcb       $2D,$CA,$EC,$68,$30,$A9,$03,$96 -Jlh0)..
1C68 308B341017FBBDE7 (_6809/control.asm):00911         L1C68               fcb       $30,$8B,$34,$10,$17,$FB,$BD,$E7 0.4...=g
1C70 F1326435C03440CC (_6809/control.asm):00912         L1C70               fcb       $F1,$32,$64,$35,$C0,$34,$40,$CC q2d5@4@L
1C78 FFA017E49332E8EA (_6809/control.asm):00913         L1C78               fcb       $FF,$A0,$17,$E4,$93,$32,$E8,$EA . .d.2hj
1C80 4F5FED64CC000434 (_6809/control.asm):00914         L1C80               fcb       $4F,$5F,$ED,$64,$CC,$00,$04,$34 O_mdL..4
1C88 06CC00CA3406DC09 (_6809/control.asm):00915         L1C88               fcb       $06,$CC,$00,$CA,$34,$06,$DC,$09 .L.J4.\.
1C90 3406171235326630 (_6809/control.asm):00916         L1C90               fcb       $34,$06,$17,$12,$35,$32,$66,$30 4...52f0
1C98 A90442AF6A30A902 (_6809/control.asm):00917         L1C98               fcb       $A9,$04,$42,$AF,$6A,$30,$A9,$02 ).B/j0).
1CA0 B23410171A303262 (_6809/control.asm):00918         L1CA0               fcb       $B2,$34,$10,$17,$1A,$30,$32,$62 24...02b
1CA8 CC0003340630A902 (_6809/control.asm):00919         L1CA8               fcb       $CC,$00,$03,$34,$06,$30,$A9,$02 L..4.0).
1CB0 BA34101718F03264 (_6809/control.asm):00920         L1CB0               fcb       $BA,$34,$10,$17,$18,$F0,$32,$64 :4...p2d
1CB8 EDE8122C14ECA903 (_6809/control.asm):00921         L1CB8               fcb       $ED,$E8,$12,$2C,$14,$EC,$A9,$03 mh.,.l).
1CC0 943406308D065134 (_6809/control.asm):00922         L1CC0               fcb       $94,$34,$06,$30,$8D,$06,$51,$34 .4.0..Q4
1CC8 1017040932641600 (_6809/control.asm):00923         L1CC8               fcb       $10,$17,$04,$09,$32,$64,$16,$00 ....2d..
1CD0 5F30E43410ECE814 (_6809/control.asm):00924         L1CD0               fcb       $5F,$30,$E4,$34,$10,$EC,$E8,$14 _0d4.lh.
1CD8 34061710AF3264ED (_6809/control.asm):00925         L1CD8               fcb       $34,$06,$17,$10,$AF,$32,$64,$ED 4.../2dm
1CE0 7E2C0CECA9039434 (_6809/control.asm):00926         L1CE0               fcb       $7E,$2C,$0C,$EC,$A9,$03,$94,$34 ~,.l)..4
1CE8 06308D063C2030EC (_6809/control.asm):00927         L1CE8               fcb       $06,$30,$8D,$06,$3C,$20,$30,$EC .0..< 0l
1CF0 62340630A9049234 (_6809/control.asm):00928         L1CF0               fcb       $62,$34,$06,$30,$A9,$04,$92,$34 b4.0)..4
1CF8 10ECE81634061719 (_6809/control.asm):00929         L1CF8               fcb       $10,$EC,$E8,$16,$34,$06,$17,$19 .lh.4...
1D00 2132661716CDEC02 (_6809/control.asm):00930         L1D00               fcb       $21,$32,$66,$17,$16,$CD,$EC,$02 !2f..Ml.
1D08 3406EC8434063064 (_6809/control.asm):00931         L1D08               fcb       $34,$06,$EC,$84,$34,$06,$30,$64 4.l.4.0d
1D10 1716752C31ECA903 (_6809/control.asm):00932         L1D10               fcb       $17,$16,$75,$2C,$31,$EC,$A9,$03 ..u,1l).
1D18 943406308D061E34 (_6809/control.asm):00933         L1D18               fcb       $94,$34,$06,$30,$8D,$06,$1E,$34 .4.0...4
1D20 101703B13264ECE8 (_6809/control.asm):00934         L1D20               fcb       $10,$17,$03,$B1,$32,$64,$EC,$E8 ...12dlh
1D28 1234061718873262 (_6809/control.asm):00935         L1D28               fcb       $12,$34,$06,$17,$18,$87,$32,$62 .4....2b
1D30 CC00013406CC00CA (_6809/control.asm):00936         L1D30               fcb       $CC,$00,$01,$34,$06,$CC,$00,$CA L..4.L.J
1D38 3406DC0934061711 (_6809/control.asm):00937         L1D38               fcb       $34,$06,$DC,$09,$34,$06,$17,$11 4.\.4...
1D40 89326616014430A9 (_6809/control.asm):00938         L1D40               fcb       $89,$32,$66,$16,$01,$44,$30,$A9 .2f..D0)
1D48 0492AFA9149230A9 (_6809/control.asm):00939         L1D48               fcb       $04,$92,$AF,$A9,$14,$92,$30,$A9 ../)..0)
1D50 0C92AFA914941600 (_6809/control.asm):00940         L1D50               fcb       $0C,$92,$AF,$A9,$14,$94,$16,$00 ../)....
1D58 C530A904423410EC (_6809/control.asm):00941         L1D58               fcb       $C5,$30,$A9,$04,$42,$34,$10,$EC E0).B4.l
1D60 A914923406170272 (_6809/control.asm):00942         L1D60               fcb       $A9,$14,$92,$34,$06,$17,$02,$72 )..4...r
1D68 3264EDA914924F5F (_6809/control.asm):00943         L1D68               fcb       $32,$64,$ED,$A9,$14,$92,$4F,$5F 2dm)..O_
1D70 ED66CC003D3406EC (_6809/control.asm):00944         L1D70               fcb       $ED,$66,$CC,$00,$3D,$34,$06,$EC mfL.=4.l
1D78 6C340617027C3264 (_6809/control.asm):00945         L1D78               fcb       $6C,$34,$06,$17,$02,$7C,$32,$64 l4...|2d
1D80 1F031F30EDE81410 (_6809/control.asm):00946         L1D80               fcb       $1F,$03,$1F,$30,$ED,$E8,$14,$10 ...0mh..
1D88 2700744F5FE7C0CC (_6809/control.asm):00947         L1D88               fcb       $27,$00,$74,$4F,$5F,$E7,$C0,$CC '.tO_g@L
1D90 00053406308D05B6 (_6809/control.asm):00948         L1D90               fcb       $00,$05,$34,$06,$30,$8D,$05,$B6 ..4.0..6
1D98 3410EC6E34061713 (_6809/control.asm):00949         L1D98               fcb       $34,$10,$EC,$6E,$34,$06,$17,$13 4.ln4...
1DA0 673266ED7E2622EC (_6809/control.asm):00950         L1DA0               fcb       $67,$32,$66,$ED,$7E,$26,$22,$EC g2fm~&"l
1DA8 A914943406EC6CC3 (_6809/control.asm):00951         L1DA8               fcb       $A9,$14,$94,$34,$06,$EC,$6C,$C3 )..4.llC
1DB0 000534061713F6ED (_6809/control.asm):00952         L1DB0               fcb       $00,$05,$34,$06,$17,$13,$F6,$ED ..4...vm
1DB8 E41700D33264EDA9 (_6809/control.asm):00953         L1DB8               fcb       $E4,$17,$00,$D3,$32,$64,$ED,$A9 d..S2dm)
1DC0 1494CC0001ED6620 (_6809/control.asm):00954         L1DC0               fcb       $14,$94,$CC,$00,$01,$ED,$66,$20 ..L..mf
1DC8 3630A9029AAF6E20 (_6809/control.asm):00955         L1DC8               fcb       $36,$30,$A9,$02,$9A,$AF,$6E,$20 60)../n
1DD0 29ECF80E3406EC6C (_6809/control.asm):00956         L1DD0               fcb       $29,$EC,$F8,$0E,$34,$06,$EC,$6C )lx.4.ll
1DD8 34061712BD3264ED (_6809/control.asm):00957         L1DD8               fcb       $34,$06,$17,$12,$BD,$32,$64,$ED 4...=2dm
1DE0 7E2610ECA9149434 (_6809/control.asm):00958         L1DE0               fcb       $7E,$26,$10,$EC,$A9,$14,$94,$34 ~&.l)..4
1DE8 06ECE81034061701 (_6809/control.asm):00959         L1DE8               fcb       $06,$EC,$E8,$10,$34,$06,$17,$01 .lh.4...
1DF0 5720C9EC6EC30004 (_6809/control.asm):00960         L1DF0               fcb       $57,$20,$C9,$EC,$6E,$C3,$00,$04 W IlnC..
1DF8 ED6EECF80E26D2EC (_6809/control.asm):00961         L1DF8               fcb       $ED,$6E,$EC,$F8,$0E,$26,$D2,$EC mnlx.&Rl
1E00 66261BCC003DE7F8 (_6809/control.asm):00962         L1E00               fcb       $66,$26,$1B,$CC,$00,$3D,$E7,$F8 f&.L.=gx
1E08 14ECA91494340630 (_6809/control.asm):00963         L1E08               fcb       $14,$EC,$A9,$14,$94,$34,$06,$30 .l)..4.0
1E10 A9044234101701A2 (_6809/control.asm):00964         L1E10               fcb       $A9,$04,$42,$34,$10,$17,$01,$A2 ).B4..."
1E18 3264EDA91494EC62 (_6809/control.asm):00965         L1E18               fcb       $32,$64,$ED,$A9,$14,$94,$EC,$62 2dm)..lb
1E20 30A90492308BACA9 (_6809/control.asm):00966         L1E20               fcb       $30,$A9,$04,$92,$30,$8B,$AC,$A9 0)..0.,)
1E28 14921022FF2B4F5F (_6809/control.asm):00967         L1E28               fcb       $14,$92,$10,$22,$FF,$2B,$4F,$5F ...".+O_
1E30 34064F5F3406ECE8 (_6809/control.asm):00968         L1E30               fcb       $34,$06,$4F,$5F,$34,$06,$EC,$E8 4.O_4.lh
1E38 1634061718313266 (_6809/control.asm):00969         L1E38               fcb       $16,$34,$06,$17,$18,$31,$32,$66 .4...12f
1E40 EC62340630A90C92 (_6809/control.asm):00970         L1E40               fcb       $EC,$62,$34,$06,$30,$A9,$0C,$92 lb4.0)..
1E48 3410ECE816340617 (_6809/control.asm):00971         L1E48               fcb       $34,$10,$EC,$E8,$16,$34,$06,$17 4.lh.4..
1E50 17F432661083FFFF (_6809/control.asm):00972         L1E50               fcb       $17,$F4,$32,$66,$10,$83,$FF,$FF .t2f....
1E58 2611ECA903943406 (_6809/control.asm):00973         L1E58               fcb       $26,$11,$EC,$A9,$03,$94,$34,$06 &.l)..4.
1E60 308D04F034101702 (_6809/control.asm):00974         L1E60               fcb       $30,$8D,$04,$F0,$34,$10,$17,$02 0..p4...
1E68 6C3264ECE8123406 (_6809/control.asm):00975         L1E68               fcb       $6C,$32,$64,$EC,$E8,$12,$34,$06 l2dlh.4.
1E70 1717423262CC0001 (_6809/control.asm):00976         L1E70               fcb       $17,$17,$42,$32,$62,$CC,$00,$01 ..B2bL..
1E78 3406CC00CA3406DC (_6809/control.asm):00977         L1E78               fcb       $34,$06,$CC,$00,$CA,$34,$06,$DC 4.L.J4.\
1E80 0934061710443266 (_6809/control.asm):00978         L1E80               fcb       $09,$34,$06,$17,$10,$44,$32,$66 .4...D2f
1E88 4F5F32E81635C034 (_6809/control.asm):00979         L1E88               fcb       $4F,$5F,$32,$E8,$16,$35,$C0,$34 O_2h.5@4
1E90 40CCFFB617E27932 (_6809/control.asm):00980         L1E90               fcb       $40,$CC,$FF,$B6,$17,$E2,$79,$32 @L.6.by2
1E98 7E30A90442AFE4EC (_6809/control.asm):00981         L1E98               fcb       $7E,$30,$A9,$04,$42,$AF,$E4,$EC ~0).B/dl
1EA0 6634061701DB3262 (_6809/control.asm):00982         L1EA0               fcb       $66,$34,$06,$17,$01,$DB,$32,$62 f4...[2b
1EA8 308D04BC341030A9 (_6809/control.asm):00983         L1EA8               fcb       $30,$8D,$04,$BC,$34,$10,$30,$A9 0..<4.0)
1EB0 0442341017119E32 (_6809/control.asm):00984         L1EB0               fcb       $04,$42,$34,$10,$17,$11,$9E,$32 .B4....2
1EB8 64EC663406170161 (_6809/control.asm):00985         L1EB8               fcb       $64,$EC,$66,$34,$06,$17,$01,$61 dlf4...a
1EC0 EDE430A904423410 (_6809/control.asm):00986         L1EC0               fcb       $ED,$E4,$30,$A9,$04,$42,$34,$10 md0).B4.
1EC8 1711A23264ECA902 (_6809/control.asm):00987         L1EC8               fcb       $17,$11,$A2,$32,$64,$EC,$A9,$02 .."2dl).
1ED0 C3340630A9044234 (_6809/control.asm):00988         L1ED0               fcb       $C3,$34,$06,$30,$A9,$04,$42,$34 C4.0).B4
1ED8 101711913264CE00 (_6809/control.asm):00989         L1ED8               fcb       $10,$17,$11,$91,$32,$64,$CE,$00 ....2dN.
1EE0 0020371F3030A904 (_6809/control.asm):00990         L1EE0               fcb       $00,$20,$37,$1F,$30,$30,$A9,$04 . 7.00).
1EE8 3C308BE6844F5D34 (_6809/control.asm):00991         L1EE8               fcb       $3C,$30,$8B,$E6,$84,$4F,$5D,$34 <0.f.O]4
1EF0 0617012DEDE430A9 (_6809/control.asm):00992         L1EF0               fcb       $06,$17,$01,$2D,$ED,$E4,$30,$A9 ...-md0)
1EF8 0442341017116E32 (_6809/control.asm):00993         L1EF8               fcb       $04,$42,$34,$10,$17,$11,$6E,$32 .B4...n2
1F00 64118300022C1130 (_6809/control.asm):00994         L1F00               fcb       $64,$11,$83,$00,$02,$2C,$11,$30 d....,.0
1F08 8D0463341030A904 (_6809/control.asm):00995         L1F08               fcb       $8D,$04,$63,$34,$10,$30,$A9,$04 ..c4.0).
1F10 4234101711573264 (_6809/control.asm):00996         L1F10               fcb       $42,$34,$10,$17,$11,$57,$32,$64 B4...W2d
1F18 3341118300032DC3 (_6809/control.asm):00997         L1F18               fcb       $33,$41,$11,$83,$00,$03,$2D,$C3 3A....-C
1F20 308D044C341030A9 (_6809/control.asm):00998         L1F20               fcb       $30,$8D,$04,$4C,$34,$10,$30,$A9 0..L4.0)
1F28 0442341017113E32 (_6809/control.asm):00999         L1F28               fcb       $04,$42,$34,$10,$17,$11,$3E,$32 .B4...>2
1F30 64AEE43001AFE4E6 (_6809/control.asm):01000         L1F30               fcb       $64,$AE,$E4,$30,$01,$AF,$E4,$E6 d.d0./df
1F38 1FAE683001AF68E7 (_6809/control.asm):01001         L1F38               fcb       $1F,$AE,$68,$30,$01,$AF,$68,$E7 ..h0./hg
1F40 1FC10D26EC16006C (_6809/control.asm):01002         L1F40               fcb       $1F,$C1,$0D,$26,$EC,$16,$00,$6C .A.&l..l
1F48 3440CCFFB617E1C0 (_6809/control.asm):01003         L1F48               fcb       $34,$40,$CC,$FF,$B6,$17,$E1,$C0 4@L.6.a@
1F50 EE64327E30A90442 (_6809/control.asm):01004         L1F50               fcb       $EE,$64,$32,$7E,$30,$A9,$04,$42 nd2~0).B
1F58 AFE4ECC4340630A9 (_6809/control.asm):01005         L1F58               fcb       $AF,$E4,$EC,$C4,$34,$06,$30,$A9 /dlD4.0)
1F60 044234101710EE32 (_6809/control.asm):01006         L1F60               fcb       $04,$42,$34,$10,$17,$10,$EE,$32 .B4...n2
1F68 64ECA902C3340630 (_6809/control.asm):01007         L1F68               fcb       $64,$EC,$A9,$02,$C3,$34,$06,$30 dl).C4.0
1F70 A9044234101710F5 (_6809/control.asm):01008         L1F70               fcb       $A9,$04,$42,$34,$10,$17,$10,$F5 ).B4...u
1F78 3264ECD802340617 (_6809/control.asm):01009         L1F78               fcb       $32,$64,$EC,$D8,$02,$34,$06,$17 2dlX.4..
1F80 009FEDE430A90442 (_6809/control.asm):01010         L1F80               fcb       $00,$9F,$ED,$E4,$30,$A9,$04,$42 ..md0).B
1F88 34101710E0326430 (_6809/control.asm):01011         L1F88               fcb       $34,$10,$17,$10,$E0,$32,$64,$30 4...`2d0
1F90 8D03DF341030A904 (_6809/control.asm):01012         L1F90               fcb       $8D,$03,$DF,$34,$10,$30,$A9,$04 .._4.0).
1F98 4234101710CF3264 (_6809/control.asm):01013         L1F98               fcb       $42,$34,$10,$17,$10,$CF,$32,$64 B4...O2d
1FA0 AEE43001AFE4E61F (_6809/control.asm):01014         L1FA0               fcb       $AE,$E4,$30,$01,$AF,$E4,$E6,$1F .d0./df.
1FA8 AE683001AF68E71F (_6809/control.asm):01015         L1FA8               fcb       $AE,$68,$30,$01,$AF,$68,$E7,$1F .h0./hg.
1FB0 C10D26ECEC683262 (_6809/control.asm):01016         L1FB0               fcb       $C1,$0D,$26,$EC,$EC,$68,$32,$62 A.&llh2b
1FB8 35C03440CCFFC017 (_6809/control.asm):01017         L1FB8               fcb       $35,$C0,$34,$40,$CC,$FF,$C0,$17 5@4@L.@.
1FC0 E14EAE643001AF64 (_6809/control.asm):01018         L1FC0               fcb       $E1,$4E,$AE,$64,$30,$01,$AF,$64 aN.d0./d
1FC8 E61FAE663001AF66 (_6809/control.asm):01019         L1FC8               fcb       $E6,$1F,$AE,$66,$30,$01,$AF,$66 f..f0./f
1FD0 E71FC10D26ECEC66 (_6809/control.asm):01020         L1FD0               fcb       $E7,$1F,$C1,$0D,$26,$EC,$EC,$66 g.A.&llf
1FD8 35C03440CCFFC017 (_6809/control.asm):01021         L1FD8               fcb       $35,$C0,$34,$40,$CC,$FF,$C0,$17 5@4@L.@.
1FE0 E12EAE643001AF64 (_6809/control.asm):01022         L1FE0               fcb       $E1,$2E,$AE,$64,$30,$01,$AF,$64 a..d0./d
1FE8 E61FAE663001AF66 (_6809/control.asm):01023         L1FE8               fcb       $E6,$1F,$AE,$66,$30,$01,$AF,$66 f..f0./f
1FF0 E71FC10D26ECEC64 (_6809/control.asm):01024         L1FF0               fcb       $E7,$1F,$C1,$0D,$26,$EC,$EC,$64 g.A.&lld
1FF8 35C03440CCFFBE17 (_6809/control.asm):01025         L1FF8               fcb       $35,$C0,$34,$40,$CC,$FF,$BE,$17 5@4@L.>.
2000 E10EEE642013E6C4 (_6809/control.asm):01026         L2000               fcb       $E1,$0E,$EE,$64,$20,$13,$E6,$C4 a.nd .fD
2008 1D3406E6691D10A3 (_6809/control.asm):01027         L2008               fcb       $1D,$34,$06,$E6,$69,$1D,$10,$A3 .4.fi..#
2010 E126041F3035C033 (_6809/control.asm):01028         L2010               fcb       $E1,$26,$04,$1F,$30,$35,$C0,$33 a&..05@3
2018 41E6C426E94F5F35 (_6809/control.asm):01029         L2018               fcb       $41,$E6,$C4,$26,$E9,$4F,$5F,$35 AfD&iO_5
2020 C03440CCFFB417E0 (_6809/control.asm):01030         L2020               fcb       $C0,$34,$40,$CC,$FF,$B4,$17,$E0 @4@L.4.`
2028 E7327630A91496AF (_6809/control.asm):01031         L2028               fcb       $E7,$32,$76,$30,$A9,$14,$96,$AF g2v0)../
2030 6833E4201BEC6E34 (_6809/control.asm):01032         L2030               fcb       $68,$33,$E4,$20,$1B,$EC,$6E,$34 h3d .ln4
2038 06CC000A17142CC3 (_6809/control.asm):01033         L2038               fcb       $06,$CC,$00,$0A,$17,$14,$2C,$C3 .L....,C
2040 0030E7C0EC6E3406 (_6809/control.asm):01034         L2040               fcb       $00,$30,$E7,$C0,$EC,$6E,$34,$06 .0g@ln4.
2048 CC000A171470ED6E (_6809/control.asm):01035         L2048               fcb       $CC,$00,$0A,$17,$14,$70,$ED,$6E L....pmn
2050 EC6E108300092EDD (_6809/control.asm):01036         L2050               fcb       $EC,$6E,$10,$83,$00,$09,$2E,$DD ln.....]
2058 EC6EC300302002E6 (_6809/control.asm):01037         L2058               fcb       $EC,$6E,$C3,$00,$30,$20,$02,$E6 lnC.0 .f
2060 C2AE683001AF68E7 (_6809/control.asm):01038         L2060               fcb       $C2,$AE,$68,$30,$01,$AF,$68,$E7 B.h0./hg
2068 1F30E4341011A3E1 (_6809/control.asm):01039         L2068               fcb       $1F,$30,$E4,$34,$10,$11,$A3,$E1 .0d4..#a
2070 22ED4F5FE7F80830 (_6809/control.asm):01040         L2070               fcb       $22,$ED,$4F,$5F,$E7,$F8,$08,$30 "mO_gx.0
2078 A914961F10326A35 (_6809/control.asm):01041         L2078               fcb       $A9,$14,$96,$1F,$10,$32,$6A,$35 )....2j5
2080 C03440CCFFBB17E0 (_6809/control.asm):01042         L2080               fcb       $C0,$34,$40,$CC,$FF,$BB,$17,$E0 @4@L.;.`
2088 87327B30A9043CAF (_6809/control.asm):01043         L2088               fcb       $87,$32,$7B,$30,$A9,$04,$3C,$AF .2{0).</
2090 E4EC6930A9039630 (_6809/control.asm):01044         L2090               fcb       $E4,$EC,$69,$30,$A9,$03,$96,$30 dli0)..0
2098 8BE684E762CC0002 (_6809/control.asm):01045         L2098               fcb       $8B,$E6,$84,$E7,$62,$CC,$00,$02 .f.gbL..
20A0 ED632029E6624FC4 (_6809/control.asm):01046         L20A0               fcb       $ED,$63,$20,$29,$E6,$62,$4F,$C4 mc )fbOD
20A8 011F03E6624FC408 (_6809/control.asm):01047         L20A8               fcb       $01,$1F,$03,$E6,$62,$4F,$C4,$08 ...fbOD.
20B0 27023342EC63C3FF (_6809/control.asm):01048         L20B0               fcb       $27,$02,$33,$42,$EC,$63,$C3,$FF '.3BlcC.
20B8 FFED6383FFFFE3E4 (_6809/control.asm):01049         L20B8               fcb       $FF,$ED,$63,$83,$FF,$FF,$E3,$E4 .mc...cd
20C0 1F011F30E784E662 (_6809/control.asm):01050         L20C0               fcb       $1F,$01,$1F,$30,$E7,$84,$E6,$62 ...0g.fb
20C8 1D4756E762EC632C (_6809/control.asm):01051         L20C8               fcb       $1D,$47,$56,$E7,$62,$EC,$63,$2C .GVgblc,
20D0 D3326535C03440CC (_6809/control.asm):01052         L20D0               fcb       $D3,$32,$65,$35,$C0,$34,$40,$CC S2e5@4@L
20D8 FFA817E033327C4F (_6809/control.asm):01053         L20D8               fcb       $FF,$A8,$17,$E0,$33,$32,$7C,$4F .(.`32|O
20E0 5FED62308D028D34 (_6809/control.asm):01054         L20E0               fcb       $5F,$ED,$62,$30,$8D,$02,$8D,$34 _mb0...4
20E8 1030A90442341017 (_6809/control.asm):01055         L20E8               fcb       $10,$30,$A9,$04,$42,$34,$10,$17 .0).B4..
20F0 0F633264EC6A3406 (_6809/control.asm):01056         L20F0               fcb       $0F,$63,$32,$64,$EC,$6A,$34,$06 .c2dlj4.
20F8 17FF26EDE430A904 (_6809/control.asm):01057         L20F8               fcb       $17,$FF,$26,$ED,$E4,$30,$A9,$04 ..&md0).
2100 423410170F673264 (_6809/control.asm):01058         L2100               fcb       $42,$34,$10,$17,$0F,$67,$32,$64 B4...g2d
2108 308D0270341030A9 (_6809/control.asm):01059         L2108               fcb       $30,$8D,$02,$70,$34,$10,$30,$A9 0..p4.0)
2110 04423410170F5632 (_6809/control.asm):01060         L2110               fcb       $04,$42,$34,$10,$17,$0F,$56,$32 .B4...V2
2118 64DC0D102601AF4F (_6809/control.asm):01061         L2118               fcb       $64,$DC,$0D,$10,$26,$01,$AF,$4F d\..&./O
2120 5FEDA90394CC0001 (_6809/control.asm):01062         L2120               fcb       $5F,$ED,$A9,$03,$94,$CC,$00,$01 _m)..L..
2128 34064F5F3406CC00 (_6809/control.asm):01063         L2128               fcb       $34,$06,$4F,$5F,$34,$06,$CC,$00 4.O_4.L.
2130 083406DC0FC3FFFE (_6809/control.asm):01064         L2130               fcb       $08,$34,$06,$DC,$0F,$C3,$FF,$FE .4.\.C..
2138 3406DC113406CC00 (_6809/control.asm):01065         L2138               fcb       $34,$06,$DC,$11,$34,$06,$CC,$00 4.\.4.L.
2140 0217137AC3FFFE34 (_6809/control.asm):01066         L2140               fcb       $02,$17,$13,$7A,$C3,$FF,$FE,$34 ...zC..4
2148 06CC00013406CC00 (_6809/control.asm):01067         L2148               fcb       $06,$CC,$00,$01,$34,$06,$CC,$00 .L..4.L.
2150 013406DC09340617 (_6809/control.asm):01068         L2150               fcb       $01,$34,$06,$DC,$09,$34,$06,$17 .4.\.4..
2158 0D0B32E8101083FF (_6809/control.asm):01069         L2158               fcb       $0D,$0B,$32,$E8,$10,$10,$83,$FF ..2h....
2160 FF263ECC00013406 (_6809/control.asm):01070         L2160               fcb       $FF,$26,$3E,$CC,$00,$01,$34,$06 .&>L..4.
2168 4F5F3406CC000834 (_6809/control.asm):01071         L2168               fcb       $4F,$5F,$34,$06,$CC,$00,$08,$34 O_4.L..4
2170 06DC0FC3FFFE3406 (_6809/control.asm):01072         L2170               fcb       $06,$DC,$0F,$C3,$FF,$FE,$34,$06 .\.C..4.
2178 DC113406CC000217 (_6809/control.asm):01073         L2178               fcb       $DC,$11,$34,$06,$CC,$00,$02,$17 \.4.L...
2180 133CC3FFFE3406CC (_6809/control.asm):01074         L2180               fcb       $13,$3C,$C3,$FF,$FE,$34,$06,$CC .<C..4.L
2188 000134064F5F3406 (_6809/control.asm):01075         L2188               fcb       $00,$01,$34,$06,$4F,$5F,$34,$06 ..4.O_4.
2190 DC093406170CCE32 (_6809/control.asm):01076         L2190               fcb       $DC,$09,$34,$06,$17,$0C,$CE,$32 \.4...N2
2198 E810EC62C30001ED (_6809/control.asm):01077         L2198               fcb       $E8,$10,$EC,$62,$C3,$00,$01,$ED h.lbC..m
21A0 624F5F3406CC0004 (_6809/control.asm):01078         L21A0               fcb       $62,$4F,$5F,$34,$06,$CC,$00,$04 bO_4.L..
21A8 3406DC093406170C (_6809/control.asm):01079         L21A8               fcb       $34,$06,$DC,$09,$34,$06,$17,$0C 4.\.4...
21B0 483266EC68340617 (_6809/control.asm):01080         L21B0               fcb       $48,$32,$66,$EC,$68,$34,$06,$17 H2flh4..
21B8 0E8A3262EDE4CC00 (_6809/control.asm):01081         L21B8               fcb       $0E,$8A,$32,$62,$ED,$E4,$CC,$00 ..2bmdL.
21C0 013406EC623406CC (_6809/control.asm):01082         L21C0               fcb       $01,$34,$06,$EC,$62,$34,$06,$CC .4.lb4.L
21C8 00021712F13406DC (_6809/control.asm):01083         L21C8               fcb       $00,$02,$17,$12,$F1,$34,$06,$DC ....q4.\
21D0 0FC3FFFE3406CC00 (_6809/control.asm):01084         L21D0               fcb       $0F,$C3,$FF,$FE,$34,$06,$CC,$00 .C..4.L.
21D8 021712E2A3E1C3FF (_6809/control.asm):01085         L21D8               fcb       $02,$17,$12,$E2,$A3,$E1,$C3,$FF ...b#aC.
21E0 FE3406DC09340617 (_6809/control.asm):01086         L21E0               fcb       $FE,$34,$06,$DC,$09,$34,$06,$17 .4.\.4..
21E8 0DF03266EC683406 (_6809/control.asm):01087         L21E8               fcb       $0D,$F0,$32,$66,$EC,$68,$34,$06 .p2flh4.
21F0 17EFED3262CC0002 (_6809/control.asm):01088         L21F0               fcb       $17,$EF,$ED,$32,$62,$CC,$00,$02 .om2bL..
21F8 3406DC0FC3FFFE34 (_6809/control.asm):01089         L21F8               fcb       $34,$06,$DC,$0F,$C3,$FF,$FE,$34 4.\.C..4
2200 06CC00021712B7C3 (_6809/control.asm):01090         L2200               fcb       $06,$CC,$00,$02,$17,$12,$B7,$C3 .L....7C
2208 FFF73406DC093406 (_6809/control.asm):01091         L2208               fcb       $FF,$F7,$34,$06,$DC,$09,$34,$06 .w4.\.4.
2210 170DC73266308D01 (_6809/control.asm):01092         L2210               fcb       $17,$0D,$C7,$32,$66,$30,$8D,$01 ..G2f0..
2218 65341017EFC23262 (_6809/control.asm):01093         L2218               fcb       $65,$34,$10,$17,$EF,$C2,$32,$62 e4..oB2b
2220 CC00033406DC0FC3 (_6809/control.asm):01094         L2220               fcb       $CC,$00,$03,$34,$06,$DC,$0F,$C3 L..4.\.C
2228 FFFE3406CC000217 (_6809/control.asm):01095         L2228               fcb       $FF,$FE,$34,$06,$CC,$00,$02,$17 ..4.L...
2230 128CC3FFFA3406DC (_6809/control.asm):01096         L2230               fcb       $12,$8C,$C3,$FF,$FA,$34,$06,$DC ..C.z4.\
2238 093406170D9C3266 (_6809/control.asm):01097         L2238               fcb       $09,$34,$06,$17,$0D,$9C,$32,$66 .4....2f
2240 30A90442341017EF (_6809/control.asm):01098         L2240               fcb       $30,$A9,$04,$42,$34,$10,$17,$EF 0).B4..o
2248 973262CC00043406 (_6809/control.asm):01099         L2248               fcb       $97,$32,$62,$CC,$00,$04,$34,$06 .2bL..4.
2250 DC0FC3FFFE3406CC (_6809/control.asm):01100         L2250               fcb       $DC,$0F,$C3,$FF,$FE,$34,$06,$CC \.C..4.L
2258 0002171261C3FFF9 (_6809/control.asm):01101         L2258               fcb       $00,$02,$17,$12,$61,$C3,$FF,$F9 ....aC.y
2260 3406DC093406170D (_6809/control.asm):01102         L2260               fcb       $34,$06,$DC,$09,$34,$06,$17,$0D 4.\.4...
2268 713266308D012134 (_6809/control.asm):01103         L2268               fcb       $71,$32,$66,$30,$8D,$01,$21,$34 q2f0..!4
2270 1017EF6C32624F5F (_6809/control.asm):01104         L2270               fcb       $10,$17,$EF,$6C,$32,$62,$4F,$5F ..ol2bO_
2278 DD05CC000A3406DC (_6809/control.asm):01105         L2278               fcb       $DD,$05,$CC,$00,$0A,$34,$06,$DC ].L..4.\
2280 093406170B673264 (_6809/control.asm):01106         L2280               fcb       $09,$34,$06,$17,$0B,$67,$32,$64 .4...g2d
2288 CC000B3406DC0934 (_6809/control.asm):01107         L2288               fcb       $CC,$00,$0B,$34,$06,$DC,$09,$34 L..4.\.4
2290 06170AE23264DC05 (_6809/control.asm):01108         L2290               fcb       $06,$17,$0A,$E2,$32,$64,$DC,$05 ...b2d\.
2298 27FC4F5F3406170A (_6809/control.asm):01109         L2298               fcb       $27,$FC,$4F,$5F,$34,$06,$17,$0A '.O_4...
22A0 E13262CC00013406 (_6809/control.asm):01110         L22A0               fcb       $E1,$32,$62,$CC,$00,$01,$34,$06 a2bL..4.
22A8 170AD73262DC0510 (_6809/control.asm):01111         L22A8               fcb       $17,$0A,$D7,$32,$62,$DC,$05,$10 ..W2b\..
22B0 83000B260317E979 (_6809/control.asm):01112         L22B0               fcb       $83,$00,$0B,$26,$03,$17,$E9,$79 ...&..iy
22B8 4F5FDD05DC093406 (_6809/control.asm):01113         L22B8               fcb       $4F,$5F,$DD,$05,$DC,$09,$34,$06 O_].\.4.
22C0 170BD23262EC6227 (_6809/control.asm):01114         L22C0               fcb       $17,$0B,$D2,$32,$62,$EC,$62,$27 ..R2blb'
22C8 1017EE5C200B308D (_6809/control.asm):01115         L22C8               fcb       $10,$17,$EE,$5C,$20,$0B,$30,$8D ..n\ .0.
22D0 00CC341017EF0932 (_6809/control.asm):01116         L22D0               fcb       $00,$CC,$34,$10,$17,$EF,$09,$32 .L4..o.2
22D8 62326435C04D4F4E (_6809/control.asm):01117         L22D8               fcb       $62,$32,$64,$35,$C0,$4D,$4F,$4E b2d5@MON
22E0 5459504500524550 (_6809/control.asm):01118         L22E0               fcb       $54,$59,$50,$45,$00,$52,$45,$50 TYPE.REP
22E8 5350440052455053 (_6809/control.asm):01119         L22E8               fcb       $53,$50,$44,$00,$52,$45,$50,$53 SPD.REPS
22F0 5452005054525245 (_6809/control.asm):01120         L22F0               fcb       $54,$52,$00,$50,$54,$52,$52,$45 TR.PTRRE
22F8 5300505452534944 (_6809/control.asm):01121         L22F8               fcb       $53,$00,$50,$54,$52,$53,$49,$44 S.PTRSID
2300 0020202020204361 (_6809/control.asm):01122         L2300               fcb       $00,$20,$20,$20,$20,$20,$43,$61 .     Ca
2308 6E2774206F70656E (_6809/control.asm):01123         L2308               fcb       $6E,$27,$74,$20,$6F,$70,$65,$6E n't open
2310 0D0050414C455400 (_6809/control.asm):01124         L2310               fcb       $0D,$00,$50,$41,$4C,$45,$54,$00 ..PALET.
2318 202020202043616E (_6809/control.asm):01125         L2318               fcb       $20,$20,$20,$20,$20,$43,$61,$6E Can
2320 2774206F70656E0D (_6809/control.asm):01126         L2320               fcb       $27,$74,$20,$6F,$70,$65,$6E,$0D 't open.
2328 002043616E277420 (_6809/control.asm):01127         L2328               fcb       $00,$20,$43,$61,$6E,$27,$74,$20 . Can't
2330 6765742073697A65 (_6809/control.asm):01128         L2330               fcb       $67,$65,$74,$20,$73,$69,$7A,$65 get size
2338 206F660D00202020 (_6809/control.asm):01129         L2338               fcb       $20,$6F,$66,$0D,$00,$20,$20,$20 of..
2340 202043616E277420 (_6809/control.asm):01130         L2340               fcb       $20,$20,$43,$61,$6E,$27,$74,$20 Can't
2348 726561640D005041 (_6809/control.asm):01131         L2348               fcb       $72,$65,$61,$64,$0D,$00,$50,$41 read..PA
2350 4C45540020202020 (_6809/control.asm):01132         L2350               fcb       $4C,$45,$54,$00,$20,$20,$20,$20 LET.
2358 2043616E27742077 (_6809/control.asm):01133         L2358               fcb       $20,$43,$61,$6E,$27,$74,$20,$77 Can't w
2360 726974650D003D00 (_6809/control.asm):01134         L2360               fcb       $72,$69,$74,$65,$0D,$00,$3D,$00 rite..=.
2368 50414C4554002C00 (_6809/control.asm):01135         L2368               fcb       $50,$41,$4C,$45,$54,$00,$2C,$00 PALET.,.
2370 0D000D004572726F (_6809/control.asm):01136         L2370               fcb       $0D,$00,$0D,$00,$45,$72,$72,$6F ....Erro
2378 723A20000D00456E (_6809/control.asm):01137         L2378               fcb       $72,$3A,$20,$00,$0D,$00,$45,$6E r: ...En
2380 7669726F6E6D656E (_6809/control.asm):01138         L2380               fcb       $76,$69,$72,$6F,$6E,$6D,$65,$6E vironmen
2388 742046696C650D00 (_6809/control.asm):01139         L2388               fcb       $74,$20,$46,$69,$6C,$65,$0D,$00 t File..
2390 507265737320416E (_6809/control.asm):01140         L2390               fcb       $50,$72,$65,$73,$73,$20,$41,$6E Press An
2398 79204B657900636F (_6809/control.asm):01141         L2398               fcb       $79,$20,$4B,$65,$79,$00,$63,$6F y Key.co
23A0 6E74726F6C3A2063 (_6809/control.asm):01142         L23A0               fcb       $6E,$74,$72,$6F,$6C,$3A,$20,$63 ntrol: c
23A8 616E2774206F7065 (_6809/control.asm):01143         L23A8               fcb       $61,$6E,$27,$74,$20,$6F,$70,$65 an't ope
23B0 6E20656E762E6669 (_6809/control.asm):01144         L23B0               fcb       $6E,$20,$65,$6E,$76,$2E,$66,$69 n env.fi
23B8 6C650D003440EC66 (_6809/control.asm):01145         L23B8               fcb       $6C,$65,$0D,$00,$34,$40,$EC,$66 le..4@lf
23C0 3406EC663406DC09 (_6809/control.asm):01146         L23C0               fcb       $34,$06,$EC,$66,$34,$06,$DC,$09 4.lf4.\.
23C8 3406170B7A32664F (_6809/control.asm):01147         L23C8               fcb       $34,$06,$17,$0B,$7A,$32,$66,$4F 4...z2fO
23D0 5F3406CC00083406 (_6809/control.asm):01148         L23D0               fcb       $5F,$34,$06,$CC,$00,$08,$34,$06 _4.L..4.
23D8 DC093406170B4C32 (_6809/control.asm):01149         L23D8               fcb       $DC,$09,$34,$06,$17,$0B,$4C,$32 \.4...L2
23E0 66CC000834064F5F (_6809/control.asm):01150         L23E0               fcb       $66,$CC,$00,$08,$34,$06,$4F,$5F fL..4.O_
23E8 3406DC093406170B (_6809/control.asm):01151         L23E8               fcb       $34,$06,$DC,$09,$34,$06,$17,$0B 4.\.4...
23F0 3A3266CC00043406 (_6809/control.asm):01152         L23F0               fcb       $3A,$32,$66,$CC,$00,$04,$34,$06 :2fL..4.
23F8 4F5F3406DC093406 (_6809/control.asm):01153         L23F8               fcb       $4F,$5F,$34,$06,$DC,$09,$34,$06 O_4.\.4.
2400 170B5B32664F5F34 (_6809/control.asm):01154         L2400               fcb       $17,$0B,$5B,$32,$66,$4F,$5F,$34 ..[2fO_4
2408 06CC00051608B534 (_6809/control.asm):01155         L2408               fcb       $06,$CC,$00,$05,$16,$08,$B5,$34 .L....54
2410 40EC663406EC6634 (_6809/control.asm):01156         L2410               fcb       $40,$EC,$66,$34,$06,$EC,$66,$34 @lf4.lf4
2418 06DC093406170B27 (_6809/control.asm):01157         L2418               fcb       $06,$DC,$09,$34,$06,$17,$0B,$27 .\.4...'
2420 32664F5F3406CC00 (_6809/control.asm):01158         L2420               fcb       $32,$66,$4F,$5F,$34,$06,$CC,$00 2fO_4.L.
2428 083406DC09340617 (_6809/control.asm):01159         L2428               fcb       $08,$34,$06,$DC,$09,$34,$06,$17 .4.\.4..
2430 0B013266CC000134 (_6809/control.asm):01160         L2430               fcb       $0B,$01,$32,$66,$CC,$00,$01,$34 ..2fL..4
2438 064F5F3406DC0934 (_6809/control.asm):01161         L2438               fcb       $06,$4F,$5F,$34,$06,$DC,$09,$34 .O_4.\.4
2440 06170AE732664F5F (_6809/control.asm):01162         L2440               fcb       $06,$17,$0A,$E7,$32,$66,$4F,$5F ...g2fO_
2448 3406CCFFF83406DC (_6809/control.asm):01163         L2448               fcb       $34,$06,$CC,$FF,$F8,$34,$06,$DC 4.L.x4.\
2450 093406170B083266 (_6809/control.asm):01164         L2450               fcb       $09,$34,$06,$17,$0B,$08,$32,$66 .4....2f
2458 CC000434064F5F34 (_6809/control.asm):01165         L2458               fcb       $CC,$00,$04,$34,$06,$4F,$5F,$34 L..4.O_4
2460 06DC093406170ACB (_6809/control.asm):01166         L2460               fcb       $06,$DC,$09,$34,$06,$17,$0A,$CB .\.4...K
2468 32664F5F3406CC00 (_6809/control.asm):01167         L2468               fcb       $32,$66,$4F,$5F,$34,$06,$CC,$00 2fO_4.L.
2470 083406DC09340617 (_6809/control.asm):01168         L2470               fcb       $08,$34,$06,$DC,$09,$34,$06,$17 .4.\.4..
2478 0AB93266CC000434 (_6809/control.asm):01169         L2478               fcb       $0A,$B9,$32,$66,$CC,$00,$04,$34 .92fL..4
2480 064F5F3406DC0934 (_6809/control.asm):01170         L2480               fcb       $06,$4F,$5F,$34,$06,$DC,$09,$34 .O_4.\.4
2488 06170AA732664F5F (_6809/control.asm):01171         L2488               fcb       $06,$17,$0A,$A7,$32,$66,$4F,$5F ...'2fO_
2490 3406CCFFF83406DC (_6809/control.asm):01172         L2490               fcb       $34,$06,$CC,$FF,$F8,$34,$06,$DC 4.L.x4.\
2498 093406170A953266 (_6809/control.asm):01173         L2498               fcb       $09,$34,$06,$17,$0A,$95,$32,$66 .4....2f
24A0 CCFFFF34064F5F16 (_6809/control.asm):01174         L24A0               fcb       $CC,$FF,$FF,$34,$06,$4F,$5F,$16 L..4.O_.
24A8 081A3440EE64EC66 (_6809/control.asm):01175         L24A8               fcb       $08,$1A,$34,$40,$EE,$64,$EC,$66 ..4@ndlf
24B0 34063440DC093406 (_6809/control.asm):01176         L24B0               fcb       $34,$06,$34,$40,$DC,$09,$34,$06 4.4@\.4.
24B8 170AA33266CC0008 (_6809/control.asm):01177         L24B8               fcb       $17,$0A,$A3,$32,$66,$CC,$00,$08 ..#2fL..
24C0 3406CC000E3406DC (_6809/control.asm):01178         L24C0               fcb       $34,$06,$CC,$00,$0E,$34,$06,$DC 4.L..4.\
24C8 093406170A6D1607 (_6809/control.asm):01179         L24C8               fcb       $09,$34,$06,$17,$0A,$6D,$16,$07 .4...m..
24D0 FC3440EE64EC6634 (_6809/control.asm):01180         L24D0               fcb       $FC,$34,$40,$EE,$64,$EC,$66,$34 .4@ndlf4
24D8 063440DC09340617 (_6809/control.asm):01181         L24D8               fcb       $06,$34,$40,$DC,$09,$34,$06,$17 .4@\.4..
24E0 0A7C3266CC000834 (_6809/control.asm):01182         L24E0               fcb       $0A,$7C,$32,$66,$CC,$00,$08,$34 .|2fL..4
24E8 06CC00013406DC09 (_6809/control.asm):01183         L24E8               fcb       $06,$CC,$00,$01,$34,$06,$DC,$09 .L..4.\.
24F0 3406170A4E1607D5 (_6809/control.asm):01184         L24F0               fcb       $34,$06,$17,$0A,$4E,$16,$07,$D5 4...N..U
24F8 3440EE64EC663406 (_6809/control.asm):01185         L24F8               fcb       $34,$40,$EE,$64,$EC,$66,$34,$06 4@ndlf4.
2500 3440DC093406170A (_6809/control.asm):01186         L2500               fcb       $34,$40,$DC,$09,$34,$06,$17,$0A 4@\.4...
2508 5532664F5F3406CC (_6809/control.asm):01187         L2508               fcb       $55,$32,$66,$4F,$5F,$34,$06,$CC U2fO_4.L
2510 000C3406DC093406 (_6809/control.asm):01188         L2510               fcb       $00,$0C,$34,$06,$DC,$09,$34,$06 ..4.\.4.
2518 170A183266CC0004 (_6809/control.asm):01189         L2518               fcb       $17,$0A,$18,$32,$66,$CC,$00,$04 ...2fL..
2520 34064F5F3406DC09 (_6809/control.asm):01190         L2520               fcb       $34,$06,$4F,$5F,$34,$06,$DC,$09 4.O_4.\.
2528 3406170A0632664F (_6809/control.asm):01191         L2528               fcb       $34,$06,$17,$0A,$06,$32,$66,$4F 4....2fO
2530 5F3406CCFFF43406 (_6809/control.asm):01192         L2530               fcb       $5F,$34,$06,$CC,$FF,$F4,$34,$06 _4.L.t4.
2538 DC0934061709F432 (_6809/control.asm):01193         L2538               fcb       $DC,$09,$34,$06,$17,$09,$F4,$32 \.4...t2
2540 66CC000434064F5F (_6809/control.asm):01194         L2540               fcb       $66,$CC,$00,$04,$34,$06,$4F,$5F fL..4.O_
2548 3406DC0934061709 (_6809/control.asm):01195         L2548               fcb       $34,$06,$DC,$09,$34,$06,$17,$09 4.\.4...
2550 E232664F5F3406CC (_6809/control.asm):01196         L2550               fcb       $E2,$32,$66,$4F,$5F,$34,$06,$CC b2fO_4.L
2558 000C1602FF3440EE (_6809/control.asm):01197         L2558               fcb       $00,$0C,$16,$02,$FF,$34,$40,$EE .....4@n
2560 64EC6634063440DC (_6809/control.asm):01198         L2560               fcb       $64,$EC,$66,$34,$06,$34,$40,$DC dlf4.4@\
2568 0934061709F03266 (_6809/control.asm):01199         L2568               fcb       $09,$34,$06,$17,$09,$F0,$32,$66 .4...p2f
2570 4F5F3406CC000C34 (_6809/control.asm):01200         L2570               fcb       $4F,$5F,$34,$06,$CC,$00,$0C,$34 O_4.L..4
2578 06DC0934061709B3 (_6809/control.asm):01201         L2578               fcb       $06,$DC,$09,$34,$06,$17,$09,$B3 .\.4...3
2580 3266CC000834064F (_6809/control.asm):01202         L2580               fcb       $32,$66,$CC,$00,$08,$34,$06,$4F 2fL..4.O
2588 5F3406DC09340617 (_6809/control.asm):01203         L2588               fcb       $5F,$34,$06,$DC,$09,$34,$06,$17 _4.\.4..
2590 09A132664F5F3406 (_6809/control.asm):01204         L2590               fcb       $09,$A1,$32,$66,$4F,$5F,$34,$06 .!2fO_4.
2598 CCFFF43406DC0934 (_6809/control.asm):01205         L2598               fcb       $CC,$FF,$F4,$34,$06,$DC,$09,$34 L.t4.\.4
25A0 0617098F3266CCFF (_6809/control.asm):01206         L25A0               fcb       $06,$17,$09,$8F,$32,$66,$CC,$FF ....2fL.
25A8 FC3406CC00033406 (_6809/control.asm):01207         L25A8               fcb       $FC,$34,$06,$CC,$00,$03,$34,$06 .4.L..4.
25B0 DC0934061709A732 (_6809/control.asm):01208         L25B0               fcb       $DC,$09,$34,$06,$17,$09,$A7,$32 \.4...'2
25B8 664F5F3406CC0007 (_6809/control.asm):01209         L25B8               fcb       $66,$4F,$5F,$34,$06,$CC,$00,$07 fO_4.L..
25C0 1607013440EE64EC (_6809/control.asm):01210         L25C0               fcb       $16,$07,$01,$34,$40,$EE,$64,$EC ...4@ndl
25C8 6634063440DC0934 (_6809/control.asm):01211         L25C8               fcb       $66,$34,$06,$34,$40,$DC,$09,$34 f4.4@\.4
25D0 0617098A3266CC00 (_6809/control.asm):01212         L25D0               fcb       $06,$17,$09,$8A,$32,$66,$CC,$00 ....2fL.
25D8 0534064F5F3406DC (_6809/control.asm):01213         L25D8               fcb       $05,$34,$06,$4F,$5F,$34,$06,$DC .4.O_4.\
25E0 09340617094D3266 (_6809/control.asm):01214         L25E0               fcb       $09,$34,$06,$17,$09,$4D,$32,$66 .4...M2f
25E8 4F5F3406CC000834 (_6809/control.asm):01215         L25E8               fcb       $4F,$5F,$34,$06,$CC,$00,$08,$34 O_4.L..4
25F0 06DC09340617093B (_6809/control.asm):01216         L25F0               fcb       $06,$DC,$09,$34,$06,$17,$09,$3B .\.4...;
25F8 3266CCFFFB34064F (_6809/control.asm):01217         L25F8               fcb       $32,$66,$CC,$FF,$FB,$34,$06,$4F 2fL..4.O
2600 5F3406DC09340617 (_6809/control.asm):01218         L2600               fcb       $5F,$34,$06,$DC,$09,$34,$06,$17 _4.\.4..
2608 09543266CC000834 (_6809/control.asm):01219         L2608               fcb       $09,$54,$32,$66,$CC,$00,$08,$34 .T2fL..4
2610 064F5F1602463440 (_6809/control.asm):01220         L2610               fcb       $06,$4F,$5F,$16,$02,$46,$34,$40 .O_..F4@
2618 EE64EC6634063440 (_6809/control.asm):01221         L2618               fcb       $EE,$64,$EC,$66,$34,$06,$34,$40 ndlf4.4@
2620 DC09340617093732 (_6809/control.asm):01222         L2620               fcb       $DC,$09,$34,$06,$17,$09,$37,$32 \.4...72
2628 664F5F3406CC000C (_6809/control.asm):01223         L2628               fcb       $66,$4F,$5F,$34,$06,$CC,$00,$0C fO_4.L..
2630 3406DC0934061708 (_6809/control.asm):01224         L2630               fcb       $34,$06,$DC,$09,$34,$06,$17,$08 4.\.4...
2638 F23266CC00043406 (_6809/control.asm):01225         L2638               fcb       $F2,$32,$66,$CC,$00,$04,$34,$06 r2fL..4.
2640 4F5F3406DC093406 (_6809/control.asm):01226         L2640               fcb       $4F,$5F,$34,$06,$DC,$09,$34,$06 O_4.\.4.
2648 1708E832664F5F34 (_6809/control.asm):01227         L2648               fcb       $17,$08,$E8,$32,$66,$4F,$5F,$34 ..h2fO_4
2650 06CC000C3406DC09 (_6809/control.asm):01228         L2650               fcb       $06,$CC,$00,$0C,$34,$06,$DC,$09 .L..4.\.
2658 34061708D63266CC (_6809/control.asm):01229         L2658               fcb       $34,$06,$17,$08,$D6,$32,$66,$CC 4...V2fL
2660 000434064F5F3406 (_6809/control.asm):01230         L2660               fcb       $00,$04,$34,$06,$4F,$5F,$34,$06 ..4.O_4.
2668 DC0934061708C432 (_6809/control.asm):01231         L2668               fcb       $DC,$09,$34,$06,$17,$08,$C4,$32 \.4...D2
2670 664F5F3406CCFFF4 (_6809/control.asm):01232         L2670               fcb       $66,$4F,$5F,$34,$06,$CC,$FF,$F4 fO_4.L.t
2678 1601E13440EC6634 (_6809/control.asm):01233         L2678               fcb       $16,$01,$E1,$34,$40,$EC,$66,$34 ..a4@lf4
2680 06EC663406DC0934 (_6809/control.asm):01234         L2680               fcb       $06,$EC,$66,$34,$06,$DC,$09,$34 .lf4.\.4
2688 061708BB3266CC00 (_6809/control.asm):01235         L2688               fcb       $06,$17,$08,$BB,$32,$66,$CC,$00 ...;2fL.
2690 083406CC00283406 (_6809/control.asm):01236         L2690               fcb       $08,$34,$06,$CC,$00,$28,$34,$06 .4.L.(4.
2698 DC09340617089C32 (_6809/control.asm):01237         L2698               fcb       $DC,$09,$34,$06,$17,$08,$9C,$32 \.4....2
26A0 66CC000F34064F5F (_6809/control.asm):01238         L26A0               fcb       $66,$CC,$00,$0F,$34,$06,$4F,$5F fL..4.O_
26A8 3406DC0934061708 (_6809/control.asm):01239         L26A8               fcb       $34,$06,$DC,$09,$34,$06,$17,$08 4.\.4...
26B0 7A3266CC00083406 (_6809/control.asm):01240         L26B0               fcb       $7A,$32,$66,$CC,$00,$08,$34,$06 z2fL..4.
26B8 CC00123406DC0934 (_6809/control.asm):01241         L26B8               fcb       $CC,$00,$12,$34,$06,$DC,$09,$34 L..4.\.4
26C0 0617089A3266CC00 (_6809/control.asm):01242         L26C0               fcb       $06,$17,$08,$9A,$32,$66,$CC,$00 ....2fL.
26C8 073406CC00161605 (_6809/control.asm):01243         L26C8               fcb       $07,$34,$06,$CC,$00,$16,$16,$05 .4.L....
26D0 F33440EC663406EC (_6809/control.asm):01244         L26D0               fcb       $F3,$34,$40,$EC,$66,$34,$06,$EC s4@lf4.l
26D8 66C300323406DC09 (_6809/control.asm):01245         L26D8               fcb       $66,$C3,$00,$32,$34,$06,$DC,$09 fC.24.\.
26E0 34061708623266CC (_6809/control.asm):01246         L26E0               fcb       $34,$06,$17,$08,$62,$32,$66,$CC 4...b2fL
26E8 000234064F5F3406 (_6809/control.asm):01247         L26E8               fcb       $00,$02,$34,$06,$4F,$5F,$34,$06 ..4.O_4.
26F0 DC09340617083432 (_6809/control.asm):01248         L26F0               fcb       $DC,$09,$34,$06,$17,$08,$34,$32 \.4...42
26F8 664F5F3406CCFFCE (_6809/control.asm):01249         L26F8               fcb       $66,$4F,$5F,$34,$06,$CC,$FF,$CE fO_4.L.N
2700 3406DC0934061708 (_6809/control.asm):01250         L2700               fcb       $34,$06,$DC,$09,$34,$06,$17,$08 4.\.4...
2708 2A3266CC000F3406 (_6809/control.asm):01251         L2708               fcb       $2A,$32,$66,$CC,$00,$0F,$34,$06 *2fL..4.
2710 4F5F3406DC093406 (_6809/control.asm):01252         L2710               fcb       $4F,$5F,$34,$06,$DC,$09,$34,$06 O_4.\.4.
2718 17081832664F5F34 (_6809/control.asm):01253         L2718               fcb       $17,$08,$18,$32,$66,$4F,$5F,$34 ...2fO_4
2720 06CC00323406DC09 (_6809/control.asm):01254         L2720               fcb       $06,$CC,$00,$32,$34,$06,$DC,$09 .L.24.\.
2728 34061708063266CC (_6809/control.asm):01255         L2728               fcb       $34,$06,$17,$08,$06,$32,$66,$CC 4....2fL
2730 FFF934064F5F3406 (_6809/control.asm):01256         L2730               fcb       $FF,$F9,$34,$06,$4F,$5F,$34,$06 .y4.O_4.
2738 DC0934061707F432 (_6809/control.asm):01257         L2738               fcb       $DC,$09,$34,$06,$17,$07,$F4,$32 \.4...t2
2740 664F5F3406CCFFE7 (_6809/control.asm):01258         L2740               fcb       $66,$4F,$5F,$34,$06,$CC,$FF,$E7 fO_4.L.g
2748 1605793440EC6634 (_6809/control.asm):01259         L2748               fcb       $16,$05,$79,$34,$40,$EC,$66,$34 ..y4@lf4
2750 06EC663406DC0934 (_6809/control.asm):01260         L2750               fcb       $06,$EC,$66,$34,$06,$DC,$09,$34 .lf4.\.4
2758 061707EB32664F5F (_6809/control.asm):01261         L2758               fcb       $06,$17,$07,$EB,$32,$66,$4F,$5F ...k2fO_
2760 3406CC001E3406DC (_6809/control.asm):01262         L2760               fcb       $34,$06,$CC,$00,$1E,$34,$06,$DC 4.L..4.\
2768 0934061707BD3266 (_6809/control.asm):01263         L2768               fcb       $09,$34,$06,$17,$07,$BD,$32,$66 .4...=2f
2770 CC000F34064F5F34 (_6809/control.asm):01264         L2770               fcb       $CC,$00,$0F,$34,$06,$4F,$5F,$34 L..4.O_4
2778 06DC0934061707B3 (_6809/control.asm):01265         L2778               fcb       $06,$DC,$09,$34,$06,$17,$07,$B3 .\.4...3
2780 32664F5F3406CC00 (_6809/control.asm):01266         L2780               fcb       $32,$66,$4F,$5F,$34,$06,$CC,$00 2fO_4.L.
2788 233406DC09340617 (_6809/control.asm):01267         L2788               fcb       $23,$34,$06,$DC,$09,$34,$06,$17 #4.\.4..
2790 07A13266CCFFF834 (_6809/control.asm):01268         L2790               fcb       $07,$A1,$32,$66,$CC,$FF,$F8,$34 .!2fL.x4
2798 064F5F3406DC0934 (_6809/control.asm):01269         L2798               fcb       $06,$4F,$5F,$34,$06,$DC,$09,$34 .O_4.\.4
27A0 0617078F32664F5F (_6809/control.asm):01270         L27A0               fcb       $06,$17,$07,$8F,$32,$66,$4F,$5F ....2fO_
27A8 3406CCFFDD3406DC (_6809/control.asm):01271         L27A8               fcb       $34,$06,$CC,$FF,$DD,$34,$06,$DC 4.L.]4.\
27B0 0934061707753266 (_6809/control.asm):01272         L27B0               fcb       $09,$34,$06,$17,$07,$75,$32,$66 .4...u2f
27B8 4F5F3406CCFFFB16 (_6809/control.asm):01273         L27B8               fcb       $4F,$5F,$34,$06,$CC,$FF,$FB,$16 O_4.L...
27C0 01DC3440EC663406 (_6809/control.asm):01274         L27C0               fcb       $01,$DC,$34,$40,$EC,$66,$34,$06 .\4@lf4.
27C8 EC663406DC093406 (_6809/control.asm):01275         L27C8               fcb       $EC,$66,$34,$06,$DC,$09,$34,$06 lf4.\.4.
27D0 1707743266CC0007 (_6809/control.asm):01276         L27D0               fcb       $17,$07,$74,$32,$66,$CC,$00,$07 ..t2fL..
27D8 34064F5F3406DC09 (_6809/control.asm):01277         L27D8               fcb       $34,$06,$4F,$5F,$34,$06,$DC,$09 4.O_4.\.
27E0 340617074632664F (_6809/control.asm):01278         L27E0               fcb       $34,$06,$17,$07,$46,$32,$66,$4F 4...F2fO
27E8 5F3406CC000F3406 (_6809/control.asm):01279         L27E8               fcb       $5F,$34,$06,$CC,$00,$0F,$34,$06 _4.L..4.
27F0 DC09340617073C32 (_6809/control.asm):01280         L27F0               fcb       $DC,$09,$34,$06,$17,$07,$3C,$32 \.4...<2
27F8 66CC000734064F5F (_6809/control.asm):01281         L27F8               fcb       $66,$CC,$00,$07,$34,$06,$4F,$5F fL..4.O_
2800 3406DC0934061707 (_6809/control.asm):01282         L2800               fcb       $34,$06,$DC,$09,$34,$06,$17,$07 4.\.4...
2808 223266CC00043406 (_6809/control.asm):01283         L2808               fcb       $22,$32,$66,$CC,$00,$04,$34,$06 "2fL..4.
2810 4F5F3406DC093406 (_6809/control.asm):01284         L2810               fcb       $4F,$5F,$34,$06,$DC,$09,$34,$06 O_4.\.4.
2818 17074316024A3440 (_6809/control.asm):01285         L2818               fcb       $17,$07,$43,$16,$02,$4A,$34,$40 ..C..J4@
2820 EC663406EC663406 (_6809/control.asm):01286         L2820               fcb       $EC,$66,$34,$06,$EC,$66,$34,$06 lf4.lf4.
2828 DC09340617071832 (_6809/control.asm):01287         L2828               fcb       $DC,$09,$34,$06,$17,$07,$18,$32 \.4....2
2830 664F5F3406CC000F (_6809/control.asm):01288         L2830               fcb       $66,$4F,$5F,$34,$06,$CC,$00,$0F fO_4.L..
2838 3406DC0934061706 (_6809/control.asm):01289         L2838               fcb       $34,$06,$DC,$09,$34,$06,$17,$06 4.\.4...
2840 EA3266CC00073406 (_6809/control.asm):01290         L2840               fcb       $EA,$32,$66,$CC,$00,$07,$34,$06 j2fL..4.
2848 4F5F3406DC093406 (_6809/control.asm):01291         L2848               fcb       $4F,$5F,$34,$06,$DC,$09,$34,$06 O_4.\.4.
2850 1706E032664F5F34 (_6809/control.asm):01292         L2850               fcb       $17,$06,$E0,$32,$66,$4F,$5F,$34 ..`2fO_4
2858 06CC000F3406DC09 (_6809/control.asm):01293         L2858               fcb       $06,$CC,$00,$0F,$34,$06,$DC,$09 .L..4.\.
2860 34061706CE160465 (_6809/control.asm):01294         L2860               fcb       $34,$06,$17,$06,$CE,$16,$04,$65 4...N..e
2868 3440EC663406EC66 (_6809/control.asm):01295         L2868               fcb       $34,$40,$EC,$66,$34,$06,$EC,$66 4@lf4.lf
2870 3406DC0934061706 (_6809/control.asm):01296         L2870               fcb       $34,$06,$DC,$09,$34,$06,$17,$06 4.\.4...
2878 CE32664F5F3406CC (_6809/control.asm):01297         L2878               fcb       $CE,$32,$66,$4F,$5F,$34,$06,$CC N2fO_4.L
2880 000F3406DC093406 (_6809/control.asm):01298         L2880               fcb       $00,$0F,$34,$06,$DC,$09,$34,$06 ..4.\.4.
2888 1706A83266CC0004 (_6809/control.asm):01299         L2888               fcb       $17,$06,$A8,$32,$66,$CC,$00,$04 ..(2fL..
2890 34064F5F3406DC09 (_6809/control.asm):01300         L2890               fcb       $34,$06,$4F,$5F,$34,$06,$DC,$09 4.O_4.\.
2898 340617069632664F (_6809/control.asm):01301         L2898               fcb       $34,$06,$17,$06,$96,$32,$66,$4F 4....2fO
28A0 5F3406CCFFF13406 (_6809/control.asm):01302         L28A0               fcb       $5F,$34,$06,$CC,$FF,$F1,$34,$06 _4.L.q4.
28A8 DC09340617068432 (_6809/control.asm):01303         L28A8               fcb       $DC,$09,$34,$06,$17,$06,$84,$32 \.4....2
28B0 66CCFFFC34064F5F (_6809/control.asm):01304         L28B0               fcb       $66,$CC,$FF,$FC,$34,$06,$4F,$5F fL..4.O_
28B8 202C3440EC663406 (_6809/control.asm):01305         L28B8               fcb       $20,$2C,$34,$40,$EC,$66,$34,$06 ,4@lf4.
28C0 EC663406DC093406 (_6809/control.asm):01306         L28C0               fcb       $EC,$66,$34,$06,$DC,$09,$34,$06 lf4.\.4.
28C8 17067C32664F5F34 (_6809/control.asm):01307         L28C8               fcb       $17,$06,$7C,$32,$66,$4F,$5F,$34 ..|2fO_4
28D0 06CC000F3406DC09 (_6809/control.asm):01308         L28D0               fcb       $06,$CC,$00,$0F,$34,$06,$DC,$09 .L..4.\.
28D8 340617064E32664F (_6809/control.asm):01309         L28D8               fcb       $34,$06,$17,$06,$4E,$32,$66,$4F 4...N2fO
28E0 5F3406CC00083406 (_6809/control.asm):01310         L28E0               fcb       $5F,$34,$06,$CC,$00,$08,$34,$06 _4.L..4.
28E8 DC09340617066F16 (_6809/control.asm):01311         L28E8               fcb       $DC,$09,$34,$06,$17,$06,$6F,$16 \.4...o.
28F0 020E3440EC663406 (_6809/control.asm):01312         L28F0               fcb       $02,$0E,$34,$40,$EC,$66,$34,$06 ..4@lf4.
28F8 EC663406DC093406 (_6809/control.asm):01313         L28F8               fcb       $EC,$66,$34,$06,$DC,$09,$34,$06 lf4.\.4.
2900 17064432664F5F34 (_6809/control.asm):01314         L2900               fcb       $17,$06,$44,$32,$66,$4F,$5F,$34 ..D2fO_4
2908 06CC000F3406DC09 (_6809/control.asm):01315         L2908               fcb       $06,$CC,$00,$0F,$34,$06,$DC,$09 .L..4.\.
2910 34061706163266CC (_6809/control.asm):01316         L2910               fcb       $34,$06,$17,$06,$16,$32,$66,$CC 4....2fL
2918 000434064F5F3406 (_6809/control.asm):01317         L2918               fcb       $00,$04,$34,$06,$4F,$5F,$34,$06 ..4.O_4.
2920 DC09340617060C32 (_6809/control.asm):01318         L2920               fcb       $DC,$09,$34,$06,$17,$06,$0C,$32 \.4....2
2928 664F5F3406CC000F (_6809/control.asm):01319         L2928               fcb       $66,$4F,$5F,$34,$06,$CC,$00,$0F fO_4.L..
2930 3406DC0934061705 (_6809/control.asm):01320         L2930               fcb       $34,$06,$DC,$09,$34,$06,$17,$05 4.\.4...
2938 FA3266CC00033406 (_6809/control.asm):01321         L2938               fcb       $FA,$32,$66,$CC,$00,$03,$34,$06 z2fL..4.
2940 4F5F3406DC093406 (_6809/control.asm):01322         L2940               fcb       $4F,$5F,$34,$06,$DC,$09,$34,$06 O_4.\.4.
2948 1705E816011A3440 (_6809/control.asm):01323         L2948               fcb       $17,$05,$E8,$16,$01,$1A,$34,$40 ..h...4@
2950 EC663406EC663406 (_6809/control.asm):01324         L2950               fcb       $EC,$66,$34,$06,$EC,$66,$34,$06 lf4.lf4.
2958 DC0934061705E832 (_6809/control.asm):01325         L2958               fcb       $DC,$09,$34,$06,$17,$05,$E8,$32 \.4...h2
2960 664F5F3406CC000F (_6809/control.asm):01326         L2960               fcb       $66,$4F,$5F,$34,$06,$CC,$00,$0F fO_4.L..
2968 3406DC0934061705 (_6809/control.asm):01327         L2968               fcb       $34,$06,$DC,$09,$34,$06,$17,$05 4.\.4...
2970 C23266CC00073406 (_6809/control.asm):01328         L2970               fcb       $C2,$32,$66,$CC,$00,$07,$34,$06 B2fL..4.
2978 4F5F3406DC093406 (_6809/control.asm):01329         L2978               fcb       $4F,$5F,$34,$06,$DC,$09,$34,$06 O_4.\.4.
2980 1705B032664F5F34 (_6809/control.asm):01330         L2980               fcb       $17,$05,$B0,$32,$66,$4F,$5F,$34 ..02fO_4
2988 06CCFFF13406DC09 (_6809/control.asm):01331         L2988               fcb       $06,$CC,$FF,$F1,$34,$06,$DC,$09 .L.q4.\.
2990 340617059632664F (_6809/control.asm):01332         L2990               fcb       $34,$06,$17,$05,$96,$32,$66,$4F 4....2fO
2998 5F3406CCFFF33406 (_6809/control.asm):01333         L2998               fcb       $5F,$34,$06,$CC,$FF,$F3,$34,$06 _4.L.s4.
29A0 DC0934061705B716 (_6809/control.asm):01334         L29A0               fcb       $DC,$09,$34,$06,$17,$05,$B7,$16 \.4...7.
29A8 01933440EC663406 (_6809/control.asm):01335         L29A8               fcb       $01,$93,$34,$40,$EC,$66,$34,$06 ..4@lf4.
29B0 EC663406DC093406 (_6809/control.asm):01336         L29B0               fcb       $EC,$66,$34,$06,$DC,$09,$34,$06 lf4.\.4.
29B8 17058C32664F5F34 (_6809/control.asm):01337         L29B8               fcb       $17,$05,$8C,$32,$66,$4F,$5F,$34 ...2fO_4
29C0 06CC000F3406DC09 (_6809/control.asm):01338         L29C0               fcb       $06,$CC,$00,$0F,$34,$06,$DC,$09 .L..4.\.
29C8 340617055E3266CC (_6809/control.asm):01339         L29C8               fcb       $34,$06,$17,$05,$5E,$32,$66,$CC 4...^2fL
29D0 000734064F5F3406 (_6809/control.asm):01340         L29D0               fcb       $00,$07,$34,$06,$4F,$5F,$34,$06 ..4.O_4.
29D8 DC09340617055432 (_6809/control.asm):01341         L29D8               fcb       $DC,$09,$34,$06,$17,$05,$54,$32 \.4...T2
29E0 664F5F3406CC000F (_6809/control.asm):01342         L29E0               fcb       $66,$4F,$5F,$34,$06,$CC,$00,$0F fO_4.L..
29E8 3406DC0934061705 (_6809/control.asm):01343         L29E8               fcb       $34,$06,$DC,$09,$34,$06,$17,$05 4.\.4...
29F0 3A3266CCFFFD3406 (_6809/control.asm):01344         L29F0               fcb       $3A,$32,$66,$CC,$FF,$FD,$34,$06 :2fL..4.
29F8 4F5F3406DC093406 (_6809/control.asm):01345         L29F8               fcb       $4F,$5F,$34,$06,$DC,$09,$34,$06 O_4.\.4.
2A00 17055B32664F5F34 (_6809/control.asm):01346         L2A00               fcb       $17,$05,$5B,$32,$66,$4F,$5F,$34 ..[2fO_4
2A08 06CC000A1602B534 (_6809/control.asm):01347         L2A08               fcb       $06,$CC,$00,$0A,$16,$02,$B5,$34 .L....54
2A10 40EC663406EC6634 (_6809/control.asm):01348         L2A10               fcb       $40,$EC,$66,$34,$06,$EC,$66,$34 @lf4.lf4
2A18 06DC093406170527 (_6809/control.asm):01349         L2A18               fcb       $06,$DC,$09,$34,$06,$17,$05,$27 .\.4...'
2A20 3266CC000734064F (_6809/control.asm):01350         L2A20               fcb       $32,$66,$CC,$00,$07,$34,$06,$4F 2fL..4.O
2A28 5F3406DC09340617 (_6809/control.asm):01351         L2A28               fcb       $5F,$34,$06,$DC,$09,$34,$06,$17 _4.\.4..
2A30 04F932664F5F3406 (_6809/control.asm):01352         L2A30               fcb       $04,$F9,$32,$66,$4F,$5F,$34,$06 .y2fO_4.
2A38 CC000F3406DC0934 (_6809/control.asm):01353         L2A38               fcb       $CC,$00,$0F,$34,$06,$DC,$09,$34 L..4.\.4
2A40 0617051A3266CC00 (_6809/control.asm):01354         L2A40               fcb       $06,$17,$05,$1A,$32,$66,$CC,$00 ....2fL.
2A48 0734064F5F3406DC (_6809/control.asm):01355         L2A48               fcb       $07,$34,$06,$4F,$5F,$34,$06,$DC .4.O_4.\
2A50 0934061704D53266 (_6809/control.asm):01356         L2A50               fcb       $09,$34,$06,$17,$04,$D5,$32,$66 .4...U2f
2A58 CC000334064F5F34 (_6809/control.asm):01357         L2A58               fcb       $CC,$00,$03,$34,$06,$4F,$5F,$34 L..4.O_4
2A60 06DC0934061704F6 (_6809/control.asm):01358         L2A60               fcb       $06,$DC,$09,$34,$06,$17,$04,$F6 .\.4...v
2A68 32664F5F3406CCFF (_6809/control.asm):01359         L2A68               fcb       $32,$66,$4F,$5F,$34,$06,$CC,$FF 2fO_4.L.
2A70 F11602503440EC66 (_6809/control.asm):01360         L2A70               fcb       $F1,$16,$02,$50,$34,$40,$EC,$66 q..P4@lf
2A78 3406EC663406DC09 (_6809/control.asm):01361         L2A78               fcb       $34,$06,$EC,$66,$34,$06,$DC,$09 4.lf4.\.
2A80 34061704C2160078 (_6809/control.asm):01362         L2A80               fcb       $34,$06,$17,$04,$C2,$16,$00,$78 4...B..x
2A88 3440EC663406EC66 (_6809/control.asm):01363         L2A88               fcb       $34,$40,$EC,$66,$34,$06,$EC,$66 4@lf4.lf
2A90 3406DC0934061704 (_6809/control.asm):01364         L2A90               fcb       $34,$06,$DC,$09,$34,$06,$17,$04 4.\.4...
2A98 AE3266CC00073406 (_6809/control.asm):01365         L2A98               fcb       $AE,$32,$66,$CC,$00,$07,$34,$06 .2fL..4.
2AA0 4F5F3406DC093406 (_6809/control.asm):01366         L2AA0               fcb       $4F,$5F,$34,$06,$DC,$09,$34,$06 O_4.\.4.
2AA8 17048832664F5F34 (_6809/control.asm):01367         L2AA8               fcb       $17,$04,$88,$32,$66,$4F,$5F,$34 ...2fO_4
2AB0 06CC000F16020D34 (_6809/control.asm):01368         L2AB0               fcb       $06,$CC,$00,$0F,$16,$02,$0D,$34 .L.....4
2AB8 40EC663406EC6634 (_6809/control.asm):01369         L2AB8               fcb       $40,$EC,$66,$34,$06,$EC,$66,$34 @lf4.lf4
2AC0 06DC09340617047F (_6809/control.asm):01370         L2AC0               fcb       $06,$DC,$09,$34,$06,$17,$04,$7F .\.4...
2AC8 3266CC000734064F (_6809/control.asm):01371         L2AC8               fcb       $32,$66,$CC,$00,$07,$34,$06,$4F 2fL..4.O
2AD0 5F3406DC09340617 (_6809/control.asm):01372         L2AD0               fcb       $5F,$34,$06,$DC,$09,$34,$06,$17 _4.\.4..
2AD8 04513266CC000334 (_6809/control.asm):01373         L2AD8               fcb       $04,$51,$32,$66,$CC,$00,$03,$34 .Q2fL..4
2AE0 06CC00073406DC09 (_6809/control.asm):01374         L2AE0               fcb       $06,$CC,$00,$07,$34,$06,$DC,$09 .L..4.\.
2AE8 34061704463266CC (_6809/control.asm):01375         L2AE8               fcb       $34,$06,$17,$04,$46,$32,$66,$CC 4...F2fL
2AF0 FFFD3406CC000734 (_6809/control.asm):01376         L2AF0               fcb       $FF,$FD,$34,$06,$CC,$00,$07,$34 ..4.L..4
2AF8 06DC093406170433 (_6809/control.asm):01377         L2AF8               fcb       $06,$DC,$09,$34,$06,$17,$04,$33 .\.4...3
2B00 3266CC0007203B34 (_6809/control.asm):01378         L2B00               fcb       $32,$66,$CC,$00,$07,$20,$3B,$34 2fL.. ;4
2B08 40EC663406EC6634 (_6809/control.asm):01379         L2B08               fcb       $40,$EC,$66,$34,$06,$EC,$66,$34 @lf4.lf4
2B10 06DC09340617042F (_6809/control.asm):01380         L2B10               fcb       $06,$DC,$09,$34,$06,$17,$04,$2F .\.4.../
2B18 3266CC000734064F (_6809/control.asm):01381         L2B18               fcb       $32,$66,$CC,$00,$07,$34,$06,$4F 2fL..4.O
2B20 5F3406DC09340617 (_6809/control.asm):01382         L2B20               fcb       $5F,$34,$06,$DC,$09,$34,$06,$17 _4.\.4..
2B28 04013266CC000734 (_6809/control.asm):01383         L2B28               fcb       $04,$01,$32,$66,$CC,$00,$07,$34 ..2fL..4
2B30 06CC000F3406DC09 (_6809/control.asm):01384         L2B30               fcb       $06,$CC,$00,$0F,$34,$06,$DC,$09 .L..4.\.
2B38 34061703F63266CC (_6809/control.asm):01385         L2B38               fcb       $34,$06,$17,$03,$F6,$32,$66,$CC 4...v2fL
2B40 FFF934064F5F1601 (_6809/control.asm):01386         L2B40               fcb       $FF,$F9,$34,$06,$4F,$5F,$16,$01 .y4.O_..
2B48 7B3440CC00073406 (_6809/control.asm):01387         L2B48               fcb       $7B,$34,$40,$CC,$00,$07,$34,$06 {4@L..4.
2B50 CC000F3406EC6A34 (_6809/control.asm):01388         L2B50               fcb       $CC,$00,$0F,$34,$06,$EC,$6A,$34 L..4.lj4
2B58 06EC6A3406170171 (_6809/control.asm):01389         L2B58               fcb       $06,$EC,$6A,$34,$06,$17,$01,$71 .lj4...q
2B60 326835C03440CC00 (_6809/control.asm):01390         L2B60               fcb       $32,$68,$35,$C0,$34,$40,$CC,$00 2h5@4@L.
2B68 033406CC000F3406 (_6809/control.asm):01391         L2B68               fcb       $03,$34,$06,$CC,$00,$0F,$34,$06 .4.L..4.
2B70 EC6A3406EC6A3406 (_6809/control.asm):01392         L2B70               fcb       $EC,$6A,$34,$06,$EC,$6A,$34,$06 lj4.lj4.
2B78 1701563268CC0007 (_6809/control.asm):01393         L2B78               fcb       $17,$01,$56,$32,$68,$CC,$00,$07 ..V2hL..
2B80 34064F5F3406DC09 (_6809/control.asm):01394         L2B80               fcb       $34,$06,$4F,$5F,$34,$06,$DC,$09 4.O_4.\.
2B88 340617039E3266CC (_6809/control.asm):01395         L2B88               fcb       $34,$06,$17,$03,$9E,$32,$66,$CC 4....2fL
2B90 00033406CC000834 (_6809/control.asm):01396         L2B90               fcb       $00,$03,$34,$06,$CC,$00,$08,$34 ..4.L..4
2B98 06DC0934061703BE (_6809/control.asm):01397         L2B98               fcb       $06,$DC,$09,$34,$06,$17,$03,$BE .\.4...>
2BA0 3266CC00043406CC (_6809/control.asm):01398         L2BA0               fcb       $32,$66,$CC,$00,$04,$34,$06,$CC 2fL..4.L
2BA8 00071601173440EC (_6809/control.asm):01399         L2BA8               fcb       $00,$07,$16,$01,$17,$34,$40,$EC .....4@l
2BB0 663406EC663406DC (_6809/control.asm):01400         L2BB0               fcb       $66,$34,$06,$EC,$66,$34,$06,$DC f4.lf4.\
2BB8 0934061703893266 (_6809/control.asm):01401         L2BB8               fcb       $09,$34,$06,$17,$03,$89,$32,$66 .4....2f
2BC0 4F5F3406CC000F34 (_6809/control.asm):01402         L2BC0               fcb       $4F,$5F,$34,$06,$CC,$00,$0F,$34 O_4.L..4
2BC8 06DC093406170363 (_6809/control.asm):01403         L2BC8               fcb       $06,$DC,$09,$34,$06,$17,$03,$63 .\.4...c
2BD0 3266CC000234064F (_6809/control.asm):01404         L2BD0               fcb       $32,$66,$CC,$00,$02,$34,$06,$4F 2fL..4.O
2BD8 5F3406DC09340617 (_6809/control.asm):01405         L2BD8               fcb       $5F,$34,$06,$DC,$09,$34,$06,$17 _4.\.4..
2BE0 03493266EC663406 (_6809/control.asm):01406         L2BE0               fcb       $03,$49,$32,$66,$EC,$66,$34,$06 .I2flf4.
2BE8 EC663406DC093406 (_6809/control.asm):01407         L2BE8               fcb       $EC,$66,$34,$06,$DC,$09,$34,$06 lf4.\.4.
2BF0 1703543266CC0007 (_6809/control.asm):01408         L2BF0               fcb       $17,$03,$54,$32,$66,$CC,$00,$07 ..T2fL..
2BF8 34064F5F3406DC09 (_6809/control.asm):01409         L2BF8               fcb       $34,$06,$4F,$5F,$34,$06,$DC,$09 4.O_4.\.
2C00 340617032E32664F (_6809/control.asm):01410         L2C00               fcb       $34,$06,$17,$03,$2E,$32,$66,$4F 4....2fO
2C08 5F3406CC000F3406 (_6809/control.asm):01411         L2C08               fcb       $5F,$34,$06,$CC,$00,$0F,$34,$06 _4.L..4.
2C10 DC09340617031C32 (_6809/control.asm):01412         L2C10               fcb       $DC,$09,$34,$06,$17,$03,$1C,$32 \.4....2
2C18 66CCFFFD34064F5F (_6809/control.asm):01413         L2C18               fcb       $66,$CC,$FF,$FD,$34,$06,$4F,$5F fL..4.O_
2C20 3406DC0934061703 (_6809/control.asm):01414         L2C20               fcb       $34,$06,$DC,$09,$34,$06,$17,$03 4.\.4...
2C28 0A32664F5F3406CC (_6809/control.asm):01415         L2C28               fcb       $0A,$32,$66,$4F,$5F,$34,$06,$CC .2fO_4.L
2C30 FFFD3406DC093406 (_6809/control.asm):01416         L2C30               fcb       $FF,$FD,$34,$06,$DC,$09,$34,$06 ..4.\.4.
2C38 1702F816008F3440 (_6809/control.asm):01417         L2C38               fcb       $17,$02,$F8,$16,$00,$8F,$34,$40 ..x...4@
2C40 EC663406EC663406 (_6809/control.asm):01418         L2C40               fcb       $EC,$66,$34,$06,$EC,$66,$34,$06 lf4.lf4.
2C48 DC0934061702F832 (_6809/control.asm):01419         L2C48               fcb       $DC,$09,$34,$06,$17,$02,$F8,$32 \.4...x2
2C50 66CC000734064F5F (_6809/control.asm):01420         L2C50               fcb       $66,$CC,$00,$07,$34,$06,$4F,$5F fL..4.O_
2C58 3406DC0934061702 (_6809/control.asm):01421         L2C58               fcb       $34,$06,$DC,$09,$34,$06,$17,$02 4.\.4...
2C60 D232664F5F3406CC (_6809/control.asm):01422         L2C60               fcb       $D2,$32,$66,$4F,$5F,$34,$06,$CC R2fO_4.L
2C68 000F3406DC093406 (_6809/control.asm):01423         L2C68               fcb       $00,$0F,$34,$06,$DC,$09,$34,$06 ..4.\.4.
2C70 1702C03266CCFFFC (_6809/control.asm):01424         L2C70               fcb       $17,$02,$C0,$32,$66,$CC,$FF,$FC ..@2fL..
2C78 34064F5F3406DC09 (_6809/control.asm):01425         L2C78               fcb       $34,$06,$4F,$5F,$34,$06,$DC,$09 4.O_4.\.
2C80 34061702AE32664F (_6809/control.asm):01426         L2C80               fcb       $34,$06,$17,$02,$AE,$32,$66,$4F 4....2fO
2C88 5F3406CCFFF13406 (_6809/control.asm):01427         L2C88               fcb       $5F,$34,$06,$CC,$FF,$F1,$34,$06 _4.L.q4.
2C90 DC09340617029432 (_6809/control.asm):01428         L2C90               fcb       $DC,$09,$34,$06,$17,$02,$94,$32 \.4....2
2C98 664F5F3406CCFFFC (_6809/control.asm):01429         L2C98               fcb       $66,$4F,$5F,$34,$06,$CC,$FF,$FC fO_4.L..
2CA0 3406DC0934061702 (_6809/control.asm):01430         L2CA0               fcb       $34,$06,$DC,$09,$34,$06,$17,$02 4.\.4...
2CA8 B53266CCFFFD3406 (_6809/control.asm):01431         L2CA8               fcb       $B5,$32,$66,$CC,$FF,$FD,$34,$06 52fL..4.
2CB0 4F5F3406DC093406 (_6809/control.asm):01432         L2CB0               fcb       $4F,$5F,$34,$06,$DC,$09,$34,$06 O_4.\.4.
2CB8 17027832664F5F34 (_6809/control.asm):01433         L2CB8               fcb       $17,$02,$78,$32,$66,$4F,$5F,$34 ..x2fO_4
2CC0 06CCFFF53406DC09 (_6809/control.asm):01434         L2CC0               fcb       $06,$CC,$FF,$F5,$34,$06,$DC,$09 .L.u4.\.
2CC8 340617025E326635 (_6809/control.asm):01435         L2CC8               fcb       $34,$06,$17,$02,$5E,$32,$66,$35 4...^2f5
2CD0 C03440EC663406EC (_6809/control.asm):01436         L2CD0               fcb       $C0,$34,$40,$EC,$66,$34,$06,$EC @4@lf4.l
2CD8 663406CC00013406 (_6809/control.asm):01437         L2CD8               fcb       $66,$34,$06,$CC,$00,$01,$34,$06 f4.L..4.
2CE0 1702643266EC6A34 (_6809/control.asm):01438         L2CE0               fcb       $17,$02,$64,$32,$66,$EC,$6A,$34 ..d2flj4
2CE8 06EC6A3406CC0001 (_6809/control.asm):01439         L2CE8               fcb       $06,$EC,$6A,$34,$06,$CC,$00,$01 .lj4.L..
2CF0 3406170246326635 (_6809/control.asm):01440         L2CF0               fcb       $34,$06,$17,$02,$46,$32,$66,$35 4...F2f5
2CF8 C03440CC00083406 (_6809/control.asm):01441         L2CF8               fcb       $C0,$34,$40,$CC,$00,$08,$34,$06 @4@L..4.
2D00 CC00283406EC6A34 (_6809/control.asm):01442         L2D00               fcb       $CC,$00,$28,$34,$06,$EC,$6A,$34 L.(4.lj4
2D08 06EC6A34068DC232 (_6809/control.asm):01443         L2D08               fcb       $06,$EC,$6A,$34,$06,$8D,$C2,$32 .lj4..B2
2D10 6835C034409E1320 (_6809/control.asm):01444         L2D10               fcb       $68,$35,$C0,$34,$40,$9E,$13,$20 h5@4@..
2D18 0FCC000235C0CC00 (_6809/control.asm):01445         L2D18               fcb       $0F,$CC,$00,$02,$35,$C0,$CC,$00 .L..5@L.
2D20 0435C0CC001035C0 (_6809/control.asm):01446         L2D20               fcb       $04,$35,$C0,$CC,$00,$10,$35,$C0 .5@L..5@
2D28 8C000527EC8C0006 (_6809/control.asm):01447         L2D28               fcb       $8C,$00,$05,$27,$EC,$8C,$00,$06 ...'l...
2D30 27EC8C00071027FF (_6809/control.asm):01448         L2D30               fcb       $27,$EC,$8C,$00,$07,$10,$27,$FF 'l....'.
2D38 E58C000827E5CCFF (_6809/control.asm):01449         L2D38               fcb       $E5,$8C,$00,$08,$27,$E5,$CC,$FF e...'eL.
2D40 FF35C0AE62103F0A (_6809/control.asm):01450         L2D40               fcb       $FF,$35,$C0,$AE,$62,$10,$3F,$0A .5@.b.?.
2D48 393420A667E6691F (_6809/control.asm):01451         L2D48               fcb       $39,$34,$20,$A6,$67,$E6,$69,$1F 94 &gfi.
2D50 014FE66B1F02A665 (_6809/control.asm):01452         L2D50               fcb       $01,$4F,$E6,$6B,$1F,$02,$A6,$65 .Ofk..&e
2D58 C689103F8E352016 (_6809/control.asm):01453         L2D58               fcb       $C6,$89,$10,$3F,$8E,$35,$20,$16 F..?.5 .
2D60 09ADA663C689AE64 (_6809/control.asm):01454         L2D60               fcb       $09,$AD,$A6,$63,$C6,$89,$AE,$64 .-&cF..d
2D68 3420108E0000103F (_6809/control.asm):01455         L2D68               fcb       $34,$20,$10,$8E,$00,$00,$10,$3F 4 .....?
2D70 8D3520160999A663 (_6809/control.asm):01456         L2D70               fcb       $8D,$35,$20,$16,$09,$99,$A6,$63 .5 ...&c
2D78 C61AAE64103F8E16 (_6809/control.asm):01457         L2D78               fcb       $C6,$1A,$AE,$64,$10,$3F,$8E,$16 F..d.?..
2D80 098DA663C61B103F (_6809/control.asm):01458         L2D80               fcb       $09,$8D,$A6,$63,$C6,$1B,$10,$3F ..&cF..?
2D88 8E160983A663C602 (_6809/control.asm):01459         L2D88               fcb       $8E,$16,$09,$83,$A6,$63,$C6,$02 ....&cF.
2D90 3440103F8D2508AF (_6809/control.asm):01460         L2D90               fcb       $34,$40,$10,$3F,$8D,$25,$08,$AF 4@.?.%./
2D98 F806AE66EF025F35 (_6809/control.asm):01461         L2D98               fcb       $F8,$06,$AE,$66,$EF,$02,$5F,$35 x..fo._5
2DA0 4016096BA663C687 (_6809/control.asm):01462         L2DA0               fcb       $40,$16,$09,$6B,$A6,$63,$C6,$87 @..k&cF.
2DA8 103F8D1025095734 (_6809/control.asm):01463         L2DA8               fcb       $10,$3F,$8D,$10,$25,$09,$57,$34 .?..%.W4
2DB0 021DEDF80535044F (_6809/control.asm):01464         L2DB0               fcb       $02,$1D,$ED,$F8,$05,$35,$04,$4F ..mx.5.O
2DB8 393410A665C691AE (_6809/control.asm):01465         L2DB8               fcb       $39,$34,$10,$A6,$65,$C6,$91,$AE 94.&eF..
2DC0 66103F8D35101609 (_6809/control.asm):01466         L2DC0               fcb       $66,$10,$3F,$8D,$35,$10,$16,$09 f.?.5...
2DC8 46A663C626343010 (_6809/control.asm):01467         L2DC8               fcb       $46,$A6,$63,$C6,$26,$34,$30,$10 F&cF&40.
2DD0 3F8D250BAFF80810 (_6809/control.asm):01468         L2DD0               fcb       $3F,$8D,$25,$0B,$AF,$F8,$08,$10 ?.%./x..
2DD8 AFF80A4F5F200B10 (_6809/control.asm):01469         L2DD8               fcb       $AF,$F8,$0A,$4F,$5F,$20,$0B,$10 /x.O_ ..
2DE0 AE624FEDA90394FC (_6809/control.asm):01470         L2DE0               fcb       $AE,$62,$4F,$ED,$A9,$03,$94,$FC .bOm)...
2DE8 FFFF353039A663C6 (_6809/control.asm):01471         L2DE8               fcb       $FF,$FF,$35,$30,$39,$A6,$63,$C6 ..509&cF
2DF0 8AAE64103F8E1609 (_6809/control.asm):01472         L2DF0               fcb       $8A,$AE,$64,$10,$3F,$8E,$16,$09 ..d.?...
2DF8 16A663C686342010 (_6809/control.asm):01473         L2DF8               fcb       $16,$A6,$63,$C6,$86,$34,$20,$10 .&cF.4 .
2E00 AE66AE68103F8E35 (_6809/control.asm):01474         L2E00               fcb       $AE,$66,$AE,$68,$10,$3F,$8E,$35 .f.h.?.5
2E08 201609033430A669 (_6809/control.asm):01475         L2E08               fcb       $20,$16,$09,$03,$34,$30,$A6,$69 ...40&i
2E10 E66B1F01A66DE66F (_6809/control.asm):01476         L2E10               fcb       $E6,$6B,$1F,$01,$A6,$6D,$E6,$6F fk..&mfo
2E18 1F02A667C694103F (_6809/control.asm):01477         L2E18               fcb       $1F,$02,$A6,$67,$C6,$94,$10,$3F ..&gF..?
2E20 8E35301608E9A663 (_6809/control.asm):01478         L2E20               fcb       $8E,$35,$30,$16,$08,$E9,$A6,$63 .50..i&c
2E28 C693103F8D102508 (_6809/control.asm):01479         L2E28               fcb       $C6,$93,$10,$3F,$8D,$10,$25,$08 F..?..%.
2E30 D51F894FEDF8045F (_6809/control.asm):01480         L2E30               fcb       $D5,$1F,$89,$4F,$ED,$F8,$04,$5F U..Omx._
2E38 393410A665C697AE (_6809/control.asm):01481         L2E38               fcb       $39,$34,$10,$A6,$65,$C6,$97,$AE 94.&eF..
2E40 66103F8E35101608 (_6809/control.asm):01482         L2E40               fcb       $66,$10,$3F,$8E,$35,$10,$16,$08 f.?.5...
2E48 C6A663C692AE6410 (_6809/control.asm):01483         L2E48               fcb       $C6,$A6,$63,$C6,$92,$AE,$64,$10 F&cF..d.
2E50 3F8E1608BACC1B20 (_6809/control.asm):01484         L2E50               fcb       $3F,$8E,$16,$08,$BA,$CC,$1B,$20 ?...:L.
2E58 8D14C6096D652F02 (_6809/control.asm):01485         L2E58               fcb       $8D,$14,$C6,$09,$6D,$65,$2F,$02 ..F.me/.
2E60 C60A16018ECC1B22 (_6809/control.asm):01486         L2E60               fcb       $C6,$0A,$16,$01,$8E,$CC,$1B,$22 F....L."
2E68 8D04C60920F430A9 (_6809/control.asm):01487         L2E68               fcb       $8D,$04,$C6,$09,$20,$F4,$30,$A9 ..F. t0)
2E70 149EED81A667E669 (_6809/control.asm):01488         L2E70               fcb       $14,$9E,$ED,$81,$A6,$67,$E6,$69 ..m.&gfi
2E78 ED81A66BE66DED81 (_6809/control.asm):01489         L2E78               fcb       $ED,$81,$A6,$6B,$E6,$6D,$ED,$81 m.&kfmm.
2E80 A66FE6E811ED81A6 (_6809/control.asm):01490         L2E80               fcb       $A6,$6F,$E6,$E8,$11,$ED,$81,$A6 &ofh.m.&
2E88 E813E6E815ED8439 (_6809/control.asm):01491         L2E88               fcb       $E8,$13,$E6,$E8,$15,$ED,$84,$39 h.fh.m.9
2E90 CC1B242008CC1B23 (_6809/control.asm):01492         L2E90               fcb       $CC,$1B,$24,$20,$08,$CC,$1B,$23 L.$ .L.#
2E98 2003CC1B21EDA914 (_6809/control.asm):01493         L2E98               fcb       $20,$03,$CC,$1B,$21,$ED,$A9,$14 .L.!m).
2EA0 9EC60216014DCC1B (_6809/control.asm):01494         L2EA0               fcb       $9E,$C6,$02,$16,$01,$4D,$CC,$1B .F...ML.
2EA8 2530A9149EED81A6 (_6809/control.asm):01495         L2EA8               fcb       $25,$30,$A9,$14,$9E,$ED,$81,$A6 %0)..m.&
2EB0 65E667ED81A669E6 (_6809/control.asm):01496         L2EB0               fcb       $65,$E6,$67,$ED,$81,$A6,$69,$E6 efgm.&if
2EB8 6BED84C606160133 (_6809/control.asm):01497         L2EB8               fcb       $6B,$ED,$84,$C6,$06,$16,$01,$33 km.F...3
2EC0 CC1B312012CC1B2E (_6809/control.asm):01498         L2EC0               fcb       $CC,$1B,$31,$20,$12,$CC,$1B,$2E L.1 .L..
2EC8 200DCC1B392008CC (_6809/control.asm):01499         L2EC8               fcb       $20,$0D,$CC,$1B,$39,$20,$08,$CC .L.9 .L
2ED0 1B3A2003CC1B2A30 (_6809/control.asm):01500         L2ED0               fcb       $1B,$3A,$20,$03,$CC,$1B,$2A,$30 .: .L.*0
2ED8 A9149EED81A665E6 (_6809/control.asm):01501         L2ED8               fcb       $A9,$14,$9E,$ED,$81,$A6,$65,$E6 )..m.&ef
2EE0 67ED84C60416010B (_6809/control.asm):01502         L2EE0               fcb       $67,$ED,$84,$C6,$04,$16,$01,$0B gm.F....
2EE8 C635202AC6362026 (_6809/control.asm):01503         L2EE8               fcb       $C6,$35,$20,$2A,$C6,$36,$20,$26 F5 *F6 &
2EF0 C63C2022C63D201E (_6809/control.asm):01504         L2EF0               fcb       $C6,$3C,$20,$22,$C6,$3D,$20,$1E F< "F= .
2EF8 C63F201ACC1B30ED (_6809/control.asm):01505         L2EF8               fcb       $C6,$3F,$20,$1A,$CC,$1B,$30,$ED F? .L.0m
2F00 A9149EC6021600EB (_6809/control.asm):01506         L2F00               fcb       $A9,$14,$9E,$C6,$02,$16,$00,$EB )..F...k
2F08 C632200AC6332006 (_6809/control.asm):01507         L2F08               fcb       $C6,$32,$20,$0A,$C6,$33,$20,$06 F2 .F3 .
2F10 C6342002C62F861B (_6809/control.asm):01508         L2F10               fcb       $C6,$34,$20,$02,$C6,$2F,$86,$1B F4 .F/..
2F18 EDA9149EE665E7A9 (_6809/control.asm):01509         L2F18               fcb       $ED,$A9,$14,$9E,$E6,$65,$E7,$A9 m)..feg)
2F20 14A0C6031600CCC6 (_6809/control.asm):01510         L2F20               fcb       $14,$A0,$C6,$03,$16,$00,$CC,$C6 . F...LF
2F28 44201EC645201AC6 (_6809/control.asm):01511         L2F28               fcb       $44,$20,$1E,$C6,$45,$20,$1A,$C6 D .FE .F
2F30 462016C6472012C6 (_6809/control.asm):01512         L2F30               fcb       $46,$20,$16,$C6,$47,$20,$12,$C6 F .FG .F
2F38 48200EC649200AC6 (_6809/control.asm):01513         L2F38               fcb       $48,$20,$0E,$C6,$49,$20,$0A,$C6 H .FI .F
2F40 4A2006C64B2002C6 (_6809/control.asm):01514         L2F40               fcb       $4A,$20,$06,$C6,$4B,$20,$02,$C6 J .FK .F
2F48 40861B30A9149EED (_6809/control.asm):01515         L2F48               fcb       $40,$86,$1B,$30,$A9,$14,$9E,$ED @..0)..m
2F50 81EC64ED81EC66ED (_6809/control.asm):01516         L2F50               fcb       $81,$EC,$64,$ED,$81,$EC,$66,$ED .ldm.lfm
2F58 84C606160095C641 (_6809/control.asm):01517         L2F58               fcb       $84,$C6,$06,$16,$00,$95,$C6,$41 .F....FA
2F60 20E7CC1B4FEDA914 (_6809/control.asm):01518         L2F60               fcb       $20,$E7,$CC,$1B,$4F,$ED,$A9,$14 gL.Om).
2F68 9EC602160085C601 (_6809/control.asm):01519         L2F68               fcb       $9E,$C6,$02,$16,$00,$85,$C6,$01 .F....F.
2F70 2030C603202CC604 (_6809/control.asm):01520         L2F70               fcb       $20,$30,$C6,$03,$20,$2C,$C6,$04 0F. ,F.
2F78 2028CC05202052CC (_6809/control.asm):01521         L2F78               fcb       $20,$28,$CC,$05,$20,$20,$52,$CC (L.  RL
2F80 0521204DC606201A (_6809/control.asm):01522         L2F80               fcb       $05,$21,$20,$4D,$C6,$06,$20,$1A .! MF. .
2F88 C6072016C6082012 (_6809/control.asm):01523         L2F88               fcb       $C6,$07,$20,$16,$C6,$08,$20,$12 F. .F. .
2F90 C609200EC60A200A (_6809/control.asm):01524         L2F90               fcb       $C6,$09,$20,$0E,$C6,$0A,$20,$0A F. .F. .
2F98 C60B2006C60C2002 (_6809/control.asm):01525         L2F98               fcb       $C6,$0B,$20,$06,$C6,$0C,$20,$02 F. .F. .
2FA0 C60DE7A9149EC601 (_6809/control.asm):01526         L2FA0               fcb       $C6,$0D,$E7,$A9,$14,$9E,$C6,$01 F.g)..F.
2FA8 160048CC1F202021 (_6809/control.asm):01527         L2FA8               fcb       $16,$00,$48,$CC,$1F,$20,$20,$21 ..HL.  !
2FB0 CC1F21201CCC1F22 (_6809/control.asm):01528         L2FB0               fcb       $CC,$1F,$21,$20,$1C,$CC,$1F,$22 L.! .L."
2FB8 2017CC1F232012CC (_6809/control.asm):01529         L2FB8               fcb       $20,$17,$CC,$1F,$23,$20,$12,$CC .L.# .L
2FC0 1F24200DCC1F2520 (_6809/control.asm):01530         L2FC0               fcb       $1F,$24,$20,$0D,$CC,$1F,$25,$20 .$ .L.%
2FC8 08CC1F302003CC1F (_6809/control.asm):01531         L2FC8               fcb       $08,$CC,$1F,$30,$20,$03,$CC,$1F .L.0 .L.
2FD0 31EDA9149EC60216 (_6809/control.asm):01532         L2FD0               fcb       $31,$ED,$A9,$14,$9E,$C6,$02,$16 1m)..F..
2FD8 001930A9149EC602 (_6809/control.asm):01533         L2FD8               fcb       $00,$19,$30,$A9,$14,$9E,$C6,$02 ..0)..F.
2FE0 E780EC64CB20E780 (_6809/control.asm):01534         L2FE0               fcb       $E7,$80,$EC,$64,$CB,$20,$E7,$80 g.ldK g.
2FE8 EC66CB20E780C603 (_6809/control.asm):01535         L2FE8               fcb       $EC,$66,$CB,$20,$E7,$80,$C6,$03 lfK g.F.
2FF0 1600004F30A9149E (_6809/control.asm):01536         L2FF0               fcb       $16,$00,$00,$4F,$30,$A9,$14,$9E ...O0)..
2FF8 34201F02A665103F (_6809/control.asm):01537         L2FF8               fcb       $34,$20,$1F,$02,$A6,$65,$10,$3F 4 ..&e.?
3000 8A352025034F5F39 (_6809/control.asm):01538         L3000               fcb       $8A,$35,$20,$25,$03,$4F,$5F,$39 .5 %.O_9
3008 4FEDA90394CCFFFF (_6809/control.asm):01539         L3008               fcb       $4F,$ED,$A9,$03,$94,$CC,$FF,$FF Om)..L..
3010 393440EC6430A902 (_6809/control.asm):01540         L3010               fcb       $39,$34,$40,$EC,$64,$30,$A9,$02 94@ld0).
3018 C6308BE6844FC404 (_6809/control.asm):01541         L3018               fcb       $C6,$30,$8B,$E6,$84,$4F,$C4,$04 F0.f.OD.
3020 271EEC644FC4DF20 (_6809/control.asm):01542         L3020               fcb       $27,$1E,$EC,$64,$4F,$C4,$DF,$20 '.ldOD_
3028 193440EC6430A902 (_6809/control.asm):01543         L3028               fcb       $19,$34,$40,$EC,$64,$30,$A9,$02 .4@ld0).
3030 C6308BE6844FC402 (_6809/control.asm):01544         L3030               fcb       $C6,$30,$8B,$E6,$84,$4F,$C4,$02 F0.f.OD.
3038 2706EC64CA202002 (_6809/control.asm):01545         L3038               fcb       $27,$06,$EC,$64,$CA,$20,$20,$02 '.ldJ  .
3040 EC6435C03440EE64 (_6809/control.asm):01546         L3040               fcb       $EC,$64,$35,$C0,$34,$40,$EE,$64 ld5@4@nd
3048 E6C026FC1F30A364 (_6809/control.asm):01547         L3048               fcb       $E6,$C0,$26,$FC,$1F,$30,$A3,$64 f@&..0#d
3050 C3FFFF35C03440EE (_6809/control.asm):01548         L3050               fcb       $C3,$FF,$FF,$35,$C0,$34,$40,$EE C..5@4@n
3058 66327EEC66EDE4E6 (_6809/control.asm):01549         L3058               fcb       $66,$32,$7E,$EC,$66,$ED,$E4,$E6 f2~lfmdf
3060 C0AEE43001AFE4E7 (_6809/control.asm):01550         L3060               fcb       $C0,$AE,$E4,$30,$01,$AF,$E4,$E7 @.d0./dg
3068 1F26F420273440EE (_6809/control.asm):01551         L3068               fcb       $1F,$26,$F4,$20,$27,$34,$40,$EE .&t '4@n
3070 66327EEC66EDE4AE (_6809/control.asm):01552         L3070               fcb       $66,$32,$7E,$EC,$66,$ED,$E4,$AE f2~lfmd.
3078 E43001AFE4E61F26 (_6809/control.asm):01553         L3078               fcb       $E4,$30,$01,$AF,$E4,$E6,$1F,$26 d0./df.&
3080 F6ECE4C3FFFFEDE4 (_6809/control.asm):01554         L3080               fcb       $F6,$EC,$E4,$C3,$FF,$FF,$ED,$E4 vldC..md
3088 E6C0AEE43001AFE4 (_6809/control.asm):01555         L3088               fcb       $E6,$C0,$AE,$E4,$30,$01,$AF,$E4 f@.d0./d
3090 E71F26F4EC663262 (_6809/control.asm):01556         L3090               fcb       $E7,$1F,$26,$F4,$EC,$66,$32,$62 g.&tlf2b
3098 35C03440EE642010 (_6809/control.asm):01557         L3098               fcb       $35,$C0,$34,$40,$EE,$64,$20,$10 5@4@nd .
30A0 AE663001AF66E61F (_6809/control.asm):01558         L30A0               fcb       $AE,$66,$30,$01,$AF,$66,$E6,$1F .f0./ff.
30A8 26044F5F35C03341 (_6809/control.asm):01559         L30A8               fcb       $26,$04,$4F,$5F,$35,$C0,$33,$41 &.O_5@3A
30B0 E6C41D3406E6F808 (_6809/control.asm):01560         L30B0               fcb       $E6,$C4,$1D,$34,$06,$E6,$F8,$08 fD.4.fx.
30B8 1D10A3E127E2E6F8 (_6809/control.asm):01561         L30B8               fcb       $1D,$10,$A3,$E1,$27,$E2,$E6,$F8 ..#a'bfx
30C0 061D3406E6C41DA3 (_6809/control.asm):01562         L30C0               fcb       $06,$1D,$34,$06,$E6,$C4,$1D,$A3 ..4.fD.#
30C8 E135C03440EE6632 (_6809/control.asm):01563         L30C8               fcb       $E1,$35,$C0,$34,$40,$EE,$66,$32 a5@4@nf2
30D0 7EEC66EDE4EC6AC3 (_6809/control.asm):01564         L30D0               fcb       $7E,$EC,$66,$ED,$E4,$EC,$6A,$C3 ~lfmdljC
30D8 FFFFED6A83FFFF2F (_6809/control.asm):01565         L30D8               fcb       $FF,$FF,$ED,$6A,$83,$FF,$FF,$2F ..mj.../
30E0 18E6C0AEE43001AF (_6809/control.asm):01566         L30E0               fcb       $18,$E6,$C0,$AE,$E4,$30,$01,$AF .f@.d0./
30E8 E4E71F26E8200A4F (_6809/control.asm):01567         L30E8               fcb       $E4,$E7,$1F,$26,$E8,$20,$0A,$4F dg.&h .O
30F0 5FAEE43001AFE4E7 (_6809/control.asm):01568         L30F0               fcb       $5F,$AE,$E4,$30,$01,$AF,$E4,$E7 _.d0./dg
30F8 1FEC6AC3FFFFED6A (_6809/control.asm):01569         L30F8               fcb       $1F,$EC,$6A,$C3,$FF,$FF,$ED,$6A .ljC..mj
3100 83FFFF2EEA160080 (_6809/control.asm):01570         L3100               fcb       $83,$FF,$FF,$2E,$EA,$16,$00,$80 ....j...
3108 3440EE642010AE66 (_6809/control.asm):01571         L3108               fcb       $34,$40,$EE,$64,$20,$10,$AE,$66 4@nd ..f
3110 3001AF66E61F2604 (_6809/control.asm):01572         L3110               fcb       $30,$01,$AF,$66,$E6,$1F,$26,$04 0./ff.&.
3118 4F5F35C03341EC68 (_6809/control.asm):01573         L3118               fcb       $4F,$5F,$35,$C0,$33,$41,$EC,$68 O_5@3Alh
3120 C3FFFFED6883FFFF (_6809/control.asm):01574         L3120               fcb       $C3,$FF,$FF,$ED,$68,$83,$FF,$FF C..mh...
3128 2F0EE6C41D3406E6 (_6809/control.asm):01575         L3128               fcb       $2F,$0E,$E6,$C4,$1D,$34,$06,$E6 /.fD.4.f
3130 F8081D10A3E127D6 (_6809/control.asm):01576         L3130               fcb       $F8,$08,$1D,$10,$A3,$E1,$27,$D6 x...#a'V
3138 EC682C044F5F200B (_6809/control.asm):01577         L3138               fcb       $EC,$68,$2C,$04,$4F,$5F,$20,$0B lh,.O_ .
3140 E6F8061D3406E6C4 (_6809/control.asm):01578         L3140               fcb       $E6,$F8,$06,$1D,$34,$06,$E6,$C4 fx..4.fD
3148 1DA3E135C03440EE (_6809/control.asm):01579         L3148               fcb       $1D,$A3,$E1,$35,$C0,$34,$40,$EE .#a5@4@n
3150 66327EEC66EDE4AE (_6809/control.asm):01580         L3150               fcb       $66,$32,$7E,$EC,$66,$ED,$E4,$AE f2~lfmd.
3158 E43001AFE4E61F26 (_6809/control.asm):01581         L3158               fcb       $E4,$30,$01,$AF,$E4,$E6,$1F,$26 d0./df.&
3160 F6ECE4C3FFFFEDE4 (_6809/control.asm):01582         L3160               fcb       $F6,$EC,$E4,$C3,$FF,$FF,$ED,$E4 vldC..md
3168 EC6AC3FFFFED6A83 (_6809/control.asm):01583         L3168               fcb       $EC,$6A,$C3,$FF,$FF,$ED,$6A,$83 ljC..mj.
3170 FFFF2F0CE6C0AEE4 (_6809/control.asm):01584         L3170               fcb       $FF,$FF,$2F,$0C,$E6,$C0,$AE,$E4 ../.f@.d
3178 3001AFE4E71F26E8 (_6809/control.asm):01585         L3178               fcb       $30,$01,$AF,$E4,$E7,$1F,$26,$E8 0./dg.&h
3180 EC6A2C044F5FE7F4 (_6809/control.asm):01586         L3180               fcb       $EC,$6A,$2C,$04,$4F,$5F,$E7,$F4 lj,.O_gt
3188 EC66326235C03440 (_6809/control.asm):01587         L3188               fcb       $EC,$66,$32,$62,$35,$C0,$34,$40 lf2b5@4@
3190 EE64AE663001AF66 (_6809/control.asm):01588         L3190               fcb       $EE,$64,$AE,$66,$30,$01,$AF,$66 nd.f0./f
3198 E61FE7C02EF4E65F (_6809/control.asm):01589         L3198               fcb       $E6,$1F,$E7,$C0,$2E,$F4,$E6,$5F f.g@.tf_
31A0 4FC47FE75F4F5FE7 (_6809/control.asm):01590         L31A0               fcb       $4F,$C4,$7F,$E7,$5F,$4F,$5F,$E7 ODg_O_g
31A8 C4EC6435C03440EE (_6809/control.asm):01591         L31A8               fcb       $C4,$EC,$64,$35,$C0,$34,$40,$EE Dld5@4@n
31B0 64327B4F5FED61E6 (_6809/control.asm):01592         L31B0               fcb       $64,$32,$7B,$4F,$5F,$ED,$61,$E6 d2{O_maf
31B8 C0E7E4C12027F8E6 (_6809/control.asm):01593         L31B8               fcb       $C0,$E7,$E4,$C1,$20,$27,$F8,$E6 @gdA 'xf
31C0 E4C1091027FFF0E6 (_6809/control.asm):01594         L31C0               fcb       $E4,$C1,$09,$10,$27,$FF,$F0,$E6 dA..'.pf
31C8 E4C12D2605CC0001 (_6809/control.asm):01595         L31C8               fcb       $E4,$C1,$2D,$26,$05,$CC,$00,$01 dA-&.L..
31D0 20024F5FED63E6E4 (_6809/control.asm):01596         L31D0               fcb       $20,$02,$4F,$5F,$ED,$63,$E6,$E4 .O_mcfd
31D8 C12D271EE6E4C12B (_6809/control.asm):01597         L31D8               fcb       $C1,$2D,$27,$1E,$E6,$E4,$C1,$2B A-'.fdA+
31E0 261C2016EC613406 (_6809/control.asm):01598         L31E0               fcb       $26,$1C,$20,$16,$EC,$61,$34,$06 &. .la4.
31E8 CC000A17021C3406 (_6809/control.asm):01599         L31E8               fcb       $CC,$00,$0A,$17,$02,$1C,$34,$06 L.....4.
31F0 E6621DE3E1C3FFD0 (_6809/control.asm):01600         L31F0               fcb       $E6,$62,$1D,$E3,$E1,$C3,$FF,$D0 fb.caC.P
31F8 ED61E6C0E7E4E6E4 (_6809/control.asm):01601         L31F8               fcb       $ED,$61,$E6,$C0,$E7,$E4,$E6,$E4 maf@gdfd
3200 1D30A902C6308BE6 (_6809/control.asm):01602         L3200               fcb       $1D,$30,$A9,$02,$C6,$30,$8B,$E6 .0).F0.f
3208 844FC40826D6EC63 (_6809/control.asm):01603         L3208               fcb       $84,$4F,$C4,$08,$26,$D6,$EC,$63 .OD.&Vlc
3210 2708EC6140508200 (_6809/control.asm):01604         L3210               fcb       $27,$08,$EC,$61,$40,$50,$82,$00 '.la@P..
3218 2002EC61326535C0 (_6809/control.asm):01605         L3218               fcb       $20,$02,$EC,$61,$32,$65,$35,$C0 .la2e5@
3220 3440EE64200AAE66 (_6809/control.asm):01606         L3220               fcb       $34,$40,$EE,$64,$20,$0A,$AE,$66 4@nd ..f
3228 3001AF66E61FE7C0 (_6809/control.asm):01607         L3228               fcb       $30,$01,$AF,$66,$E6,$1F,$E7,$C0 0./ff.g@
3230 EC68C3FFFFED6883 (_6809/control.asm):01608         L3230               fcb       $EC,$68,$C3,$FF,$FF,$ED,$68,$83 lhC..mh.
3238 FFFF2EEA35C0EC02 (_6809/control.asm):01609         L3238               fcb       $FF,$FF,$2E,$EA,$35,$C0,$EC,$02 ...j5@l.
3240 3406EC84340630A9 (_6809/control.asm):01610         L3240               fcb       $34,$06,$EC,$84,$34,$06,$30,$A9 4.l.4.0)
3248 03886F846F01A669 (_6809/control.asm):01611         L3248               fcb       $03,$88,$6F,$84,$6F,$01,$A6,$69 ..o.o.&i
3250 E6633DED02A669E6 (_6809/control.asm):01612         L3250               fcb       $E6,$63,$3D,$ED,$02,$A6,$69,$E6 fc=m.&if
3258 623DE301ED012402 (_6809/control.asm):01613         L3258               fcb       $62,$3D,$E3,$01,$ED,$01,$24,$02 b=c.m.$.
3260 6C84A668E6633DE3 (_6809/control.asm):01614         L3260               fcb       $6C,$84,$A6,$68,$E6,$63,$3D,$E3 l.&hfc=c
3268 01ED0124026C84A6 (_6809/control.asm):01615         L3268               fcb       $01,$ED,$01,$24,$02,$6C,$84,$A6 .m.$.l.&
3270 69E6613DE384ED84 (_6809/control.asm):01616         L3270               fcb       $69,$E6,$61,$3D,$E3,$84,$ED,$84 ifa=c.m.
3278 A668E6623DE384ED (_6809/control.asm):01617         L3278               fcb       $A6,$68,$E6,$62,$3D,$E3,$84,$ED &hfb=c.m
3280 84A667E6633DE384 (_6809/control.asm):01618         L3280               fcb       $84,$A6,$67,$E6,$63,$3D,$E3,$84 .&gfc=c.
3288 ED84A669E6E43DEB (_6809/control.asm):01619         L3288               fcb       $ED,$84,$A6,$69,$E6,$E4,$3D,$EB m.&ifd=k
3290 84E784A668E6613D (_6809/control.asm):01620         L3290               fcb       $84,$E7,$84,$A6,$68,$E6,$61,$3D .g.&hfa=
3298 EB84E784A667E662 (_6809/control.asm):01621         L3298               fcb       $EB,$84,$E7,$84,$A6,$67,$E6,$62 k.g.&gfb
32A0 3DEB84E784A666E6 (_6809/control.asm):01622         L32A0               fcb       $3D,$EB,$84,$E7,$84,$A6,$66,$E6 =k.g.&ff
32A8 633DEB84E7843264 (_6809/control.asm):01623         L32A8               fcb       $63,$3D,$EB,$84,$E7,$84,$32,$64 c=k.g.2d
32B0 1601398D46A66127 (_6809/control.asm):01624         L32B0               fcb       $16,$01,$39,$8D,$46,$A6,$61,$27 ..9.F&a'
32B8 031700F332681601 (_6809/control.asm):01625         L32B8               fcb       $03,$17,$00,$F3,$32,$68,$16,$01 ...s2h..
32C0 2BA684AA01AA02AA (_6809/control.asm):01626         L32C0               fcb       $2B,$A6,$84,$AA,$01,$AA,$02,$AA +&.*.*.*
32C8 032611EC84EDA903 (_6809/control.asm):01627         L32C8               fcb       $03,$26,$11,$EC,$84,$ED,$A9,$03 .&.l.m).
32D0 88EC0230A90388ED (_6809/control.asm):01628         L32D0               fcb       $88,$EC,$02,$30,$A9,$03,$88,$ED .l.0)..m
32D8 02160110A662A7A9 (_6809/control.asm):01629         L32D8               fcb       $02,$16,$01,$10,$A6,$62,$A7,$A9 ....&b')
32E0 14AE8D2DEC6A30A9 (_6809/control.asm):01630         L32E0               fcb       $14,$AE,$8D,$2D,$EC,$6A,$30,$A9 ...-lj0)
32E8 0388ED84EC6CED02 (_6809/control.asm):01631         L32E8               fcb       $03,$88,$ED,$84,$EC,$6C,$ED,$02 ..m.llm.
32F0 6DA914AE2BC33268 (_6809/control.asm):01632         L32F0               fcb       $6D,$A9,$14,$AE,$2B,$C3,$32,$68 m)..+C2h
32F8 1600F1A684AA01AA (_6809/control.asm):01633         L32F8               fcb       $16,$00,$F1,$A6,$84,$AA,$01,$AA ..q&.*.*
3300 02AA03260CEC62ED (_6809/control.asm):01634         L3300               fcb       $02,$AA,$03,$26,$0C,$EC,$62,$ED .*.&.lbm
3308 663266CC002D1602 (_6809/control.asm):01635         L3308               fcb       $66,$32,$66,$CC,$00,$2D,$16,$02 f2fL.-..
3310 17EC84AE023416CC (_6809/control.asm):01636         L3310               fcb       $17,$EC,$84,$AE,$02,$34,$16,$CC .l...4.L
3318 00003406EDA90388 (_6809/control.asm):01637         L3318               fcb       $00,$00,$34,$06,$ED,$A9,$03,$88 ..4.m)..
3320 EDA9038A6D622A07 (_6809/control.asm):01638         L3320               fcb       $ED,$A9,$03,$8A,$6D,$62,$2A,$07 m)..mb*.
3328 30621700826C616D (_6809/control.asm):01639         L3328               fcb       $30,$62,$17,$00,$82,$6C,$61,$6D 0b...lam
3330 6A2A07306A170077 (_6809/control.asm):01640         L3330               fcb       $6A,$2A,$07,$30,$6A,$17,$00,$77 j*.0j..w
3338 636130A903888601 (_6809/control.asm):01641         L3338               fcb       $63,$61,$30,$A9,$03,$88,$86,$01 ca0)....
3340 4C68656964696369 (_6809/control.asm):01642         L3340               fcb       $4C,$68,$65,$69,$64,$69,$63,$69 Lheidici
3348 622AF5A7E4EC6CA3 (_6809/control.asm):01643         L3348               fcb       $62,$2A,$F5,$A7,$E4,$EC,$6C,$A3 b*u'dll#
3350 64ED6CEC6AE263A2 (_6809/control.asm):01644         L3350               fcb       $64,$ED,$6C,$EC,$6A,$E2,$63,$A2 dmlljbc"
3358 62ED6A2412EC6CE3 (_6809/control.asm):01645         L3358               fcb       $62,$ED,$6A,$24,$12,$EC,$6C,$E3 bmj$.llc
3360 64ED6CEC6AE963A9 (_6809/control.asm):01646         L3360               fcb       $64,$ED,$6C,$EC,$6A,$E9,$63,$A9 dmlljic)
3368 62ED6A1CFE20021A (_6809/control.asm):01647         L3368               fcb       $62,$ED,$6A,$1C,$FE,$20,$02,$1A bmj.. ..
3370 0169036902690169 (_6809/control.asm):01648         L3370               fcb       $01,$69,$03,$69,$02,$69,$01,$69 .i.i.i.i
3378 8464626663666466 (_6809/control.asm):01649         L3378               fcb       $84,$64,$62,$66,$63,$66,$64,$66 .dbfcfdf
3380 656AE426C86EF806 (_6809/control.asm):01650         L3380               fcb       $65,$6A,$E4,$26,$C8,$6E,$F8,$06 ejd&Hnx.
3388 EC6210A3842612EC (_6809/control.asm):01651         L3388               fcb       $EC,$62,$10,$A3,$84,$26,$12,$EC lb.#.&.l
3390 6410A302270B2506 (_6809/control.asm):01652         L3390               fcb       $64,$10,$A3,$02,$27,$0B,$25,$06 d.#.'.%.
3398 86011CFE20034F81 (_6809/control.asm):01653         L3398               fcb       $86,$01,$1C,$FE,$20,$03,$4F,$81 .... .O.
33A0 013401EC61ED6535 (_6809/control.asm):01654         L33A0               fcb       $01,$34,$01,$EC,$61,$ED,$65,$35 .4.lame5
33A8 0132643917004CCC (_6809/control.asm):01655         L33A8               fcb       $01,$32,$64,$39,$17,$00,$4C,$CC .2d9..LL
33B0 0000A302ED02CC00 (_6809/control.asm):01656         L33B0               fcb       $00,$00,$A3,$02,$ED,$02,$CC,$00 ..#.m.L.
33B8 00E201A284ED8439 (_6809/control.asm):01657         L33B8               fcb       $00,$E2,$01,$A2,$84,$ED,$84,$39 .b.".m.9
33C0 EC844353EDA90388 (_6809/control.asm):01658         L33C0               fcb       $EC,$84,$43,$53,$ED,$A9,$03,$88 l.CSm)..
33C8 EC02435330A90388 (_6809/control.asm):01659         L33C8               fcb       $EC,$02,$43,$53,$30,$A9,$03,$88 l.CS0)..
33D0 ED023930A90388ED (_6809/control.asm):01660         L33D0               fcb       $ED,$02,$39,$30,$A9,$03,$88,$ED m.90)..m
33D8 021F891D1F89ED84 (_6809/control.asm):01661         L33D8               fcb       $02,$1F,$89,$1D,$1F,$89,$ED,$84 ......m.
33E0 3930A90388ED026F (_6809/control.asm):01662         L33E0               fcb       $39,$30,$A9,$03,$88,$ED,$02,$6F 90)..m.o
33E8 846F01391FA83510 (_6809/control.asm):01663         L33E8               fcb       $84,$6F,$01,$39,$1F,$A8,$35,$10 .o.9.(5.
33F0 AF62326230A90388 (_6809/control.asm):01664         L33F0               fcb       $AF,$62,$32,$62,$30,$A9,$03,$88 /b2b0)..
33F8 1F8A39EC84EDA903 (_6809/control.asm):01665         L33F8               fcb       $1F,$8A,$39,$EC,$84,$ED,$A9,$03 ..9l.m).
3400 88EC0230A90388ED (_6809/control.asm):01666         L3400               fcb       $88,$EC,$02,$30,$A9,$03,$88,$ED .l.0)..m
3408 02394D26126D6226 (_6809/control.asm):01667         L3408               fcb       $02,$39,$4D,$26,$12,$6D,$62,$26 .9M&.mb&
3410 0EA6633DAEE4AF62 (_6809/control.asm):01668         L3410               fcb       $0E,$A6,$63,$3D,$AE,$E4,$AF,$62 .&c=.d/b
3418 8E0000EDE4358634 (_6809/control.asm):01669         L3418               fcb       $8E,$00,$00,$ED,$E4,$35,$86,$34 ...md5.4
3420 06CC000034063406 (_6809/control.asm):01670         L3420               fcb       $06,$CC,$00,$00,$34,$06,$34,$06 .L..4.4.
3428 A665E6693DED62A6 (_6809/control.asm):01671         L3428               fcb       $A6,$65,$E6,$69,$3D,$ED,$62,$A6 &efi=mb&
3430 65E6683DE361ED61 (_6809/control.asm):01672         L3430               fcb       $65,$E6,$68,$3D,$E3,$61,$ED,$61 efh=cama
3438 24026CE4A664E669 (_6809/control.asm):01673         L3438               fcb       $24,$02,$6C,$E4,$A6,$64,$E6,$69 $.ld&dfi
3440 3DE361ED6124026C (_6809/control.asm):01674         L3440               fcb       $3D,$E3,$61,$ED,$61,$24,$02,$6C =cama$.l
3448 E4A664E6683DE3E4 (_6809/control.asm):01675         L3448               fcb       $E4,$A6,$64,$E6,$68,$3D,$E3,$E4 d&dfh=cd
3450 EDE4AE66AF68AEE4 (_6809/control.asm):01676         L3450               fcb       $ED,$E4,$AE,$66,$AF,$68,$AE,$E4 md.f/h.d
3458 EC623268396FA914 (_6809/control.asm):01677         L3458               fcb       $EC,$62,$32,$68,$39,$6F,$A9,$14 lb2h9o).
3460 AF308D0040AFA914 (_6809/control.asm):01678         L3460               fcb       $AF,$30,$8D,$00,$40,$AF,$A9,$14 /0..@/).
3468 B02014308D004FAF (_6809/control.asm):01679         L3468               fcb       $B0,$20,$14,$30,$8D,$00,$4F,$AF 0 .0..O/
3470 A914B06FA914AF6D (_6809/control.asm):01680         L3470               fcb       $A9,$14,$B0,$6F,$A9,$14,$AF,$6D ).0o)./m
3478 622A046CA914AF83 (_6809/control.asm):01681         L3478               fcb       $62,$2A,$04,$6C,$A9,$14,$AF,$83 b*.l)./.
3480 000026063510ECE1 (_6809/control.asm):01682         L3480               fcb       $00,$00,$26,$06,$35,$10,$EC,$E1 ..&.5.la
3488 6E84AE623410ADB9 (_6809/control.asm):01683         L3488               fcb       $6E,$84,$AE,$62,$34,$10,$AD,$B9 n..b4.-9
3490 14B0ECE4ED621F10 (_6809/control.asm):01684         L3490               fcb       $14,$B0,$EC,$E4,$ED,$62,$1F,$10 .0ldmb..
3498 6DA914AF27044050 (_6809/control.asm):01685         L3498               fcb       $6D,$A9,$14,$AF,$27,$04,$40,$50 m)./'.@P
34A0 8200EDE139830000 (_6809/control.asm):01686         L34A0               fcb       $82,$00,$ED,$E1,$39,$83,$00,$00 ..ma9...
34A8 270A3406327E6FE4 (_6809/control.asm):01687         L34A8               fcb       $27,$0A,$34,$06,$32,$7E,$6F,$E4 '.4.2~od
34B0 6F61202E3506EDE4 (_6809/control.asm):01688         L34B0               fcb       $6F,$61,$20,$2E,$35,$06,$ED,$E4 oa .5.md
34B8 CC002D16006A8300 (_6809/control.asm):01689         L34B8               fcb       $CC,$00,$2D,$16,$00,$6A,$83,$00 L.-..j..
34C0 0027F13406327E6F (_6809/control.asm):01690         L34C0               fcb       $00,$27,$F1,$34,$06,$32,$7E,$6F .'q4.2~o
34C8 E46F614D2A084050 (_6809/control.asm):01691         L34C8               fcb       $E4,$6F,$61,$4D,$2A,$08,$40,$50 doaM*.@P
34D0 82006C61ED62EC66 (_6809/control.asm):01692         L34D0               fcb       $82,$00,$6C,$61,$ED,$62,$EC,$66 ..lamblf
34D8 2A08405082006361 (_6809/control.asm):01693         L34D8               fcb       $2A,$08,$40,$50,$82,$00,$63,$61 *.@P..ca
34E0 ED6686014C686369 (_6809/control.asm):01694         L34E0               fcb       $ED,$66,$86,$01,$4C,$68,$63,$69 mf..Lhci
34E8 622AF9A7E4EC666F (_6809/control.asm):01695         L34E8               fcb       $62,$2A,$F9,$A7,$E4,$EC,$66,$6F b*y'dlfo
34F0 666F67A3622406E3 (_6809/control.asm):01696         L34F0               fcb       $66,$6F,$67,$A3,$62,$24,$06,$E3 fog#b$.c
34F8 621CFE20021A0169 (_6809/control.asm):01697         L34F8               fcb       $62,$1C,$FE,$20,$02,$1A,$01,$69 b.. ...i
3500 676966646266636A (_6809/control.asm):01698         L3500               fcb       $67,$69,$66,$64,$62,$66,$63,$6A gifdbfcj
3508 E426E8ED626D6127 (_6809/control.asm):01699         L3508               fcb       $E4,$26,$E8,$ED,$62,$6D,$61,$27 d&hmbma'
3510 08EC6640508200ED (_6809/control.asm):01700         L3510               fcb       $08,$EC,$66,$40,$50,$82,$00,$ED .lf@P..m
3518 66AE64EC66ED64AF (_6809/control.asm):01701         L3518               fcb       $66,$AE,$64,$EC,$66,$ED,$64,$AF f.dlfmd/
3520 66AE62EC64326639 (_6809/control.asm):01702         L3520               fcb       $66,$AE,$62,$EC,$64,$32,$66,$39 f.bld2f9
3528 EDA903943424103F (_6809/control.asm):01703         L3528               fcb       $ED,$A9,$03,$94,$34,$24,$10,$3F m)..4$.?
3530 0C3524103F0839A6 (_6809/control.asm):01704         L3530               fcb       $0C,$35,$24,$10,$3F,$08,$39,$A6 .5$.?.9&
3538 65E663272DC10127 (_6809/control.asm):01705         L3538               fcb       $65,$E6,$63,$27,$2D,$C1,$01,$27 efc'-A.'
3540 2BC1062727C10227 (_6809/control.asm):01706         L3540               fcb       $2B,$C1,$06,$27,$27,$C1,$02,$27 +A.''A.'
3548 09C1052705C6D016 (_6809/control.asm):01707         L3548               fcb       $09,$C1,$05,$27,$05,$C6,$D0,$16 .A.'.FP.
3550 01B43440103F8D24 (_6809/control.asm):01708         L3550               fcb       $01,$B4,$34,$40,$10,$3F,$8D,$24 .44@.?.$
3558 0535401601A8AFF8 (_6809/control.asm):01709         L3558               fcb       $05,$35,$40,$16,$01,$A8,$AF,$F8 .5@..(/x
3560 08AE68EF0235404F (_6809/control.asm):01710         L3560               fcb       $08,$AE,$68,$EF,$02,$35,$40,$4F ..ho.5@O
3568 5F39AE66103F8D16 (_6809/control.asm):01711         L3568               fcb       $5F,$39,$AE,$66,$10,$3F,$8D,$16 _9.f.?..
3570 019DA665E6632709 (_6809/control.asm):01712         L3570               fcb       $01,$9D,$A6,$65,$E6,$63,$27,$09 ..&efc'.
3578 C102270DC6D01601 (_6809/control.asm):01713         L3578               fcb       $C1,$02,$27,$0D,$C6,$D0,$16,$01 A.'.FP..
3580 85AE66103F8E1601 (_6809/control.asm):01714         L3580               fcb       $85,$AE,$66,$10,$3F,$8E,$16,$01 ..f.?...
3588 863440AE68EE6A10 (_6809/control.asm):01715         L3588               fcb       $86,$34,$40,$AE,$68,$EE,$6A,$10 .4@.hnj.
3590 3F8E3540160178AE (_6809/control.asm):01716         L3590               fcb       $3F,$8E,$35,$40,$16,$01,$78,$AE ?.5@..x.
3598 62A665103F842503 (_6809/control.asm):01717         L3598               fcb       $62,$A6,$65,$10,$3F,$84,$25,$03 b&e.?.%.
35A0 103F8F160169AE62 (_6809/control.asm):01718         L35A0               fcb       $10,$3F,$8F,$16,$01,$69,$AE,$62 .?...i.b
35A8 A665103F84102501 (_6809/control.asm):01719         L35A8               fcb       $A6,$65,$10,$3F,$84,$10,$25,$01 &e.?..%.
35B0 551F894F39A66310 (_6809/control.asm):01720         L35B0               fcb       $55,$1F,$89,$4F,$39,$A6,$63,$10 U..O9&c.
35B8 3F8F160152AE62E6 (_6809/control.asm):01721         L35B8               fcb       $3F,$8F,$16,$01,$52,$AE,$62,$E6 ?...R.bf
35C0 65103F85160148AE (_6809/control.asm):01722         L35C0               fcb       $65,$10,$3F,$85,$16,$01,$48,$AE e.?...H.
35C8 62A6651F89C424CA (_6809/control.asm):01723         L35C8               fcb       $62,$A6,$65,$1F,$89,$C4,$24,$CA b&e..D$J
35D0 0B103F8325041F89 (_6809/control.asm):01724         L35D0               fcb       $0B,$10,$3F,$83,$25,$04,$1F,$89 ..?.%...
35D8 4F39C1DA10260126 (_6809/control.asm):01725         L35D8               fcb       $4F,$39,$C1,$DA,$10,$26,$01,$26 O9AZ.&.&
35E0 A66585801026011E (_6809/control.asm):01726         L35E0               fcb       $A6,$65,$85,$80,$10,$26,$01,$1E &e...&..
35E8 8407AE62103F8410 (_6809/control.asm):01727         L35E8               fcb       $84,$07,$AE,$62,$10,$3F,$84,$10 ...b.?..
35F0 25011334428E0000 (_6809/control.asm):01728         L35F0               fcb       $25,$01,$13,$34,$42,$8E,$00,$00 %..4B...
35F8 3384C602103F8E35 (_6809/control.asm):01729         L35F8               fcb       $33,$84,$C6,$02,$10,$3F,$8E,$35 3.F..?.5
3600 4224D33404103F8F (_6809/control.asm):01730         L3600               fcb       $42,$24,$D3,$34,$04,$10,$3F,$8F B$S4..?.
3608 35041600F9AE6210 (_6809/control.asm):01731         L3608               fcb       $35,$04,$16,$00,$F9,$AE,$62,$10 5...y.b.
3610 3F871600FAA66310 (_6809/control.asm):01732         L3610               fcb       $3F,$87,$16,$00,$FA,$A6,$63,$10 ?...z&c.
3618 3F82102500E81F89 (_6809/control.asm):01733         L3618               fcb       $3F,$82,$10,$25,$00,$E8,$1F,$89 ?..%.h..
3620 4F393420A665AE66 (_6809/control.asm):01734         L3620               fcb       $4F,$39,$34,$20,$A6,$65,$AE,$66 O94 &e.f
3628 10AE68103F89200C (_6809/control.asm):01735         L3628               fcb       $10,$AE,$68,$10,$3F,$89,$20,$0C ..h.?. .
3630 3420A665AE6610AE (_6809/control.asm):01736         L3630               fcb       $34,$20,$A6,$65,$AE,$66,$10,$AE 4 &e.f..
3638 68103F8B242DC1D3 (_6809/control.asm):01737         L3638               fcb       $68,$10,$3F,$8B,$24,$2D,$C1,$D3 h.?.$-AS
3640 26244F5F35A03420 (_6809/control.asm):01738         L3640               fcb       $26,$24,$4F,$5F,$35,$A0,$34,$20 &$O_5 4
3648 10AE68271EA665AE (_6809/control.asm):01739         L3648               fcb       $10,$AE,$68,$27,$1E,$A6,$65,$AE ..h'.&e.
3650 66103F8A200E3420 (_6809/control.asm):01740         L3650               fcb       $66,$10,$3F,$8A,$20,$0E,$34,$20 f.?. .4
3658 10AE68270EA665AE (_6809/control.asm):01741         L3658               fcb       $10,$AE,$68,$27,$0E,$A6,$65,$AE ..h'.&e.
3660 66103F8C24053520 (_6809/control.asm):01742         L3660               fcb       $66,$10,$3F,$8C,$24,$05,$35,$20 f.?.$.5
3668 16009B1F2035A034 (_6809/control.asm):01743         L3668               fcb       $16,$00,$9B,$1F,$20,$35,$A0,$34 .... 5 4
3670 40EC6A2608CE0000 (_6809/control.asm):01744         L3670               fcb       $40,$EC,$6A,$26,$08,$CE,$00,$00 @lj&.N..
3678 8E00002034108300 (_6809/control.asm):01745         L3678               fcb       $8E,$00,$00,$20,$34,$10,$83,$00 ... 4...
3680 0127251083000227 (_6809/control.asm):01746         L3680               fcb       $01,$27,$25,$10,$83,$00,$02,$27 .'%....'
3688 14C6F74FEDA90394 (_6809/control.asm):01747         L3688               fcb       $14,$C6,$F7,$4F,$ED,$A9,$03,$94 .FwOm)..
3690 CCFFFF30A90388ED (_6809/control.asm):01748         L3690               fcb       $CC,$FF,$FF,$30,$A9,$03,$88,$ED L..0)..m
3698 84ED0235C0A665C6 (_6809/control.asm):01749         L3698               fcb       $84,$ED,$02,$35,$C0,$A6,$65,$C6 .m.5@&eF
36A0 02103F8D25E52009 (_6809/control.asm):01750         L36A0               fcb       $02,$10,$3F,$8D,$25,$E5,$20,$09 ..?.%e .
36A8 A665C605103F8D25 (_6809/control.asm):01751         L36A8               fcb       $A6,$65,$C6,$05,$10,$3F,$8D,$25 &eF..?.%
36B0 DA1F30E368EDA903 (_6809/control.asm):01752         L36B0               fcb       $DA,$1F,$30,$E3,$68,$ED,$A9,$03 Z.0chm).
36B8 8A1F031F10E967A9 (_6809/control.asm):01753         L36B8               fcb       $8A,$1F,$03,$1F,$10,$E9,$67,$A9 .....ig)
36C0 662BC81F01EDA903 (_6809/control.asm):01754         L36C0               fcb       $66,$2B,$C8,$1F,$01,$ED,$A9,$03 f+H..m).
36C8 88A665103F8825BB (_6809/control.asm):01755         L36C8               fcb       $88,$A6,$65,$10,$3F,$88,$25,$BB .&e.?.%;
36D0 30A9038835C08601 (_6809/control.asm):01756         L36D0               fcb       $30,$A9,$03,$88,$35,$C0,$86,$01 0)..5@..
36D8 AE62103F8616002F (_6809/control.asm):01757         L36D8               fcb       $AE,$62,$10,$3F,$86,$16,$00,$2F .b.?.../
36E0 860420F434401F23 (_6809/control.asm):01758         L36E0               fcb       $86,$04,$20,$F4,$34,$40,$1F,$23 .. t4@.#
36E8 AE64AFA914B2308D (_6809/control.asm):01759         L36E8               fcb       $AE,$64,$AF,$A9,$14,$B2,$30,$8D .d/).20.
36F0 0008103F09354016 (_6809/control.asm):01760         L36F0               fcb       $00,$08,$10,$3F,$09,$35,$40,$16 ...?.5@.
36F8 00151F324F3406AD (_6809/control.asm):01761         L36F8               fcb       $00,$15,$1F,$32,$4F,$34,$06,$AD ...2O4.-
3700 B914B232623B4FED (_6809/control.asm):01762         L3700               fcb       $B9,$14,$B2,$32,$62,$3B,$4F,$ED 9.22b;Om
3708 A90394CCFFFF3925 (_6809/control.asm):01763         L3708               fcb       $A9,$03,$94,$CC,$FF,$FF,$39,$25 )..L..9%
3710 F54F5F3917000817 (_6809/control.asm):01764         L3710               fcb       $F5,$4F,$5F,$39,$17,$00,$08,$17 uO_9....
3718 0006EC62103F0639 (_6809/control.asm):01765         L3718               fcb       $00,$06,$EC,$62,$10,$3F,$06,$39 ..lb.?.9
3720 3900050003D80520 (_6809/control.asm):01766         L3720               fcb       $39,$00,$05,$00,$03,$D8,$05,$20 9....X.
3728 031124AA24D124F8 (_6809/control.asm):01767         L3728               fcb       $03,$11,$24,$AA,$24,$D1,$24,$F8 ..$*$Q$x
3730 255D25C343616C63 (_6809/control.asm):01768         L3730               fcb       $25,$5D,$25,$C3,$43,$61,$6C,$63 %]%CCalc
3738 0000000000000000 (_6809/control.asm):01769         L3738               fcb       $00,$00,$00,$00,$00,$00,$00,$00 ........
3740 0000000100000000 (_6809/control.asm):01770         L3740               fcb       $00,$00,$00,$01,$00,$00,$00,$00 ........
3748 00436C6F636B0000 (_6809/control.asm):01771         L3748               fcb       $00,$43,$6C,$6F,$63,$6B,$00,$00 .Clock..
3750 0000000000000000 (_6809/control.asm):01772         L3750               fcb       $00,$00,$00,$00,$00,$00,$00,$00 ........
3758 0100000000004361 (_6809/control.asm):01773         L3758               fcb       $01,$00,$00,$00,$00,$00,$43,$61 ......Ca
3760 6C656E6461720000 (_6809/control.asm):01774         L3760               fcb       $6C,$65,$6E,$64,$61,$72,$00,$00 lendar..
3768 0000000000010000 (_6809/control.asm):01775         L3768               fcb       $00,$00,$00,$00,$00,$01,$00,$00 ........
3770 000000436F6E7472 (_6809/control.asm):01776         L3770               fcb       $00,$00,$00,$43,$6F,$6E,$74,$72 ...Contr
3778 6F6C000000000000 (_6809/control.asm):01777         L3778               fcb       $6F,$6C,$00,$00,$00,$00,$00,$00 ol......
3780 0000010000000000 (_6809/control.asm):01778         L3780               fcb       $00,$00,$01,$00,$00,$00,$00,$00 ........
3788 5072696E74657200 (_6809/control.asm):01779         L3788               fcb       $50,$72,$69,$6E,$74,$65,$72,$00 Printer.
3790 0000000000000001 (_6809/control.asm):01780         L3790               fcb       $00,$00,$00,$00,$00,$00,$00,$01 ........
3798 0000000000506F72 (_6809/control.asm):01781         L3798               fcb       $00,$00,$00,$00,$00,$50,$6F,$72 .....Por
37A0 7400000000000000 (_6809/control.asm):01782         L37A0               fcb       $74,$00,$00,$00,$00,$00,$00,$00 t.......
37A8 0000000001000000 (_6809/control.asm):01783         L37A8               fcb       $00,$00,$00,$00,$01,$00,$00,$00 ........
37B0 000048656C700000 (_6809/control.asm):01784         L37B0               fcb       $00,$00,$48,$65,$6C,$70,$00,$00 ..Help..
37B8 0000000000000000 (_6809/control.asm):01785         L37B8               fcb       $00,$00,$00,$00,$00,$00,$00,$00 ........
37C0 0001000000000053 (_6809/control.asm):01786         L37C0               fcb       $00,$01,$00,$00,$00,$00,$00,$53 .......S
37C8 68656C6C00000000 (_6809/control.asm):01787         L37C8               fcb       $68,$65,$6C,$6C,$00,$00,$00,$00 hell....
37D0 0000000000000100 (_6809/control.asm):01788         L37D0               fcb       $00,$00,$00,$00,$00,$00,$01,$00 ........
37D8 00000000436C6970 (_6809/control.asm):01789         L37D8               fcb       $00,$00,$00,$00,$43,$6C,$69,$70 ....Clip
37E0 626F617264000000 (_6809/control.asm):01790         L37E0               fcb       $62,$6F,$61,$72,$64,$00,$00,$00 board...
37E8 0000000000000000 (_6809/control.asm):01791         L37E8               fcb       $00,$00,$00,$00,$00,$00,$00,$00 ........
37F0 004E657700000000 (_6809/control.asm):01792         L37F0               fcb       $00,$4E,$65,$77,$00,$00,$00,$00 .New....
37F8 0000000000000000 (_6809/control.asm):01793         L37F8               fcb       $00,$00,$00,$00,$00,$00,$00,$00 ........
3800 0100000000004F70 (_6809/control.asm):01794         L3800               fcb       $01,$00,$00,$00,$00,$00,$4F,$70 ......Op
3808 656E000000000000 (_6809/control.asm):01795         L3808               fcb       $65,$6E,$00,$00,$00,$00,$00,$00 en......
3810 0000000000010000 (_6809/control.asm):01796         L3810               fcb       $00,$00,$00,$00,$00,$01,$00,$00 ........
3818 0000005361766500 (_6809/control.asm):01797         L3818               fcb       $00,$00,$00,$53,$61,$76,$65,$00 ...Save.
3820 0000000000000000 (_6809/control.asm):01798         L3820               fcb       $00,$00,$00,$00,$00,$00,$00,$00 ........
3828 0000000000000000 (_6809/control.asm):01799         L3828               fcb       $00,$00,$00,$00,$00,$00,$00,$00 ........
3830 536176652041732E (_6809/control.asm):01800         L3830               fcb       $53,$61,$76,$65,$20,$41,$73,$2E Save As.
3838 2E2E000000000001 (_6809/control.asm):01801         L3838               fcb       $2E,$2E,$00,$00,$00,$00,$00,$01 ........
3840 0000000000416261 (_6809/control.asm):01802         L3840               fcb       $00,$00,$00,$00,$00,$41,$62,$61 .....Aba
3848 6E646F6E00000000 (_6809/control.asm):01803         L3848               fcb       $6E,$64,$6F,$6E,$00,$00,$00,$00 ndon....
3850 0000000001000000 (_6809/control.asm):01804         L3850               fcb       $00,$00,$00,$00,$01,$00,$00,$00 ........
3858 00005072696E7400 (_6809/control.asm):01805         L3858               fcb       $00,$00,$50,$72,$69,$6E,$74,$00 ..Print.
3860 0000000000000000 (_6809/control.asm):01806         L3860               fcb       $00,$00,$00,$00,$00,$00,$00,$00 ........
3868 0001000000000051 (_6809/control.asm):01807         L3868               fcb       $00,$01,$00,$00,$00,$00,$00,$51 .......Q
3870 7569740000000000 (_6809/control.asm):01808         L3870               fcb       $75,$69,$74,$00,$00,$00,$00,$00 uit.....
3878 0000000000000100 (_6809/control.asm):01809         L3878               fcb       $00,$00,$00,$00,$00,$00,$01,$00 ........
3880 00000000556E646F (_6809/control.asm):01810         L3880               fcb       $00,$00,$00,$00,$55,$6E,$64,$6F ....Undo
3888 0000000000000000 (_6809/control.asm):01811         L3888               fcb       $00,$00,$00,$00,$00,$00,$00,$00 ........
3890 0000000100000000 (_6809/control.asm):01812         L3890               fcb       $00,$00,$00,$01,$00,$00,$00,$00 ........
3898 0043757400000000 (_6809/control.asm):01813         L3898               fcb       $00,$43,$75,$74,$00,$00,$00,$00 .Cut....
38A0 0000000000000000 (_6809/control.asm):01814         L38A0               fcb       $00,$00,$00,$00,$00,$00,$00,$00 ........
38A8 010000000000436F (_6809/control.asm):01815         L38A8               fcb       $01,$00,$00,$00,$00,$00,$43,$6F ......Co
38B0 7079000000000000 (_6809/control.asm):01816         L38B0               fcb       $70,$79,$00,$00,$00,$00,$00,$00 py......
38B8 0000000000000000 (_6809/control.asm):01817         L38B8               fcb       $00,$00,$00,$00,$00,$00,$00,$00 ........
38C0 0000005061737465 (_6809/control.asm):01818         L38C0               fcb       $00,$00,$00,$50,$61,$73,$74,$65 ...Paste
38C8 0000000000000000 (_6809/control.asm):01819         L38C8               fcb       $00,$00,$00,$00,$00,$00,$00,$00 ........
38D0 0000000000000000 (_6809/control.asm):01820         L38D0               fcb       $00,$00,$00,$00,$00,$00,$00,$00 ........
38D8 436C656172000000 (_6809/control.asm):01821         L38D8               fcb       $43,$6C,$65,$61,$72,$00,$00,$00 Clear...
38E0 0000000000000000 (_6809/control.asm):01822         L38E0               fcb       $00,$00,$00,$00,$00,$00,$00,$00 ........
38E8 000000000053686F (_6809/control.asm):01823         L38E8               fcb       $00,$00,$00,$00,$00,$53,$68,$6F .....Sho
38F0 7700000000000000 (_6809/control.asm):01824         L38F0               fcb       $77,$00,$00,$00,$00,$00,$00,$00 w.......
38F8 0000000000000000 (_6809/control.asm):01825         L38F8               fcb       $00,$00,$00,$00,$00,$00,$00,$00 ........
3900 0000536176652045 (_6809/control.asm):01826         L3900               fcb       $00,$00,$53,$61,$76,$65,$20,$45 ..Save E
3908 6E762E0000000000 (_6809/control.asm):01827         L3908               fcb       $6E,$76,$2E,$00,$00,$00,$00,$00 nv......
3910 0001000000000052 (_6809/control.asm):01828         L3910               fcb       $00,$01,$00,$00,$00,$00,$00,$52 .......R
3918 65616420456E762E (_6809/control.asm):01829         L3918               fcb       $65,$61,$64,$20,$45,$6E,$76,$2E ead Env.
3920 0000000000000100 (_6809/control.asm):01830         L3920               fcb       $00,$00,$00,$00,$00,$00,$01,$00 ........
3928 000000004162616E (_6809/control.asm):01831         L3928               fcb       $00,$00,$00,$00,$41,$62,$61,$6E ....Aban
3930 646F6E0000000000 (_6809/control.asm):01832         L3930               fcb       $64,$6F,$6E,$00,$00,$00,$00,$00 don.....
3938 0000000100000000 (_6809/control.asm):01833         L3938               fcb       $00,$00,$00,$01,$00,$00,$00,$00 ........
3940 0051756974000000 (_6809/control.asm):01834         L3940               fcb       $00,$51,$75,$69,$74,$00,$00,$00 .Quit...
3948 0000000000000000 (_6809/control.asm):01835         L3948               fcb       $00,$00,$00,$00,$00,$00,$00,$00 ........
3950 0100000000004669 (_6809/control.asm):01836         L3950               fcb       $01,$00,$00,$00,$00,$00,$46,$69 ......Fi
3958 6C65730000000000 (_6809/control.asm):01837         L3958               fcb       $6C,$65,$73,$00,$00,$00,$00,$00 les.....
3960 0000000000170A04 (_6809/control.asm):01838         L3960               fcb       $00,$00,$00,$00,$00,$17,$0A,$04 ........
3968 010000020D000000 (_6809/control.asm):01839         L3968               fcb       $01,$00,$00,$02,$0D,$00,$00,$00 ........
3970 2D001E0014000A00 (_6809/control.asm):01840         L3970               fcb       $2D,$00,$1E,$00,$14,$00,$0A,$00 -.......
3978 18000C0006000300 (_6809/control.asm):01841         L3978               fcb       $18,$00,$0C,$00,$06,$00,$03,$00 ........
3980 020000018E01AC01 (_6809/control.asm):01842         L3980               fcb       $02,$00,$00,$01,$8E,$01,$AC,$01 ......,.
3988 CA01E80206000022 (_6809/control.asm):01843         L3988               fcb       $CA,$01,$E8,$02,$06,$00,$00,$22 J.h...."
3990 DD002F22E5002922 (_6809/control.asm):01844         L3990               fcb       $DD,$00,$2F,$22,$E5,$00,$29,$22 ]./"e.)"
3998 EC002B22F3002522 (_6809/control.asm):01845         L3998               fcb       $EC,$00,$2B,$22,$F3,$00,$25,$22 l.+"s.%"
39A0 FA0027000000002F (_6809/control.asm):01846         L39A0               fcb       $FA,$00,$27,$00,$00,$00,$00,$2F z.'..../
39A8 64642F5359530065 (_6809/control.asm):01847         L39A8               fcb       $64,$64,$2F,$53,$59,$53,$00,$65 dd/SYS.e
39B0 6E762E66696C6500 (_6809/control.asm):01848         L39B0               fcb       $6E,$76,$2E,$66,$69,$6C,$65,$00 nv.file.
39B8 2366000101010101 (_6809/control.asm):01849         L39B8               fcb       $23,$66,$00,$01,$01,$01,$01,$01 #f......
39C0 0101010111110111 (_6809/control.asm):01850         L39C0               fcb       $01,$01,$01,$01,$11,$11,$01,$11 ........
39C8 1101010101010101 (_6809/control.asm):01851         L39C8               fcb       $11,$01,$01,$01,$01,$01,$01,$01 ........
39D0 0101010101010101 (_6809/control.asm):01852         L39D0               fcb       $01,$01,$01,$01,$01,$01,$01,$01 ........
39D8 0101013020202020 (_6809/control.asm):01853         L39D8               fcb       $01,$01,$01,$30,$20,$20,$20,$20 ...0
39E0 2020202020202020 (_6809/control.asm):01854         L39E0               fcb       $20,$20,$20,$20,$20,$20,$20,$20
39E8 2020204848484848 (_6809/control.asm):01855         L39E8               fcb       $20,$20,$20,$48,$48,$48,$48,$48 HHHHH
39F0 4848484848202020 (_6809/control.asm):01856         L39F0               fcb       $48,$48,$48,$48,$48,$20,$20,$20 HHHHH
39F8 2020202042424242 (_6809/control.asm):01857         L39F8               fcb       $20,$20,$20,$20,$42,$42,$42,$42 BBBB
3A00 4242020202020202 (_6809/control.asm):01858         L3A00               fcb       $42,$42,$02,$02,$02,$02,$02,$02 BB......
3A08 0202020202020202 (_6809/control.asm):01859         L3A08               fcb       $02,$02,$02,$02,$02,$02,$02,$02 ........
3A10 0202020202022020 (_6809/control.asm):01860         L3A10               fcb       $02,$02,$02,$02,$02,$02,$20,$20 ......
3A18 2020202044444444 (_6809/control.asm):01861         L3A18               fcb       $20,$20,$20,$20,$44,$44,$44,$44 DDDD
3A20 4444040404040404 (_6809/control.asm):01862         L3A20               fcb       $44,$44,$04,$04,$04,$04,$04,$04 DD......
3A28 0404040404040404 (_6809/control.asm):01863         L3A28               fcb       $04,$04,$04,$04,$04,$04,$04,$04 ........
3A30 0404040404042020 (_6809/control.asm):01864         L3A30               fcb       $04,$04,$04,$04,$04,$04,$20,$20 ......
3A38 202001000B02A602 (_6809/control.asm):01865         L3A38               fcb       $20,$20,$01,$00,$0B,$02,$A6,$02 ....&.
3A40 A2029E029A003500 (_6809/control.asm):01866         L3A40               fcb       $A2,$02,$9E,$02,$9A,$00,$35,$00 ".....5.
3A48 370039003B003D02 (_6809/control.asm):01867         L3A48               fcb       $37,$00,$39,$00,$3B,$00,$3D,$02 7.9.;.=.
3A50 C302AA0007000102 (_6809/control.asm):01868         L3A50               fcb       $C3,$02,$AA,$00,$07,$00,$01,$02 C.*.....
3A58 7602A402AC02A002 (_6809/control.asm):01869         L3A58               fcb       $76,$02,$A4,$02,$AC,$02,$A0,$02 v.$.,. .
3A60 9C02A8636F6E7472 (_6809/control.asm):01870         L3A60               fcb       $9C,$02,$A8,$63,$6F,$6E,$74,$72 ..(contr
3A68 6F6C004E59F6     (_6809/control.asm):01871         L3A68               fcb       $6F,$6C,$00,$4E,$59,$F6 ol.NYv

Symbol Table:
[ G] L0000                            0000
[ G] L0008                            0008
[ G] L0010                            0010
[ G] L0018                            0018
[ G] L0020                            0020
[ G] L0028                            0028
[ G] L0030                            0030
[ G] L0038                            0038
[ G] L0040                            0040
[ G] L0048                            0048
[ G] L0050                            0050
[ G] L0058                            0058
[ G] L0060                            0060
[ G] L0068                            0068
[ G] L0070                            0070
[ G] L0078                            0078
[ G] L0080                            0080
[ G] L0088                            0088
[ G] L0090                            0090
[ G] L0098                            0098
[ G] L00A0                            00A0
[ G] L00A8                            00A8
[ G] L00B0                            00B0
[ G] L00B8                            00B8
[ G] L00C0                            00C0
[ G] L00C8                            00C8
[ G] L00D0                            00D0
[ G] L00D8                            00D8
[ G] L00E0                            00E0
[ G] L00E8                            00E8
[ G] L00F0                            00F0
[ G] L00F8                            00F8
[ G] L0100                            0100
[ G] L0108                            0108
[ G] L0110                            0110
[ G] L0118                            0118
[ G] L0120                            0120
[ G] L0128                            0128
[ G] L0130                            0130
[ G] L0138                            0138
[ G] L0140                            0140
[ G] L0148                            0148
[ G] L0150                            0150
[ G] L0158                            0158
[ G] L0160                            0160
[ G] L0168                            0168
[ G] L0170                            0170
[ G] L0178                            0178
[ G] L0180                            0180
[ G] L0188                            0188
[ G] L0190                            0190
[ G] L0198                            0198
[ G] L01A0                            01A0
[ G] L01A8                            01A8
[ G] L01B0                            01B0
[ G] L01B8                            01B8
[ G] L01C0                            01C0
[ G] L01C8                            01C8
[ G] L01D0                            01D0
[ G] L01D8                            01D8
[ G] L01E0                            01E0
[ G] L01E8                            01E8
[ G] L01F0                            01F0
[ G] L01F8                            01F8
[ G] L0200                            0200
[ G] L0208                            0208
[ G] L0210                            0210
[ G] L0218                            0218
[ G] L0220                            0220
[ G] L0228                            0228
[ G] L0230                            0230
[ G] L0238                            0238
[ G] L0240                            0240
[ G] L0248                            0248
[ G] L0250                            0250
[ G] L0258                            0258
[ G] L0260                            0260
[ G] L0268                            0268
[ G] L0270                            0270
[ G] L0278                            0278
[ G] L0280                            0280
[ G] L0288                            0288
[ G] L0290                            0290
[ G] L0298                            0298
[ G] L02A0                            02A0
[ G] L02A8                            02A8
[ G] L02B0                            02B0
[ G] L02B8                            02B8
[ G] L02C0                            02C0
[ G] L02C8                            02C8
[ G] L02D0                            02D0
[ G] L02D8                            02D8
[ G] L02E0                            02E0
[ G] L02E8                            02E8
[ G] L02F0                            02F0
[ G] L02F8                            02F8
[ G] L0300                            0300
[ G] L0308                            0308
[ G] L0310                            0310
[ G] L0318                            0318
[ G] L0320                            0320
[ G] L0328                            0328
[ G] L0330                            0330
[ G] L0338                            0338
[ G] L0340                            0340
[ G] L0348                            0348
[ G] L0350                            0350
[ G] L0358                            0358
[ G] L0360                            0360
[ G] L0368                            0368
[ G] L0370                            0370
[ G] L0378                            0378
[ G] L0380                            0380
[ G] L0388                            0388
[ G] L0390                            0390
[ G] L0398                            0398
[ G] L03A0                            03A0
[ G] L03A8                            03A8
[ G] L03B0                            03B0
[ G] L03B8                            03B8
[ G] L03C0                            03C0
[ G] L03C8                            03C8
[ G] L03D0                            03D0
[ G] L03D8                            03D8
[ G] L03E0                            03E0
[ G] L03E8                            03E8
[ G] L03F0                            03F0
[ G] L03F8                            03F8
[ G] L0400                            0400
[ G] L0408                            0408
[ G] L0410                            0410
[ G] L0418                            0418
[ G] L0420                            0420
[ G] L0428                            0428
[ G] L0430                            0430
[ G] L0438                            0438
[ G] L0440                            0440
[ G] L0448                            0448
[ G] L0450                            0450
[ G] L0458                            0458
[ G] L0460                            0460
[ G] L0468                            0468
[ G] L0470                            0470
[ G] L0478                            0478
[ G] L0480                            0480
[ G] L0488                            0488
[ G] L0490                            0490
[ G] L0498                            0498
[ G] L04A0                            04A0
[ G] L04A8                            04A8
[ G] L04B0                            04B0
[ G] L04B8                            04B8
[ G] L04C0                            04C0
[ G] L04C8                            04C8
[ G] L04D0                            04D0
[ G] L04D8                            04D8
[ G] L04E0                            04E0
[ G] L04E8                            04E8
[ G] L04F0                            04F0
[ G] L04F8                            04F8
[ G] L0500                            0500
[ G] L0508                            0508
[ G] L0510                            0510
[ G] L0518                            0518
[ G] L0520                            0520
[ G] L0528                            0528
[ G] L0530                            0530
[ G] L0538                            0538
[ G] L0540                            0540
[ G] L0548                            0548
[ G] L0550                            0550
[ G] L0558                            0558
[ G] L0560                            0560
[ G] L0568                            0568
[ G] L0570                            0570
[ G] L0578                            0578
[ G] L0580                            0580
[ G] L0588                            0588
[ G] L0590                            0590
[ G] L0598                            0598
[ G] L05A0                            05A0
[ G] L05A8                            05A8
[ G] L05B0                            05B0
[ G] L05B8                            05B8
[ G] L05C0                            05C0
[ G] L05C8                            05C8
[ G] L05D0                            05D0
[ G] L05D8                            05D8
[ G] L05E0                            05E0
[ G] L05E8                            05E8
[ G] L05F0                            05F0
[ G] L05F8                            05F8
[ G] L0600                            0600
[ G] L0608                            0608
[ G] L0610                            0610
[ G] L0618                            0618
[ G] L0620                            0620
[ G] L0628                            0628
[ G] L0630                            0630
[ G] L0638                            0638
[ G] L0640                            0640
[ G] L0648                            0648
[ G] L0650                            0650
[ G] L0658                            0658
[ G] L0660                            0660
[ G] L0668                            0668
[ G] L0670                            0670
[ G] L0678                            0678
[ G] L0680                            0680
[ G] L0688                            0688
[ G] L0690                            0690
[ G] L0698                            0698
[ G] L06A0                            06A0
[ G] L06A8                            06A8
[ G] L06B0                            06B0
[ G] L06B8                            06B8
[ G] L06C0                            06C0
[ G] L06C8                            06C8
[ G] L06D0                            06D0
[ G] L06D8                            06D8
[ G] L06E0                            06E0
[ G] L06E8                            06E8
[ G] L06F0                            06F0
[ G] L06F8                            06F8
[ G] L0700                            0700
[ G] L0708                            0708
[ G] L0710                            0710
[ G] L0718                            0718
[ G] L0720                            0720
[ G] L0728                            0728
[ G] L0730                            0730
[ G] L0738                            0738
[ G] L0740                            0740
[ G] L0748                            0748
[ G] L0750                            0750
[ G] L0758                            0758
[ G] L0760                            0760
[ G] L0768                            0768
[ G] L0770                            0770
[ G] L0778                            0778
[ G] L0780                            0780
[ G] L0788                            0788
[ G] L0790                            0790
[ G] L0798                            0798
[ G] L07A0                            07A0
[ G] L07A8                            07A8
[ G] L07B0                            07B0
[ G] L07B8                            07B8
[ G] L07C0                            07C0
[ G] L07C8                            07C8
[ G] L07D0                            07D0
[ G] L07D8                            07D8
[ G] L07E0                            07E0
[ G] L07E8                            07E8
[ G] L07F0                            07F0
[ G] L07F8                            07F8
[ G] L0800                            0800
[ G] L0808                            0808
[ G] L0810                            0810
[ G] L0818                            0818
[ G] L0820                            0820
[ G] L0828                            0828
[ G] L0830                            0830
[ G] L0838                            0838
[ G] L0840                            0840
[ G] L0848                            0848
[ G] L0850                            0850
[ G] L0858                            0858
[ G] L0860                            0860
[ G] L0868                            0868
[ G] L0870                            0870
[ G] L0878                            0878
[ G] L0880                            0880
[ G] L0888                            0888
[ G] L0890                            0890
[ G] L0898                            0898
[ G] L08A0                            08A0
[ G] L08A8                            08A8
[ G] L08B0                            08B0
[ G] L08B8                            08B8
[ G] L08C0                            08C0
[ G] L08C8                            08C8
[ G] L08D0                            08D0
[ G] L08D8                            08D8
[ G] L08E0                            08E0
[ G] L08E8                            08E8
[ G] L08F0                            08F0
[ G] L08F8                            08F8
[ G] L0900                            0900
[ G] L0908                            0908
[ G] L0910                            0910
[ G] L0918                            0918
[ G] L0920                            0920
[ G] L0928                            0928
[ G] L0930                            0930
[ G] L0938                            0938
[ G] L0940                            0940
[ G] L0948                            0948
[ G] L0950                            0950
[ G] L0958                            0958
[ G] L0960                            0960
[ G] L0968                            0968
[ G] L0970                            0970
[ G] L0978                            0978
[ G] L0980                            0980
[ G] L0988                            0988
[ G] L0990                            0990
[ G] L0998                            0998
[ G] L09A0                            09A0
[ G] L09A8                            09A8
[ G] L09B0                            09B0
[ G] L09B8                            09B8
[ G] L09C0                            09C0
[ G] L09C8                            09C8
[ G] L09D0                            09D0
[ G] L09D8                            09D8
[ G] L09E0                            09E0
[ G] L09E8                            09E8
[ G] L09F0                            09F0
[ G] L09F8                            09F8
[ G] L0A00                            0A00
[ G] L0A08                            0A08
[ G] L0A10                            0A10
[ G] L0A18                            0A18
[ G] L0A20                            0A20
[ G] L0A28                            0A28
[ G] L0A30                            0A30
[ G] L0A38                            0A38
[ G] L0A40                            0A40
[ G] L0A48                            0A48
[ G] L0A50                            0A50
[ G] L0A58                            0A58
[ G] L0A60                            0A60
[ G] L0A68                            0A68
[ G] L0A70                            0A70
[ G] L0A78                            0A78
[ G] L0A80                            0A80
[ G] L0A88                            0A88
[ G] L0A90                            0A90
[ G] L0A98                            0A98
[ G] L0AA0                            0AA0
[ G] L0AA8                            0AA8
[ G] L0AB0                            0AB0
[ G] L0AB8                            0AB8
[ G] L0AC0                            0AC0
[ G] L0AC8                            0AC8
[ G] L0AD0                            0AD0
[ G] L0AD8                            0AD8
[ G] L0AE0                            0AE0
[ G] L0AE8                            0AE8
[ G] L0AF0                            0AF0
[ G] L0AF8                            0AF8
[ G] L0B00                            0B00
[ G] L0B08                            0B08
[ G] L0B10                            0B10
[ G] L0B18                            0B18
[ G] L0B20                            0B20
[ G] L0B28                            0B28
[ G] L0B30                            0B30
[ G] L0B38                            0B38
[ G] L0B40                            0B40
[ G] L0B48                            0B48
[ G] L0B50                            0B50
[ G] L0B58                            0B58
[ G] L0B60                            0B60
[ G] L0B68                            0B68
[ G] L0B70                            0B70
[ G] L0B78                            0B78
[ G] L0B80                            0B80
[ G] L0B88                            0B88
[ G] L0B90                            0B90
[ G] L0B98                            0B98
[ G] L0BA0                            0BA0
[ G] L0BA8                            0BA8
[ G] L0BB0                            0BB0
[ G] L0BB8                            0BB8
[ G] L0BC0                            0BC0
[ G] L0BC8                            0BC8
[ G] L0BD0                            0BD0
[ G] L0BD8                            0BD8
[ G] L0BE0                            0BE0
[ G] L0BE8                            0BE8
[ G] L0BF0                            0BF0
[ G] L0BF8                            0BF8
[ G] L0C00                            0C00
[ G] L0C08                            0C08
[ G] L0C10                            0C10
[ G] L0C18                            0C18
[ G] L0C20                            0C20
[ G] L0C28                            0C28
[ G] L0C30                            0C30
[ G] L0C38                            0C38
[ G] L0C40                            0C40
[ G] L0C48                            0C48
[ G] L0C50                            0C50
[ G] L0C58                            0C58
[ G] L0C60                            0C60
[ G] L0C68                            0C68
[ G] L0C70                            0C70
[ G] L0C78                            0C78
[ G] L0C80                            0C80
[ G] L0C88                            0C88
[ G] L0C90                            0C90
[ G] L0C98                            0C98
[ G] L0CA0                            0CA0
[ G] L0CA8                            0CA8
[ G] L0CB0                            0CB0
[ G] L0CB8                            0CB8
[ G] L0CC0                            0CC0
[ G] L0CC8                            0CC8
[ G] L0CD0                            0CD0
[ G] L0CD8                            0CD8
[ G] L0CE0                            0CE0
[ G] L0CE8                            0CE8
[ G] L0CF0                            0CF0
[ G] L0CF8                            0CF8
[ G] L0D00                            0D00
[ G] L0D08                            0D08
[ G] L0D10                            0D10
[ G] L0D18                            0D18
[ G] L0D20                            0D20
[ G] L0D28                            0D28
[ G] L0D30                            0D30
[ G] L0D38                            0D38
[ G] L0D40                            0D40
[ G] L0D48                            0D48
[ G] L0D50                            0D50
[ G] L0D58                            0D58
[ G] L0D60                            0D60
[ G] L0D68                            0D68
[ G] L0D70                            0D70
[ G] L0D78                            0D78
[ G] L0D80                            0D80
[ G] L0D88                            0D88
[ G] L0D90                            0D90
[ G] L0D98                            0D98
[ G] L0DA0                            0DA0
[ G] L0DA8                            0DA8
[ G] L0DB0                            0DB0
[ G] L0DB8                            0DB8
[ G] L0DC0                            0DC0
[ G] L0DC8                            0DC8
[ G] L0DD0                            0DD0
[ G] L0DD8                            0DD8
[ G] L0DE0                            0DE0
[ G] L0DE8                            0DE8
[ G] L0DF0                            0DF0
[ G] L0DF8                            0DF8
[ G] L0E00                            0E00
[ G] L0E08                            0E08
[ G] L0E10                            0E10
[ G] L0E18                            0E18
[ G] L0E20                            0E20
[ G] L0E28                            0E28
[ G] L0E30                            0E30
[ G] L0E38                            0E38
[ G] L0E40                            0E40
[ G] L0E48                            0E48
[ G] L0E50                            0E50
[ G] L0E58                            0E58
[ G] L0E60                            0E60
[ G] L0E68                            0E68
[ G] L0E70                            0E70
[ G] L0E78                            0E78
[ G] L0E80                            0E80
[ G] L0E88                            0E88
[ G] L0E90                            0E90
[ G] L0E98                            0E98
[ G] L0EA0                            0EA0
[ G] L0EA8                            0EA8
[ G] L0EB0                            0EB0
[ G] L0EB8                            0EB8
[ G] L0EC0                            0EC0
[ G] L0EC8                            0EC8
[ G] L0ED0                            0ED0
[ G] L0ED8                            0ED8
[ G] L0EE0                            0EE0
[ G] L0EE8                            0EE8
[ G] L0EF0                            0EF0
[ G] L0EF8                            0EF8
[ G] L0F00                            0F00
[ G] L0F08                            0F08
[ G] L0F10                            0F10
[ G] L0F18                            0F18
[ G] L0F20                            0F20
[ G] L0F28                            0F28
[ G] L0F30                            0F30
[ G] L0F38                            0F38
[ G] L0F40                            0F40
[ G] L0F48                            0F48
[ G] L0F50                            0F50
[ G] L0F58                            0F58
[ G] L0F60                            0F60
[ G] L0F68                            0F68
[ G] L0F70                            0F70
[ G] L0F78                            0F78
[ G] L0F80                            0F80
[ G] L0F88                            0F88
[ G] L0F90                            0F90
[ G] L0F98                            0F98
[ G] L0FA0                            0FA0
[ G] L0FA8                            0FA8
[ G] L0FB0                            0FB0
[ G] L0FB8                            0FB8
[ G] L0FC0                            0FC0
[ G] L0FC8                            0FC8
[ G] L0FD0                            0FD0
[ G] L0FD8                            0FD8
[ G] L0FE0                            0FE0
[ G] L0FE8                            0FE8
[ G] L0FF0                            0FF0
[ G] L0FF8                            0FF8
[ G] L1000                            1000
[ G] L1008                            1008
[ G] L1010                            1010
[ G] L1018                            1018
[ G] L1020                            1020
[ G] L1028                            1028
[ G] L1030                            1030
[ G] L1038                            1038
[ G] L1040                            1040
[ G] L1048                            1048
[ G] L1050                            1050
[ G] L1058                            1058
[ G] L1060                            1060
[ G] L1068                            1068
[ G] L1070                            1070
[ G] L1078                            1078
[ G] L1080                            1080
[ G] L1088                            1088
[ G] L1090                            1090
[ G] L1098                            1098
[ G] L10A0                            10A0
[ G] L10A8                            10A8
[ G] L10B0                            10B0
[ G] L10B8                            10B8
[ G] L10C0                            10C0
[ G] L10C8                            10C8
[ G] L10D0                            10D0
[ G] L10D8                            10D8
[ G] L10E0                            10E0
[ G] L10E8                            10E8
[ G] L10F0                            10F0
[ G] L10F8                            10F8
[ G] L1100                            1100
[ G] L1108                            1108
[ G] L1110                            1110
[ G] L1118                            1118
[ G] L1120                            1120
[ G] L1128                            1128
[ G] L1130                            1130
[ G] L1138                            1138
[ G] L1140                            1140
[ G] L1148                            1148
[ G] L1150                            1150
[ G] L1158                            1158
[ G] L1160                            1160
[ G] L1168                            1168
[ G] L1170                            1170
[ G] L1178                            1178
[ G] L1180                            1180
[ G] L1188                            1188
[ G] L1190                            1190
[ G] L1198                            1198
[ G] L11A0                            11A0
[ G] L11A8                            11A8
[ G] L11B0                            11B0
[ G] L11B8                            11B8
[ G] L11C0                            11C0
[ G] L11C8                            11C8
[ G] L11D0                            11D0
[ G] L11D8                            11D8
[ G] L11E0                            11E0
[ G] L11E8                            11E8
[ G] L11F0                            11F0
[ G] L11F8                            11F8
[ G] L1200                            1200
[ G] L1208                            1208
[ G] L1210                            1210
[ G] L1218                            1218
[ G] L1220                            1220
[ G] L1228                            1228
[ G] L1230                            1230
[ G] L1238                            1238
[ G] L1240                            1240
[ G] L1248                            1248
[ G] L1250                            1250
[ G] L1258                            1258
[ G] L1260                            1260
[ G] L1268                            1268
[ G] L1270                            1270
[ G] L1278                            1278
[ G] L1280                            1280
[ G] L1288                            1288
[ G] L1290                            1290
[ G] L1298                            1298
[ G] L12A0                            12A0
[ G] L12A8                            12A8
[ G] L12B0                            12B0
[ G] L12B8                            12B8
[ G] L12C0                            12C0
[ G] L12C8                            12C8
[ G] L12D0                            12D0
[ G] L12D8                            12D8
[ G] L12E0                            12E0
[ G] L12E8                            12E8
[ G] L12F0                            12F0
[ G] L12F8                            12F8
[ G] L1300                            1300
[ G] L1308                            1308
[ G] L1310                            1310
[ G] L1318                            1318
[ G] L1320                            1320
[ G] L1328                            1328
[ G] L1330                            1330
[ G] L1338                            1338
[ G] L1340                            1340
[ G] L1348                            1348
[ G] L1350                            1350
[ G] L1358                            1358
[ G] L1360                            1360
[ G] L1368                            1368
[ G] L1370                            1370
[ G] L1378                            1378
[ G] L1380                            1380
[ G] L1388                            1388
[ G] L1390                            1390
[ G] L1398                            1398
[ G] L13A0                            13A0
[ G] L13A8                            13A8
[ G] L13B0                            13B0
[ G] L13B8                            13B8
[ G] L13C0                            13C0
[ G] L13C8                            13C8
[ G] L13D0                            13D0
[ G] L13D8                            13D8
[ G] L13E0                            13E0
[ G] L13E8                            13E8
[ G] L13F0                            13F0
[ G] L13F8                            13F8
[ G] L1400                            1400
[ G] L1408                            1408
[ G] L1410                            1410
[ G] L1418                            1418
[ G] L1420                            1420
[ G] L1428                            1428
[ G] L1430                            1430
[ G] L1438                            1438
[ G] L1440                            1440
[ G] L1448                            1448
[ G] L1450                            1450
[ G] L1458                            1458
[ G] L1460                            1460
[ G] L1468                            1468
[ G] L1470                            1470
[ G] L1478                            1478
[ G] L1480                            1480
[ G] L1488                            1488
[ G] L1490                            1490
[ G] L1498                            1498
[ G] L14A0                            14A0
[ G] L14A8                            14A8
[ G] L14B0                            14B0
[ G] L14B8                            14B8
[ G] L14C0                            14C0
[ G] L14C8                            14C8
[ G] L14D0                            14D0
[ G] L14D8                            14D8
[ G] L14E0                            14E0
[ G] L14E8                            14E8
[ G] L14F0                            14F0
[ G] L14F8                            14F8
[ G] L1500                            1500
[ G] L1508                            1508
[ G] L1510                            1510
[ G] L1518                            1518
[ G] L1520                            1520
[ G] L1528                            1528
[ G] L1530                            1530
[ G] L1538                            1538
[ G] L1540                            1540
[ G] L1548                            1548
[ G] L1550                            1550
[ G] L1558                            1558
[ G] L1560                            1560
[ G] L1568                            1568
[ G] L1570                            1570
[ G] L1578                            1578
[ G] L1580                            1580
[ G] L1588                            1588
[ G] L1590                            1590
[ G] L1598                            1598
[ G] L15A0                            15A0
[ G] L15A8                            15A8
[ G] L15B0                            15B0
[ G] L15B8                            15B8
[ G] L15C0                            15C0
[ G] L15C8                            15C8
[ G] L15D0                            15D0
[ G] L15D8                            15D8
[ G] L15E0                            15E0
[ G] L15E8                            15E8
[ G] L15F0                            15F0
[ G] L15F8                            15F8
[ G] L1600                            1600
[ G] L1608                            1608
[ G] L1610                            1610
[ G] L1618                            1618
[ G] L1620                            1620
[ G] L1628                            1628
[ G] L1630                            1630
[ G] L1638                            1638
[ G] L1640                            1640
[ G] L1648                            1648
[ G] L1650                            1650
[ G] L1658                            1658
[ G] L1660                            1660
[ G] L1668                            1668
[ G] L1670                            1670
[ G] L1678                            1678
[ G] L1680                            1680
[ G] L1688                            1688
[ G] L1690                            1690
[ G] L1698                            1698
[ G] L16A0                            16A0
[ G] L16A8                            16A8
[ G] L16B0                            16B0
[ G] L16B8                            16B8
[ G] L16C0                            16C0
[ G] L16C8                            16C8
[ G] L16D0                            16D0
[ G] L16D8                            16D8
[ G] L16E0                            16E0
[ G] L16E8                            16E8
[ G] L16F0                            16F0
[ G] L16F8                            16F8
[ G] L1700                            1700
[ G] L1708                            1708
[ G] L1710                            1710
[ G] L1718                            1718
[ G] L1720                            1720
[ G] L1728                            1728
[ G] L1730                            1730
[ G] L1738                            1738
[ G] L1740                            1740
[ G] L1748                            1748
[ G] L1750                            1750
[ G] L1758                            1758
[ G] L1760                            1760
[ G] L1768                            1768
[ G] L1770                            1770
[ G] L1778                            1778
[ G] L1780                            1780
[ G] L1788                            1788
[ G] L1790                            1790
[ G] L1798                            1798
[ G] L17A0                            17A0
[ G] L17A8                            17A8
[ G] L17B0                            17B0
[ G] L17B8                            17B8
[ G] L17C0                            17C0
[ G] L17C8                            17C8
[ G] L17D0                            17D0
[ G] L17D8                            17D8
[ G] L17E0                            17E0
[ G] L17E8                            17E8
[ G] L17F0                            17F0
[ G] L17F8                            17F8
[ G] L1800                            1800
[ G] L1808                            1808
[ G] L1810                            1810
[ G] L1818                            1818
[ G] L1820                            1820
[ G] L1828                            1828
[ G] L1830                            1830
[ G] L1838                            1838
[ G] L1840                            1840
[ G] L1848                            1848
[ G] L1850                            1850
[ G] L1858                            1858
[ G] L1860                            1860
[ G] L1868                            1868
[ G] L1870                            1870
[ G] L1878                            1878
[ G] L1880                            1880
[ G] L1888                            1888
[ G] L1890                            1890
[ G] L1898                            1898
[ G] L18A0                            18A0
[ G] L18A8                            18A8
[ G] L18B0                            18B0
[ G] L18B8                            18B8
[ G] L18C0                            18C0
[ G] L18C8                            18C8
[ G] L18D0                            18D0
[ G] L18D8                            18D8
[ G] L18E0                            18E0
[ G] L18E8                            18E8
[ G] L18F0                            18F0
[ G] L18F8                            18F8
[ G] L1900                            1900
[ G] L1908                            1908
[ G] L1910                            1910
[ G] L1918                            1918
[ G] L1920                            1920
[ G] L1928                            1928
[ G] L1930                            1930
[ G] L1938                            1938
[ G] L1940                            1940
[ G] L1948                            1948
[ G] L1950                            1950
[ G] L1958                            1958
[ G] L1960                            1960
[ G] L1968                            1968
[ G] L1970                            1970
[ G] L1978                            1978
[ G] L1980                            1980
[ G] L1988                            1988
[ G] L1990                            1990
[ G] L1998                            1998
[ G] L19A0                            19A0
[ G] L19A8                            19A8
[ G] L19B0                            19B0
[ G] L19B8                            19B8
[ G] L19C0                            19C0
[ G] L19C8                            19C8
[ G] L19D0                            19D0
[ G] L19D8                            19D8
[ G] L19E0                            19E0
[ G] L19E8                            19E8
[ G] L19F0                            19F0
[ G] L19F8                            19F8
[ G] L1A00                            1A00
[ G] L1A08                            1A08
[ G] L1A10                            1A10
[ G] L1A18                            1A18
[ G] L1A20                            1A20
[ G] L1A28                            1A28
[ G] L1A30                            1A30
[ G] L1A38                            1A38
[ G] L1A40                            1A40
[ G] L1A48                            1A48
[ G] L1A50                            1A50
[ G] L1A58                            1A58
[ G] L1A60                            1A60
[ G] L1A68                            1A68
[ G] L1A70                            1A70
[ G] L1A78                            1A78
[ G] L1A80                            1A80
[ G] L1A88                            1A88
[ G] L1A90                            1A90
[ G] L1A98                            1A98
[ G] L1AA0                            1AA0
[ G] L1AA8                            1AA8
[ G] L1AB0                            1AB0
[ G] L1AB8                            1AB8
[ G] L1AC0                            1AC0
[ G] L1AC8                            1AC8
[ G] L1AD0                            1AD0
[ G] L1AD8                            1AD8
[ G] L1AE0                            1AE0
[ G] L1AE8                            1AE8
[ G] L1AF0                            1AF0
[ G] L1AF8                            1AF8
[ G] L1B00                            1B00
[ G] L1B08                            1B08
[ G] L1B10                            1B10
[ G] L1B18                            1B18
[ G] L1B20                            1B20
[ G] L1B28                            1B28
[ G] L1B30                            1B30
[ G] L1B38                            1B38
[ G] L1B40                            1B40
[ G] L1B48                            1B48
[ G] L1B50                            1B50
[ G] L1B58                            1B58
[ G] L1B60                            1B60
[ G] L1B68                            1B68
[ G] L1B70                            1B70
[ G] L1B78                            1B78
[ G] L1B80                            1B80
[ G] L1B88                            1B88
[ G] L1B90                            1B90
[ G] L1B98                            1B98
[ G] L1BA0                            1BA0
[ G] L1BA8                            1BA8
[ G] L1BB0                            1BB0
[ G] L1BB8                            1BB8
[ G] L1BC0                            1BC0
[ G] L1BC8                            1BC8
[ G] L1BD0                            1BD0
[ G] L1BD8                            1BD8
[ G] L1BE0                            1BE0
[ G] L1BE8                            1BE8
[ G] L1BF0                            1BF0
[ G] L1BF8                            1BF8
[ G] L1C00                            1C00
[ G] L1C08                            1C08
[ G] L1C10                            1C10
[ G] L1C18                            1C18
[ G] L1C20                            1C20
[ G] L1C28                            1C28
[ G] L1C30                            1C30
[ G] L1C38                            1C38
[ G] L1C40                            1C40
[ G] L1C48                            1C48
[ G] L1C50                            1C50
[ G] L1C58                            1C58
[ G] L1C60                            1C60
[ G] L1C68                            1C68
[ G] L1C70                            1C70
[ G] L1C78                            1C78
[ G] L1C80                            1C80
[ G] L1C88                            1C88
[ G] L1C90                            1C90
[ G] L1C98                            1C98
[ G] L1CA0                            1CA0
[ G] L1CA8                            1CA8
[ G] L1CB0                            1CB0
[ G] L1CB8                            1CB8
[ G] L1CC0                            1CC0
[ G] L1CC8                            1CC8
[ G] L1CD0                            1CD0
[ G] L1CD8                            1CD8
[ G] L1CE0                            1CE0
[ G] L1CE8                            1CE8
[ G] L1CF0                            1CF0
[ G] L1CF8                            1CF8
[ G] L1D00                            1D00
[ G] L1D08                            1D08
[ G] L1D10                            1D10
[ G] L1D18                            1D18
[ G] L1D20                            1D20
[ G] L1D28                            1D28
[ G] L1D30                            1D30
[ G] L1D38                            1D38
[ G] L1D40                            1D40
[ G] L1D48                            1D48
[ G] L1D50                            1D50
[ G] L1D58                            1D58
[ G] L1D60                            1D60
[ G] L1D68                            1D68
[ G] L1D70                            1D70
[ G] L1D78                            1D78
[ G] L1D80                            1D80
[ G] L1D88                            1D88
[ G] L1D90                            1D90
[ G] L1D98                            1D98
[ G] L1DA0                            1DA0
[ G] L1DA8                            1DA8
[ G] L1DB0                            1DB0
[ G] L1DB8                            1DB8
[ G] L1DC0                            1DC0
[ G] L1DC8                            1DC8
[ G] L1DD0                            1DD0
[ G] L1DD8                            1DD8
[ G] L1DE0                            1DE0
[ G] L1DE8                            1DE8
[ G] L1DF0                            1DF0
[ G] L1DF8                            1DF8
[ G] L1E00                            1E00
[ G] L1E08                            1E08
[ G] L1E10                            1E10
[ G] L1E18                            1E18
[ G] L1E20                            1E20
[ G] L1E28                            1E28
[ G] L1E30                            1E30
[ G] L1E38                            1E38
[ G] L1E40                            1E40
[ G] L1E48                            1E48
[ G] L1E50                            1E50
[ G] L1E58                            1E58
[ G] L1E60                            1E60
[ G] L1E68                            1E68
[ G] L1E70                            1E70
[ G] L1E78                            1E78
[ G] L1E80                            1E80
[ G] L1E88                            1E88
[ G] L1E90                            1E90
[ G] L1E98                            1E98
[ G] L1EA0                            1EA0
[ G] L1EA8                            1EA8
[ G] L1EB0                            1EB0
[ G] L1EB8                            1EB8
[ G] L1EC0                            1EC0
[ G] L1EC8                            1EC8
[ G] L1ED0                            1ED0
[ G] L1ED8                            1ED8
[ G] L1EE0                            1EE0
[ G] L1EE8                            1EE8
[ G] L1EF0                            1EF0
[ G] L1EF8                            1EF8
[ G] L1F00                            1F00
[ G] L1F08                            1F08
[ G] L1F10                            1F10
[ G] L1F18                            1F18
[ G] L1F20                            1F20
[ G] L1F28                            1F28
[ G] L1F30                            1F30
[ G] L1F38                            1F38
[ G] L1F40                            1F40
[ G] L1F48                            1F48
[ G] L1F50                            1F50
[ G] L1F58                            1F58
[ G] L1F60                            1F60
[ G] L1F68                            1F68
[ G] L1F70                            1F70
[ G] L1F78                            1F78
[ G] L1F80                            1F80
[ G] L1F88                            1F88
[ G] L1F90                            1F90
[ G] L1F98                            1F98
[ G] L1FA0                            1FA0
[ G] L1FA8                            1FA8
[ G] L1FB0                            1FB0
[ G] L1FB8                            1FB8
[ G] L1FC0                            1FC0
[ G] L1FC8                            1FC8
[ G] L1FD0                            1FD0
[ G] L1FD8                            1FD8
[ G] L1FE0                            1FE0
[ G] L1FE8                            1FE8
[ G] L1FF0                            1FF0
[ G] L1FF8                            1FF8
[ G] L2000                            2000
[ G] L2008                            2008
[ G] L2010                            2010
[ G] L2018                            2018
[ G] L2020                            2020
[ G] L2028                            2028
[ G] L2030                            2030
[ G] L2038                            2038
[ G] L2040                            2040
[ G] L2048                            2048
[ G] L2050                            2050
[ G] L2058                            2058
[ G] L2060                            2060
[ G] L2068                            2068
[ G] L2070                            2070
[ G] L2078                            2078
[ G] L2080                            2080
[ G] L2088                            2088
[ G] L2090                            2090
[ G] L2098                            2098
[ G] L20A0                            20A0
[ G] L20A8                            20A8
[ G] L20B0                            20B0
[ G] L20B8                            20B8
[ G] L20C0                            20C0
[ G] L20C8                            20C8
[ G] L20D0                            20D0
[ G] L20D8                            20D8
[ G] L20E0                            20E0
[ G] L20E8                            20E8
[ G] L20F0                            20F0
[ G] L20F8                            20F8
[ G] L2100                            2100
[ G] L2108                            2108
[ G] L2110                            2110
[ G] L2118                            2118
[ G] L2120                            2120
[ G] L2128                            2128
[ G] L2130                            2130
[ G] L2138                            2138
[ G] L2140                            2140
[ G] L2148                            2148
[ G] L2150                            2150
[ G] L2158                            2158
[ G] L2160                            2160
[ G] L2168                            2168
[ G] L2170                            2170
[ G] L2178                            2178
[ G] L2180                            2180
[ G] L2188                            2188
[ G] L2190                            2190
[ G] L2198                            2198
[ G] L21A0                            21A0
[ G] L21A8                            21A8
[ G] L21B0                            21B0
[ G] L21B8                            21B8
[ G] L21C0                            21C0
[ G] L21C8                            21C8
[ G] L21D0                            21D0
[ G] L21D8                            21D8
[ G] L21E0                            21E0
[ G] L21E8                            21E8
[ G] L21F0                            21F0
[ G] L21F8                            21F8
[ G] L2200                            2200
[ G] L2208                            2208
[ G] L2210                            2210
[ G] L2218                            2218
[ G] L2220                            2220
[ G] L2228                            2228
[ G] L2230                            2230
[ G] L2238                            2238
[ G] L2240                            2240
[ G] L2248                            2248
[ G] L2250                            2250
[ G] L2258                            2258
[ G] L2260                            2260
[ G] L2268                            2268
[ G] L2270                            2270
[ G] L2278                            2278
[ G] L2280                            2280
[ G] L2288                            2288
[ G] L2290                            2290
[ G] L2298                            2298
[ G] L22A0                            22A0
[ G] L22A8                            22A8
[ G] L22B0                            22B0
[ G] L22B8                            22B8
[ G] L22C0                            22C0
[ G] L22C8                            22C8
[ G] L22D0                            22D0
[ G] L22D8                            22D8
[ G] L22E0                            22E0
[ G] L22E8                            22E8
[ G] L22F0                            22F0
[ G] L22F8                            22F8
[ G] L2300                            2300
[ G] L2308                            2308
[ G] L2310                            2310
[ G] L2318                            2318
[ G] L2320                            2320
[ G] L2328                            2328
[ G] L2330                            2330
[ G] L2338                            2338
[ G] L2340                            2340
[ G] L2348                            2348
[ G] L2350                            2350
[ G] L2358                            2358
[ G] L2360                            2360
[ G] L2368                            2368
[ G] L2370                            2370
[ G] L2378                            2378
[ G] L2380                            2380
[ G] L2388                            2388
[ G] L2390                            2390
[ G] L2398                            2398
[ G] L23A0                            23A0
[ G] L23A8                            23A8
[ G] L23B0                            23B0
[ G] L23B8                            23B8
[ G] L23C0                            23C0
[ G] L23C8                            23C8
[ G] L23D0                            23D0
[ G] L23D8                            23D8
[ G] L23E0                            23E0
[ G] L23E8                            23E8
[ G] L23F0                            23F0
[ G] L23F8                            23F8
[ G] L2400                            2400
[ G] L2408                            2408
[ G] L2410                            2410
[ G] L2418                            2418
[ G] L2420                            2420
[ G] L2428                            2428
[ G] L2430                            2430
[ G] L2438                            2438
[ G] L2440                            2440
[ G] L2448                            2448
[ G] L2450                            2450
[ G] L2458                            2458
[ G] L2460                            2460
[ G] L2468                            2468
[ G] L2470                            2470
[ G] L2478                            2478
[ G] L2480                            2480
[ G] L2488                            2488
[ G] L2490                            2490
[ G] L2498                            2498
[ G] L24A0                            24A0
[ G] L24A8                            24A8
[ G] L24B0                            24B0
[ G] L24B8                            24B8
[ G] L24C0                            24C0
[ G] L24C8                            24C8
[ G] L24D0                            24D0
[ G] L24D8                            24D8
[ G] L24E0                            24E0
[ G] L24E8                            24E8
[ G] L24F0                            24F0
[ G] L24F8                            24F8
[ G] L2500                            2500
[ G] L2508                            2508
[ G] L2510                            2510
[ G] L2518                            2518
[ G] L2520                            2520
[ G] L2528                            2528
[ G] L2530                            2530
[ G] L2538                            2538
[ G] L2540                            2540
[ G] L2548                            2548
[ G] L2550                            2550
[ G] L2558                            2558
[ G] L2560                            2560
[ G] L2568                            2568
[ G] L2570                            2570
[ G] L2578                            2578
[ G] L2580                            2580
[ G] L2588                            2588
[ G] L2590                            2590
[ G] L2598                            2598
[ G] L25A0                            25A0
[ G] L25A8                            25A8
[ G] L25B0                            25B0
[ G] L25B8                            25B8
[ G] L25C0                            25C0
[ G] L25C8                            25C8
[ G] L25D0                            25D0
[ G] L25D8                            25D8
[ G] L25E0                            25E0
[ G] L25E8                            25E8
[ G] L25F0                            25F0
[ G] L25F8                            25F8
[ G] L2600                            2600
[ G] L2608                            2608
[ G] L2610                            2610
[ G] L2618                            2618
[ G] L2620                            2620
[ G] L2628                            2628
[ G] L2630                            2630
[ G] L2638                            2638
[ G] L2640                            2640
[ G] L2648                            2648
[ G] L2650                            2650
[ G] L2658                            2658
[ G] L2660                            2660
[ G] L2668                            2668
[ G] L2670                            2670
[ G] L2678                            2678
[ G] L2680                            2680
[ G] L2688                            2688
[ G] L2690                            2690
[ G] L2698                            2698
[ G] L26A0                            26A0
[ G] L26A8                            26A8
[ G] L26B0                            26B0
[ G] L26B8                            26B8
[ G] L26C0                            26C0
[ G] L26C8                            26C8
[ G] L26D0                            26D0
[ G] L26D8                            26D8
[ G] L26E0                            26E0
[ G] L26E8                            26E8
[ G] L26F0                            26F0
[ G] L26F8                            26F8
[ G] L2700                            2700
[ G] L2708                            2708
[ G] L2710                            2710
[ G] L2718                            2718
[ G] L2720                            2720
[ G] L2728                            2728
[ G] L2730                            2730
[ G] L2738                            2738
[ G] L2740                            2740
[ G] L2748                            2748
[ G] L2750                            2750
[ G] L2758                            2758
[ G] L2760                            2760
[ G] L2768                            2768
[ G] L2770                            2770
[ G] L2778                            2778
[ G] L2780                            2780
[ G] L2788                            2788
[ G] L2790                            2790
[ G] L2798                            2798
[ G] L27A0                            27A0
[ G] L27A8                            27A8
[ G] L27B0                            27B0
[ G] L27B8                            27B8
[ G] L27C0                            27C0
[ G] L27C8                            27C8
[ G] L27D0                            27D0
[ G] L27D8                            27D8
[ G] L27E0                            27E0
[ G] L27E8                            27E8
[ G] L27F0                            27F0
[ G] L27F8                            27F8
[ G] L2800                            2800
[ G] L2808                            2808
[ G] L2810                            2810
[ G] L2818                            2818
[ G] L2820                            2820
[ G] L2828                            2828
[ G] L2830                            2830
[ G] L2838                            2838
[ G] L2840                            2840
[ G] L2848                            2848
[ G] L2850                            2850
[ G] L2858                            2858
[ G] L2860                            2860
[ G] L2868                            2868
[ G] L2870                            2870
[ G] L2878                            2878
[ G] L2880                            2880
[ G] L2888                            2888
[ G] L2890                            2890
[ G] L2898                            2898
[ G] L28A0                            28A0
[ G] L28A8                            28A8
[ G] L28B0                            28B0
[ G] L28B8                            28B8
[ G] L28C0                            28C0
[ G] L28C8                            28C8
[ G] L28D0                            28D0
[ G] L28D8                            28D8
[ G] L28E0                            28E0
[ G] L28E8                            28E8
[ G] L28F0                            28F0
[ G] L28F8                            28F8
[ G] L2900                            2900
[ G] L2908                            2908
[ G] L2910                            2910
[ G] L2918                            2918
[ G] L2920                            2920
[ G] L2928                            2928
[ G] L2930                            2930
[ G] L2938                            2938
[ G] L2940                            2940
[ G] L2948                            2948
[ G] L2950                            2950
[ G] L2958                            2958
[ G] L2960                            2960
[ G] L2968                            2968
[ G] L2970                            2970
[ G] L2978                            2978
[ G] L2980                            2980
[ G] L2988                            2988
[ G] L2990                            2990
[ G] L2998                            2998
[ G] L29A0                            29A0
[ G] L29A8                            29A8
[ G] L29B0                            29B0
[ G] L29B8                            29B8
[ G] L29C0                            29C0
[ G] L29C8                            29C8
[ G] L29D0                            29D0
[ G] L29D8                            29D8
[ G] L29E0                            29E0
[ G] L29E8                            29E8
[ G] L29F0                            29F0
[ G] L29F8                            29F8
[ G] L2A00                            2A00
[ G] L2A08                            2A08
[ G] L2A10                            2A10
[ G] L2A18                            2A18
[ G] L2A20                            2A20
[ G] L2A28                            2A28
[ G] L2A30                            2A30
[ G] L2A38                            2A38
[ G] L2A40                            2A40
[ G] L2A48                            2A48
[ G] L2A50                            2A50
[ G] L2A58                            2A58
[ G] L2A60                            2A60
[ G] L2A68                            2A68
[ G] L2A70                            2A70
[ G] L2A78                            2A78
[ G] L2A80                            2A80
[ G] L2A88                            2A88
[ G] L2A90                            2A90
[ G] L2A98                            2A98
[ G] L2AA0                            2AA0
[ G] L2AA8                            2AA8
[ G] L2AB0                            2AB0
[ G] L2AB8                            2AB8
[ G] L2AC0                            2AC0
[ G] L2AC8                            2AC8
[ G] L2AD0                            2AD0
[ G] L2AD8                            2AD8
[ G] L2AE0                            2AE0
[ G] L2AE8                            2AE8
[ G] L2AF0                            2AF0
[ G] L2AF8                            2AF8
[ G] L2B00                            2B00
[ G] L2B08                            2B08
[ G] L2B10                            2B10
[ G] L2B18                            2B18
[ G] L2B20                            2B20
[ G] L2B28                            2B28
[ G] L2B30                            2B30
[ G] L2B38                            2B38
[ G] L2B40                            2B40
[ G] L2B48                            2B48
[ G] L2B50                            2B50
[ G] L2B58                            2B58
[ G] L2B60                            2B60
[ G] L2B68                            2B68
[ G] L2B70                            2B70
[ G] L2B78                            2B78
[ G] L2B80                            2B80
[ G] L2B88                            2B88
[ G] L2B90                            2B90
[ G] L2B98                            2B98
[ G] L2BA0                            2BA0
[ G] L2BA8                            2BA8
[ G] L2BB0                            2BB0
[ G] L2BB8                            2BB8
[ G] L2BC0                            2BC0
[ G] L2BC8                            2BC8
[ G] L2BD0                            2BD0
[ G] L2BD8                            2BD8
[ G] L2BE0                            2BE0
[ G] L2BE8                            2BE8
[ G] L2BF0                            2BF0
[ G] L2BF8                            2BF8
[ G] L2C00                            2C00
[ G] L2C08                            2C08
[ G] L2C10                            2C10
[ G] L2C18                            2C18
[ G] L2C20                            2C20
[ G] L2C28                            2C28
[ G] L2C30                            2C30
[ G] L2C38                            2C38
[ G] L2C40                            2C40
[ G] L2C48                            2C48
[ G] L2C50                            2C50
[ G] L2C58                            2C58
[ G] L2C60                            2C60
[ G] L2C68                            2C68
[ G] L2C70                            2C70
[ G] L2C78                            2C78
[ G] L2C80                            2C80
[ G] L2C88                            2C88
[ G] L2C90                            2C90
[ G] L2C98                            2C98
[ G] L2CA0                            2CA0
[ G] L2CA8                            2CA8
[ G] L2CB0                            2CB0
[ G] L2CB8                            2CB8
[ G] L2CC0                            2CC0
[ G] L2CC8                            2CC8
[ G] L2CD0                            2CD0
[ G] L2CD8                            2CD8
[ G] L2CE0                            2CE0
[ G] L2CE8                            2CE8
[ G] L2CF0                            2CF0
[ G] L2CF8                            2CF8
[ G] L2D00                            2D00
[ G] L2D08                            2D08
[ G] L2D10                            2D10
[ G] L2D18                            2D18
[ G] L2D20                            2D20
[ G] L2D28                            2D28
[ G] L2D30                            2D30
[ G] L2D38                            2D38
[ G] L2D40                            2D40
[ G] L2D48                            2D48
[ G] L2D50                            2D50
[ G] L2D58                            2D58
[ G] L2D60                            2D60
[ G] L2D68                            2D68
[ G] L2D70                            2D70
[ G] L2D78                            2D78
[ G] L2D80                            2D80
[ G] L2D88                            2D88
[ G] L2D90                            2D90
[ G] L2D98                            2D98
[ G] L2DA0                            2DA0
[ G] L2DA8                            2DA8
[ G] L2DB0                            2DB0
[ G] L2DB8                            2DB8
[ G] L2DC0                            2DC0
[ G] L2DC8                            2DC8
[ G] L2DD0                            2DD0
[ G] L2DD8                            2DD8
[ G] L2DE0                            2DE0
[ G] L2DE8                            2DE8
[ G] L2DF0                            2DF0
[ G] L2DF8                            2DF8
[ G] L2E00                            2E00
[ G] L2E08                            2E08
[ G] L2E10                            2E10
[ G] L2E18                            2E18
[ G] L2E20                            2E20
[ G] L2E28                            2E28
[ G] L2E30                            2E30
[ G] L2E38                            2E38
[ G] L2E40                            2E40
[ G] L2E48                            2E48
[ G] L2E50                            2E50
[ G] L2E58                            2E58
[ G] L2E60                            2E60
[ G] L2E68                            2E68
[ G] L2E70                            2E70
[ G] L2E78                            2E78
[ G] L2E80                            2E80
[ G] L2E88                            2E88
[ G] L2E90                            2E90
[ G] L2E98                            2E98
[ G] L2EA0                            2EA0
[ G] L2EA8                            2EA8
[ G] L2EB0                            2EB0
[ G] L2EB8                            2EB8
[ G] L2EC0                            2EC0
[ G] L2EC8                            2EC8
[ G] L2ED0                            2ED0
[ G] L2ED8                            2ED8
[ G] L2EE0                            2EE0
[ G] L2EE8                            2EE8
[ G] L2EF0                            2EF0
[ G] L2EF8                            2EF8
[ G] L2F00                            2F00
[ G] L2F08                            2F08
[ G] L2F10                            2F10
[ G] L2F18                            2F18
[ G] L2F20                            2F20
[ G] L2F28                            2F28
[ G] L2F30                            2F30
[ G] L2F38                            2F38
[ G] L2F40                            2F40
[ G] L2F48                            2F48
[ G] L2F50                            2F50
[ G] L2F58                            2F58
[ G] L2F60                            2F60
[ G] L2F68                            2F68
[ G] L2F70                            2F70
[ G] L2F78                            2F78
[ G] L2F80                            2F80
[ G] L2F88                            2F88
[ G] L2F90                            2F90
[ G] L2F98                            2F98
[ G] L2FA0                            2FA0
[ G] L2FA8                            2FA8
[ G] L2FB0                            2FB0
[ G] L2FB8                            2FB8
[ G] L2FC0                            2FC0
[ G] L2FC8                            2FC8
[ G] L2FD0                            2FD0
[ G] L2FD8                            2FD8
[ G] L2FE0                            2FE0
[ G] L2FE8                            2FE8
[ G] L2FF0                            2FF0
[ G] L2FF8                            2FF8
[ G] L3000                            3000
[ G] L3008                            3008
[ G] L3010                            3010
[ G] L3018                            3018
[ G] L3020                            3020
[ G] L3028                            3028
[ G] L3030                            3030
[ G] L3038                            3038
[ G] L3040                            3040
[ G] L3048                            3048
[ G] L3050                            3050
[ G] L3058                            3058
[ G] L3060                            3060
[ G] L3068                            3068
[ G] L3070                            3070
[ G] L3078                            3078
[ G] L3080                            3080
[ G] L3088                            3088
[ G] L3090                            3090
[ G] L3098                            3098
[ G] L30A0                            30A0
[ G] L30A8                            30A8
[ G] L30B0                            30B0
[ G] L30B8                            30B8
[ G] L30C0                            30C0
[ G] L30C8                            30C8
[ G] L30D0                            30D0
[ G] L30D8                            30D8
[ G] L30E0                            30E0
[ G] L30E8                            30E8
[ G] L30F0                            30F0
[ G] L30F8                            30F8
[ G] L3100                            3100
[ G] L3108                            3108
[ G] L3110                            3110
[ G] L3118                            3118
[ G] L3120                            3120
[ G] L3128                            3128
[ G] L3130                            3130
[ G] L3138                            3138
[ G] L3140                            3140
[ G] L3148                            3148
[ G] L3150                            3150
[ G] L3158                            3158
[ G] L3160                            3160
[ G] L3168                            3168
[ G] L3170                            3170
[ G] L3178                            3178
[ G] L3180                            3180
[ G] L3188                            3188
[ G] L3190                            3190
[ G] L3198                            3198
[ G] L31A0                            31A0
[ G] L31A8                            31A8
[ G] L31B0                            31B0
[ G] L31B8                            31B8
[ G] L31C0                            31C0
[ G] L31C8                            31C8
[ G] L31D0                            31D0
[ G] L31D8                            31D8
[ G] L31E0                            31E0
[ G] L31E8                            31E8
[ G] L31F0                            31F0
[ G] L31F8                            31F8
[ G] L3200                            3200
[ G] L3208                            3208
[ G] L3210                            3210
[ G] L3218                            3218
[ G] L3220                            3220
[ G] L3228                            3228
[ G] L3230                            3230
[ G] L3238                            3238
[ G] L3240                            3240
[ G] L3248                            3248
[ G] L3250                            3250
[ G] L3258                            3258
[ G] L3260                            3260
[ G] L3268                            3268
[ G] L3270                            3270
[ G] L3278                            3278
[ G] L3280                            3280
[ G] L3288                            3288
[ G] L3290                            3290
[ G] L3298                            3298
[ G] L32A0                            32A0
[ G] L32A8                            32A8
[ G] L32B0                            32B0
[ G] L32B8                            32B8
[ G] L32C0                            32C0
[ G] L32C8                            32C8
[ G] L32D0                            32D0
[ G] L32D8                            32D8
[ G] L32E0                            32E0
[ G] L32E8                            32E8
[ G] L32F0                            32F0
[ G] L32F8                            32F8
[ G] L3300                            3300
[ G] L3308                            3308
[ G] L3310                            3310
[ G] L3318                            3318
[ G] L3320                            3320
[ G] L3328                            3328
[ G] L3330                            3330
[ G] L3338                            3338
[ G] L3340                            3340
[ G] L3348                            3348
[ G] L3350                            3350
[ G] L3358                            3358
[ G] L3360                            3360
[ G] L3368                            3368
[ G] L3370                            3370
[ G] L3378                            3378
[ G] L3380                            3380
[ G] L3388                            3388
[ G] L3390                            3390
[ G] L3398                            3398
[ G] L33A0                            33A0
[ G] L33A8                            33A8
[ G] L33B0                            33B0
[ G] L33B8                            33B8
[ G] L33C0                            33C0
[ G] L33C8                            33C8
[ G] L33D0                            33D0
[ G] L33D8                            33D8
[ G] L33E0                            33E0
[ G] L33E8                            33E8
[ G] L33F0                            33F0
[ G] L33F8                            33F8
[ G] L3400                            3400
[ G] L3408                            3408
[ G] L3410                            3410
[ G] L3418                            3418
[ G] L3420                            3420
[ G] L3428                            3428
[ G] L3430                            3430
[ G] L3438                            3438
[ G] L3440                            3440
[ G] L3448                            3448
[ G] L3450                            3450
[ G] L3458                            3458
[ G] L3460                            3460
[ G] L3468                            3468
[ G] L3470                            3470
[ G] L3478                            3478
[ G] L3480                            3480
[ G] L3488                            3488
[ G] L3490                            3490
[ G] L3498                            3498
[ G] L34A0                            34A0
[ G] L34A8                            34A8
[ G] L34B0                            34B0
[ G] L34B8                            34B8
[ G] L34C0                            34C0
[ G] L34C8                            34C8
[ G] L34D0                            34D0
[ G] L34D8                            34D8
[ G] L34E0                            34E0
[ G] L34E8                            34E8
[ G] L34F0                            34F0
[ G] L34F8                            34F8
[ G] L3500                            3500
[ G] L3508                            3508
[ G] L3510                            3510
[ G] L3518                            3518
[ G] L3520                            3520
[ G] L3528                            3528
[ G] L3530                            3530
[ G] L3538                            3538
[ G] L3540                            3540
[ G] L3548                            3548
[ G] L3550                            3550
[ G] L3558                            3558
[ G] L3560                            3560
[ G] L3568                            3568
[ G] L3570                            3570
[ G] L3578                            3578
[ G] L3580                            3580
[ G] L3588                            3588
[ G] L3590                            3590
[ G] L3598                            3598
[ G] L35A0                            35A0
[ G] L35A8                            35A8
[ G] L35B0                            35B0
[ G] L35B8                            35B8
[ G] L35C0                            35C0
[ G] L35C8                            35C8
[ G] L35D0                            35D0
[ G] L35D8                            35D8
[ G] L35E0                            35E0
[ G] L35E8                            35E8
[ G] L35F0                            35F0
[ G] L35F8                            35F8
[ G] L3600                            3600
[ G] L3608                            3608
[ G] L3610                            3610
[ G] L3618                            3618
[ G] L3620                            3620
[ G] L3628                            3628
[ G] L3630                            3630
[ G] L3638                            3638
[ G] L3640                            3640
[ G] L3648                            3648
[ G] L3650                            3650
[ G] L3658                            3658
[ G] L3660                            3660
[ G] L3668                            3668
[ G] L3670                            3670
[ G] L3678                            3678
[ G] L3680                            3680
[ G] L3688                            3688
[ G] L3690                            3690
[ G] L3698                            3698
[ G] L36A0                            36A0
[ G] L36A8                            36A8
[ G] L36B0                            36B0
[ G] L36B8                            36B8
[ G] L36C0                            36C0
[ G] L36C8                            36C8
[ G] L36D0                            36D0
[ G] L36D8                            36D8
[ G] L36E0                            36E0
[ G] L36E8                            36E8
[ G] L36F0                            36F0
[ G] L36F8                            36F8
[ G] L3700                            3700
[ G] L3708                            3708
[ G] L3710                            3710
[ G] L3718                            3718
[ G] L3720                            3720
[ G] L3728                            3728
[ G] L3730                            3730
[ G] L3738                            3738
[ G] L3740                            3740
[ G] L3748                            3748
[ G] L3750                            3750
[ G] L3758                            3758
[ G] L3760                            3760
[ G] L3768                            3768
[ G] L3770                            3770
[ G] L3778                            3778
[ G] L3780                            3780
[ G] L3788                            3788
[ G] L3790                            3790
[ G] L3798                            3798
[ G] L37A0                            37A0
[ G] L37A8                            37A8
[ G] L37B0                            37B0
[ G] L37B8                            37B8
[ G] L37C0                            37C0
[ G] L37C8                            37C8
[ G] L37D0                            37D0
[ G] L37D8                            37D8
[ G] L37E0                            37E0
[ G] L37E8                            37E8
[ G] L37F0                            37F0
[ G] L37F8                            37F8
[ G] L3800                            3800
[ G] L3808                            3808
[ G] L3810                            3810
[ G] L3818                            3818
[ G] L3820                            3820
[ G] L3828                            3828
[ G] L3830                            3830
[ G] L3838                            3838
[ G] L3840                            3840
[ G] L3848                            3848
[ G] L3850                            3850
[ G] L3858                            3858
[ G] L3860                            3860
[ G] L3868                            3868
[ G] L3870                            3870
[ G] L3878                            3878
[ G] L3880                            3880
[ G] L3888                            3888
[ G] L3890                            3890
[ G] L3898                            3898
[ G] L38A0                            38A0
[ G] L38A8                            38A8
[ G] L38B0                            38B0
[ G] L38B8                            38B8
[ G] L38C0                            38C0
[ G] L38C8                            38C8
[ G] L38D0                            38D0
[ G] L38D8                            38D8
[ G] L38E0                            38E0
[ G] L38E8                            38E8
[ G] L38F0                            38F0
[ G] L38F8                            38F8
[ G] L3900                            3900
[ G] L3908                            3908
[ G] L3910                            3910
[ G] L3918                            3918
[ G] L3920                            3920
[ G] L3928                            3928
[ G] L3930                            3930
[ G] L3938                            3938
[ G] L3940                            3940
[ G] L3948                            3948
[ G] L3950                            3950
[ G] L3958                            3958
[ G] L3960                            3960
[ G] L3968                            3968
[ G] L3970                            3970
[ G] L3978                            3978
[ G] L3980                            3980
[ G] L3988                            3988
[ G] L3990                            3990
[ G] L3998                            3998
[ G] L39A0                            39A0
[ G] L39A8                            39A8
[ G] L39B0                            39B0
[ G] L39B8                            39B8
[ G] L39C0                            39C0
[ G] L39C8                            39C8
[ G] L39D0                            39D0
[ G] L39D8                            39D8
[ G] L39E0                            39E0
[ G] L39E8                            39E8
[ G] L39F0                            39F0
[ G] L39F8                            39F8
[ G] L3A00                            3A00
[ G] L3A08                            3A08
[ G] L3A10                            3A10
[ G] L3A18                            3A18
[ G] L3A20                            3A20
[ G] L3A28                            3A28
[ G] L3A30                            3A30
[ G] L3A38                            3A38
[ G] L3A40                            3A40
[ G] L3A48                            3A48
[ G] L3A50                            3A50
[ G] L3A58                            3A58
[ G] L3A60                            3A60
[ G] L3A68                            3A68
[SG] NOS9MAJ                          0003
[SG] NOS9MIN                          0000
[SG] NOS9VER                          0003
