                      (1/cmds/disasm.asm):00001         ********************************************************************
                      (1/cmds/disasm.asm):00002         * Disasm - 6809/6309 disassembler
                      (1/cmds/disasm.asm):00003         *
                      (1/cmds/disasm.asm):00004         * Disasm v1.5 (c) 1988 by Ron Lammardo
                      (1/cmds/disasm.asm):00005         * 6309 additions by L. Curtis Boyle Jan. 1993
                      (1/cmds/disasm.asm):00006         *
                      (1/cmds/disasm.asm):00007         * Edt/Rev  YYYY/MM/DD  Modified by
                      (1/cmds/disasm.asm):00008         * Comment
                      (1/cmds/disasm.asm):00009         * ------------------------------------------------------------------
                      (1/cmds/disasm.asm):00010         *   2      1987/03/12  Ron Lammardo
                      (1/cmds/disasm.asm):00011         * Added code for line,address,obj display added options 'o' and 'x'.
                      (1/cmds/disasm.asm):00012         *
                      (1/cmds/disasm.asm):00013         *   3      1987/04/02  Ron Lammardo
                      (1/cmds/disasm.asm):00014         * Added code to provide commented disassembly of device descriptors.
                      (1/cmds/disasm.asm):00015         *
                      (1/cmds/disasm.asm):00016         *   4      1987/11/16  Ron Lammardo
                      (1/cmds/disasm.asm):00017         * Fixed restart link failure, added code to display direct page addresses.
                      (1/cmds/disasm.asm):00018         *
                      (1/cmds/disasm.asm):00019         *   5      1988/02/22  Ron Lammardo
                      (1/cmds/disasm.asm):00020         * Added code to display dp/u offsets; added code to display fcb bytes
                      (1/cmds/disasm.asm):00021         * preceding eom; added code for z option (hex input disassembly);
                      (1/cmds/disasm.asm):00022         * added code to display date/time run
                      (1/cmds/disasm.asm):00023         *
                      (1/cmds/disasm.asm):00024         *          1993/01/23  L. Curtis Boyle
                      (1/cmds/disasm.asm):00025         * Added code to handle 6309 instruction set additions
                      (1/cmds/disasm.asm):00026         *
                      (1/cmds/disasm.asm):00027         *          2003/04/22  Rodney V. Hamilton
                      (1/cmds/disasm.asm):00028         * Added 4-digit year output.
                      (1/cmds/disasm.asm):00029         *
                      (1/cmds/disasm.asm):00030         *          2003/07/09  Rodney V. Hamilton
                      (1/cmds/disasm.asm):00031         * Changed output format of 6309 Bit commands.
                      (1/cmds/disasm.asm):00032         *
                      (1/cmds/disasm.asm):00033         *          2003/08/14  Rodney V. Hamilton
                      (1/cmds/disasm.asm):00034         * Added code to output "end" line
                      (1/cmds/disasm.asm):00035         *
                      (1/cmds/disasm.asm):00036         *          2004/03/11  Rodney V. Hamilton
                      (1/cmds/disasm.asm):00037         * Updated TFM register selection
                      (1/cmds/disasm.asm):00038         *
                      (1/cmds/disasm.asm):00039         *          2004/07/15  Robert Gault
                      (1/cmds/disasm.asm):00040         * Added code to indicate manual start and end for disassembly.
                      (1/cmds/disasm.asm):00041         *
                      (1/cmds/disasm.asm):00042         *          2004/08/08  Robert Gault
                      (1/cmds/disasm.asm):00043         * Changed getbyte routine to make "in memory" and disk i/o synchronize.
                      (1/cmds/disasm.asm):00044         * This also required a slight change to gotmod. Added testing so that manual
                      (1/cmds/disasm.asm):00045         * end/stop can't exceed module length. Almost have L lables working in Label
                      (1/cmds/disasm.asm):00046         * field. If there should be lables and you don't see them, use the s option
                      (1/cmds/disasm.asm):00047         * with s$0004$length_of_module. Then you should be able to use any values
                      (1/cmds/disasm.asm):00048         * for start/stop and the L labels will still be present.
                      (1/cmds/disasm.asm):00049         * Change in z option required by change in getbyte.
                      (1/cmds/disasm.asm):00050         * S option uses fake data size. Added minor changes suggested by R.V.H.
                      (1/cmds/disasm.asm):00051         *
                      (1/cmds/disasm.asm):00052         *         2005/10/13  Robert Gault
                      (1/cmds/disasm.asm):00053         * Forced to shrink labeltab size so that os9boot could be disassembled.
                      (1/cmds/disasm.asm):00054         *   6     2019/07/25  L. Curtis Boyle
                      (1/cmds/disasm.asm):00055         * Fixed bug where PSHU/PULU would try and push/pull U onto itself. (chk.f7)
                      (1/cmds/disasm.asm):00056         * Also, changed edition # since _so_ many changes (including 6309 support)
                      (1/cmds/disasm.asm):00057         *  have been added since edition 5
                      (1/cmds/disasm.asm):00058         *   6r1   2020/12/08  L. Curtis Boyle
                      (1/cmds/disasm.asm):00059         * Added I$ModDsc to I/O SWI2 call names
                      (1/cmds/disasm.asm):00060         
                      (1/cmds/disasm.asm):00061                             nam       Disasm
                      (1/cmds/disasm.asm):00062                             ttl       6809/6309 disassembler
                      (1/cmds/disasm.asm):00063         
                      (1/cmds/disasm.asm):00064                             ifp1
                      (1/cmds/disasm.asm):00065                             use       defsfile
                      (         defsfile):00001                   use    ../defsfile
     0001             (      ../defsfile):00001         Level    equ   1
                      (      ../defsfile):00002         
                      (      ../defsfile):00003                  use   os9.d
                      (            os9.d):00001                             IFNE      OS9.D-1
                      (            os9.d):00002         
     0001             (            os9.d):00003         OS9.D               SET       1
                      (            os9.d):00004         
                      (            os9.d):00005         ********************************************************************
                      (            os9.d):00006         * os9.d - NitrOS-9 System Definitions
                      (            os9.d):00007         *
                      (            os9.d):00008         * Edt/Rev  YYYY/MM/DD  Modified by
                      (            os9.d):00009         * Comment
                      (            os9.d):00010         * ------------------------------------------------------------------ 
                      (            os9.d):00011         *          1983/03/01
                      (            os9.d):00012         * Six new Status codes added: SS.BlkRd - SS.ELog.
                      (            os9.d):00013         *
                      (            os9.d):00014         *          1983/03/08
                      (            os9.d):00015         * New status code added: SS.SSig.
                      (            os9.d):00016         *
                      (            os9.d):00017         *          1983/04/21
                      (            os9.d):00018         * Added new F$ call for 7 day clock function for control level II.
                      (            os9.d):00019         *
                      (            os9.d):00020         *          1983/05/04  William G. Phelps
                      (            os9.d):00021         * F$CMDir service request added for NCM.
                      (            os9.d):00022         *
                      (            os9.d):00023         *          1983/06/29
                      (            os9.d):00024         * Added ProfFlag to init module offsets.
                      (            os9.d):00025         *
                      (            os9.d):00026         *          1983/07/12  Mark G. Hawkins
                      (            os9.d):00027         * Added SS.Atlas for CoCo.
                      (            os9.d):00028         *
                      (            os9.d):00029         *          1983/10/08  Robert E. Sorensen
                      (            os9.d):00030         * Added SS.Break for ACIA Break command.
                      (            os9.d):00031         *
                      (            os9.d):00032         *          1983/11/29
                      (            os9.d):00033         * Added SS.RsBit to reserve (not allocate in) bitmap sector.
                      (            os9.d):00034         *
                      (            os9.d):00035         *          1984/02/17
                      (            os9.d):00036         * Added reserved status codes for Hoshi and Gimix.
                      (            os9.d):00037         *
                      (            os9.d):00038         *          1984/03/07  Mark G. Hawkins
                      (            os9.d):00039         * Added SS.Cursr and SS.ScSiz for CoCo.
                      (            os9.d):00040         * Added New signal code S$Window ... CoCo future.
                      (            os9.d):00041         *
                      (            os9.d):00042         *          1984/04/11  Mark G. Hawkins
                      (            os9.d):00043         * Added SS.Sound for CoCo.
                      (            os9.d):00044         *
                      (            os9.d):00045         *          1984/05/05  Mark G. Hawkins
                      (            os9.d):00046         * Added label SS.SetMF to Gimix Reserved byte
                      (            os9.d):00047         * Changed SS.Sound to SS.KySns.
                      (            os9.d):00048         *
                      (            os9.d):00049         *          1985/05/24  Mark G. Hawkins
                      (            os9.d):00050         * Added SS.ComSt Communication Set (Parity,Baud).
                      (            os9.d):00051         *
                      (            os9.d):00052         *          1985/05/28  Tim A. Harris
                      (            os9.d):00053         * Added F$VIRQ for Virtual IRQ.
                      (            os9.d):00054         *
                      (            os9.d):00055         *          1985/07/30  Mark G. Hawkins
                      (            os9.d):00056         * Added SS.Open, SS.Close, SS.HngUP.
                      (            os9.d):00057         *
                      (            os9.d):00058         *          1985/07/30  Mark G. Hawkins
                      (            os9.d):00059         * Added E$HangUp error for CDC Lost.
                      (            os9.d):00060         *
                      (            os9.d):00061         *          1985/08/24  Doug J. Nicholson
                      (            os9.d):00062         * Added DT.NFM device type.
                      (            os9.d):00063         *
                      (            os9.d):00064         *          1985/06/20  Mark G. Hawkins
                      (            os9.d):00065         * Added SS.MAGBf, SS.SLCBf.
                      (            os9.d):00066         *
                      (            os9.d):00067         *          1985/08/29  Ken Mizuno
                      (            os9.d):00068         * Fixed DT.SBF/NFM values to 3/4.
                      (            os9.d):00069         *
                      (            os9.d):00070         *          1985/09/01  Ken Mizuno
                      (            os9.d):00071         * Added SS.FDInf, SS.Attr to accept 68K request thru NET.
                      (            os9.d):00072         *
                      (            os9.d):00073         *          1985/09/03  Ken Mizuno/Robert F. Doggett
                      (            os9.d):00074         * Eliminated E$BPrcID, made Error #238 become E$DNE for
                      (            os9.d):00075         * 68000 compatability.
                      (            os9.d):00076         *
                      (            os9.d):00077         *          1986/04/15  Mark G. Hawkins
                      (            os9.d):00078         * F$AlHRAM System call added for CoCo.
                      (            os9.d):00079         *
                      (            os9.d):00080         *          1986/09/08  Mark G. Hawkins
                      (            os9.d):00081         * F$Alarm for CoCo Clock Module.
                      (            os9.d):00082         *
                      (            os9.d):00083         *          1986/09/17  Mark G. Hawkins
                      (            os9.d):00084         * SS.Tone For CoCo.
                      (            os9.d):00085         *
                      (            os9.d):00086         *          1986/09/23  Mark G. Hawkins
                      (            os9.d):00087         * Added F$NMLink and F$NMLoad for CoCo.
                      (            os9.d):00088         *
                      (            os9.d):00089         *          1986/09/30  Mark G. Hawkins
                      (            os9.d):00090         * Added Reserved User $70 to $7f in system calls.
                      (            os9.d):00091         *
                      (            os9.d):00092         *          1986/09/30  Mark G. Hawkins
                      (            os9.d):00093         * Created Color Computer 3 Version of OS9Defs.
                      (            os9.d):00094         *
                      (            os9.d):00095         *          1998/10/03  Boisy G. Pitre
                      (            os9.d):00096         * Consolidated Level 1/Level 2 os9defs.
                      (            os9.d):00097         *
                      (            os9.d):00098         *          2002/04/04  Boisy G. Pitre
                      (            os9.d):00099         * Consolidated Level 2/Level 2 V3 os9defs.
                      (            os9.d):00100         *
                      (            os9.d):00101         *          2002/04/30  Boisy G. Pitre
                      (            os9.d):00102         * Added NitrOS-9 definitions.
                      (            os9.d):00103         *
                      (            os9.d):00104         *          2003/05/30  Boisy G. Pitre
                      (            os9.d):00105         * Added WD1002 sys vars to Level One section.
                      (            os9.d):00106         *
                      (            os9.d):00107         *          2003/06/02  Boisy G. Pitre
                      (            os9.d):00108         * Fixed incorrectly ordered D.X*** system globals for OS-9 Level One and
                      (            os9.d):00109         * changed the sizes from 2 to 3 bytes.
                      (            os9.d):00110         * DT.NFM is now the same for both Level One and Level Two.
                      (            os9.d):00111         * Added DT.CDFM type for future CD-ROM file manager
                      (            os9.d):00112         *
                      (            os9.d):00113         *          2003/11/05  Robert Gault
                      (            os9.d):00114         * Fixed MouseInf. Made it rmb 2 as it should be. Also changes to init and cc3io.
                      (            os9.d):00115         *
                      (            os9.d):00116         *              2005/11/02  P.Harvey-Smith
                      (            os9.d):00117         * Added definitions for boot areas on Dragon computers.
                      (            os9.d):00118         *
                      (            os9.d):00119         *              2006/03/03  Boisy G. Pitre
                      (            os9.d):00120         * Added F$Debug and D.DbgMem areas, common to all levels of NitrOS-9
                      (            os9.d):00121         *
                      (            os9.d):00122         *        2019/10/30  Bill Nobel, from discussions with L. Curtis Boyle
                      (            os9.d):00123         * Added I$ModDsc call (modify device descriptor in system memory) BN/LCB
                      (            os9.d):00124         *
                      (            os9.d):00125         *        2019/12/27 L. Curtis Boyle
                      (            os9.d):00126         * Added D.IRQTmp for faster temp vars (currently used in Krn F$Move/6809,
                      (            os9.d):00127         *   can be used elsewheres later, in small routines with IRQ's turned off).
                      (            os9.d):00128         *
                      (            os9.d):00129         *        2019/10/30  Bill Nobel, from discussions with L. Curtis Boyle
                      (            os9.d):00130         * Added S$FS2Sig & S$KQ3Sig (both $80) FS2 & KQ3 (VRN) signal codes added (LCB).
                      (            os9.d):00131         
                      (            os9.d):00132                             NAM       os9.d
                      (            os9.d):00133                             IFEQ      Level-1
                      (            os9.d):00134                             TTL       NitrOS-9            Level 1 System Symbol Definitions
                      (            os9.d):00135                             ELSE
                      (            os9.d):00136                             IFEQ      Level-2
                      (            os9.d):00137                             TTL       NitrOS-9            Level 2 System Symbol Definitions
                      (            os9.d):00138                             ELSE
                      (            os9.d):00139                             TTL       NitrOS-9            Level 3 System Symbol Definitions
                      (            os9.d):00140                             ENDC
                      (            os9.d):00141                             ENDC
                      (            os9.d):00142         
                      (            os9.d):00143         * Common definitions
     0001             (            os9.d):00144         true                EQU       1                   useful name
     0000             (            os9.d):00145         false               EQU       0                   useful name
                      (            os9.d):00146         
                      (            os9.d):00147                             PAG
                      (            os9.d):00148         *****************************************
                      (            os9.d):00149         * System Service Request Code Definitions
                      (            os9.d):00150         *
                      (            os9.d):00151                             ORG       0
0000                  (            os9.d):00152         F$Link              RMB       1                   Link to Module
0001                  (            os9.d):00153         F$Load              RMB       1                   Load Module from File
0002                  (            os9.d):00154         F$UnLink            RMB       1                   Unlink Module
0003                  (            os9.d):00155         F$Fork              RMB       1                   Start New Process
0004                  (            os9.d):00156         F$Wait              RMB       1                   Wait for Child Process to Die
0005                  (            os9.d):00157         F$Chain             RMB       1                   Chain Process to New Module
0006                  (            os9.d):00158         F$Exit              RMB       1                   Terminate Process
0007                  (            os9.d):00159         F$Mem               RMB       1                   Set Memory Size
0008                  (            os9.d):00160         F$Send              RMB       1                   Send Signal to Process
0009                  (            os9.d):00161         F$Icpt              RMB       1                   Set Signal Intercept
000A                  (            os9.d):00162         F$Sleep             RMB       1                   Suspend Process
000B                  (            os9.d):00163         F$SSpd              RMB       1                   Suspend Process
000C                  (            os9.d):00164         F$ID                RMB       1                   Return Process ID
000D                  (            os9.d):00165         F$SPrior            RMB       1                   Set Process Priority
000E                  (            os9.d):00166         F$SSWI              RMB       1                   Set Software Interrupt
000F                  (            os9.d):00167         F$PErr              RMB       1                   Print Error
0010                  (            os9.d):00168         F$PrsNam            RMB       1                   Parse Pathlist Name
0011                  (            os9.d):00169         F$CmpNam            RMB       1                   Compare Two Names
0012                  (            os9.d):00170         F$SchBit            RMB       1                   Search Bit Map
0013                  (            os9.d):00171         F$AllBit            RMB       1                   Allocate in Bit Map
0014                  (            os9.d):00172         F$DelBit            RMB       1                   Deallocate in Bit Map
0015                  (            os9.d):00173         F$Time              RMB       1                   Get Current Time
0016                  (            os9.d):00174         F$STime             RMB       1                   Set Current Time
0017                  (            os9.d):00175         F$CRC               RMB       1                   Generate CRC ($17)
                      (            os9.d):00176         
                      (            os9.d):00177                             IFGT      Level-1
                      (            os9.d):00178         
                      (            os9.d):00179         * NitrOS-9 Level 2 system calls
0018                  (            os9.d):00180         F$GPrDsc            RMB       1                   Get Process Descriptor copy ($18)
0018                  (            os9.d):00181         F$GBlkMp            RMB       1                   Get System Block Map copy ($19)
0018                  (            os9.d):00182         F$GModDr            RMB       1                   Get Module Directory copy ($1A)
0018                  (            os9.d):00183         F$CpyMem            RMB       1                   Copy External Memory ($1B)
0018                  (            os9.d):00184         F$SUser             RMB       1                   Set User ID number ($1C)
0018                  (            os9.d):00185         F$UnLoad            RMB       1                   Unlink Module by name ($1D)
0018                  (            os9.d):00186         F$Alarm             RMB       1                   Color Computer 3 Alarm Call ($1E)
                      (            os9.d):00187                             RMB       2                   Reserved - For overlap of other systems ($1F)
0018                  (            os9.d):00188         F$NMLink            RMB       1                   Color Computer 3 Non-Mapping Link ($21)
0018                  (            os9.d):00189         F$NMLoad            RMB       1                   Color Computer 3 Non-Mapping Load ($22)
                      (            os9.d):00190         
                      (            os9.d):00191                             ELSE
                      (            os9.d):00192         
                      (            os9.d):00193         * NitrOS-9 Level 1 system call padding
0018                  (            os9.d):00194                             RMB       11
                      (            os9.d):00195         
                      (            os9.d):00196                             ENDC
                      (            os9.d):00197         
0023                  (            os9.d):00198         F$Debug             RMB       1                   Drop the system into the debugger ($23)
                      (            os9.d):00199         
                      (            os9.d):00200                             IFGT      Level-1
                      (            os9.d):00201         
                      (            os9.d):00202                             ORG       $25
0024                  (            os9.d):00203         F$TPS               RMB       1                   Return System's Ticks Per Second
0024                  (            os9.d):00204         F$TimAlm            RMB       1                   CoCo individual process alarm call
                      (            os9.d):00205         
                      (            os9.d):00206                             ENDC
                      (            os9.d):00207         
                      (            os9.d):00208                             ORG       $27                 Beginning of System Reserved Calls
                      (            os9.d):00209         * NitrOS-9 common system calls
0027                  (            os9.d):00210         F$VIRQ              RMB       1                   Install/Delete Virtual IRQ
0028                  (            os9.d):00211         F$SRqMem            RMB       1                   System Memory Request
0029                  (            os9.d):00212         F$SRtMem            RMB       1                   System Memory Return
002A                  (            os9.d):00213         F$IRQ               RMB       1                   Enter IRQ Polling Table
002B                  (            os9.d):00214         F$IOQu              RMB       1                   Enter I/O Queue
002C                  (            os9.d):00215         F$AProc             RMB       1                   Enter Active Process Queue
002D                  (            os9.d):00216         F$NProc             RMB       1                   Start Next Process
002E                  (            os9.d):00217         F$VModul            RMB       1                   Validate Module
002F                  (            os9.d):00218         F$Find64            RMB       1                   Find Process/Path Descriptor
0030                  (            os9.d):00219         F$All64             RMB       1                   Allocate Process/Path Descriptor
0031                  (            os9.d):00220         F$Ret64             RMB       1                   Return Process/Path Descriptor
0032                  (            os9.d):00221         F$SSvc              RMB       1                   Service Request Table Initialization
0033                  (            os9.d):00222         F$IODel             RMB       1                   Delete I/O Module
                      (            os9.d):00223         
                      (            os9.d):00224                             IFGT      Level-1
                      (            os9.d):00225         
0034                  (            os9.d):00226         F$SLink             RMB       1                   System Link
0034                  (            os9.d):00227         F$Boot              RMB       1                   Bootstrap System
0034                  (            os9.d):00228         F$BtMem             RMB       1                   Bootstrap Memory Request
0034                  (            os9.d):00229         F$GProcP            RMB       1                   Get Process ptr
0034                  (            os9.d):00230         F$Move              RMB       1                   Move Data (low bound first)
0034                  (            os9.d):00231         F$AllRAM            RMB       1                   Allocate RAM blocks
0034                  (            os9.d):00232         F$AllImg            RMB       1                   Allocate Image RAM blocks
0034                  (            os9.d):00233         F$DelImg            RMB       1                   Deallocate Image RAM blocks
0034                  (            os9.d):00234         F$SetImg            RMB       1                   Set Process DAT Image
0034                  (            os9.d):00235         F$FreeLB            RMB       1                   Get Free Low Block
0034                  (            os9.d):00236         F$FreeHB            RMB       1                   Get Free High Block
0034                  (            os9.d):00237         F$AllTsk            RMB       1                   Allocate Process Task number
0034                  (            os9.d):00238         F$DelTsk            RMB       1                   Deallocate Process Task number
0034                  (            os9.d):00239         F$SetTsk            RMB       1                   Set Process Task DAT registers
0034                  (            os9.d):00240         F$ResTsk            RMB       1                   Reserve Task number
0034                  (            os9.d):00241         F$RelTsk            RMB       1                   Release Task number
0034                  (            os9.d):00242         F$DATLog            RMB       1                   Convert DAT Block/Offset to Logical
0034                  (            os9.d):00243         F$DATTmp            RMB       1                   Make temporary DAT image (Obsolete)
0034                  (            os9.d):00244         F$LDAXY             RMB       1                   Load A [X,[Y]]
0034                  (            os9.d):00245         F$LDAXYP            RMB       1                   Load A [X+,[Y]]
0034                  (            os9.d):00246         F$LDDDXY            RMB       1                   Load D [D+X,[Y]]
0034                  (            os9.d):00247         F$LDABX             RMB       1                   Load A from 0,X in task B
0034                  (            os9.d):00248         F$STABX             RMB       1                   Store A at 0,X in task B
0034                  (            os9.d):00249         F$AllPrc            RMB       1                   Allocate Process Descriptor
0034                  (            os9.d):00250         F$DelPrc            RMB       1                   Deallocate Process Descriptor
0034                  (            os9.d):00251         F$ELink             RMB       1                   Link using Module Directory Entry
0034                  (            os9.d):00252         F$FModul            RMB       1                   Find Module Directory Entry
0034                  (            os9.d):00253         F$MapBlk            RMB       1                   Map Specific Block
0034                  (            os9.d):00254         F$ClrBlk            RMB       1                   Clear Specific Block
0034                  (            os9.d):00255         F$DelRAM            RMB       1                   Deallocate RAM blocks
0034                  (            os9.d):00256         F$GCMDir            RMB       1                   Pack module directory
0034                  (            os9.d):00257         F$AlHRAM            RMB       1                   Allocate HIGH RAM Blocks
                      (            os9.d):00258         
                      (            os9.d):00259         * Alan DeKok additions
0034                  (            os9.d):00260         F$ReBoot            RMB       1                   Reboot machine (reload OS9Boot) or drop to RSDOS
0034                  (            os9.d):00261         F$CRCMod            RMB       1                   CRC mode, toggle or report current status
0034                  (            os9.d):00262         F$XTime             RMB       1                   Get Extended time packet from RTC (fractions of second)
0034                  (            os9.d):00263         F$VBlock            RMB       1                   Verify modules in a block of memory, add to module directory
                      (            os9.d):00264         
                      (            os9.d):00265                             ENDC
                      (            os9.d):00266         
                      (            os9.d):00267         *
                      (            os9.d):00268         * Numbers $70 through $7F are reserved for user definitions
                      (            os9.d):00269         *
                      (            os9.d):00270                             ORG       $70
                      (            os9.d):00271         
                      (            os9.d):00272                             IFEQ      Level-1
                      (            os9.d):00273         
0070                  (            os9.d):00274                             RMB       16                  Reserved for user definition
                      (            os9.d):00275         
                      (            os9.d):00276                             ELSE
                      (            os9.d):00277         
0080                  (            os9.d):00278         F$RegDmp            RMB       1                   Ron Lammardo's debugging register dump
0080                  (            os9.d):00279         F$NVRAM             RMB       1                   Non Volatile RAM (RTC battery backed static) read/write
                      (            os9.d):00280         
                      (            os9.d):00281                             RMB       $80-.               Reserved for user definitions
                      (            os9.d):00282                             ENDC
                      (            os9.d):00283         
                      (            os9.d):00284                             PAG
                      (            os9.d):00285         **************************************
                      (            os9.d):00286         * I/O Service Request Code Definitions
                      (            os9.d):00287         *
                      (            os9.d):00288                             ORG       $80
0080                  (            os9.d):00289         I$Attach            RMB       1                   Attach I/O Device
0081                  (            os9.d):00290         I$Detach            RMB       1                   Detach I/O Device
0082                  (            os9.d):00291         I$Dup               RMB       1                   Duplicate Path
0083                  (            os9.d):00292         I$Create            RMB       1                   Create New File
0084                  (            os9.d):00293         I$Open              RMB       1                   Open Existing File
0085                  (            os9.d):00294         I$MakDir            RMB       1                   Make Directory File
0086                  (            os9.d):00295         I$ChgDir            RMB       1                   Change Default Directory
0087                  (            os9.d):00296         I$Delete            RMB       1                   Delete File
0088                  (            os9.d):00297         I$Seek              RMB       1                   Change Current Position
0089                  (            os9.d):00298         I$Read              RMB       1                   Read Data
008A                  (            os9.d):00299         I$Write             RMB       1                   Write Data
008B                  (            os9.d):00300         I$ReadLn            RMB       1                   Read Line of ASCII Data
008C                  (            os9.d):00301         I$WritLn            RMB       1                   Write Line of ASCII Data
008D                  (            os9.d):00302         I$GetStt            RMB       1                   Get Path Status
008E                  (            os9.d):00303         I$SetStt            RMB       1                   Set Path Status
008F                  (            os9.d):00304         I$Close             RMB       1                   Close Path
0090                  (            os9.d):00305         I$DeletX            RMB       1                   Delete from current exec dir
0091                  (            os9.d):00306         I$ModDsc            RMB       1                   Modify SCF/RBF Descriptor in Memory
                      (            os9.d):00307         
                      (            os9.d):00308         *******************
                      (            os9.d):00309         * File Access Modes
                      (            os9.d):00310         *
     0001             (            os9.d):00311         READ.               EQU       %00000001
     0002             (            os9.d):00312         WRITE.              EQU       %00000010
     0003             (            os9.d):00313         UPDAT.              EQU       READ.+WRITE.
     0004             (            os9.d):00314         EXEC.               EQU       %00000100
     0008             (            os9.d):00315         PREAD.              EQU       %00001000
     0010             (            os9.d):00316         PWRIT.              EQU       %00010000
     0020             (            os9.d):00317         PEXEC.              EQU       %00100000
     0040             (            os9.d):00318         SHARE.              EQU       %01000000
     0080             (            os9.d):00319         DIR.                EQU       %10000000
     0020             (            os9.d):00320         ISIZ.               EQU       %00100000
                      (            os9.d):00321         
                      (            os9.d):00322         **************
                      (            os9.d):00323         * Signal Codes
                      (            os9.d):00324         *
                      (            os9.d):00325                             ORG       0
0000                  (            os9.d):00326         S$Kill              RMB       1                   Non-Interceptable Abort
0001                  (            os9.d):00327         S$Wake              RMB       1                   Wake-up Sleeping Process
0002                  (            os9.d):00328         S$Abort             RMB       1                   Keyboard Abort
0003                  (            os9.d):00329         S$Intrpt            RMB       1                   Keyboard Interrupt
0004                  (            os9.d):00330         S$Window            RMB       1                   Window Change
     0004             (            os9.d):00331         S$HUP               EQU       S$Window            Hang Up
0005                  (            os9.d):00332         S$Alarm             RMB       1                   CoCo individual process' alarm signal
                      (            os9.d):00333         
                      (            os9.d):00334                             ifgt      Level-1
                      (            os9.d):00335                             ORG       $80
0006                  (            os9.d):00336         S$FS2Sig            RMB       1                   FS2 VIRQ Signal code (VRN)
0006                  (            os9.d):00337         S$KQ3Sig            EQU       S$FS2Sig            KQ3 VIRQ Signal code (VRN)
                      (            os9.d):00338                             endc
                      (            os9.d):00339         
                      (            os9.d):00340                             PAG
                      (            os9.d):00341         **********************************
                      (            os9.d):00342         * Status Codes for GetStat/GetStat
                      (            os9.d):00343         *
                      (            os9.d):00344                             ORG       0
0000                  (            os9.d):00345         SS.Opt              RMB       1                   Read/Write PD Options
0001                  (            os9.d):00346         SS.Ready            RMB       1                   Check for Device Ready
0002                  (            os9.d):00347         SS.Size             RMB       1                   Read/Write File Size
0003                  (            os9.d):00348         SS.Reset            RMB       1                   Device Restore
0004                  (            os9.d):00349         SS.WTrk             RMB       1                   Device Write Track
0005                  (            os9.d):00350         SS.Pos              RMB       1                   Get File Current Position
0006                  (            os9.d):00351         SS.EOF              RMB       1                   Test for End of File
0007                  (            os9.d):00352         SS.Link             RMB       1                   Link to Status routines
0008                  (            os9.d):00353         SS.ULink            RMB       1                   Unlink Status routines
0009                  (            os9.d):00354         SS.Feed             RMB       1                   Issue form feed
000A                  (            os9.d):00355         SS.Frz              RMB       1                   Freeze DD. information
000B                  (            os9.d):00356         SS.SPT              RMB       1                   Set DD.TKS to given value
000C                  (            os9.d):00357         SS.SQD              RMB       1                   Sequence down hard disk
000D                  (            os9.d):00358         SS.DCmd             RMB       1                   Send direct command to disk
000E                  (            os9.d):00359         SS.DevNm            RMB       1                   Return Device name (32-bytes at [X])
000F                  (            os9.d):00360         SS.FD               RMB       1                   Return File Descriptor (Y-bytes at [X])
0010                  (            os9.d):00361         SS.Ticks            RMB       1                   Set Lockout honor duration
0011                  (            os9.d):00362         SS.Lock             RMB       1                   Lock/Release record
0012                  (            os9.d):00363         SS.DStat            RMB       1                   Return Display Status (CoCo)
0013                  (            os9.d):00364         SS.Joy              RMB       1                   Return Joystick Value (CoCo)
0014                  (            os9.d):00365         SS.BlkRd            RMB       1                   Block Read
0015                  (            os9.d):00366         SS.BlkWr            RMB       1                   Block Write
0016                  (            os9.d):00367         SS.Reten            RMB       1                   Retension cycle
0017                  (            os9.d):00368         SS.WFM              RMB       1                   Write File Mark
0018                  (            os9.d):00369         SS.RFM              RMB       1                   Read past File Mark
0019                  (            os9.d):00370         SS.ELog             RMB       1                   Read Error Log
001A                  (            os9.d):00371         SS.SSig             RMB       1                   Send signal on data ready
001B                  (            os9.d):00372         SS.Relea            RMB       1                   Release device
001C                  (            os9.d):00373         SS.AlfaS            RMB       1                   Return Alfa Display Status (CoCo, SCF/GetStat)
     001C             (            os9.d):00374         SS.Attr             EQU       SS.AlfaS            To serve 68K/RBF/SetStat only, thru NET
001D                  (            os9.d):00375         SS.Break            RMB       1                   Send break signal out acia
001E                  (            os9.d):00376         SS.RsBit            RMB       1                   Reserve bitmap sector (do not allocate in) LSB(X)=sct#
001F                  (            os9.d):00377                             RMB       1                   Reserved
     0020             (            os9.d):00378         SS.FDInf            EQU       $20                 To serve 68K/RBF/GetStat only, thru NET
0020                  (            os9.d):00379         SS.DirEnt           RMB       1                   Reserve bitmap sector (do not allocate in) LSB(X)=sct#
0021                  (            os9.d):00380                             RMB       3                   Reserve $20-$23 for Japanese version (Hoshi)
0024                  (            os9.d):00381         SS.SetMF            RMB       1                   Reserve $24 for Gimix G68 (Flex compatability?)
0025                  (            os9.d):00382         SS.Cursr            RMB       1                   Cursor information for COCO
0026                  (            os9.d):00383         SS.ScSiz            RMB       1                   Return screen size for COCO
0027                  (            os9.d):00384         SS.KySns            RMB       1                   Getstat/SetStat for COCO keyboard
0028                  (            os9.d):00385         SS.ComSt            RMB       1                   Getstat/SetStat for Baud/Parity
0029                  (            os9.d):00386         SS.Open             RMB       1                   SetStat to tell driver a path was opened
002A                  (            os9.d):00387         SS.Close            RMB       1                   SetStat to tell driver a path was closed
002B                  (            os9.d):00388         SS.HngUp            RMB       1                   SetStat to tell driver to hangup phone
002C                  (            os9.d):00389         SS.FSig             RMB       1                   New signal for temp locked files
     0026             (            os9.d):00390         SS.DSize            EQU       SS.ScSiz            Return disk size (RBF GetStat)
     0012             (            os9.d):00391         SS.VarSect          EQU       SS.DStat            Variable Sector Size (RBF GetStat)
                      (            os9.d):00392         
                      (            os9.d):00393         * System Specific and User defined codes above $80
                      (            os9.d):00394                             ORG       $80
0080                  (            os9.d):00395         SS.AAGBf            RMB       1                   SetStat to Allocate Additional Graphic Buffer
0081                  (            os9.d):00396         SS.SLGBf            RMB       1                   SetStat to Select a different Graphic Buffer
0082                  (            os9.d):00397         SS.Mount            RMB       1                   Network 4 Mount Setstat
0083                  (            os9.d):00398         SS.RdNet            RMB       1                   Read Raw Sector from Network 4 Omnidrive
0084                  (            os9.d):00399         SS.MpGPB            RMB       1                   SetStat to request a Get/Put Buffer be mapped in workspace
0085                  (            os9.d):00400         SS.Slots            RMB       1                   Network 4 slots? getstat
                      (            os9.d):00401         
                      (            os9.d):00402         *               IFGT      Level-1
                      (            os9.d):00403                             IFNE      1
                      (            os9.d):00404         * Level 2 Windowing
0086                  (            os9.d):00405         SS.WnSet            RMB       1                   Set up High Level Windowing Information
0087                  (            os9.d):00406         SS.MnSel            RMB       1                   Request High level Menu Handler take determine next event
0088                  (            os9.d):00407         SS.SBar             RMB       1                   SetStat to set position block on Window scroll bars
0089                  (            os9.d):00408         SS.Mouse            RMB       1                   Return Mouse information packet (COCO)
008A                  (            os9.d):00409         SS.MsSig            RMB       1                   SetStat to tell driver to send signal on mouse event
008B                  (            os9.d):00410         SS.AScrn            RMB       1                   Allocate a screen for application poking
008C                  (            os9.d):00411         SS.DScrn            RMB       1                   Display a screen allocated by SS.AScrn
008D                  (            os9.d):00412         SS.FScrn            RMB       1                   Free a screen allocated by SS.AScrn
008E                  (            os9.d):00413         SS.PScrn            RMB       1                   Polymorph Screen into different screen type
008F                  (            os9.d):00414         SS.ScInf            RMB       1                   Get Current screen info for direct writes
0090                  (            os9.d):00415                             RMB       1                   Reserved
0091                  (            os9.d):00416         SS.Palet            RMB       1                   Return palette information
0092                  (            os9.d):00417         SS.Montr            RMB       1                   Get and Set Monitor Type
0093                  (            os9.d):00418         SS.ScTyp            RMB       1                   Get screen type information
0094                  (            os9.d):00419         SS.GIP              RMB       1                   Global Input Parameters (SetStat)
0095                  (            os9.d):00420         SS.UMBar            RMB       1                   update menu bar (SetStat)
0096                  (            os9.d):00421         SS.FBRgs            RMB       1                   return color registers (GetStat)
0097                  (            os9.d):00422         SS.DfPal            RMB       1                   set/return default palette registers (Getstat/Setstat)
0098                  (            os9.d):00423         SS.Tone             RMB       1                   Generate a tone using 6 bit sound
0099                  (            os9.d):00424         SS.GIP2             RMB       1                   Global Input Params #2 (L2V3)
009A                  (            os9.d):00425         SS.AnPal            RMB       1                   Animate palettes (L2V3)
009B                  (            os9.d):00426         SS.FndBf            RMB       1                   Find named buffer (L2V3)
                      (            os9.d):00427         
                      (            os9.d):00428         * sc6551 defined
     0099             (            os9.d):00429         SS.CDSta            EQU       SS.GIP2
     009A             (            os9.d):00430         SS.CDSig            EQU       SS.AnPal
     009B             (            os9.d):00431         SS.CDRel            EQU       SS.FndBf
                      (            os9.d):00432                             ELSE
                      (            os9.d):00433         * These are wide open in Level 1
                      (            os9.d):00434                             RMB       19
                      (            os9.d):00435         
                      (            os9.d):00436         * sc6551 defined
009C                  (            os9.d):00437         SS.CDSta            RMB       1
009C                  (            os9.d):00438         SS.CDSig            RMB       1
009C                  (            os9.d):00439         SS.CDRel            RMB       1
                      (            os9.d):00440                             ENDC
                      (            os9.d):00441         
                      (            os9.d):00442                             ORG       $A0
                      (            os9.d):00443         *
                      (            os9.d):00444         * New Default SCF input buffer Set status call
00A0                  (            os9.d):00445         SS.Fill             RMB       1                   Pre-load SCF device input buffer
00A1                  (            os9.d):00446         SS.Hist             RMB       1                   Enable command-line history easily
                      (            os9.d):00447         
                      (            os9.d):00448         
                      (            os9.d):00449                             ORG       $B0
                      (            os9.d):00450         *
                      (            os9.d):00451         * New WDDisk get/set status calls
00B0                  (            os9.d):00452         SS.ECC              RMB       1                   ECC corrected data error enable/disable (GetStat/SetStat)
                      (            os9.d):00453         
                      (            os9.d):00454         *
                      (            os9.d):00455                             IFGT      Level-1
                      (            os9.d):00456         
                      (            os9.d):00457         * VRN get/set status calls.  Named by Alan DeKok.
00B1                  (            os9.d):00458         SS.VCtr             EQU       $80                 Return FS2 total VIRQ counter
00B1                  (            os9.d):00459         SS.VSig             EQU       $81                 Return FS2 number of signals sent
                      (            os9.d):00460         
00B1                  (            os9.d):00461         SS.FClr             EQU       $81                 Set/clear FS2 VIRQ
00B1                  (            os9.d):00462         SS.FSet             EQU       $C7                 Set FS2+ VIRQ
00B1                  (            os9.d):00463         SS.KSet             EQU       $C8                 Set KQ3 VIRQ
00B1                  (            os9.d):00464         SS.KClr             EQU       $C9                 Clr KQ3 VIRQ
00B1                  (            os9.d):00465         SS.ARAM             EQU       $CA                 Allocate RAM blocks
00B1                  (            os9.d):00466         SS.DRAM             EQU       $CB                 De-allocate RAM blocks
                      (            os9.d):00467         
                      (            os9.d):00468         * SDisk 3 Definition Equates
00B1                  (            os9.d):00469         SS.DRead            EQU       SS.AAGBf            SDisk3 Direct Sector Read ($80)
00B1                  (            os9.d):00470         SS.DWrit            EQU       SS.DRead            SDisk3 Direct sector Write ($80)
00B1                  (            os9.d):00471         SS.UnFrz            EQU       SS.SLGBf            SDisk3 UNFreeze DD info ($81)
00B1                  (            os9.d):00472         SS.MOFF             EQU       SS.Mount            SDisk3 fast motor off call ($82)
00B1                  (            os9.d):00473         SS.MoTim            EQU       SS.RdNet            SDisk3 Set motor shut off time ($83)
00B1                  (            os9.d):00474         SS.SDRD             EQU       SS.MpGPB            SDisk3 System direct read ($84)
00B1                  (            os9.d):00475         SS.SDWRT            EQU       SS.SDRD             SDisk3 System direct writes ($84)
00B1                  (            os9.d):00476         SS.Sleep            EQU       SS.Slots            SDisk3 (DMC ONLY) Enable/disable F$Sleep calls in read/write 1773 I/O ($85)
00B1                  (            os9.d):00477         SS.DrvCh            EQU       SS.WnSet            SDisk3 (DMC ONLY) Set drive number to cache, or return drive number being cached ($86)
                      (            os9.d):00478         
                      (            os9.d):00479                             ENDC
                      (            os9.d):00480         
                      (            os9.d):00481                             TTL       Direct              Page Definitions
                      (            os9.d):00482                             PAG
                      (            os9.d):00483         
                      (            os9.d):00484         **********************************
                      (            os9.d):00485         * Direct Page Variable Definitions
                      (            os9.d):00486         *
                      (            os9.d):00487                             ORG       $00
0000                  (            os9.d):00488         D.WDAddr            RMB       2                   FHL/Isted WD1002-05 interface base address
0002                  (            os9.d):00489         D.WDBtDr            RMB       1                   FHL/Isted WD1002-05 boot physical device drive num.
0003                  (            os9.d):00490         D.SWPage            RMB       1                   SmartWatch page # (see clock2_smart)
0004                  (            os9.d):00491                             RMB       5
0009                  (            os9.d):00492         D.COCOXT            RMB       1                   Busy flag for CoCo-XT driver (one drive at a time)
000A                  (            os9.d):00493         D.DbgMem            RMB       2                   Debug memory pointer
000C                  (            os9.d):00494         D.DWSubAddr         RMB       2                   DriveWire subroutine module pointer
000E                  (            os9.d):00495         D.DWStat            RMB       2                   DriveWire statics page
0010                  (            os9.d):00496         D.DWSrvID           RMB       1                   DriveWire server ID
0011                  (            os9.d):00497         D.IRQTmp            RMB       2                   1 or 2 byte DP scratch var (for when IRQ's are off)
                      (            os9.d):00498         
                      (            os9.d):00499                             ORG       $20
                      (            os9.d):00500         
                      (            os9.d):00501                             IFEQ      Level-1
                      (            os9.d):00502         
                      (            os9.d):00503         * Level 1 DP vars
0020                  (            os9.d):00504         D.FMBM              RMB       4                   Free memory bit map pointers
0024                  (            os9.d):00505         D.MLIM              RMB       2                   Memory limit $24
0026                  (            os9.d):00506         D.ModDir            RMB       4                   Module directory $26
002A                  (            os9.d):00507         D.Init              RMB       2                   Rom base address $2A
002C                  (            os9.d):00508         D.SWI3              RMB       2                   Swi3 vector $2C
002E                  (            os9.d):00509         D.SWI2              RMB       2                   Swi2 vector $2E
0030                  (            os9.d):00510         D.FIRQ              RMB       2                   Firq vector $30
0032                  (            os9.d):00511         D.IRQ               RMB       2                   Irq vector $32
0034                  (            os9.d):00512         D.SWI               RMB       2                   Swi vector $34
0036                  (            os9.d):00513         D.NMI               RMB       2                   Nmi vector $36
0038                  (            os9.d):00514         D.SvcIRQ            RMB       2                   Interrupt service entry $38
003A                  (            os9.d):00515         D.Poll              RMB       2                   Interrupt polling routine $3A
003C                  (            os9.d):00516         D.UsrIRQ            RMB       2                   User irq routine $3C
003E                  (            os9.d):00517         D.SysIRQ            RMB       2                   System irq routine $3E
0040                  (            os9.d):00518         D.UsrSvc            RMB       2                   User service request routine $40
0042                  (            os9.d):00519         D.SysSvc            RMB       2                   System service request routine $42
0044                  (            os9.d):00520         D.UsrDis            RMB       2                   User service request dispatch table
0046                  (            os9.d):00521         D.SysDis            RMB       2                   System service reuest dispatch table
0048                  (            os9.d):00522         D.Slice             RMB       1                   Process time slice count $48
0049                  (            os9.d):00523         D.PrcDBT            RMB       2                   Process descriptor block address  $49
004B                  (            os9.d):00524         D.Proc              RMB       2                   Process descriptor address $4B
004D                  (            os9.d):00525         D.AProcQ            RMB       2                   Active process queue $4D
004F                  (            os9.d):00526         D.WProcQ            RMB       2                   Waiting process queue $4F
0051                  (            os9.d):00527         D.SProcQ            RMB       2                   Sleeping process queue $51
     0053             (            os9.d):00528         D.Time              EQU       .                   Time
0053                  (            os9.d):00529         D.Year              RMB       1                   $53
0054                  (            os9.d):00530         D.Month             RMB       1                   $54
0055                  (            os9.d):00531         D.Day               RMB       1                   $55
0056                  (            os9.d):00532         D.Hour              RMB       1                   $56
0057                  (            os9.d):00533         D.Min               RMB       1                   $57
0058                  (            os9.d):00534         D.Sec               RMB       1                   $58
0059                  (            os9.d):00535         D.Tick              RMB       1                   $59
005A                  (            os9.d):00536         D.TSec              RMB       1                   Ticks / second $5A
005B                  (            os9.d):00537         D.TSlice            RMB       1                   Ticks / time-slice $5B
005C                  (            os9.d):00538         D.IOML              RMB       2                   I/O mgr free memory low bound $5C
005E                  (            os9.d):00539         D.IOMH              RMB       2                   I/O mgr free memory hi  bound $5E
0060                  (            os9.d):00540         D.DevTbl            RMB       2                   Device driver table addr $60
0062                  (            os9.d):00541         D.PolTbl            RMB       2                   Irq polling table addr $62
0064                  (            os9.d):00542         D.PthDBT            RMB       2                   Path descriptor block table addr $64
0066                  (            os9.d):00543         D.BTLO              RMB       2                   Bootstrap low address $66
0068                  (            os9.d):00544         D.BTHI              RMB       2                   Bootstrap hi address $68
006A                  (            os9.d):00545         D.DMAReq            RMB       1                   DMA in use flag $6A
006B                  (            os9.d):00546         D.AltIRQ            RMB       2                   Alternate IRQ vector (CC) $6B
006D                  (            os9.d):00547         D.KbdSta            RMB       2                   Keyboard scanner static storage (CC) $6D
006F                  (            os9.d):00548         D.DskTmr            RMB       2                   Disk Motor Timer (CC) $6F
0071                  (            os9.d):00549         D.CBStrt            RMB       16                  reserved for CC warmstart ($71)
0081                  (            os9.d):00550         D.Clock             RMB       2                   Address of Clock Tick Routine (CC) $81
0083                  (            os9.d):00551         D.Boot              RMB       1                   Bootstrap attempted flag
0084                  (            os9.d):00552         D.URtoSs            RMB       2                   address of user to system routine (VIRQ) $84
0086                  (            os9.d):00553         D.CLTb              RMB       2                   Pointer to clock interrupt table (VIRQ) $86
0088                  (            os9.d):00554         D.MDREG             RMB       1                   6309 MD (mode) shadow register $88 (added in V2.01.00)
0089                  (            os9.d):00555         D.CRC               RMB       1                   CRC checking mode flag $89 (added in V2.01.00)
008A                  (            os9.d):00556         D.Clock2            RMB       2                   CC Clock2 entry address
                      (            os9.d):00557         
                      (            os9.d):00558                             ORG       $100
                      (            os9.d):00559         *D.XSWI3        RMB       3
                      (            os9.d):00560         *D.XSWI2        RMB       3
                      (            os9.d):00561         *D.XFIRQ        RMB       3
                      (            os9.d):00562         *D.XIRQ         RMB       3
                      (            os9.d):00563         *D.XSWI         RMB       3
                      (            os9.d):00564         *D.XNMI         RMB       3
                      (            os9.d):00565         
0100                  (            os9.d):00566         D.XSWI3             RMB       3
0103                  (            os9.d):00567         D.XSWI2             RMB       3
0106                  (            os9.d):00568         D.XSWI              RMB       3
0109                  (            os9.d):00569         D.XNMI              RMB       3
010C                  (            os9.d):00570         D.XIRQ              RMB       3
010F                  (            os9.d):00571         D.XFIRQ             RMB       3
                      (            os9.d):00572         
                      (            os9.d):00573         * Table Sizes
     0020             (            os9.d):00574         BMAPSZ              EQU       32                  Bitmap table size
     0002             (            os9.d):00575         SVCTNM              EQU       2                   Number of service request tables
     006E             (            os9.d):00576         SVCTSZ              EQU       (256-BMAPSZ)/SVCTNM-2 Service request table size
                      (            os9.d):00577         
                      (            os9.d):00578                             ELSE
                      (            os9.d):00579         
                      (            os9.d):00580         * Level 2 DP vars
0112                  (            os9.d):00581         D.Tasks             RMB       2                   Task User Table
0112                  (            os9.d):00582         D.TmpDAT            RMB       2                   Temporary DAT Image stack
0112                  (            os9.d):00583         D.Init              RMB       2                   Initialization Module ptr
0112                  (            os9.d):00584         D.Poll              RMB       2                   Interrupt Polling Routine ptr
0112                  (            os9.d):00585         D.Time              EQU       .                   System Time
0112                  (            os9.d):00586         D.Year              RMB       1
0112                  (            os9.d):00587         D.Month             RMB       1
0112                  (            os9.d):00588         D.Day               RMB       1
0112                  (            os9.d):00589         D.Hour              RMB       1
0112                  (            os9.d):00590         D.Min               RMB       1
0112                  (            os9.d):00591         D.Sec               RMB       1
0112                  (            os9.d):00592         D.Tick              RMB       1
0112                  (            os9.d):00593         D.Slice             RMB       1                   current slice remaining
0112                  (            os9.d):00594         D.TSlice            RMB       1                   Ticks per Slice
0112                  (            os9.d):00595         D.Boot              RMB       1                   Bootstrap attempted flag
0112                  (            os9.d):00596         D.MotOn             RMB       1                   Floppy Disk Motor-On time out
0112                  (            os9.d):00597         D.ErrCod            RMB       1                   Reset Error Code
0112                  (            os9.d):00598         D.Daywk             RMB       1                   day of week, com-trol clock
0112                  (            os9.d):00599         D.TkCnt             RMB       1                   Tick Counter
0112                  (            os9.d):00600         D.BtPtr             RMB       2                   Address of Boot in System Address space
0112                  (            os9.d):00601         D.BtSz              RMB       2                   Size of Boot
                      (            os9.d):00602         
                      (            os9.d):00603                             IFNE      H6309
0112                  (            os9.d):00604         D.MDREG             RMB       1                   6309 MD (mode) shadow register
                      (            os9.d):00605                             ELSE
                      (            os9.d):00606                             RMB       1                   Currently unused in NitrOS-9/6809
                      (            os9.d):00607                             ENDC
                      (            os9.d):00608         
0112                  (            os9.d):00609         D.CRC               RMB       1                   CRC checking mode flag
                      (            os9.d):00610         
0112                  (            os9.d):00611         D.Tenths            RMB       1                   Tenths and hundredths of second for F$Xtime
0112                  (            os9.d):00612         D.Task1N            RMB       1                   Map type 1 task number*2 - offset into [D.TskIPt]
0112                  (            os9.d):00613         D.Quick             RMB       1                   Quick system call return flag - 0 =stack is at $FEE1
0112                  (            os9.d):00614         D.QIRQ              RMB       1                   Quick IRQ flag - 0 =IRQ wasn't clock, so quick return
                      (            os9.d):00615         
                      (            os9.d):00616                             ORG       $40
0112                  (            os9.d):00617         D.BlkMap            RMB       4                   Memory Block Map ptr
0112                  (            os9.d):00618         D.ModDir            RMB       4                   Module Directory ptrs
0112                  (            os9.d):00619         D.PrcDBT            RMB       2                   Process Descriptor Block Table ptr
0112                  (            os9.d):00620         D.SysPrc            RMB       2                   System Process Descriptor ptr
0112                  (            os9.d):00621         D.SysDAT            RMB       2                   System DAT Image ptr
0112                  (            os9.d):00622         D.SysMem            RMB       2                   System Memory Map ptr
0112                  (            os9.d):00623         D.Proc              RMB       2                   Current Process ptr
0112                  (            os9.d):00624         D.AProcQ            RMB       2                   Active Process Queue
0112                  (            os9.d):00625         D.WProcQ            RMB       2                   Waiting Process Queue
0112                  (            os9.d):00626         D.SProcQ            RMB       2                   Sleeping Process Queue
0112                  (            os9.d):00627         D.ModEnd            RMB       2                   Module Directory end ptr
0112                  (            os9.d):00628         D.ModDAT            RMB       2                   Module Dir DAT image end ptr
0112                  (            os9.d):00629         D.CldRes            RMB       2                   Cold Restart vector
0112                  (            os9.d):00630         D.BtBug             RMB       3                   Boot debug information
0112                  (            os9.d):00631         D.Pipe              RMB       2
                      (            os9.d):00632         
                      (            os9.d):00633                             ORG       $6B
0112                  (            os9.d):00634         D.Crash             RMB       6                   Pointer to CC Crash Routine
0112                  (            os9.d):00635         D.CBStrt            RMB       $B                  Reserved for CC warmstart ($71)
0112                  (            os9.d):00636         D.QCnt              RMB       1                   Count of number of quick system calls performed
                      (            os9.d):00637         
                      (            os9.d):00638                             ORG       $80
0112                  (            os9.d):00639         D.DevTbl            RMB       2                   I/O Device Table
0112                  (            os9.d):00640         D.PolTbl            RMB       2                   I/O Polling Table
                      (            os9.d):00641                             RMB       4                   reserved
0112                  (            os9.d):00642         D.PthDBT            RMB       2                   Path Descriptor Block Table ptr
0112                  (            os9.d):00643         D.DMAReq            RMB       1                   DMA Request flag
                      (            os9.d):00644         
                      (            os9.d):00645         ********
                      (            os9.d):00646         * CoCo 3 STUFF COMES NEXT
                      (            os9.d):00647         * This area is used for the CoCo Hardware Registers
                      (            os9.d):00648         *
                      (            os9.d):00649                             ORG       $90
0112                  (            os9.d):00650         D.HINIT             RMB       1                   GIME INIT0 register (hardware setup $FF90)
0112                  (            os9.d):00651         D.TINIT             RMB       1                   GIME INIT1 register (timer/task register $FF91)
0112                  (            os9.d):00652         D.IRQER             RMB       1                   Interrupt enable regsiter ($FF92)
0112                  (            os9.d):00653         D.FRQER             RMB       1                   Fast Interrupt enable register ($FF93)
0112                  (            os9.d):00654         D.TIMMS             RMB       1                   Timer most significant nibble ($FF94)
0112                  (            os9.d):00655         D.TIMLS             RMB       1                   Timer least significant byte ($FF95)
0112                  (            os9.d):00656         D.RESV1             RMB       1                   reserved register ($FF96)
0112                  (            os9.d):00657         D.RESV2             RMB       1                   reserved register ($FF97)
0112                  (            os9.d):00658         D.VIDMD             RMB       1                   video mode register ($FF98)
0112                  (            os9.d):00659         D.VIDRS             RMB       1                   video resolution register ($FF99)
0112                  (            os9.d):00660         D.BORDR             RMB       1                   border register ($FF9A)
0112                  (            os9.d):00661         D.RESV3             RMB       1                   reserved register ($FF9B)
0112                  (            os9.d):00662         D.VOFF2             RMB       1                   vertical scroll/offset 2 register ($FF9C)
0112                  (            os9.d):00663         D.VOFF1             RMB       1                   vertical offset 1 register ($FF9D)
0112                  (            os9.d):00664         D.VOFF0             RMB       1                   vertical offset 0 register ($FF9E)
0112                  (            os9.d):00665         D.HOFF0             RMB       1                   horizontal offset 0 register ($FF9F)
0112                  (            os9.d):00666         D.Speed             RMB       1                   Speed of COCO CPU 0=slow,1=fast ($A0)
0112                  (            os9.d):00667         D.TskIPt            RMB       2                   Task image Pointer table (CC) ($A1)
0112                  (            os9.d):00668         D.MemSz             RMB       1                   128/512K memory flag (CC) ($A3)
0112                  (            os9.d):00669         D.SSTskN            RMB       1                   System State Task Number (COCO) ($A4)
0112                  (            os9.d):00670         D.CCMem             RMB       2                   Pointer to beginning of CC Memory ($A5)
0112                  (            os9.d):00671         D.CCStk             RMB       2                   Pointer to top of CC Memory ($A7)
0112                  (            os9.d):00672         D.Flip0             RMB       2                   Change to Task 0 ($A9)
0112                  (            os9.d):00673         D.Flip1             RMB       2                   Change to reserved Task 1 ($AB)
0112                  (            os9.d):00674         D.VIRQ              RMB       2                   VIRQ Polling routine ($AD)
0112                  (            os9.d):00675         D.IRQS              RMB       1                   IRQ shadow register (CC Temporary) ($AF)
0112                  (            os9.d):00676         D.CLTb              RMB       2                   VIRQ Table address ($B0)
0112                  (            os9.d):00677         D.AltIRQ            RMB       2                   Alternate IRQ Vector (CC) ($B2)
0112                  (            os9.d):00678         D.GPoll             RMB       2                   CC GIME IRQ enable/disable toggle
0112                  (            os9.d):00679         D.Clock2            RMB       2                   CC Clock2 entry address
                      (            os9.d):00680                             ORG       $C0
0112                  (            os9.d):00681         D.SysSvc            RMB       2                   System Service Routine entry
0112                  (            os9.d):00682         D.SysDis            RMB       2                   System Service Dispatch Table ptr
0112                  (            os9.d):00683         D.SysIRQ            RMB       2                   System IRQ Routine entry
0112                  (            os9.d):00684         D.UsrSvc            RMB       2                   User Service Routine entry
0112                  (            os9.d):00685         D.UsrDis            RMB       2                   User Service Dispatch Table ptr
0112                  (            os9.d):00686         D.UsrIRQ            RMB       2                   User IRQ Routine entry
0112                  (            os9.d):00687         D.SysStk            RMB       2                   System stack
0112                  (            os9.d):00688         D.SvcIRQ            RMB       2                   In-System IRQ service
0112                  (            os9.d):00689         D.SysTsk            RMB       1                   System Task number
                      (            os9.d):00690                             ORG       $E0
0112                  (            os9.d):00691         D.Clock             RMB       2
0112                  (            os9.d):00692         D.XSWI3             RMB       2
0112                  (            os9.d):00693         D.XSWI2             RMB       2
0112                  (            os9.d):00694         D.XFIRQ             RMB       2
0112                  (            os9.d):00695         D.XIRQ              RMB       2
0112                  (            os9.d):00696         D.XSWI              RMB       2
0112                  (            os9.d):00697         D.XNMI              RMB       2
0112                  (            os9.d):00698         D.ErrRst            RMB       2
0112                  (            os9.d):00699         D.SysVec            RMB       2                   F$xxx system call vector for NitrOS-9 Level 3
0112                  (            os9.d):00700         D.SWI3              RMB       2
0112                  (            os9.d):00701         D.SWI2              RMB       2
0112                  (            os9.d):00702         D.FIRQ              RMB       2
0112                  (            os9.d):00703         D.IRQ               RMB       2
0112                  (            os9.d):00704         D.SWI               RMB       2
0112                  (            os9.d):00705         D.NMI               RMB       2
                      (            os9.d):00706         
                      (            os9.d):00707         *************************
                      (            os9.d):00708         * Level 2 flags used for bytes in the memory block map at D.BlkMap
                      (            os9.d):00709         * and for bytes in the system memory map at D.SysMem.
                      (            os9.d):00710         * A value of 0 indicates an unused/unassigned block.
                      (            os9.d):00711         * In the code, block assignment often involves incrementing a value
                      (            os9.d):00712         * from 0 to 1 rather than explict use of RAMinUse.
                      (            os9.d):00713         *
0112                  (            os9.d):00714         NotRAM              EQU       %10000000           Block Not RAM flag
0112                  (            os9.d):00715         VidRAM              EQU       %00000100           Block is being used as Video RAM
0112                  (            os9.d):00716         ModBlock            EQU       %00000010           Module in Block
0112                  (            os9.d):00717         RAMinUse            EQU       %00000001           RAM Block in use flag
                      (            os9.d):00718         *
                      (            os9.d):00719         * Service Dispatch Table special entries
                      (            os9.d):00720         *
0112                  (            os9.d):00721         IOEntry             EQU       254
                      (            os9.d):00722         
                      (            os9.d):00723                             ENDC
                      (            os9.d):00724         
                      (            os9.d):00725                             TTL       Structure           Formats
                      (            os9.d):00726                             PAG
                      (            os9.d):00727         ************************************
                      (            os9.d):00728         * Module Directory Entry Definitions
                      (            os9.d):00729         *
                      (            os9.d):00730                             ORG       0
                      (            os9.d):00731                             IFGT      Level-1
0000                  (            os9.d):00732         MD$MPDAT            RMB       2                   Module DAT Image ptr
0000                  (            os9.d):00733         MD$MBSiz            RMB       2                   Memory Block size
                      (            os9.d):00734                             ENDC
0000                  (            os9.d):00735         MD$MPtr             RMB       2                   Module ptr
0002                  (            os9.d):00736         MD$Link             RMB       2                   Module Link count
     0004             (            os9.d):00737         MD$ESize            EQU       .                   Module Directory Entry size
                      (            os9.d):00738         
                      (            os9.d):00739         ************************************
                      (            os9.d):00740         * Module Definitions
                      (            os9.d):00741         *
                      (            os9.d):00742         * Universal Module Offsets
                      (            os9.d):00743         *
                      (            os9.d):00744                             ORG       0
0000                  (            os9.d):00745         M$ID                RMB       2                   ID Code
0002                  (            os9.d):00746         M$Size              RMB       2                   Module Size
0004                  (            os9.d):00747         M$Name              RMB       2                   Module Name
0006                  (            os9.d):00748         M$Type              RMB       1                   Type / Language
0007                  (            os9.d):00749         M$Revs              RMB       1                   Attributes / Revision Level
0008                  (            os9.d):00750         M$Parity            RMB       1                   Header Parity
     0009             (            os9.d):00751         M$IDSize            EQU       .                   Module ID Size
                      (            os9.d):00752         *
                      (            os9.d):00753         * Type-Dependent Module Offsets
                      (            os9.d):00754         *
                      (            os9.d):00755         * System, File Manager, Device Driver, Program Module
                      (            os9.d):00756         *
0009                  (            os9.d):00757         M$Exec              RMB       2                   Execution Entry Offset
                      (            os9.d):00758         *
                      (            os9.d):00759         * Device Driver, Program Module
                      (            os9.d):00760         *
000B                  (            os9.d):00761         M$Mem               RMB       2                   Stack Requirement
                      (            os9.d):00762         *
                      (            os9.d):00763         * Device Driver, Device Descriptor Module
                      (            os9.d):00764         *
000D                  (            os9.d):00765         M$Mode              RMB       1                   Device Driver Mode Capabilities
                      (            os9.d):00766         *
                      (            os9.d):00767         * Device Descriptor Module
                      (            os9.d):00768         *
                      (            os9.d):00769                             ORG       M$IDSize
0009                  (            os9.d):00770         M$FMgr              RMB       2                   File Manager Name Offset
000B                  (            os9.d):00771         M$PDev              RMB       2                   Device Driver Name Offset
000D                  (            os9.d):00772                             RMB       1                   M$Mode (defined above)
000E                  (            os9.d):00773         M$Port              RMB       3                   Port Address
0011                  (            os9.d):00774         M$Opt               RMB       1                   Device Default Options
0012                  (            os9.d):00775         M$DTyp              RMB       1                   Device Type
     0012             (            os9.d):00776         IT.DTP              EQU       M$DTyp              Descriptor type offset
                      (            os9.d):00777         *
                      (            os9.d):00778         * Configuration Module Entry Offsets
                      (            os9.d):00779         *
                      (            os9.d):00780                             ORG       M$IDSize
0009                  (            os9.d):00781         MaxMem              RMB       3                   Maximum Free Memory
000C                  (            os9.d):00782         PollCnt             RMB       1                   Entries in Interrupt Polling Table
000D                  (            os9.d):00783         DevCnt              RMB       1                   Entries in Device Table
000E                  (            os9.d):00784         InitStr             RMB       2                   Initial Module Name
0010                  (            os9.d):00785         SysStr              RMB       2                   System Device Name
0012                  (            os9.d):00786         StdStr              RMB       2                   Standard I/O Pathlist
0014                  (            os9.d):00787         BootStr             RMB       2                   Bootstrap Module name
0016                  (            os9.d):00788         ProtFlag            RMB       1                   Write protect enable flag
                      (            os9.d):00789         
0017                  (            os9.d):00790         OSLevel             RMB       1                   OS level
0018                  (            os9.d):00791         OSVer               RMB       1                   OS version
0019                  (            os9.d):00792         OSMajor             RMB       1                   OS major
001A                  (            os9.d):00793         OSMinor             RMB       1                   OS minor
001B                  (            os9.d):00794         Feature1            RMB       1                   feature byte 1
001C                  (            os9.d):00795         Feature2            RMB       1                   feature byte 2
001D                  (            os9.d):00796         OSName              RMB       2                   OS revision name string (nul terminated)
001F                  (            os9.d):00797         InstallName         RMB       2                   installation name string (nul terminated)
0021                  (            os9.d):00798         BuildInfo           RMB       2                   build information string (nul terminated)
0023                  (            os9.d):00799                             RMB       2                   reserved for future use
                      (            os9.d):00800         
                      (            os9.d):00801                             IFGT      Level-1
                      (            os9.d):00802         * -- VTIO area -- (NitrOS-9 Level 2 and above) *
0025                  (            os9.d):00803         MonType             RMB       1                   Monitor type (0=CMP,1=RGB,2=MONO)
0025                  (            os9.d):00804         MouseInf            RMB       2                   Mouse resolution/Mouse port; was 1, major error RG.
0025                  (            os9.d):00805         KeyRptS             RMB       1                   Key repeat start constant
0025                  (            os9.d):00806         KeyRptD             RMB       1                   Key repeat delay constant
                      (            os9.d):00807                             ENDC
                      (            os9.d):00808         
                      (            os9.d):00809         * Feature1 byte definitions
     0001             (            os9.d):00810         CRCOn               EQU       %00000001           CRC checking on
     0000             (            os9.d):00811         CRCOff              EQU       %00000000           CRC checking off
     0000             (            os9.d):00812         Proc6809            EQU       %00000000           6809 procesor
     0002             (            os9.d):00813         Proc6309            EQU       %00000010           6309 procesor
                      (            os9.d):00814         
                      (            os9.d):00815                             PAG
                      (            os9.d):00816         **************************
                      (            os9.d):00817         * Module Field Definitions
                      (            os9.d):00818         *
                      (            os9.d):00819         * ID Field - First two bytes of a NitrOS-9 module
                      (            os9.d):00820         *
     0087             (            os9.d):00821         M$ID1               EQU       $87                 Module ID code byte one
     00CD             (            os9.d):00822         M$ID2               EQU       $CD                 Module ID code byte two
     87CD             (            os9.d):00823         M$ID12              EQU       M$ID1*256+M$ID2
                      (            os9.d):00824         
                      (            os9.d):00825         *
                      (            os9.d):00826         * Module Type/Language Field Masks
                      (            os9.d):00827         *
     00F0             (            os9.d):00828         TypeMask            EQU       %11110000           Type Field
     000F             (            os9.d):00829         LangMask            EQU       %00001111           Language Field
                      (            os9.d):00830         
                      (            os9.d):00831         *
                      (            os9.d):00832         * Module Type Values
                      (            os9.d):00833         *
     00F0             (            os9.d):00834         Devic               EQU       $F0                 Device Descriptor Module
     00E0             (            os9.d):00835         Drivr               EQU       $E0                 Physical Device Driver
     00D0             (            os9.d):00836         FlMgr               EQU       $D0                 File Manager
     00C0             (            os9.d):00837         Systm               EQU       $C0                 System Module
     0050             (            os9.d):00838         ShellSub            EQU       $50                 Shell+ shell sub module
     0040             (            os9.d):00839         Data                EQU       $40                 Data Module
     0030             (            os9.d):00840         Multi               EQU       $30                 Multi-Module
     0020             (            os9.d):00841         Sbrtn               EQU       $20                 Subroutine Module
     0010             (            os9.d):00842         Prgrm               EQU       $10                 Program Module
                      (            os9.d):00843         
                      (            os9.d):00844         *
                      (            os9.d):00845         * Module Language Values
                      (            os9.d):00846         *
     0001             (            os9.d):00847         Objct               EQU       1                   6809 Object Code Module
     0002             (            os9.d):00848         ICode               EQU       2                   Basic09 I-code
     0003             (            os9.d):00849         PCode               EQU       3                   Pascal P-code
     0004             (            os9.d):00850         CCode               EQU       4                   C I-code
     0005             (            os9.d):00851         CblCode             EQU       5                   Cobol I-code
     0006             (            os9.d):00852         FrtnCode            EQU       6                   Fortran I-code
     0007             (            os9.d):00853         Obj6309             EQU       7                   6309 object code
                      (            os9.d):00854         *
                      (            os9.d):00855         * Module Attributes / Revision byte
                      (            os9.d):00856         *
                      (            os9.d):00857         * Field Masks
                      (            os9.d):00858         *
     00F0             (            os9.d):00859         AttrMask            EQU       %11110000           Attributes Field
     000F             (            os9.d):00860         RevsMask            EQU       %00001111           Revision Level Field
                      (            os9.d):00861         *
                      (            os9.d):00862         * Attribute Flags
                      (            os9.d):00863         *
     0080             (            os9.d):00864         ReEnt               EQU       %10000000           Re-Entrant Module
     0040             (            os9.d):00865         ModProt             EQU       %01000000           Gimix Module protect bit (0=protected, 1=write enable)
     0020             (            os9.d):00866         ModNat              EQU       %00100000           6309 native mode attribute
     0040             (            os9.d):00867         BufWrits            EQU       ModProt             SCF buffered read supported (Coco only at this point)
     0010             (            os9.d):00868         BufReads            EQU       %00010000           SCF buffered write supported (Coco only at this point)
                      (            os9.d):00869         * LCB - propose we add Buffered Read/Buffered Write attribute bits for Coco (in descriptors and
                      (            os9.d):00870         *   drivers for SCF), with one of them replacing ModProt. SCF would check Read/ReadLn and Write/WritLn
                      (            os9.d):00871         *   calls, and if both the driver and descriptor have the appropriate bit set, it would do buffered 32
                      (            os9.d):00872         *   byte (for now) reads/writes like the Grfdrv write call does now, for all bytes that are ASCII >$1F
                      (            os9.d):00873         *   (ie non-control chars, which need special processing)
                      (            os9.d):00874         
                      (            os9.d):00875         
                      (            os9.d):00876         ********************
                      (            os9.d):00877         * Device Type Values
                      (            os9.d):00878         *
                      (            os9.d):00879         * These values define various classes of devices, which are
                      (            os9.d):00880         * managed by a file manager module.  The Device Type is embedded
                      (            os9.d):00881         * in a device's device descriptor.
                      (            os9.d):00882         *
     0000             (            os9.d):00883         DT.SCF              EQU       0                   Sequential Character File Manager
     0001             (            os9.d):00884         DT.RBF              EQU       1                   Random Block File Manager
     0002             (            os9.d):00885         DT.Pipe             EQU       2                   Pipe File Manager
     0003             (            os9.d):00886         DT.SBF              EQU       3                   Sequential Block File Manager
     0004             (            os9.d):00887         DT.NFM              EQU       4                   Network File Manager
     0005             (            os9.d):00888         DT.CDFM             EQU       5                   CD-ROM File Manager
     0006             (            os9.d):00889         DT.RFM              EQU       6                   Remote File Manager
                      (            os9.d):00890         
                      (            os9.d):00891         *********************
                      (            os9.d):00892         * CRC Result Constant
                      (            os9.d):00893         *
     0080             (            os9.d):00894         CRCCon1             EQU       $80
     0FE3             (            os9.d):00895         CRCCon23            EQU       $0FE3
                      (            os9.d):00896         
                      (            os9.d):00897                             TTL       Process             Information
                      (            os9.d):00898                             PAG
                      (            os9.d):00899         ********************************
                      (            os9.d):00900         * Process Descriptor Definitions
                      (            os9.d):00901         *
                      (            os9.d):00902                             IFEQ      Level-1
                      (            os9.d):00903         
                      (            os9.d):00904         * Level 1 process descriptor defs
     000C             (            os9.d):00905         DefIOSiz            EQU       12
     0010             (            os9.d):00906         NumPaths            EQU       16                  Number of Local Paths
                      (            os9.d):00907         
                      (            os9.d):00908                             ORG       0
0000                  (            os9.d):00909         P$ID                RMB       1                   Process ID
0001                  (            os9.d):00910         P$PID               RMB       1                   Parent's ID
0002                  (            os9.d):00911         P$SID               RMB       1                   Sibling's ID
0003                  (            os9.d):00912         P$CID               RMB       1                   Child's ID
0004                  (            os9.d):00913         P$SP                RMB       2                   Stack ptr
0006                  (            os9.d):00914         P$CHAP              RMB       1                   process chapter number
0007                  (            os9.d):00915         P$ADDR              RMB       1                   user address beginning page number
0008                  (            os9.d):00916         P$PagCnt            RMB       1                   Memory Page Count
0009                  (            os9.d):00917         P$User              RMB       2                   User Index $09
000B                  (            os9.d):00918         P$Prior             RMB       1                   Priority $0B
000C                  (            os9.d):00919         P$Age               RMB       1                   Age $0C
000D                  (            os9.d):00920         P$State             RMB       1                   Status $0D
000E                  (            os9.d):00921         P$Queue             RMB       2                   Queue Link (Process ptr) $0E
0010                  (            os9.d):00922         P$IOQP              RMB       1                   Previous I/O Queue Link (Process ID) $10
0011                  (            os9.d):00923         P$IOQN              RMB       1                   Next     I/O Queue Link (Process ID)
0012                  (            os9.d):00924         P$PModul            RMB       2                   Primary Module
0014                  (            os9.d):00925         P$SWI               RMB       2                   SWI Entry Point
0016                  (            os9.d):00926         P$SWI2              RMB       2                   SWI2 Entry Point
0018                  (            os9.d):00927         P$SWI3              RMB       2                   SWI3 Entry Point $18
001A                  (            os9.d):00928         P$DIO               RMB       DefIOSiz            default I/O ptrs $1A
0026                  (            os9.d):00929         P$PATH              RMB       NumPaths            I/O path table $26
0036                  (            os9.d):00930         P$Signal            RMB       1                   Signal Code $36
0037                  (            os9.d):00931         P$SigVec            RMB       2                   Signal Intercept Vector
0039                  (            os9.d):00932         P$SigDat            RMB       2                   Signal Intercept Data Address
003B                  (            os9.d):00933         P$NIO               RMB       4                   additional dio pointers for net
003F                  (            os9.d):00934                             RMB       $40-.               unused
     0040             (            os9.d):00935         P$Size              EQU       .                   Size of Process Descriptor
                      (            os9.d):00936         
                      (            os9.d):00937         *
                      (            os9.d):00938         * Process State Flags
                      (            os9.d):00939         *
     0080             (            os9.d):00940         SysState            EQU       %10000000
     0040             (            os9.d):00941         TimSleep            EQU       %01000000
     0020             (            os9.d):00942         TimOut              EQU       %00100000
     0010             (            os9.d):00943         ImgChg              EQU       %00010000
     0002             (            os9.d):00944         Condem              EQU       %00000010
     0001             (            os9.d):00945         Dead                EQU       %00000001
                      (            os9.d):00946         
                      (            os9.d):00947                             ELSE
                      (            os9.d):00948         
                      (            os9.d):00949         * Level 2 process descriptor defs
0040                  (            os9.d):00950         DefIOSiz            EQU       16                  Default I/O Data Length
0040                  (            os9.d):00951         NefIOSiz            EQU       12                  On-Net Default I/O Data Length
0040                  (            os9.d):00952         NumPaths            EQU       16                  Number of Local Paths
                      (            os9.d):00953         
                      (            os9.d):00954                             ORG       0
0040                  (            os9.d):00955         P$ID                RMB       1                   Process ID
0040                  (            os9.d):00956         P$PID               RMB       1                   Parent's ID
0040                  (            os9.d):00957         P$SID               RMB       1                   Sibling's ID
0040                  (            os9.d):00958         P$CID               RMB       1                   Child's ID
0040                  (            os9.d):00959         P$SP                RMB       2                   Stack ptr
0040                  (            os9.d):00960         P$Task              RMB       1                   Task Number
0040                  (            os9.d):00961         P$PagCnt            RMB       1                   Memory Page Count
0040                  (            os9.d):00962         P$User              RMB       2                   User Index
0040                  (            os9.d):00963         P$Prior             RMB       1                   Priority
0040                  (            os9.d):00964         P$Age               RMB       1                   Age
0040                  (            os9.d):00965         P$State             RMB       1                   Status
0040                  (            os9.d):00966         P$Queue             RMB       2                   Queue Link (Process ptr)
0040                  (            os9.d):00967         P$IOQP              RMB       1                   Previous I/O Queue Link (Process ID)
0040                  (            os9.d):00968         P$IOQN              RMB       1                   Next I/O Queue Link (Process ID)
0040                  (            os9.d):00969         P$PModul            RMB       2                   Primary Module
0040                  (            os9.d):00970         P$SWI               RMB       2                   SWI Entry Point
0040                  (            os9.d):00971         P$SWI2              RMB       2                   SWI2 Entry Point
0040                  (            os9.d):00972         P$SWI3              RMB       2                   SWI3 Entry Point
0040                  (            os9.d):00973         P$Signal            RMB       1                   Signal Code
0040                  (            os9.d):00974         P$SigVec            RMB       2                   Signal Intercept Vector
0040                  (            os9.d):00975         P$SigDat            RMB       2                   Signal Intercept Data Address
0040                  (            os9.d):00976         P$DeadLk            RMB       1                   Dominant proc ID if I/O locked
                      (            os9.d):00977                             RMB       $20-.               unused
0040                  (            os9.d):00978         P$DIO               RMB       DefIOSiz            Default I/O ptrs
0040                  (            os9.d):00979         P$Path              RMB       NumPaths            I/O Path Table
0040                  (            os9.d):00980         P$DATImg            RMB       64                  DAT Image
0040                  (            os9.d):00981         P$Links             RMB       32                  Block Link counts
0040                  (            os9.d):00982         P$NIO               RMB       6*2                 additional DIO ptrs for net, compatible  with 68k
0040                  (            os9.d):00983         P$SelP              RMB       1                   Selected Path for COCO Windows (Default 0)
0040                  (            os9.d):00984         P$UTicks            RMB       4                   proc User Tick counter        (L2V3)
0040                  (            os9.d):00985         P$STicks            RMB       4                   proc System Tick counter      (L2V3)
0040                  (            os9.d):00986         P$FCalls            RMB       4                   proc F$ call counter          (L2V3)
0040                  (            os9.d):00987         P$ICalls            RMB       4                   proc I$ call counter          (L2V3)
0040                  (            os9.d):00988         P$DatBeg            RMB       3                   proc Date of creation (Y/M/D) (L2V3)
0040                  (            os9.d):00989         P$TimBeg            RMB       3                   proc Time of creation (H/M/S) (L2V3)
0040                  (            os9.d):00990         P$Alarm             RMB       6
                      (            os9.d):00991                             RMB       $200-.              Local stack
0040                  (            os9.d):00992         P$Stack             EQU       .                   Top of Stack
0040                  (            os9.d):00993         P$Size              EQU       .                   Size of Process Descriptor
                      (            os9.d):00994         
                      (            os9.d):00995         *
                      (            os9.d):00996         * Process State Flags
                      (            os9.d):00997         *
0040                  (            os9.d):00998         SysState            EQU       %10000000
0040                  (            os9.d):00999         TimSleep            EQU       %01000000
0040                  (            os9.d):01000         TimOut              EQU       %00100000
0040                  (            os9.d):01001         ImgChg              EQU       %00010000
0040                  (            os9.d):01002         Suspend             EQU       %00001000
0040                  (            os9.d):01003         Condem              EQU       %00000010
0040                  (            os9.d):01004         Dead                EQU       %00000001
                      (            os9.d):01005         
                      (            os9.d):01006                             ENDC
                      (            os9.d):01007         
                      (            os9.d):01008                             TTL       NitrOS-9            I/O Symbolic Definitions
                      (            os9.d):01009                             PAG
                      (            os9.d):01010         *************************
                      (            os9.d):01011         * Path Descriptor Offsets
                      (            os9.d):01012         *
                      (            os9.d):01013                             ORG       0
0000                  (            os9.d):01014         PD.PD               RMB       1                   Path Number
0001                  (            os9.d):01015         PD.MOD              RMB       1                   Mode (Read/Write/Update)
0002                  (            os9.d):01016         PD.CNT              RMB       1                   Number of Open Images
0003                  (            os9.d):01017         PD.DEV              RMB       2                   Device Table Entry Address
0005                  (            os9.d):01018         PD.CPR              RMB       1                   Current Process
0006                  (            os9.d):01019         PD.RGS              RMB       2                   Caller's Register Stack
0008                  (            os9.d):01020         PD.BUF              RMB       2                   Buffer Address
000A                  (            os9.d):01021         PD.FST              RMB       32-.                File Manager's Storage
     0020             (            os9.d):01022         PD.OPT              EQU       .                   PD GetSts(0) Options
0020                  (            os9.d):01023         PD.DTP              RMB       1                   Device Type
0021                  (            os9.d):01024                             RMB       64-.                Path options
     0040             (            os9.d):01025         PDSIZE              EQU       .
                      (            os9.d):01026         
                      (            os9.d):01027         *
                      (            os9.d):01028         * Pathlist Special Symbols
                      (            os9.d):01029         *
     002F             (            os9.d):01030         PDELIM              EQU       '/                  Pathlist Name Separator
     002E             (            os9.d):01031         PDIR                EQU       '.                  Directory
     0040             (            os9.d):01032         PENTIR              EQU       '@                  Entire Device
                      (            os9.d):01033         
                      (            os9.d):01034                             PAG
                      (            os9.d):01035         ****************************
                      (            os9.d):01036         * File Manager Entry Offsets
                      (            os9.d):01037         *
                      (            os9.d):01038                             ORG       0
0000                  (            os9.d):01039         FMCREA              RMB       3                   Create (Open New) File
0003                  (            os9.d):01040         FMOPEN              RMB       3                   Open File
0006                  (            os9.d):01041         FMMDIR              RMB       3                   Make Directory
0009                  (            os9.d):01042         FMCDIR              RMB       3                   Change Directory
000C                  (            os9.d):01043         FMDLET              RMB       3                   Delete File
000F                  (            os9.d):01044         FMSEEK              RMB       3                   Position File
0012                  (            os9.d):01045         FMREAD              RMB       3                   Read from File
0015                  (            os9.d):01046         FMWRIT              RMB       3                   Write to File
0018                  (            os9.d):01047         FMRDLN              RMB       3                   ReadLn
001B                  (            os9.d):01048         FMWRLN              RMB       3                   WritLn
001E                  (            os9.d):01049         FMGSTA              RMB       3                   Get File Status
0021                  (            os9.d):01050         FMSSTA              RMB       3                   Set File Status
0024                  (            os9.d):01051         FMCLOS              RMB       3                   Close File
                      (            os9.d):01052         
                      (            os9.d):01053         *****************************
                      (            os9.d):01054         * Device Driver Entry Offsets
                      (            os9.d):01055         *
                      (            os9.d):01056                             ORG       0
0000                  (            os9.d):01057         D$INIT              RMB       3                   Device Initialization
0003                  (            os9.d):01058         D$READ              RMB       3                   Read from Device
0006                  (            os9.d):01059         D$WRIT              RMB       3                   Write to Device
0009                  (            os9.d):01060         D$GSTA              RMB       3                   Get Device Status
000C                  (            os9.d):01061         D$PSTA              RMB       3                   Put Device Status
000F                  (            os9.d):01062         D$TERM              RMB       3                   Device Termination
                      (            os9.d):01063         
                      (            os9.d):01064         *********************
                      (            os9.d):01065         * Device Table Format
                      (            os9.d):01066         *
                      (            os9.d):01067                             ORG       0
0000                  (            os9.d):01068         V$DRIV              RMB       2                   Device Driver module
0002                  (            os9.d):01069         V$STAT              RMB       2                   Device Driver Static storage
0004                  (            os9.d):01070         V$DESC              RMB       2                   Device Descriptor module
0006                  (            os9.d):01071         V$FMGR              RMB       2                   File Manager module
0008                  (            os9.d):01072         V$USRS              RMB       1                   use count
                      (            os9.d):01073                             IFGT      Level-1
0009                  (            os9.d):01074         V$DRIVEX            RMB       2                   Device Driver execution address
0009                  (            os9.d):01075         V$FMGREX            RMB       2                   File Manager execution address
                      (            os9.d):01076                             ENDC
     0009             (            os9.d):01077         DEVSIZ              EQU       .
                      (            os9.d):01078         
                      (            os9.d):01079         *******************************
                      (            os9.d):01080         * Device Static Storage Offsets
                      (            os9.d):01081         *
                      (            os9.d):01082                             ORG       0
0000                  (            os9.d):01083         V.PAGE              RMB       1                   Port Extended Address
0001                  (            os9.d):01084         V.PORT              RMB       2                   Device 'Base' Port Address
0003                  (            os9.d):01085         V.LPRC              RMB       1                   Last Active Process ID
0004                  (            os9.d):01086         V.BUSY              RMB       1                   Active Process ID (0=UnBusy)
0005                  (            os9.d):01087         V.WAKE              RMB       1                   Active PD if Driver MUST Wake-up
     0006             (            os9.d):01088         V.USER              EQU       .                   Driver Allocation Origin
                      (            os9.d):01089         
                      (            os9.d):01090         ********************************
                      (            os9.d):01091         * Interrupt Polling Table Format
                      (            os9.d):01092         *
                      (            os9.d):01093                             ORG       0
0000                  (            os9.d):01094         Q$POLL              RMB       2                   Absolute Polling Address
0002                  (            os9.d):01095         Q$FLIP              RMB       1                   Flip (EOR) Byte ..normally Zero
0003                  (            os9.d):01096         Q$MASK              RMB       1                   Polling Mask (after Flip)
0004                  (            os9.d):01097         Q$SERV              RMB       2                   Absolute Service routine Address
0006                  (            os9.d):01098         Q$STAT              RMB       2                   Static Storage Address
0008                  (            os9.d):01099         Q$PRTY              RMB       1                   Priority (Low Numbers=Top Priority)
                      (            os9.d):01100                             IFGT      Level-1
0009                  (            os9.d):01101         Q$MAP               RMB       2                   NitrOS-9 Level 2 and above
                      (            os9.d):01102                             ENDC
     0009             (            os9.d):01103         POLSIZ              EQU       .
                      (            os9.d):01104         
                      (            os9.d):01105         ********************
                      (            os9.d):01106         * VIRQ packet format
                      (            os9.d):01107         *
                      (            os9.d):01108                             ORG       0
0000                  (            os9.d):01109         Vi.Cnt              RMB       2                   count down counter
0002                  (            os9.d):01110         Vi.Rst              RMB       2                   reset value for counter
0004                  (            os9.d):01111         Vi.Stat             RMB       1                   status byte
     0005             (            os9.d):01112         Vi.PkSz             EQU       .
                      (            os9.d):01113         
     0001             (            os9.d):01114         Vi.IFlag            EQU       %00000001           status byte virq flag
                      (            os9.d):01115         
                      (            os9.d):01116                             PAG
                      (            os9.d):01117         *************************************
                      (            os9.d):01118         * Machine Characteristics Definitions
                      (            os9.d):01119         *
     0000             (            os9.d):01120         R$CC                EQU       0                   Condition Codes register
     0001             (            os9.d):01121         R$A                 EQU       1                   A Accumulator
     0002             (            os9.d):01122         R$B                 EQU       2                   B Accumulator
     0001             (            os9.d):01123         R$D                 EQU       R$A                 Combined A:B Accumulator
                      (            os9.d):01124                             IFNE      H6309
0005                  (            os9.d):01125         R$E                 EQU       3                   E Accumulator
0005                  (            os9.d):01126         R$F                 EQU       4                   F Accumulator
0005                  (            os9.d):01127         R$W                 EQU       R$E                 Combined E:F Accumulator
0005                  (            os9.d):01128         R$Q                 EQU       R$A                 Combined A:B:E:F Accumulator
0005                  (            os9.d):01129         R$DP                EQU       5                   Direct Page register
0005                  (            os9.d):01130         R$X                 EQU       6                   X Index register
0005                  (            os9.d):01131         R$Y                 EQU       8                   Y Index register
0005                  (            os9.d):01132         R$U                 EQU       10                  User Stack register
0005                  (            os9.d):01133         R$PC                EQU       12                  Program Counter register
0005                  (            os9.d):01134         R$Size              EQU       14                  Total register package size
                      (            os9.d):01135                             ELSE
     0003             (            os9.d):01136         R$DP                EQU       3                   Direct Page register
     0004             (            os9.d):01137         R$X                 EQU       4                   X Index register
     0006             (            os9.d):01138         R$Y                 EQU       6                   Y Index register
     0008             (            os9.d):01139         R$U                 EQU       8                   User Stack register
     000A             (            os9.d):01140         R$PC                EQU       10                  Program Counter register
     000C             (            os9.d):01141         R$Size              EQU       12                  Total register package size
                      (            os9.d):01142                             ENDC
                      (            os9.d):01143         
                      (            os9.d):01144         * MD register masks
                      (            os9.d):01145         * 6309 definitions
     0080             (            os9.d):01146         DIV0                EQU       %10000000           division by 0 trap flag       : 1 = trap occured
     0040             (            os9.d):01147         badinstr            EQU       %01000000           illegal instruction trap flag : 1 = trap occured
                      (            os9.d):01148         
     0080             (            os9.d):01149         Entire              EQU       %10000000           Full Register Stack flag
     0040             (            os9.d):01150         FIRQMask            EQU       %01000000           Fast-Interrupt Mask bit
     0020             (            os9.d):01151         HalfCrry            EQU       %00100000           Half Carry flag
     0010             (            os9.d):01152         IRQMask             EQU       %00010000           Interrupt Mask bit
     0008             (            os9.d):01153         Negative            EQU       %00001000           Negative flag
     0004             (            os9.d):01154         Zero                EQU       %00000100           Zero flag
     0002             (            os9.d):01155         TwosOvfl            EQU       %00000010           Two's Comp Overflow flag
     0001             (            os9.d):01156         Carry               EQU       %00000001           Carry bit
     0050             (            os9.d):01157         IntMasks            EQU       IRQMask+FIRQMask
     0080             (            os9.d):01158         Sign                EQU       %10000000           sign bit
                      (            os9.d):01159         
                      (            os9.d):01160                             TTL       Error               Code Definitions
                      (            os9.d):01161                             PAG
                      (            os9.d):01162         ************************
                      (            os9.d):01163         * Error Code Definitions
                      (            os9.d):01164         *
                      (            os9.d):01165         * Basic09 Error Codes
                      (            os9.d):01166         *
                      (            os9.d):01167                             ORG       10
000A                  (            os9.d):01168         E$UnkSym            RMB       1                   Unknown symbol
000B                  (            os9.d):01169         E$ExcVrb            RMB       1                   Excessive verbage
000C                  (            os9.d):01170         E$IllStC            RMB       1                   Illegal statement construction
000D                  (            os9.d):01171         E$ICOvf             RMB       1                   I-code overflow
000E                  (            os9.d):01172         E$IChRef            RMB       1                   Illegal channel reference
000F                  (            os9.d):01173         E$IllMod            RMB       1                   Illegal mode
0010                  (            os9.d):01174         E$IllNum            RMB       1                   Illegal number
0011                  (            os9.d):01175         E$IllPrf            RMB       1                   Illegal prefix
0012                  (            os9.d):01176         E$IllOpd            RMB       1                   Illegal operand
0013                  (            os9.d):01177         E$IllOpr            RMB       1                   Illegal operator
0014                  (            os9.d):01178         E$IllRFN            RMB       1                   Illegal record field name
0015                  (            os9.d):01179         E$IllDim            RMB       1                   Illegal dimension
0016                  (            os9.d):01180         E$IllLit            RMB       1                   Illegal literal
0017                  (            os9.d):01181         E$IllRet            RMB       1                   Illegal relational
0018                  (            os9.d):01182         E$IllSfx            RMB       1                   Illegal type suffix
0019                  (            os9.d):01183         E$DimLrg            RMB       1                   Dimension too large
001A                  (            os9.d):01184         E$LinLrg            RMB       1                   Line number too large
001B                  (            os9.d):01185         E$NoAssg            RMB       1                   Missing assignment statement
001C                  (            os9.d):01186         E$NoPath            RMB       1                   Missing path number
001D                  (            os9.d):01187         E$NoComa            RMB       1                   Missing coma
001E                  (            os9.d):01188         E$NoDim             RMB       1                   Missing dimension
001F                  (            os9.d):01189         E$NoDO              RMB       1                   Missing DO statement
0020                  (            os9.d):01190         E$MFull             RMB       1                   Memory full
0021                  (            os9.d):01191         E$NoGoto            RMB       1                   Missing GOTO
0022                  (            os9.d):01192         E$NoLPar            RMB       1                   Missing left parenthesis
0023                  (            os9.d):01193         E$NoLRef            RMB       1                   Missing line reference
0024                  (            os9.d):01194         E$NoOprd            RMB       1                   Missing operand
0025                  (            os9.d):01195         E$NoRPar            RMB       1                   Missing right parenthesis
0026                  (            os9.d):01196         E$NoTHEN            RMB       1                   Missing THEN statement
0027                  (            os9.d):01197         E$NoTO              RMB       1                   Missing TO statement
0028                  (            os9.d):01198         E$NoVRef            RMB       1                   Missing variable reference
0029                  (            os9.d):01199         E$EndQou            RMB       1                   Missing end quote
002A                  (            os9.d):01200         E$SubLrg            RMB       1                   Too many subscripts
002B                  (            os9.d):01201         E$UnkPrc            RMB       1                   Unknown procedure
002C                  (            os9.d):01202         E$MulPrc            RMB       1                   Multiply defined procedure
002D                  (            os9.d):01203         E$DivZer            RMB       1                   Divice by zero
002E                  (            os9.d):01204         E$TypMis            RMB       1                   Operand type mismatch
002F                  (            os9.d):01205         E$StrOvf            RMB       1                   String stack overflow
0030                  (            os9.d):01206         E$NoRout            RMB       1                   Unimplemented routine
0031                  (            os9.d):01207         E$UndVar            RMB       1                   Undefined variable
0032                  (            os9.d):01208         E$FltOvf            RMB       1                   Floating Overflow
0033                  (            os9.d):01209         E$LnComp            RMB       1                   Line with compiler error
0034                  (            os9.d):01210         E$ValRng            RMB       1                   Value out of range for destination
0035                  (            os9.d):01211         E$SubOvf            RMB       1                   Subroutine stack overflow
0036                  (            os9.d):01212         E$SubUnd            RMB       1                   Subroutine stack underflow
0037                  (            os9.d):01213         E$SubRng            RMB       1                   Subscript out of range
0038                  (            os9.d):01214         E$ParmEr            RMB       1                   Paraemter error
0039                  (            os9.d):01215         E$SysOvf            RMB       1                   System stack overflow
003A                  (            os9.d):01216         E$IOMism            RMB       1                   I/O type mismatch
003B                  (            os9.d):01217         E$IONum             RMB       1                   I/O numeric input format bad
003C                  (            os9.d):01218         E$IOConv            RMB       1                   I/O conversion: number out of range
003D                  (            os9.d):01219         E$IllInp            RMB       1                   Illegal input format
003E                  (            os9.d):01220         E$IOFRpt            RMB       1                   I/O format repeat error
003F                  (            os9.d):01221         E$IOFSyn            RMB       1                   I/O format syntax error
0040                  (            os9.d):01222         E$IllPNm            RMB       1                   Illegal path number
0041                  (            os9.d):01223         E$WrSub             RMB       1                   Wrong number of subscripts
0042                  (            os9.d):01224         E$NonRcO            RMB       1                   Non-record type operand
0043                  (            os9.d):01225         E$IllA              RMB       1                   Illegal argument
0044                  (            os9.d):01226         E$IllCnt            RMB       1                   Illegal control structure
0045                  (            os9.d):01227         E$UnmCnt            RMB       1                   Unmatched control structure
0046                  (            os9.d):01228         E$IllFOR            RMB       1                   Illegal FOR variable
0047                  (            os9.d):01229         E$IllExp            RMB       1                   Illegal expression type
0048                  (            os9.d):01230         E$IllDec            RMB       1                   Illegal declarative statement
0049                  (            os9.d):01231         E$ArrOvf            RMB       1                   Array size overflow
004A                  (            os9.d):01232         E$UndLin            RMB       1                   Undefined line number
004B                  (            os9.d):01233         E$MltLin            RMB       1                   Multiply defined line number
004C                  (            os9.d):01234         E$MltVar            RMB       1                   Multiply defined variable
004D                  (            os9.d):01235         E$IllIVr            RMB       1                   Illegal input variable
004E                  (            os9.d):01236         E$SeekRg            RMB       1                   Seek out of range
004F                  (            os9.d):01237         E$NoData            RMB       1                   Missing data statement
                      (            os9.d):01238         
                      (            os9.d):01239         *
                      (            os9.d):01240         * System Dependent Error Codes
                      (            os9.d):01241         *
                      (            os9.d):01242         
                      (            os9.d):01243         * Level 2 windowing error codes
                      (            os9.d):01244                             ORG       183
00B7                  (            os9.d):01245         E$IWTyp             RMB       1                   Illegal window type
00B8                  (            os9.d):01246         E$WADef             RMB       1                   Window already defined
00B9                  (            os9.d):01247         E$NFont             RMB       1                   Font not found
00BA                  (            os9.d):01248         E$StkOvf            RMB       1                   Stack overflow
00BB                  (            os9.d):01249         E$IllArg            RMB       1                   Illegal argument
00BC                  (            os9.d):01250                             RMB       1                   reserved
00BD                  (            os9.d):01251         E$ICoord            RMB       1                   Illegal coordinates
00BE                  (            os9.d):01252         E$Bug               RMB       1                   Bug (should never be returned)
00BF                  (            os9.d):01253         E$BufSiz            RMB       1                   Buffer size is too small
00C0                  (            os9.d):01254         E$IllCmd            RMB       1                   Illegal command
00C1                  (            os9.d):01255         E$TblFul            RMB       1                   Screen or window table is full
00C2                  (            os9.d):01256         E$BadBuf            RMB       1                   Bad/Undefined buffer number
00C3                  (            os9.d):01257         E$IWDef             RMB       1                   Illegal window definition
00C4                  (            os9.d):01258         E$WUndef            RMB       1                   Window undefined
                      (            os9.d):01259         
00C5                  (            os9.d):01260         E$Up                RMB       1                   Up arrow pressed on SCF I$ReadLn with PD.UP enabled
00C6                  (            os9.d):01261         E$Dn                RMB       1                   Down arrow pressed on SCF I$ReadLn with PD.DOWN enabled
00C7                  (            os9.d):01262         E$Alias             RMB       1
                      (            os9.d):01263         
                      (            os9.d):01264         
                      (            os9.d):01265         *
                      (            os9.d):01266         * Standard NitrOS-9 Error Codes
                      (            os9.d):01267         *
                      (            os9.d):01268                             ORG       200
00C8                  (            os9.d):01269         E$PthFul            RMB       1                   Path Table full
00C9                  (            os9.d):01270         E$BPNum             RMB       1                   Bad Path Number
00CA                  (            os9.d):01271         E$Poll              RMB       1                   Polling Table Full
00CB                  (            os9.d):01272         E$BMode             RMB       1                   Bad Mode
00CC                  (            os9.d):01273         E$DevOvf            RMB       1                   Device Table Overflow
00CD                  (            os9.d):01274         E$BMID              RMB       1                   Bad Module ID
00CE                  (            os9.d):01275         E$DirFul            RMB       1                   Module Directory Full
00CF                  (            os9.d):01276         E$MemFul            RMB       1                   Process Memory Full
00D0                  (            os9.d):01277         E$UnkSvc            RMB       1                   Unknown Service Code
00D1                  (            os9.d):01278         E$ModBsy            RMB       1                   Module Busy
00D2                  (            os9.d):01279         E$BPAddr            RMB       1                   Bad Page Address
00D3                  (            os9.d):01280         E$EOF               RMB       1                   End of File
00D4                  (            os9.d):01281                             RMB       1
00D5                  (            os9.d):01282         E$NES               RMB       1                   Non-Existing Segment
00D6                  (            os9.d):01283         E$FNA               RMB       1                   File Not Accesible
00D7                  (            os9.d):01284         E$BPNam             RMB       1                   Bad Path Name
00D8                  (            os9.d):01285         E$PNNF              RMB       1                   Path Name Not Found
00D9                  (            os9.d):01286         E$SLF               RMB       1                   Segment List Full
00DA                  (            os9.d):01287         E$CEF               RMB       1                   Creating Existing File
00DB                  (            os9.d):01288         E$IBA               RMB       1                   Illegal Block Address
00DC                  (            os9.d):01289         E$HangUp            RMB       1                   Carrier Detect Lost
00DD                  (            os9.d):01290         E$MNF               RMB       1                   Module Not Found
00DE                  (            os9.d):01291                             RMB       1
00DF                  (            os9.d):01292         E$DelSP             RMB       1                   Deleting Stack Pointer memory
00E0                  (            os9.d):01293         E$IPrcID            RMB       1                   Illegal Process ID
     00E0             (            os9.d):01294         E$BPrcID            EQU       E$IPrcID            Bad Process ID (formerly #238)
00E1                  (            os9.d):01295                             RMB       1
00E2                  (            os9.d):01296         E$NoChld            RMB       1                   No Children
00E3                  (            os9.d):01297         E$ISWI              RMB       1                   Illegal SWI code
00E4                  (            os9.d):01298         E$PrcAbt            RMB       1                   Process Aborted
00E5                  (            os9.d):01299         E$PrcFul            RMB       1                   Process Table Full
00E6                  (            os9.d):01300         E$IForkP            RMB       1                   Illegal Fork Parameter
00E7                  (            os9.d):01301         E$KwnMod            RMB       1                   Known Module
00E8                  (            os9.d):01302         E$BMCRC             RMB       1                   Bad Module CRC
00E9                  (            os9.d):01303         E$USigP             RMB       1                   Unprocessed Signal Pending
00EA                  (            os9.d):01304         E$NEMod             RMB       1                   Non Existing Module
00EB                  (            os9.d):01305         E$BNam              RMB       1                   Bad Name
00EC                  (            os9.d):01306         E$BMHP              RMB       1                   (bad module header parity)
00ED                  (            os9.d):01307         E$NoRAM             RMB       1                   No (System) RAM Available
00EE                  (            os9.d):01308         E$DNE               RMB       1                   Directory not empty
00EF                  (            os9.d):01309         E$NoTask            RMB       1                   No available Task number
                      (            os9.d):01310                             RMB       $F0-.               reserved
00F0                  (            os9.d):01311         E$Unit              RMB       1                   Illegal Unit (drive)
00F1                  (            os9.d):01312         E$Sect              RMB       1                   Bad Sector number
00F2                  (            os9.d):01313         E$WP                RMB       1                   Write Protect
00F3                  (            os9.d):01314         E$CRC               RMB       1                   Bad Check Sum
00F4                  (            os9.d):01315         E$Read              RMB       1                   Read Error
00F5                  (            os9.d):01316         E$Write             RMB       1                   Write Error
00F6                  (            os9.d):01317         E$NotRdy            RMB       1                   Device Not Ready
00F7                  (            os9.d):01318         E$Seek              RMB       1                   Seek Error
00F8                  (            os9.d):01319         E$Full              RMB       1                   Media Full
00F9                  (            os9.d):01320         E$BTyp              RMB       1                   Bad Type (incompatable) media
00FA                  (            os9.d):01321         E$DevBsy            RMB       1                   Device Busy
00FB                  (            os9.d):01322         E$DIDC              RMB       1                   Disk ID Change
00FC                  (            os9.d):01323         E$Lock              RMB       1                   Record is busy (locked out)
00FD                  (            os9.d):01324         E$Share             RMB       1                   Non-sharable file busy
00FE                  (            os9.d):01325         E$DeadLk            RMB       1                   I/O Deadlock error
                      (            os9.d):01326         
                      (            os9.d):01327         
                      (            os9.d):01328                             IFGT      Level-2
                      (            os9.d):01329         ***************************
                      (            os9.d):01330         * Level 3 Defs
                      (            os9.d):01331         *
                      (            os9.d):01332         * These definitions apply to NitrOS-9 Level 3
                      (            os9.d):01333         *
00FF                  (            os9.d):01334         L3.Start            EQU       $2000               Start off at slot 1
00FF                  (            os9.d):01335         L3.Size             EQU       $40                 Go for 64 pages: 2 slots total
00FF                  (            os9.d):01336         L3.Blks             EQU       L3.Size/$20         Number of slots
00FF                  (            os9.d):01337         L3.End              EQU       L3.Start+L3.Size*$0100 end of L3 memory
00FF                  (            os9.d):01338         L3.SCF              EQU       $0660               SCF block ptr
00FF                  (            os9.d):01339         L3.RBF              EQU       L3.SCF+1            RBF block ptr
                      (            os9.d):01340                             ENDC
                      (            os9.d):01341         
                      (            os9.d):01342                             ENDC
                      (      ../defsfile):00004                  use   scf.d
                      (            scf.d):00001                             IFNE      SCF.D-1
                      (            scf.d):00002         
     0001             (            scf.d):00003         SCF.D               SET       1
                      (            scf.d):00004         
                      (            scf.d):00005         ********************************************************************
                      (            scf.d):00006         * scf.d - Sequential Character File Manager Definitions
                      (            scf.d):00007         *
                      (            scf.d):00008         * SCF stands for 'Sequential Character Filemanager' and is a package of subroutines
                      (            scf.d):00009         * that define the logical structure of a serial device.
                      (            scf.d):00010         *
                      (            scf.d):00011         * The data structures in this file give SCF its 'personality' and are used
                      (            scf.d):00012         * by SCF itself, as well as applications that will require disk I/O.
                      (            scf.d):00013         *
                      (            scf.d):00014         * Edt/Rev  YYYY/MM/DD  Modified by
                      (            scf.d):00015         * Comment
                      (            scf.d):00016         * ------------------------------------------------------------------
                      (            scf.d):00017         *          1984/01/11  YO
                      (            scf.d):00018         * Added V.KANJI, V.KBUF, V.MODADR for new kanji input process.
                      (            scf.d):00019         *
                      (            scf.d):00020         *          1985/04/20  Mark G. Hawkins
                      (            scf.d):00021         * Added V.PDLHd Path Descriptor List Head.
                      (            scf.d):00022         *
                      (            scf.d):00023         *          1985/04/21  Mark G. Hawkins
                      (            scf.d):00024         * Added PD.PLP and PD.PST for modem handling.
                      (            scf.d):00025         *
                      (            scf.d):00026         *          1987/06/23  Kevin K. Darling
                      (            scf.d):00027         * Updated with Dev Desc info.
                      (            scf.d):00028         *
                      (            scf.d):00029         *          1998/10/03  Boisy G. Pitre
                      (            scf.d):00030         * Consolidated L1/L2 scfdefs.
                      (            scf.d):00031         *
                      (            scf.d):00032         *          2003/01/21  Boisy G. Pitre
                      (            scf.d):00033         * Added symbolics for enhanced SCF line editing.
                      (            scf.d):00034         *
                      (            scf.d):00035         *          2003/06/02  Boisy G. Pitre
                      (            scf.d):00036         * Updated comments for clarity.
                      (            scf.d):00037         *
                      (            scf.d):00038         *          2004/05/17  Boisy G. Pitre
                      (            scf.d):00039         * Added higher baud rates.
                      (            scf.d):00040         
                      (            scf.d):00041                             NAM       scf.d
                      (            scf.d):00042                             TTL       Sequential          File Manager Definitions
                      (            scf.d):00043         
                      (            scf.d):00044                             PAG
                      (            scf.d):00045         *******************************
                      (            scf.d):00046         * SCF Device Descriptor Offsets
                      (            scf.d):00047         *
                      (            scf.d):00048         * These definitions are for SCF device descriptors.
                      (            scf.d):00049         
                      (            scf.d):00050                             ORG       M$DTyp
0012                  (            scf.d):00051         IT.DVC              RMB       1                   Device type (DT.SCF)
0013                  (            scf.d):00052         IT.UPC              RMB       1                   Uppercase flag
0014                  (            scf.d):00053         IT.BSO              RMB       1                   Backspace behavior
0015                  (            scf.d):00054         IT.DLO              RMB       1                   Delete behavior
0016                  (            scf.d):00055         IT.EKO              RMB       1                   Echo flag
0017                  (            scf.d):00056         IT.ALF              RMB       1                   Auto linefeed flag
0018                  (            scf.d):00057         IT.NUL              RMB       1                   End-of-line null count
0019                  (            scf.d):00058         IT.PAU              RMB       1                   Page pause flag
001A                  (            scf.d):00059         IT.PAG              RMB       1                   Number of lines per page
001B                  (            scf.d):00060         IT.BSP              RMB       1                   Backspace character
001C                  (            scf.d):00061         IT.DEL              RMB       1                   Delete-line character
001D                  (            scf.d):00062         IT.EOR              RMB       1                   End-of-record character
001E                  (            scf.d):00063         IT.EOF              RMB       1                   End-of-file character
001F                  (            scf.d):00064         IT.RPR              RMB       1                   Reprint-line character
0020                  (            scf.d):00065         IT.DUP              RMB       1                   Duplicate-last-line character
0021                  (            scf.d):00066         IT.PSC              RMB       1                   Pause character
0022                  (            scf.d):00067         IT.INT              RMB       1                   Interrupt character
0023                  (            scf.d):00068         IT.QUT              RMB       1                   Quit character
0024                  (            scf.d):00069         IT.BSE              RMB       1                   Backspace echo character
0025                  (            scf.d):00070         IT.OVF              RMB       1                   Bell character
0026                  (            scf.d):00071         IT.PAR              RMB       1                   Parity
0027                  (            scf.d):00072         IT.BAU              RMB       1                   Baud rate
0028                  (            scf.d):00073         IT.D2P              RMB       2                   Attached device name string offset
002A                  (            scf.d):00074         IT.XON              RMB       1                   X-ON character
002B                  (            scf.d):00075         IT.XOFF             RMB       1                   X-OFF character
002C                  (            scf.d):00076         IT.COL              RMB       1                   Number of columns for display
002D                  (            scf.d):00077         IT.ROW              RMB       1                   Number of rows for display
002E                  (            scf.d):00078         IT.XTYP             RMB       1                   Extended type (added by BRI)
                      (            scf.d):00079         
                      (            scf.d):00080                             IFGT      Level-1
                      (            scf.d):00081         * Window Descriptor Additions
                      (            scf.d):00082         * For CoCo window, where IT.PAR = $80
                      (            scf.d):00083                             ORG       IT.ROW+1
002F                  (            scf.d):00084         IT.WND              RMB       1                   Window number (matches device name) ($2E)
002F                  (            scf.d):00085         IT.VAL              RMB       1                   Use defaults on Init (0=no, 1=yes)
002F                  (            scf.d):00086         IT.STY              RMB       1                   Screen type default
002F                  (            scf.d):00087         IT.CPX              RMB       1                   Column start default
002F                  (            scf.d):00088         IT.CPY              RMB       1                   Row start default
002F                  (            scf.d):00089         IT.FGC              RMB       1                   Foreground color default
002F                  (            scf.d):00090         IT.BGC              RMB       1                   Background color default
002F                  (            scf.d):00091         IT.BDC              RMB       1                   Border color default
                      (            scf.d):00092                             ENDC
                      (            scf.d):00093         
                      (            scf.d):00094         
                      (            scf.d):00095                             PAG
                      (            scf.d):00096         ********************
                      (            scf.d):00097         * SCF Static Storage
                      (            scf.d):00098         *
                      (            scf.d):00099         * SCF devices must reserve this space for SCF
                      (            scf.d):00100         *
                      (            scf.d):00101                             ORG       V.USER
0006                  (            scf.d):00102         V.TYPE              RMB       1                   Device type or parity
0007                  (            scf.d):00103         V.LINE              RMB       1                   Lines left until end of page
0008                  (            scf.d):00104         V.PAUS              RMB       1                   Immediate Pause request
0009                  (            scf.d):00105         V.DEV2              RMB       2                   Attached device's static
000B                  (            scf.d):00106         V.INTR              RMB       1                   Interrupt char
000C                  (            scf.d):00107         V.QUIT              RMB       1                   Quit char
000D                  (            scf.d):00108         V.PCHR              RMB       1                   Pause char
000E                  (            scf.d):00109         V.ERR               RMB       1                   Accumulated errors
000F                  (            scf.d):00110         V.XON               RMB       1                   X-On char
0010                  (            scf.d):00111         V.XOFF              RMB       1                   X-Off char
0011                  (            scf.d):00112         V.KANJI             RMB       1                   Kanji mode flag
0012                  (            scf.d):00113         V.KBUF              RMB       2                   Kana - Kanji convert routine work address
0014                  (            scf.d):00114         V.MODADR            RMB       2                   Kana - Kanji convert module address
0016                  (            scf.d):00115         V.PDLHd             RMB       2                   Open path descriptor list head pointer
0018                  (            scf.d):00116         V.RSV               RMB       5                   Reserve bytes for future expansion
     001D             (            scf.d):00117         V.SCF               EQU       .                   Total SCF manager static overhead
                      (            scf.d):00118         
                      (            scf.d):00119         
                      (            scf.d):00120                             PAG
                      (            scf.d):00121         ***********************
                      (            scf.d):00122         * Character Definitions
                      (            scf.d):00123         *
     0000             (            scf.d):00124         C$NULL              SET       0                   Null char
     0001             (            scf.d):00125         C$RPET              SET       $01                 (CTRL-A - SOH) Repeat last input line
     0003             (            scf.d):00126         C$INTR              SET       $03                 (CTRL-C - ETX) Keyboard interrupt
     0004             (            scf.d):00127         C$RPRT              SET       $04                 (CTRL-D - EOT) Reprint current input line
     0005             (            scf.d):00128         C$QUIT              SET       $05                 (CTRL-E - ENQ) Keyboard Abort
     0007             (            scf.d):00129         C$BELL              SET       $07                 (CTRL-G - BEL) Line overflow warning
     0008             (            scf.d):00130         C$BSP               SET       $08                 (CTRL-H - BS ) Back space
     0009             (            scf.d):00131         C$RARR              SET       $09                 Right Arrow
     0005             (            scf.d):00132         C$EL                SET       $05                 Erase Line
     000A             (            scf.d):00133         C$LF                SET       $0A                 Line feed
     000B             (            scf.d):00134         C$HOME              SET       $0B                 Home position Code
     0015             (            scf.d):00135         C$Clsgr             SET       $15                 Graphic screen clear (use FM-11)
     0016             (            scf.d):00136         C$Clsall            SET       $16                 Graphic & character clear (use FM-11)
     000D             (            scf.d):00137         C$CR                SET       $0D                 Carriage return
     000C             (            scf.d):00138         C$FORM              SET       $0C                 (CTRL-L - FF ) Form Feed ... screen clear
     000F             (            scf.d):00139         C$SI                SET       $0F                 Shift IN Code
     000E             (            scf.d):00140         C$SO                SET       $0E                 Shift OUT Code
     0010             (            scf.d):00141         C$DELETE            SET       $10                 Delete char (for SCF enhanced line editing)
     0011             (            scf.d):00142         C$XON               SET       $11                 (CTRL-Q - DC1) Transmit Enable
     0011             (            scf.d):00143         C$INSERT            SET       C$XON               Insert char (for SCF enhanced line editing)
     0013             (            scf.d):00144         C$XOFF              SET       $13                 (CTRL-S - DC3) Transmit Disable
     0013             (            scf.d):00145         C$PLINE             SET       C$XOFF              Print remaining line (for SCF enhanced line editing)
     0017             (            scf.d):00146         C$PAUS              SET       $17                 (CTRL-W - ETB) Pause character
     0018             (            scf.d):00147         C$DEL               SET       $18                 (CTRL-X - CAN) Delete line
     0019             (            scf.d):00148         C$SHRARR            SET       $19                 Shift Right-Arrow
     001B             (            scf.d):00149         C$EOF               SET       $1B                 (CTRL-[ - ESC) END of file
     001C             (            scf.d):00150         C$RGT               SET       $1C                 Cursor right
     001D             (            scf.d):00151         C$LFT               SET       $1D                 Cursor left
     001E             (            scf.d):00152         C$UP                SET       $1E                 Cursor up
     001F             (            scf.d):00153         C$DWN               SET       $1F                 Cursor down
     0020             (            scf.d):00154         C$SPAC              SET       $20                 Space
     002E             (            scf.d):00155         C$PERD              SET       '.
     002C             (            scf.d):00156         C$COMA              SET       ',
                      (            scf.d):00157         
                      (            scf.d):00158         
                      (            scf.d):00159                             PAG
                      (            scf.d):00160         *********************************************
                      (            scf.d):00161         * Sequential Character Path Descriptor Format
                      (            scf.d):00162         *
                      (            scf.d):00163         * A path descriptor is created for every new path that is open
                      (            scf.d):00164         * via the I$Open system call (processed by IOMan).  Process
                      (            scf.d):00165         * descriptors track state information of a path.
                      (            scf.d):00166         *
                      (            scf.d):00167                             ORG       PD.FST
000A                  (            scf.d):00168         PD.DV2              RMB       2                   Output device table pointer
000C                  (            scf.d):00169         PD.RAW              RMB       1                   Read/Write or ReadLn/WritLn mode
000D                  (            scf.d):00170         PD.MAX              RMB       2                   ReadLn high byte count
000F                  (            scf.d):00171         PD.MIN              RMB       1                   Devices are "mine" if clear
0010                  (            scf.d):00172         PD.STS              RMB       2                   Status routine module addr
0012                  (            scf.d):00173         PD.STM              RMB       2                   Reserved for status routine
                      (            scf.d):00174                             ORG       PD.OPT
0020                  (            scf.d):00175                             RMB       1                   Device type
0021                  (            scf.d):00176         PD.UPC              RMB       1                   Case (0=both, 1=upper only)
0022                  (            scf.d):00177         PD.BSO              RMB       1                   Backspace (0=BSE, 1=BSE,SP,BSE)
0023                  (            scf.d):00178         PD.DLO              RMB       1                   Delete (0=BSE over line, 1=CRLF)
0024                  (            scf.d):00179         PD.EKO              RMB       1                   Echo (0=No Echo)
0025                  (            scf.d):00180         PD.ALF              RMB       1                   Auto linefeed (0=No auto LF)
0026                  (            scf.d):00181         PD.NUL              RMB       1                   End of Line null count
0027                  (            scf.d):00182         PD.PAU              RMB       1                   Page pause (0=No end of page pause)
0028                  (            scf.d):00183         PD.PAG              RMB       1                   Lines per page
0029                  (            scf.d):00184         PD.BSP              RMB       1                   Backspace character
002A                  (            scf.d):00185         PD.DEL              RMB       1                   Delete Line character
002B                  (            scf.d):00186         PD.EOR              RMB       1                   End of Record character (read only)
002C                  (            scf.d):00187         PD.EOF              RMB       1                   End of File character
002D                  (            scf.d):00188         PD.RPR              RMB       1                   Repront Line character
002E                  (            scf.d):00189         PD.DUP              RMB       1                   Dup Last Line character
002F                  (            scf.d):00190         PD.PSC              RMB       1                   Pause character
0030                  (            scf.d):00191         PD.INT              RMB       1                   Keyboard interrupt character (CTRL-C)
0031                  (            scf.d):00192         PD.QUT              RMB       1                   Keyboard quit character (CTRL-E)
0032                  (            scf.d):00193         PD.BSE              RMB       1                   Backspace echo character
0033                  (            scf.d):00194         PD.OVF              RMB       1                   Line overflow character (BELL)
0034                  (            scf.d):00195         PD.PAR              RMB       1                   Parity code
0035                  (            scf.d):00196         PD.BAU              RMB       1                   ACIA baud rate (Color Computer)
0036                  (            scf.d):00197         PD.D2P              RMB       2                   Offset of DEV2 name
0038                  (            scf.d):00198         PD.XON              RMB       1                   ACIA X-ON character
0039                  (            scf.d):00199         PD.XOFF             RMB       1                   ACIA X-OFF character
     001A             (            scf.d):00200         OPTCNT              EQU       .-PD.OPT            Total user settable options
003A                  (            scf.d):00201         PD.ERR              RMB       1                   Most recent I/O error status
003B                  (            scf.d):00202         PD.TBL              RMB       2                   Device table addr (copy)
003D                  (            scf.d):00203         PD.PLP              RMB       2                   Path Descriptor List Pointer
003F                  (            scf.d):00204         PD.PST              RMB       1                   Current path status
                      (            scf.d):00205         
                      (            scf.d):00206         
                      (            scf.d):00207         * PD.PST values Path Descriptor Status byte
                      (            scf.d):00208         *
     0001             (            scf.d):00209         PST.DCD             EQU       %00000001           Set if DCD is lost on Serial port
                      (            scf.d):00210         
                      (            scf.d):00211         
                      (            scf.d):00212         * PD.PAR definitions
                      (            scf.d):00213         *
                      (            scf.d):00214         * Parity
     0000             (            scf.d):00215         PARNONE             EQU       %00000000
     0020             (            scf.d):00216         PARODD              EQU       %00100000
     0060             (            scf.d):00217         PAREVEN             EQU       %01100000
     00A0             (            scf.d):00218         PARMARK             EQU       %10100000
     00E0             (            scf.d):00219         PARSPACE            EQU       %11100000
     00E0             (            scf.d):00220         PARMASK             EQU       %11100000
                      (            scf.d):00221         
                      (            scf.d):00222         * PD.BAU definitions
                      (            scf.d):00223         *
                      (            scf.d):00224         * Baud rate
     0000             (            scf.d):00225         B110                EQU       %00000000
     0001             (            scf.d):00226         B300                EQU       %00000001
     0002             (            scf.d):00227         B600                EQU       %00000010
     0003             (            scf.d):00228         B1200               EQU       %00000011
     0004             (            scf.d):00229         B2400               EQU       %00000100
     0005             (            scf.d):00230         B4800               EQU       %00000101
     0006             (            scf.d):00231         B9600               EQU       %00000110
     0007             (            scf.d):00232         B19200              EQU       %00000111
     0008             (            scf.d):00233         B38400              EQU       %00001000
     0009             (            scf.d):00234         B57600              EQU       %00001001
     000A             (            scf.d):00235         B115200             EQU       %00001010
                      (            scf.d):00236         * Word size
     0000             (            scf.d):00237         WORD8               EQU       %00000000
     0020             (            scf.d):00238         WORD7               EQU       %00100000
                      (            scf.d):00239         * Stop bits
     0000             (            scf.d):00240         STOP1               EQU       %00000000
     0010             (            scf.d):00241         STOP2               EQU       %00010000
                      (            scf.d):00242         
                      (            scf.d):00243                             ENDC
                      (      ../defsfile):00005                  use   rbf.d
                      (            rbf.d):00001                             IFNE      RBF.D-1
                      (            rbf.d):00002         
     0001             (            rbf.d):00003         RBF.D               SET       1
                      (            rbf.d):00004         
                      (            rbf.d):00005         ********************************************************************
                      (            rbf.d):00006         * rbf.d - Random Block File Manager Definitions
                      (            rbf.d):00007         *
                      (            rbf.d):00008         * RBF stands for 'Random Block Filemanager' and is a package of subroutines
                      (            rbf.d):00009         * that define the logical structure of a disk and allows access to the files
                      (            rbf.d):00010         * in that structure.
                      (            rbf.d):00011         *
                      (            rbf.d):00012         * The data structures in this file give RBF its 'personality' and are used
                      (            rbf.d):00013         * by RBF itself, as well as applications that will require disk I/O.
                      (            rbf.d):00014         *
                      (            rbf.d):00015         * Edt/Rev  YYYY/MM/DD  Modified by
                      (            rbf.d):00016         * Comment
                      (            rbf.d):00017         * ------------------------------------------------------------------
                      (            rbf.d):00018         *          1982/07/13  Robert F. Doggett
                      (            rbf.d):00019         * PD.Exten added to path descriptor and PE Entries defined.
                      (            rbf.d):00020         *
                      (            rbf.d):00021         *          1982/07/15  Robert F. Doggett
                      (            rbf.d):00022         * V.FileHd inserted in driver static storage.
                      (            rbf.d):00023         *
                      (            rbf.d):00024         *          1982/09/10  WGP
                      (            rbf.d):00025         * Level One/Level Two condionals added.
                      (            rbf.d):00026         *
                      (            rbf.d):00027         *          1982/09/17  WGP
                      (            rbf.d):00028         *
                      (            rbf.d):00029         *          1982/09/17  Robert F. Doggett
                      (            rbf.d):00030         * PD.SLE renamed to PD.Creat.
                      (            rbf.d):00031         *
                      (            rbf.d):00032         *          1982/09/17  Robert F. Doggett
                      (            rbf.d):00033         * V.DiskID, V.BMapSz, V.MapSct added for smart multi-sector bitmap searching.
                      (            rbf.d):00034         *
                      (            rbf.d):00035         *          1982/09/20  Robert F. Doggett
                      (            rbf.d):00036         * Reserved areas added in static storage.
                      (            rbf.d):00037         
                      (            rbf.d):00038         *          1983/06/07  Robert F. Doggett
                      (            rbf.d):00039         * Added InDriver flag in PD.SMF.
                      (            rbf.d):00040         *
                      (            rbf.d):00041         *          1983/06/13  Robert F. Doggett
                      (            rbf.d):00042         * Added PE.Req tmp save for PE.Lock.
                      (            rbf.d):00043         *
                      (            rbf.d):00044         *          1983/08/08  Robert F. Doggett
                      (            rbf.d):00045         * Reserved PD.SToff for Japanese.
                      (            rbf.d):00046         *
                      (            rbf.d):00047         *          1983/11/19  Robert F. Doggett
                      (            rbf.d):00048         * Added V.ResBit in drive tables.
                      (            rbf.d):00049         *
                      (            rbf.d):00050         *          1983/12/12  Robert F. Doggett
                      (            rbf.d):00051         * Added PE.Prior to save process priority.
                      (            rbf.d):00052         *
                      (            rbf.d):00053         *          1983/12/13  Robert F. Doggett
                      (            rbf.d):00054         * Added BufBusy bit in state flag (PD.SMF).
                      (            rbf.d):00055         *
                      (            rbf.d):00056         *          1984/07/06  Mark G. Hawkins
                      (            rbf.d):00057         * Added Bit Definitions for DD.FMT.
                      (            rbf.d):00058         *
                      (            rbf.d):00059         *          1987/06/23  Kevin K. Darling
                      (            rbf.d):00060         * Updated with Dev Desc Info
                      (            rbf.d):00061         *
                      (            rbf.d):00062         *          2003/06/02  Boisy G. Pitre
                      (            rbf.d):00063         * Updated comments for clarity.
                      (            rbf.d):00064         * Added TYP.256-TYP.2048 definitions for future expansion.
                      (            rbf.d):00065         *
                      (            rbf.d):00066         *          2004/04/14  Boisy G. Pitre
                      (            rbf.d):00067         * Added new entries to device descriptor as per OS-9 Level One V2.00.00
                      (            rbf.d):00068         * addendum.  Pointed out by Rodney Hamilton.
                      (            rbf.d):00069         *
                      (            rbf.d):00070         *              2005/05/31  P.Harvey-Smith.
                      (            rbf.d):00071         * Added defines for bit 2 of IT.DNS, which the format command uses to
                      (            rbf.d):00072         * determine if a drive should have it's track 0 as single or double density
                      (            rbf.d):00073         *
                      (            rbf.d):00074         *          2005/11/23  Robert Gault
                      (            rbf.d):00075         * Added IT.MPI giving it duplicate location with IT.TFM. This will not be
                      (            rbf.d):00076         * transferred to the path descriptor, thus the  equ *  rahter than  rmb 1.
                      (            rbf.d):00077         *
                      (            rbf.d):00078         *          2005/12/11  Boisy G. Pitre
                      (            rbf.d):00079         * Added IT.SOFF1-ITSOFF3 and IT.LLDRV for SuperDrivers.
                      (            rbf.d):00080         
                      (            rbf.d):00081                             NAM       rbf.d
                      (            rbf.d):00082                             TTL       Random              Block File Manager Definitions
                      (            rbf.d):00083         
                      (            rbf.d):00084                             PAG
                      (            rbf.d):00085         *******************************
                      (            rbf.d):00086         * RBF Device Descriptor Offsets
                      (            rbf.d):00087         *
                      (            rbf.d):00088         * These definitions are for RBF device descriptors.
                      (            rbf.d):00089         
                      (            rbf.d):00090                             ORG       M$DTyp
0012                  (            rbf.d):00091                             RMB       1                   Device type (DT.RBF)
0013                  (            rbf.d):00092         IT.DRV              RMB       1                   Drive number
0014                  (            rbf.d):00093         IT.STP              RMB       1                   Step rate
0015                  (            rbf.d):00094         IT.TYP              RMB       1                   Disk device type information
0016                  (            rbf.d):00095         IT.DNS              RMB       1                   Density capability
0017                  (            rbf.d):00096         IT.CYL              RMB       2                   Number of cylinders
0019                  (            rbf.d):00097         IT.SID              RMB       1                   Number of surfaces
001A                  (            rbf.d):00098         IT.VFY              RMB       1                   Verify disk writes (0 = verify, 1 = don't)
001B                  (            rbf.d):00099         IT.SCT              RMB       2                   Default sectors/track
001D                  (            rbf.d):00100         IT.T0S              RMB       2                   Default sectors/track for track 0 sector 0
001F                  (            rbf.d):00101         IT.ILV              RMB       1                   Sector interleave offset
0020                  (            rbf.d):00102         IT.SAS              RMB       1                   Segment allocation size
                      (            rbf.d):00103         * The following fields are from the OS-9 Level One V2.00.00 Addendum
0021                  (            rbf.d):00104         IT.TFM              RMB       1                   DMA Transfer Mode
0022                  (            rbf.d):00105         IT.Exten            RMB       2                   Path Extension (PE) for record locking
0024                  (            rbf.d):00106         IT.SToff            RMB       1                   Sector/Track offsets (for "foreign" disk formats)
                      (            rbf.d):00107         * The following fields are not copied to the path descriptor
0025                  (            rbf.d):00108         IT.WPC              RMB       1                   Write precomp cyl/4 (HD)
0026                  (            rbf.d):00109         IT.OFS              RMB       2                   Starting cylinder offset (HD)
0028                  (            rbf.d):00110         IT.RWC              RMB       2                   Reduced write current cylinder (HD)
                      (            rbf.d):00111         * These fields have been added because of SuperDriver.  They probably
                      (            rbf.d):00112         * can be used in other drivers
                      (            rbf.d):00113                             ORG       IT.WPC
0025                  (            rbf.d):00114         IT.SOFF1            RMB       1
0026                  (            rbf.d):00115         IT.SOFF2            RMB       1
0027                  (            rbf.d):00116         IT.SOFF3            RMB       1
0028                  (            rbf.d):00117         IT.LLDRV            RMB       2
002A                  (            rbf.d):00118         IT.MPI              RMB       1
                      (            rbf.d):00119         
                      (            rbf.d):00120         
                      (            rbf.d):00121         * IT.TYP Definitions
                      (            rbf.d):00122         *
     0080             (            rbf.d):00123         TYP.HARD            EQU       %10000000           Hard disk
     0000             (            rbf.d):00124         TYP.FLP             EQU       %00000000           Floppy disk
     0040             (            rbf.d):00125         TYP.NSF             EQU       %01000000           Non-standard format
     0000             (            rbf.d):00126         TYP.SOF             EQU       %00000000           Standard NitrOS-9 format
                      (            rbf.d):00127         
                      (            rbf.d):00128         * IT.TYP bit definitions if bit 7 of IT.TYP is set (hard disk)
     0000             (            rbf.d):00129         TYPH.256            EQU       %00000000           256 byte sector media
     0001             (            rbf.d):00130         TYPH.512            EQU       %00000001           512 byte sector media
     0002             (            rbf.d):00131         TYPH.1024           EQU       %00000010           1024 byte sector media
     0003             (            rbf.d):00132         TYPH.2048           EQU       %00000011           2048 byte sector media
     0003             (            rbf.d):00133         TYPH.SSM            EQU       %00000011           Sector size mask
     000C             (            rbf.d):00134         TYPH.DRSV           EQU       %00001100           Driver-reserved bits
     0010             (            rbf.d):00135         TYPH.DSQ            EQU       %00010000           Drive size query flag
                      (            rbf.d):00136         
                      (            rbf.d):00137         * IT.TYP bit definitions if bit 7 of IT.TYP is clear (floppy disk)
     0000             (            rbf.d):00138         TYP.5               EQU       %00000000           5" media
     0001             (            rbf.d):00139         TYP.3               EQU       %00000001           3.5" media
     0002             (            rbf.d):00140         TYP.SBO             EQU       %00000010           Sector base offset (clear = 0; sect = 1)
     0000             (            rbf.d):00141         TYP.256             EQU       %00000000           256 byte sector media
     0004             (            rbf.d):00142         TYP.512             EQU       %00000100           512 byte sector media
     0020             (            rbf.d):00143         TYP.CCF             EQU       %00100000           CoCo format
     0000             (            rbf.d):00144         TYP.NCCF            EQU       %00000000           Non-CoCo format
                      (            rbf.d):00145         
                      (            rbf.d):00146         * IT.DNS Definitions
                      (            rbf.d):00147         *
                      (            rbf.d):00148         
                      (            rbf.d):00149         * If bit 7 of IT.TYP is set, IT.DNS is driver-dependent
                      (            rbf.d):00150         
                      (            rbf.d):00151         * IT.DNS bit definitions if bit 7 of IT.TYP is clear (floppy disk)
     0000             (            rbf.d):00152         DNS.FM              EQU       %00000000           Single-density (FM)
     0001             (            rbf.d):00153         DNS.MFM             EQU       %00000001           Double-density (MFM)
     0000             (            rbf.d):00154         DNS.STD             EQU       %00000000           Single track distance (48/135 tpi)
     0002             (            rbf.d):00155         DNS.DTD             EQU       %00000010           Double track distance (96 tpi)
                      (            rbf.d):00156         
                      (            rbf.d):00157         * Added PHS,2005-05-31, as format seems to use these
     0000             (            rbf.d):00158         DNS.FM0             EQU       %00000000           Single density track 0
     0004             (            rbf.d):00159         DNS.MFM0            EQU       %00000100           Double density track 0
                      (            rbf.d):00160         
                      (            rbf.d):00161         * Floppy disk step rate definitions
     0000             (            rbf.d):00162         STP.30ms            EQU       0                   30ms step rate
     0001             (            rbf.d):00163         STP.20ms            EQU       1                   20ms step rate
     0002             (            rbf.d):00164         STP.12ms            EQU       2                   12ms step rate
     0003             (            rbf.d):00165         STP.6ms             EQU       3                   6ms step rate
                      (            rbf.d):00166         
                      (            rbf.d):00167                             PAG
                      (            rbf.d):00168         *************************************
                      (            rbf.d):00169         * Random Block Path Descriptor Format
                      (            rbf.d):00170         *
                      (            rbf.d):00171         * A path descriptor is created for every new path that is open
                      (            rbf.d):00172         * via the I$Open system call (processed by IOMan).  Process
                      (            rbf.d):00173         * descriptors track state information of a path.
                      (            rbf.d):00174         *
                      (            rbf.d):00175                             ORG       PD.FST
000A                  (            rbf.d):00176         PD.SMF              RMB       1                   State flags
000B                  (            rbf.d):00177         PD.CP               RMB       4                   Current logical byte position
000F                  (            rbf.d):00178         PD.SIZ              RMB       4                   File size
0013                  (            rbf.d):00179         PD.SBL              RMB       3                   Segment beginning lsn
0016                  (            rbf.d):00180         PD.SBP              RMB       3                   Segment beginning psn
0019                  (            rbf.d):00181         PD.SSZ              RMB       3                   Segment size
001C                  (            rbf.d):00182         PD.DSK              RMB       2                   Disk id
001E                  (            rbf.d):00183         PD.DTB              RMB       2                   Drive table ptr
                      (            rbf.d):00184                             ORG       PD.OPT
0020                  (            rbf.d):00185                             RMB       1                   Device type
0021                  (            rbf.d):00186         PD.DRV              RMB       1                   Drive number
0022                  (            rbf.d):00187         PD.STP              RMB       1                   Step rate
0023                  (            rbf.d):00188         PD.TYP              RMB       1                   Disk device type (5" 8" other)
0024                  (            rbf.d):00189         PD.DNS              RMB       1                   Density capability
0025                  (            rbf.d):00190         PD.CYL              RMB       2                   Number of cylinders
0027                  (            rbf.d):00191         PD.SID              RMB       1                   Number of surfaces
0028                  (            rbf.d):00192         PD.VFY              RMB       1                   0=verify disk writes
0029                  (            rbf.d):00193         PD.SCT              RMB       2                   Default sectors/track
002B                  (            rbf.d):00194         PD.T0S              RMB       2                   Default sectors/track tr00,s0
002D                  (            rbf.d):00195         PD.ILV              RMB       1                   Sector interleave offset
002E                  (            rbf.d):00196         PD.SAS              RMB       1                   Segment allocation size
002F                  (            rbf.d):00197         PD.TFM              RMB       1                   DMA Transfer Mode
0030                  (            rbf.d):00198         PD.Exten            RMB       2                   Path Extension (PE) for record locking
0032                  (            rbf.d):00199         PD.SToff            RMB       1                   Sector/Track offsets (for "foreign" disk formats)
0033                  (            rbf.d):00200         PD.ATT              RMB       1                   File attributes
0034                  (            rbf.d):00201         PD.FD               RMB       3                   File descriptor psn (i.e. 3-byte inode number)
0037                  (            rbf.d):00202         PD.DFD              RMB       3                   Directory file descriptor psn (i.e. 3-byte inode number)
003A                  (            rbf.d):00203         PD.DCP              RMB       4                   File directory entry ptr
003E                  (            rbf.d):00204         PD.DVT              RMB       2                   User readable dev tbl ptr
                      (            rbf.d):00205         
                      (            rbf.d):00206         * State Flags
     0001             (            rbf.d):00207         BUFMOD              EQU       $01                 Buffer modified
     0002             (            rbf.d):00208         SINBUF              EQU       $02                 Sector in buffer
     0004             (            rbf.d):00209         FDBUF               EQU       $04                 File descriptor in buffer
                      (            rbf.d):00210         *EOFSEC equ $08 End of file sector
                      (            rbf.d):00211         *EOF equ $10 End of file
     0020             (            rbf.d):00212         InDriver            EQU       $20                 Currently in Disk Driver, or queued
     0040             (            rbf.d):00213         BufBusy             EQU       $40                 Buffer is currently busy
                      (            rbf.d):00214         
                      (            rbf.d):00215                             IFNE      Level-1
                      (            rbf.d):00216         ************************************
                      (            rbf.d):00217         * Random Block Path Extension Format
                      (            rbf.d):00218         *
                      (            rbf.d):00219         * RBF paths under Level Two have additional information that
                      (            rbf.d):00220         * is referenced by the path extension area.  These are 64-byte
                      (            rbf.d):00221         * allocs from the same table (D.PthDBT) as the Path Descriptors.
                      (            rbf.d):00222         *
                      (            rbf.d):00223                             ORG       0
0040                  (            rbf.d):00224         PE.PE               RMB       1                   PE path number
0040                  (            rbf.d):00225         PE.PDptr            RMB       2                   Back ptr to this PE's Path Descriptor
0040                  (            rbf.d):00226         PE.NxFil            RMB       2                   Drive Open-File list ptr
0040                  (            rbf.d):00227         PE.Confl            RMB       2                   Circular File Conflict list
0040                  (            rbf.d):00228         PE.Lock             RMB       1                   Path lockout status
0040                  (            rbf.d):00229         PE.LoLck            RMB       4                   Low Locked Logical addr
0040                  (            rbf.d):00230         PE.HiLck            RMB       4                   High Locked Logical addr
0040                  (            rbf.d):00231         PE.Wait             RMB       2                   PE ptr to (next) locked-out PE
0040                  (            rbf.d):00232         PE.TmOut            RMB       2                   Max ticks to wait for locked segment
0040                  (            rbf.d):00233         PE.Owner            RMB       1                   Process ID of owner of locked segment
0040                  (            rbf.d):00234         PE.Req              RMB       1                   Temp for PE.Lock in GAIN when LockSeg fails
0040                  (            rbf.d):00235         PE.Prior            RMB       1                   Temp for process priority while in driver
0040                  (            rbf.d):00236         PE.SigSg            RMB       1                   Signal code to send
0040                  (            rbf.d):00237         PE.SigID            RMB       1                   Process ID to send the signal to
                      (            rbf.d):00238                             RMB       32-.                Reserved
0040                  (            rbf.d):00239         PE.FilNm            RMB       32                  Temp for filename during directory search
                      (            rbf.d):00240         
                      (            rbf.d):00241         * PE.Lock status codes
0040                  (            rbf.d):00242         Unlocked            EQU       0                   No portion of file is locked
0040                  (            rbf.d):00243         RcdLock             EQU       1                   Record from LoLck to HiLck locked
0040                  (            rbf.d):00244         FileLock            EQU       2                   Entire file locked
0040                  (            rbf.d):00245         EofLock             EQU       4                   End of file is locked
                      (            rbf.d):00246                             ENDC
                      (            rbf.d):00247         
                      (            rbf.d):00248         
                      (            rbf.d):00249                             PAG
                      (            rbf.d):00250         ***********************
                      (            rbf.d):00251         * LSN0 Disk Data Format
                      (            rbf.d):00252         *
                      (            rbf.d):00253         * Logical Sector Number 0 is the first sector on an RBF formatted device
                      (            rbf.d):00254         * and contains information about the device's size and format.
                      (            rbf.d):00255         *
                      (            rbf.d):00256                             ORG       0
0000                  (            rbf.d):00257         DD.TOT              RMB       3                   Total number of sectors
0003                  (            rbf.d):00258         DD.TKS              RMB       1                   Track size in sectors
0004                  (            rbf.d):00259         DD.MAP              RMB       2                   Number of bytes in allocation bit map
0006                  (            rbf.d):00260         DD.BIT              RMB       2                   Number of sectors/bit
0008                  (            rbf.d):00261         DD.DIR              RMB       3                   Address of root directory fd
000B                  (            rbf.d):00262         DD.OWN              RMB       2                   Owner
000D                  (            rbf.d):00263         DD.ATT              RMB       1                   Attributes
000E                  (            rbf.d):00264         DD.DSK              RMB       2                   Disk ID
0010                  (            rbf.d):00265         DD.FMT              RMB       1                   Disk format; density/sides
0011                  (            rbf.d):00266         DD.SPT              RMB       2                   Sectors/track
0013                  (            rbf.d):00267         DD.RES              RMB       2                   Reserved for future use
     0015             (            rbf.d):00268         DD.SIZ              EQU       .                   Device descriptor minimum size
0015                  (            rbf.d):00269         DD.BT               RMB       3                   System bootstrap sector
0018                  (            rbf.d):00270         DD.BSZ              RMB       2                   Size of system bootstrap
001A                  (            rbf.d):00271         DD.DAT              RMB       5                   Creation date
001F                  (            rbf.d):00272         DD.NAM              RMB       32                  Volume name
003F                  (            rbf.d):00273         DD.OPT              RMB       32                  Option area
                      (            rbf.d):00274         
                      (            rbf.d):00275         *************************
                      (            rbf.d):00276         * 2012/11/09 Gene Heskett - Some additions for bootlink etc use.
                      (            rbf.d):00277                             ORG       $60                 More options from device descriptor
0060                  (            rbf.d):00278         VD.STP              RMB       1                   This is for the /sh and /ih virtual disks in HDBDOS
0061                  (            rbf.d):00279         VD.OFS              RMB       3                   This is DT.WPC and DT.OSF combined, might be more
                      (            rbf.d):00280         
                      (            rbf.d):00281         * DD.FMT Bit Definitions - valid only if device is a floppy disk
     0001             (            rbf.d):00282         FMT.SIDE            EQU       %00000001           Single Sided=0, Double Sided=1
     0002             (            rbf.d):00283         FMT.DNS             EQU       %00000010           Single Density=0, Double Density=1
     0004             (            rbf.d):00284         FMT.TDNS            EQU       %00000100           Track Density: 48/135 TPI=0, 96 TPI=1
     0020             (            rbf.d):00285         FMT.T0DN            EQU       %00100000           Track 0 Density, see FMT.DNS
                      (            rbf.d):00286         
                      (            rbf.d):00287         
                      (            rbf.d):00288                             PAG
                      (            rbf.d):00289         ************************
                      (            rbf.d):00290         * File Descriptor Format
                      (            rbf.d):00291         *
                      (            rbf.d):00292         * The file descriptor is a sector that is present for every file
                      (            rbf.d):00293         * on an RBF device.  It contains attributes, modification dates,
                      (            rbf.d):00294         * and segment information on a file.
                      (            rbf.d):00295         *
                      (            rbf.d):00296                             ORG       0
0000                  (            rbf.d):00297         FD.ATT              RMB       1                   Attributes
0001                  (            rbf.d):00298         FD.OWN              RMB       2                   Owner
0003                  (            rbf.d):00299         FD.DAT              RMB       5                   Date last modified
0008                  (            rbf.d):00300         FD.LNK              RMB       1                   Link count
0009                  (            rbf.d):00301         FD.SIZ              RMB       4                   File size
000D                  (            rbf.d):00302         FD.Creat            RMB       3                   File creation date (YY/MM/DD)
     0010             (            rbf.d):00303         FD.SEG              EQU       .                   Beginning of segment list
                      (            rbf.d):00304         * Segment List Entry Format
                      (            rbf.d):00305                             ORG       0
0000                  (            rbf.d):00306         FDSL.A              RMB       3                   Segment beginning physical sector number
0003                  (            rbf.d):00307         FDSL.B              RMB       2                   Segment size
     0005             (            rbf.d):00308         FDSL.S              EQU       .                   Segment list entry size
     00FB             (            rbf.d):00309         FD.LS1              EQU       FD.SEG+((256-FD.SEG)/FDSL.S-1)*FDSL.S
     00FA             (            rbf.d):00310         FD.LS2              EQU       (256/FDSL.S-1)*FDSL.S
     0010             (            rbf.d):00311         MINSEC              SET       16
                      (            rbf.d):00312         
                      (            rbf.d):00313         
                      (            rbf.d):00314                             PAG
                      (            rbf.d):00315         ************************
                      (            rbf.d):00316         * Directory Entry Format
                      (            rbf.d):00317         *
                      (            rbf.d):00318         * Directory entries are part of a directory and define the name
                      (            rbf.d):00319         * of the file, as well as a pointer to its file descriptor.
                      (            rbf.d):00320         *
                      (            rbf.d):00321                             ORG       0
0000                  (            rbf.d):00322         DIR.NM              RMB       29                  File name
001D                  (            rbf.d):00323         DIR.FD              RMB       3                   File descriptor physical sector number
     0020             (            rbf.d):00324         DIR.SZ              EQU       .                   Directory record size
                      (            rbf.d):00325         
                      (            rbf.d):00326         
                      (            rbf.d):00327                             PAG
                      (            rbf.d):00328         ********************
                      (            rbf.d):00329         * RBF Static Storage
                      (            rbf.d):00330         *
                      (            rbf.d):00331         * Overall Disk Static Storage
                      (            rbf.d):00332         *
                      (            rbf.d):00333         * Note:  This does not reserve any memory for drive tables.  Each
                      (            rbf.d):00334         *        driver is responsible for reserving sufficient memory for
                      (            rbf.d):00335         *        the appropriate number of tables.
                      (            rbf.d):00336         *
                      (            rbf.d):00337                             ORG       V.USER              Reserve required           ($06)
0006                  (            rbf.d):00338         V.NDRV              RMB       1                   Number of drives           ($07)
0007                  (            rbf.d):00339                             RMB       8                   reserved                   ($08)
     000F             (            rbf.d):00340         DRVBEG              EQU       .                   Beginning of drive tables  ($10)
                      (            rbf.d):00341         
                      (            rbf.d):00342         
                      (            rbf.d):00343                             PAG
                      (            rbf.d):00344         ****************
                      (            rbf.d):00345         * Global Storage For Disk Drive Tables
                      (            rbf.d):00346         *
                      (            rbf.d):00347         * Each table contains the first 'DD.SIZ' bytes from
                      (            rbf.d):00348         * LSN 0, and the current track, stepping rate,
                      (            rbf.d):00349         * bitmap use flag, and disk type.
                      (            rbf.d):00350         *
                      (            rbf.d):00351                             ORG       0
0000                  (            rbf.d):00352                             RMB       DD.SIZ              Device descriptor, LSN 0
0015                  (            rbf.d):00353         V.TRAK              RMB       2                   Current track
0017                  (            rbf.d):00354         V.BMB               RMB       1                   Bit-map use flag
0018                  (            rbf.d):00355         V.FileHd            RMB       2                   Open file list for this drive
001A                  (            rbf.d):00356         V.DiskID            RMB       2                   Disk ID
001C                  (            rbf.d):00357         V.BMapSz            RMB       1                   Bitmap Size
001D                  (            rbf.d):00358         V.MapSct            RMB       1                   Lowest reasonable bitmap sector
001E                  (            rbf.d):00359         V.ResBit            RMB       1                   Reserved bitmap sector (for compaction)
001F                  (            rbf.d):00360         V.ScTkOf            RMB       1                   Sector/Track byte (Combined from descriptor)
0020                  (            rbf.d):00361         V.ScOfst            RMB       1                   Sector offset split from byte above
0021                  (            rbf.d):00362         V.TkOfst            RMB       1                   Track offset split from byte above
0022                  (            rbf.d):00363                             RMB       4                   Reserved
     0026             (            rbf.d):00364         DRVMEM              EQU       .
                      (            rbf.d):00365         
                      (            rbf.d):00366                             ENDC
                      (            rbf.d):00367         
                      (      ../defsfile):00006                  use   mecb.d
                      (           mecb.d):00001                             ifne      MECB.D-1
     0001             (           mecb.d):00002         MECB.D              set       1
                      (           mecb.d):00003         
                      (           mecb.d):00004         ********************************************************************
                      (           mecb.d):00005         * mecb.d - NitrOS-9 System Definitions for the Digicool MECB 6809
                      (           mecb.d):00006         *
                      (           mecb.d):00007         * This is a high level view of the Digicool MECB 6809 memory map as setup by
                      (           mecb.d):00008         * NitrOS-9.
                      (           mecb.d):00009         *
                      (           mecb.d):00010         *     $0000----> ==================================
                      (           mecb.d):00011         *               |                                  |
                      (           mecb.d):00012         *               |      NitrOS-9 Globals/Stack      |
                      (           mecb.d):00013         *               |                                  |
                      (           mecb.d):00014         *     $0500---->|==================================|
                      (           mecb.d):00015         *               |                                  |
                      (           mecb.d):00016         *                 . . . . . . . . . . . . . . . . .
                      (           mecb.d):00017         *               |                                  |
                      (           mecb.d):00018         *               |   RAM available for allocation   |
                      (           mecb.d):00019         *               |       by NitrOS-9 and Apps       |
                      (           mecb.d):00020         *               |                                  |
                      (           mecb.d):00021         *                 . . . . . . . . . . . . . . . . .
                      (           mecb.d):00022         *               |                                  |
                      (           mecb.d):00023         *     $DFFF---->|==================================|
                      (           mecb.d):00024         *               |                                  |
                      (           mecb.d):00025         *  $E000-$E0FF  |    Memory Mapped I/O Region      |
                      (           mecb.d):00026         *               |                                  |
                      (           mecb.d):00027         *     $E100---->|==================================|
                      (           mecb.d):00028         *               |                                  |
                      (           mecb.d):00029         *  $E100-$FFFF  |               ROM                |
                      (           mecb.d):00030         *               |                                  |
                      (           mecb.d):00031         *               |==================================|
                      (           mecb.d):00032         * Edt/Rev  YYYY/MM/DD  Modified by
                      (           mecb.d):00033         * Comment
                      (           mecb.d):00034         * ------------------------------------------------------------------
                      (           mecb.d):00035         *          2017/04/29  Boisy G. Pitre
                      (           mecb.d):00036         * Started
                      (           mecb.d):00037         
                      (           mecb.d):00038                             nam       mecb.d
                      (           mecb.d):00039                             ttl       NitrOS-9 System Definitions for the Digicool MECB 6809
                      (           mecb.d):00040         
                      (           mecb.d):00041         **********************************
                      (           mecb.d):00042         * Ticks per second
                      (           mecb.d):00043         *
                      (           mecb.d):00044                             IFNDEF    TkPerSec
     0032             (           mecb.d):00045         TkPerSec            SET       50
                      (           mecb.d):00046                             ENDC
                      (           mecb.d):00047         
                      (           mecb.d):00048         
                      (           mecb.d):00049         *************************************************
                      (           mecb.d):00050         *
                      (           mecb.d):00051         * NitrOS-9 Level 1 Section
                      (           mecb.d):00052         *
                      (           mecb.d):00053         *************************************************
                      (           mecb.d):00054         
                      (           mecb.d):00055         ; Presumably indicates where hardware is? epaell
     00E0             (           mecb.d):00056         HW.Page             set       $E0                 Device descriptor hardware page
                      (           mecb.d):00057         
                      (           mecb.d):00058         
                      (           mecb.d):00059         ********************************************************************
                      (           mecb.d):00060         * NitrOS-9 Memory Definitions for the DigiCool MECB 6809
                      (           mecb.d):00061         *
                      (           mecb.d):00062         
                      (           mecb.d):00063         ********************************************************************
                      (           mecb.d):00064         * Digicool MECB 6809 Hardware Definitions
                      (           mecb.d):00065         *
                      (           mecb.d):00066         
     FFE3             (           mecb.d):00067         S.FNexec            EQU       $FFE3
     FFE5             (           mecb.d):00068         S.Hex2Out           EQU       $FFE5
     FFE7             (           mecb.d):00069         S.Hex4Out           EQU       $FFE7
     FFE9             (           mecb.d):00070         S.CharOut           EQU       $FFE9
     FFEB             (           mecb.d):00071         S.StringOut         EQU       $FFEB
                      (           mecb.d):00072         
     E000             (           mecb.d):00073         IOBASE              equ       $E000
                      (           mecb.d):00074         
                      (           mecb.d):00075         ;----------------------------------------------------
                      (           mecb.d):00076         ;
                      (           mecb.d):00077         ; Which slot the parallel board is in.  This needs to
                      (           mecb.d):00078         ; be set for the system in use.  As long as the user
                      (           mecb.d):00079         ; programs only call functions in here, no other
                      (           mecb.d):00080         ; file/application should know which slot the board
                      (           mecb.d):00081         ; is in.
                      (           mecb.d):00082         
     E000             (           mecb.d):00083         PTMBase              equ      IOBASE+$0000
     E008             (           mecb.d):00084         UARTBase             equ      IOBASE+$0008
     E010             (           mecb.d):00085         PIA0Base             equ      IOBASE+$0010
     E0C0             (           mecb.d):00086         RTCBase              equ      IOBASE+$00C0
     E0C1             (           mecb.d):00087         IOPORTBase           equ      IOBASE+$00C1
     E0C2             (           mecb.d):00088         FNBASE               equ      IOBASE+$00C2
                      (           mecb.d):00089         
     E000             (           mecb.d):00090         PTM                  equ      PTMBase
     E000             (           mecb.d):00091         PTMCR13              equ      PTMBase         ; Timer Control Registers 1 & 3
     E001             (           mecb.d):00092         PTMSR                equ      PTMBase+1       ; Timer Status Register
     E001             (           mecb.d):00093         PTMCR2               equ      PTMBase+1       ; Timer Control Register 2
     E002             (           mecb.d):00094         PTMT1MSB             equ      PTMBase+2       ; MSB Buffer Register
     E003             (           mecb.d):00095         PTMT1LSB             equ      PTMBase+3       ; Timer #1 Latches
                      (           mecb.d):00096         
                      (           mecb.d):00097                             org       $DFC0
DFC0                  (           mecb.d):00098         C.STACK             RMB       2                   TOP OF INTERNAL STACK / USER VECTOR
DFC2                  (           mecb.d):00099         C.SWI3              RMB       2                   SOFTWARE INTERRUPT VECTOR #3
DFC4                  (           mecb.d):00100         C.SWI2              RMB       2                   SOFTWARE INTERRUPT VECTOR #2
DFC6                  (           mecb.d):00101         C.FIRQ              RMB       2                   FAST INTERRUPT VECTOR
DFC8                  (           mecb.d):00102         C.IRQ               RMB       2                   INTERRUPT VECTOR
DFCA                  (           mecb.d):00103         C.SWI               RMB       2                   SOFTWARE INTERRUPT VECTOR
DFCC                  (           mecb.d):00104         SVCVO               RMB       2                   SUPERVISOR CALL VECTOR ORGIN
DFCE                  (           mecb.d):00105         SVCVL               RMB       2                   SUPERVISOR CALL VECTOR LIMIT
DFD0                  (           mecb.d):00106         LRARAM              RMB       16                  LRA ADDRESSES
                      (           mecb.d):00107         
     E100             (           mecb.d):00108         Bt.Start            EQU       $E100               Start address of the boot ROM in memory
     1F00             (           mecb.d):00109         Bt.Size             EQU       $1F00
     0000             (           mecb.d):00110         Bt.Track            EQU       0
     0000             (           mecb.d):00111         Bt.Sec              EQU       0
                      (           mecb.d):00112         
                      (           mecb.d):00113         ; FujiNet SPI has the following bits:
                      (           mecb.d):00114         ;
                      (           mecb.d):00115         ;  Input:
                      (           mecb.d):00116         ;      Bit 7 = BUS_READY*     (MASK_CMD_READY, BIT_CMD_RDY)
                      (           mecb.d):00117         ;      Bit 6 = BUS_PROCEED*   (MASK_PROCEED, BIT_PROCEED)
                      (           mecb.d):00118         ;      Bit 1-5 = UNUSED
                      (           mecb.d):00119         ;      Bit 0 = BUS_MISO       (MASK_MISO, BIT_MISO)
                      (           mecb.d):00120         ;
     0080             (           mecb.d):00121         MASK_CMD_RDY               equ   $80
     0040             (           mecb.d):00122         MASK_PROCEED               equ   $40
     0001             (           mecb.d):00123         MASK_MISO                  equ   $01
     0007             (           mecb.d):00124         BIT_CMD_RDY                equ   7
     0006             (           mecb.d):00125         BIT_PROCEED                equ   6
     0000             (           mecb.d):00126         BIT_MISO                   equ   0
                      (           mecb.d):00127         
                      (           mecb.d):00128         ;
                      (           mecb.d):00129         ; Output:
                      (           mecb.d):00130         ;      Bit 7 = BUS_CMD*       (MASK_CMD,BIT_CMD)
                      (           mecb.d):00131         ;      Bit 6 = BUS_DATA*
                      (           mecb.d):00132         ;      Bit 3-5 = UNUSED
                      (           mecb.d):00133         ;      Bit 2 = BUS_CS*
                      (           mecb.d):00134         ;      Bit 1 = BUS_MOSI       (MASK_MOSI,BIT_MOSI)
                      (           mecb.d):00135         ;      Bit 0 = BUS_CLK
                      (           mecb.d):00136         ;
     0080             (           mecb.d):00137         MASK_CMD                   equ   $80
     0002             (           mecb.d):00138         MASK_MOSI                  equ   $02
     00FC             (           mecb.d):00139         MASK_SPI                   equ   $fc   ; Mask out all but BUS_CLK and BUS_MOSI
     00FE             (           mecb.d):00140         FN_INIT                    equ   $fe   ; BUS_CLK low, BUS_MOSI high
     0007             (           mecb.d):00141         BIT_CMD                    equ   7
     0001             (           mecb.d):00142         BIT_MOSI                   equ   1
     0000             (           mecb.d):00143         BIT_CLK                    equ   0
                      (           mecb.d):00144         
     007A             (           mecb.d):00145         MSCNT1MHZ   equ   122      ; number of loops to delay 1 mS with 1 MHz 6809 CPU
     00F7             (           mecb.d):00146         MSCNT2MHZ   equ   247      ; number of loops to delay 1 mS with 2 MHz 6809 CPU
                      (           mecb.d):00147         
                      (           mecb.d):00148         ;****************************************************
                      (           mecb.d):00149         ; FujiNet protocol
                      (           mecb.d):00150         ;
     0031             (           mecb.d):00151         RC2014_DEVICEID_DISK                equ   $31
     003F             (           mecb.d):00152         RC2014_DEVICEID_DISK_LAST           equ   $3F
                      (           mecb.d):00153         
     0041             (           mecb.d):00154         RC2014_DEVICEID_PRINTER             equ   $41
     0044             (           mecb.d):00155         RC2014_DEVICEID_PRINTER_LAST        equ   $44
                      (           mecb.d):00156         
     0061             (           mecb.d):00157         RC2014_DEVICEID_FILE                equ   $61
                      (           mecb.d):00158         
     0070             (           mecb.d):00159         RC2014_DEVICEID_FUJINET             equ   $70
     0071             (           mecb.d):00160         RC2014_DEVICEID_NETWORK             equ   $71
     0078             (           mecb.d):00161         RC2014_DEVICEID_NETWORK_LAST        equ   $78
                      (           mecb.d):00162         
     0050             (           mecb.d):00163         RC2014_DEVICEID_MODEM               equ   $50
                      (           mecb.d):00164         
     005A             (           mecb.d):00165         RC2014_DEVICEID_CPM                 equ   $5A
                      (           mecb.d):00166         ;
                      (           mecb.d):00167         ; Device commands
                      (           mecb.d):00168         ;
     004F             (           mecb.d):00169         DEVICE_OPEN                         equ   'O'
     0053             (           mecb.d):00170         DEVICE_STATUS                       equ   'S'
     0052             (           mecb.d):00171         DEVICE_READ                         equ   'R'
     0057             (           mecb.d):00172         DEVICE_WRITE                        equ   'W'
     0043             (           mecb.d):00173         DEVICE_CLOSE                        equ   'C'
     0051             (           mecb.d):00174         DEVICE_QUERY                        equ   'Q'
     0050             (           mecb.d):00175         DEVICE_PARSE                        equ   'P'
     00FD             (           mecb.d):00176         DEVICE_LOGIN                        equ   $FD
     00FC             (           mecb.d):00177         DEVICE_CHANNEL_MODE                 equ   $FC
                      (           mecb.d):00178         ;
                      (           mecb.d):00179         ;
                      (           mecb.d):00180         ; Definition of DCB offsets from common section
                      (           mecb.d):00181         ;
     0000             (           mecb.d):00182         DCB_DEVICE                          equ   0
     0001             (           mecb.d):00183         DCB_COMMAND                         equ   1
     0002             (           mecb.d):00184         DCB_AUX1                            equ   2
     0003             (           mecb.d):00185         DCB_AUX2                            equ   3
     0004             (           mecb.d):00186         DCB_CHECKSUM                        equ   4
     0004             (           mecb.d):00187         DCB_TX_BUFFER                       equ   4
     0006             (           mecb.d):00188         DCB_TX_BUFFER_LEN                   equ   6
     0008             (           mecb.d):00189         DCB_RX_BUFFER                       equ   8
     000A             (           mecb.d):00190         DCB_RX_BUFFER_LEN                   equ   10
     000C             (           mecb.d):00191         DCB_TIMEOUT                         equ   12
                      (           mecb.d):00192         
     000E             (           mecb.d):00193         DCB_SIZE                            equ   14
                      (           mecb.d):00194         
                      (           mecb.d):00195         ;
                      (           mecb.d):00196         ; FUJINET_RC
                      (           mecb.d):00197         ;
     0000             (           mecb.d):00198         FUJINET_RC_OK                       equ   0
     0001             (           mecb.d):00199         FUJINET_RC_NOT_IMPLEMENTED          equ   1
     0002             (           mecb.d):00200         FUJINET_RC_NOT_SUPPORTED            equ   2
     0003             (           mecb.d):00201         FUJINET_RC_INVALID                  equ   3
     0004             (           mecb.d):00202         FUJINET_RC_TIMEOUT                  equ   4
     0005             (           mecb.d):00203         FUJINET_RC_NO_ACK                   equ   5
     0006             (           mecb.d):00204         FUJINET_RC_NO_COMPLETE              equ   6
                      (           mecb.d):00205         ;
                      (           mecb.d):00206         ; WiFi Status Codes
                      (           mecb.d):00207         ;
     0000             (           mecb.d):00208         WIFI_IDLE                           equ   0
     0001             (           mecb.d):00209         WIFI_NOSSID                         equ   1
     0002             (           mecb.d):00210         WIFI_SCAN_COMPLETE                  equ   2
     0003             (           mecb.d):00211         WIFI_CONNECTED                      equ   3
     0004             (           mecb.d):00212         WIFI_CONNECT_FAIL                   equ   4
     0005             (           mecb.d):00213         WIFI_CONNECTION_LOST                equ   5
     0006             (           mecb.d):00214         WIFI_DISCONNECTED                   equ   6
                      (           mecb.d):00215         
                      (           mecb.d):00216         ; Network extended_error
     0001             (           mecb.d):00217         NETWORK_ERROR_SUCCESS                        equ   1     ; $01
     0083             (           mecb.d):00218         NETWORK_ERROR_WRITE_ONLY                     equ   131   ; $83
     0084             (           mecb.d):00219         NETWORK_ERROR_INVALID_COMMAND                equ   132   ; $84
     0087             (           mecb.d):00220         NETWORK_ERROR_READ_ONLY                      equ   135   ; $87
     0088             (           mecb.d):00221         NETWORK_ERROR_END_OF_FILE                    equ   136   ; $88
     008A             (           mecb.d):00222         NETWORK_ERROR_GENERAL_TIMEOUT                equ   138   ; $8a
     0090             (           mecb.d):00223         NETWORK_ERROR_GENERAL                        equ   144   ; $90
     0092             (           mecb.d):00224         NETWORK_ERROR_NOT_IMPLEMENTED                equ   146   ; $92
     0097             (           mecb.d):00225         NETWORK_ERROR_FILE_EXISTS                    equ   151   ; $97
     00A2             (           mecb.d):00226         NETWORK_ERROR_NO_SPACE_ON_DEVICE             equ   162   ; $a2
     00A5             (           mecb.d):00227         NETWORK_ERROR_INVALID_DEVICESPEC             equ   165   ; $a5
     00A7             (           mecb.d):00228         NETWORK_ERROR_ACCESS_DENIED                  equ   167   ; $a7
     00AA             (           mecb.d):00229         NETWORK_ERROR_FILE_NOT_FOUND                 equ   170   ; $aa
     00C8             (           mecb.d):00230         NETWORK_ERROR_CONNECTION_REFUSED             equ   200   ; $c8
     00C9             (           mecb.d):00231         NETWORK_ERROR_NETWORK_UNREACHABLE            equ   201   ; $c9
     00CA             (           mecb.d):00232         NETWORK_ERROR_SOCKET_TIMEOUT                 equ   202   ; $ca
     00CB             (           mecb.d):00233         NETWORK_ERROR_NETWORK_DOWN                   equ   203   ; $cb
     00CC             (           mecb.d):00234         NETWORK_ERROR_CONNECTION_RESET               equ   204   ; $cc
     00CD             (           mecb.d):00235         NETWORK_ERROR_CONNECTION_ALREADY_IN_PROGRESS equ   205   ; $cd
     00CE             (           mecb.d):00236         NETWORK_ERROR_ADDRESS_IN_USE                 equ   206   ; $ce
     00CF             (           mecb.d):00237         NETWORK_ERROR_NOT_CONNECTED                  equ   207   ; $cf
     00D0             (           mecb.d):00238         NETWORK_ERROR_SERVER_NOT_RUNNING             equ   208   ; $d0
     00D1             (           mecb.d):00239         NETWORK_ERROR_NO_CONNECTION_WAITING          equ   209   ; $d1
     00D2             (           mecb.d):00240         NETWORK_ERROR_SERVICE_NOT_AVAILABLE          equ   210   ; $d2
     00D3             (           mecb.d):00241         NETWORK_ERROR_CONNECTION_ABORTED             equ   211   ; $d3
     00D4             (           mecb.d):00242         NETWORK_ERROR_INVALID_USERNAME_OR_PASSWORD   equ   212   ; $d4
     00FF             (           mecb.d):00243         NETWORK_ERROR_COULD_NOT_ALLOCATE_BUFFERS     equ   255   ; $ff
                      (           mecb.d):00244         
                      (           mecb.d):00245         ;
                      (           mecb.d):00246         ; FujiNet commands
                      (           mecb.d):00247         ;
     00FF             (           mecb.d):00248         FUJICMD_RESET                       equ   $FF ; done
     00FE             (           mecb.d):00249         FUJICMD_GET_SSID                    equ   $FE ; F
     00FD             (           mecb.d):00250         FUJICMD_SCAN_NETWORKS               equ   $FD ; done
     00FC             (           mecb.d):00251         FUJICMD_GET_SCAN_RESULT             equ   $FC ; done
     00FB             (           mecb.d):00252         FUJICMD_SET_SSID                    equ   $FB ; done
     00FA             (           mecb.d):00253         FUJICMD_GET_WIFISTATUS              equ   $FA ; F
     00F9             (           mecb.d):00254         FUJICMD_MOUNT_HOST                  equ   $F9 ; done
     00F8             (           mecb.d):00255         FUJICMD_MOUNT_IMAGE                 equ   $F8 ; done
     00F7             (           mecb.d):00256         FUJICMD_OPEN_DIRECTORY              equ   $F7 ; done
     00F6             (           mecb.d):00257         FUJICMD_READ_DIR_ENTRY              equ   $F6 ; done
     00F5             (           mecb.d):00258         FUJICMD_CLOSE_DIRECTORY             equ   $F5 ; done
     00F4             (           mecb.d):00259         FUJICMD_READ_HOST_SLOTS             equ   $F4 ; done
     00F3             (           mecb.d):00260         FUJICMD_WRITE_HOST_SLOTS            equ   $F3 ; F
     00F2             (           mecb.d):00261         FUJICMD_READ_DEVICE_SLOTS           equ   $F2 ; done
     00F1             (           mecb.d):00262         FUJICMD_WRITE_DEVICE_SLOTS          equ   $F1 ; F
     00EA             (           mecb.d):00263         FUJICMD_GET_WIFI_ENABLED            equ   $EA ; not implemented in firmware
     00E9             (           mecb.d):00264         FUJICMD_UNMOUNT_IMAGE               equ   $E9 ; done
     00E8             (           mecb.d):00265         FUJICMD_GET_ADAPTERCONFIG           equ   $E8 ; F
     00E7             (           mecb.d):00266         FUJICMD_NEW_DISK                    equ   $E7 ; not implemented in firmware
     00E6             (           mecb.d):00267         FUJICMD_UNMOUNT_HOST                equ   $E6 ; not implemented in firmware
     00E5             (           mecb.d):00268         FUJICMD_GET_DIRECTORY_POSITION      equ   $E5 ; F
     00E4             (           mecb.d):00269         FUJICMD_SET_DIRECTORY_POSITION      equ   $E4 ; F
     00E2             (           mecb.d):00270         FUJICMD_SET_DEVICE_FULLPATH         equ   $E2 ; F - for a given device slot set the full path for a file
     00E1             (           mecb.d):00271         FUJICMD_SET_HOST_PREFIX             equ   $E1 ; not implemented in firmware
     00E0             (           mecb.d):00272         FUJICMD_GET_HOST_PREFIX             equ   $E0 ; not implemented in firmware
     00DE             (           mecb.d):00273         FUJICMD_WRITE_APPKEY                equ   $DE ; not implemented in firmware
     00DD             (           mecb.d):00274         FUJICMD_READ_APPKEY                 equ   $DD ; not implemented in firmware
     00DC             (           mecb.d):00275         FUJICMD_OPEN_APPKEY                 equ   $DC ; not implemented in firmware
     00DB             (           mecb.d):00276         FUJICMD_CLOSE_APPKEY                equ   $DB ; not implemented in firmware
     00DA             (           mecb.d):00277         FUJICMD_GET_DEVICE_FULLPATH         equ   $DA ; F - for a given device slot return the full path for a file
     00D9             (           mecb.d):00278         FUJICMD_CONFIG_BOOT                 equ   $D9 ; F
     00D8             (           mecb.d):00279         FUJICMD_COPY_FILE                   equ   $D8 ; not implemented in firmware
     00D7             (           mecb.d):00280         FUJICMD_MOUNT_ALL                   equ   $D7 ; done
     00D6             (           mecb.d):00281         FUJICMD_SET_BOOT_MODE               equ   $D6 ; not implemented in firmware
     0053             (           mecb.d):00282         FUJICMD_STATUS                      equ   $53 ; not implemented in firmware
     00D5             (           mecb.d):00283         FUJICMD_ENABLE_DEVICE               equ   $D5 ; F
     00D4             (           mecb.d):00284         FUJICMD_DISABLE_DEVICE              equ   $D4 ; F
     00D3             (           mecb.d):00285         FUJICMD_RANDOM_NUMBER               equ   $D3 ; done
     00D2             (           mecb.d):00286         FUJICMD_GET_TIME                    equ   $D2 ; done
     00D1             (           mecb.d):00287         FUJICMD_DEVICE_ENABLE_STATUS        equ   $D1 ; F
     00D0             (           mecb.d):00288         FUJICMD_BASE64_ENCODE_INPUT         equ   $D0 ; F
     00CF             (           mecb.d):00289         FUJICMD_BASE64_ENCODE_COMPUTE       equ   $CF ; F
     00CE             (           mecb.d):00290         FUJICMD_BASE64_ENCODE_LENGTH        equ   $CE ; F
     00CD             (           mecb.d):00291         FUJICMD_BASE64_ENCODE_OUTPUT        equ   $CD ; F
     00CC             (           mecb.d):00292         FUJICMD_BASE64_DECODE_INPUT         equ   $CC ; F
     00CB             (           mecb.d):00293         FUJICMD_BASE64_DECODE_COMPUTE       equ   $CB ; F
     00CA             (           mecb.d):00294         FUJICMD_BASE64_DECODE_LENGTH        equ   $CA ; F
     00C9             (           mecb.d):00295         FUJICMD_BASE64_DECODE_OUTPUT        equ   $C9 ; F
     00C8             (           mecb.d):00296         FUJICMD_HASH_INPUT                  equ   $C8 ; F
     00C7             (           mecb.d):00297         FUJICMD_HASH_COMPUTE                equ   $C7 ; F
     00C6             (           mecb.d):00298         FUJICMD_HASH_LENGTH                 equ   $C6 ; F
     00C5             (           mecb.d):00299         FUJICMD_HASH_OUTPUT                 equ   $C5 ; F
     00C4             (           mecb.d):00300         FUJICMD_GET_ADAPTERCONFIG_EXTENDED  equ   $C4 ; not implemented in firmware
     00C3             (           mecb.d):00301         FUJICMD_HASH_COMPUTE_NO_CLEAR       equ   $C3 ; F
     00C2             (           mecb.d):00302         FUJICMD_HASH_CLEAR                  equ   $C2 ; F
     00BB             (           mecb.d):00303         FUJICMD_GENERATE_GUID               equ   $BB ; not implemented in firmware
     0081             (           mecb.d):00304         FUJICMD_SET_STATUS                  equ   $81 ; not implemented in firmware
                      (           mecb.d):00305         ;
     3A98             (           mecb.d):00306         FUJINET_TIMEOUT                     equ   15000
     7530             (           mecb.d):00307         FUJINET_NETWORK_TIMEOUT             equ   30000
                      (           mecb.d):00308         ;
                      (           mecb.d):00309         ; Data structures used by FuijiNet
                      (           mecb.d):00310         ;
     0024             (           mecb.d):00311         MAX_FILE_LEN                        equ   36
     0021             (           mecb.d):00312         MAX_SSID_LEN                        equ   33 ; 32 + NULL
     0040             (           mecb.d):00313         MAX_SSID_PW_LEN                     equ   64
     0001             (           mecb.d):00314         MODE_READ                           equ   1
     0002             (           mecb.d):00315         MODE_WRITE                          equ   2
                      (           mecb.d):00316         
     0020             (           mecb.d):00317         MAX_HOST_LEN                        equ   32
     0008             (           mecb.d):00318         NUM_HOST_SLOTS                      equ   8
     0008             (           mecb.d):00319         FUJINET_MAX_HOST_SLOTS              equ   8
     0008             (           mecb.d):00320         FUJINET_MAX_DEVICE_SLOTS            equ   8
     000C             (           mecb.d):00321         DIR_ENTRY_ATTR_LEN                  equ   12
     0100             (           mecb.d):00322         MAX_PATH_LEN                        equ   256
     0100             (           mecb.d):00323         DISK_SECTOR_SIZE                    equ   256
     0008             (           mecb.d):00324         MAX_NETWORK_UNITS                   equ   8
                      (           mecb.d):00325         
                      (           mecb.d):00326         ; Network
     0000             (           mecb.d):00327         CHANNELMODE_PROTOCOL                equ   0
     0001             (           mecb.d):00328         CHANNELMODE_JSON                    equ   1
     0000             (           mecb.d):00329         FN_TIME_YEARH                       equ   0
     0001             (           mecb.d):00330         FN_TIME_YEARL                       equ   1
     0002             (           mecb.d):00331         FN_TIME_MONTH                       equ   2
     0003             (           mecb.d):00332         FN_TIME_MDAY                        equ   3
     0004             (           mecb.d):00333         FN_TIME_HOUR                        equ   4
     0005             (           mecb.d):00334         FN_TIME_MIN                         equ   5
     0006             (           mecb.d):00335         FN_TIME_SEC                         equ   6
                      (           mecb.d):00336         
     0008             (           mecb.d):00337         MAX_FILE_HANDLE                     equ   8
     0006             (           mecb.d):00338         FILE_STATUS_LEN                     equ   6  ; 2 bytes and a long int
     0004             (           mecb.d):00339         NETWORK_STATUS_LEN                  equ   4
     0007             (           mecb.d):00340         TIME_LEN                            equ   7
     0006             (           mecb.d):00341         APPKEY_OPEN_LEN                     equ   6
                      (           mecb.d):00342         
                      (           mecb.d):00343         ;
                      (           mecb.d):00344         ; file modes
                      (           mecb.d):00345         ;
     0004             (           mecb.d):00346         OREAD                               equ   $4
     0008             (           mecb.d):00347         OWRITE                              equ   $8
     000C             (           mecb.d):00348         OUPDATE                             equ   $C
                      (           mecb.d):00349         ;
     0000             (           mecb.d):00350         ENTRY_TYPE_TEXT                     equ   0
     0001             (           mecb.d):00351         ENTRY_TYPE_FOLDER                   equ   1
     0002             (           mecb.d):00352         ENTRY_TYPE_FILE                     equ   2
     0003             (           mecb.d):00353         ENTRY_TYPE_LINK                     equ   3
     0004             (           mecb.d):00354         ENTRY_TYPE_MENU                     equ   4
                      (           mecb.d):00355         
                      (           mecb.d):00356         ; file_flags definitions
     0001             (           mecb.d):00357         DIR_ENTRY_FF_DIR                    equ   1
     0002             (           mecb.d):00358         DIR_ENTRY_FF_TRUNC                  equ   2
                      (           mecb.d):00359         
                      (           mecb.d):00360         ; file_type definitions
     0000             (           mecb.d):00361         DIR_ENTRY_FT_UNKNOWN                equ   0
                      (           mecb.d):00362         
                      (           mecb.d):00363         ; Network line translation
     0000             (           mecb.d):00364         NET_TRANS_NONE                      equ   0
     0001             (           mecb.d):00365         NET_TRANS_CR                        equ   1
     0002             (           mecb.d):00366         NET_TRANS_LF                        equ   2
     0003             (           mecb.d):00367         NET_TRANS_CRLF                      equ   3
                      (           mecb.d):00368         
                      (           mecb.d):00369         ;=====================================================
                      (           mecb.d):00370         ; FNIO subroutine module offsets
                      (           mecb.d):00371         ;
                      (           mecb.d):00372                             org       0
0000                  (           mecb.d):00373         FNIO$Init           rmb       3
0003                  (           mecb.d):00374         FNIO$Exec           rmb       3
0006                  (           mecb.d):00375         FNIO$Term           rmb       3
                      (           mecb.d):00376         
                      (           mecb.d):00377                             endc
                      (1/cmds/disasm.asm):00066                             endc
                      (1/cmds/disasm.asm):00067         
     0011             (1/cmds/disasm.asm):00068         typ                 set       Prgrm+Objct
     0081             (1/cmds/disasm.asm):00069         attrev              set       ReEnt+revision
     0001             (1/cmds/disasm.asm):00070         revision            set       $01
     0006             (1/cmds/disasm.asm):00071         edtn                set       6                   edition
     0036             (1/cmds/disasm.asm):00072         edition             equ       $30+edtn            ascii edition
                      (1/cmds/disasm.asm):00073         
0000 87CD2B17000D1181 (1/cmds/disasm.asm):00074                             mod       eom,mname,typ,attrev,start,datend
     141B102000
                      (1/cmds/disasm.asm):00075         
     0000             (1/cmds/disasm.asm):00076         pcrzero             equ       *-$0D               module start
                      (1/cmds/disasm.asm):00077         
000D 4469736173ED     (1/cmds/disasm.asm):00078         mname               fcs       /Disasm/
0013 06               (1/cmds/disasm.asm):00079                             fcb       edtn
                      (1/cmds/disasm.asm):00080         
0014 6464             (1/cmds/disasm.asm):00081         dfltdrv             fcc       /dd/
     000D             (1/cmds/disasm.asm):00082         cr                  set       C$CR
                      (1/cmds/disasm.asm):00083         **** start of data area ****
0000.                 (1/cmds/disasm.asm):00084         stackhld            rmb       2
0002.                 (1/cmds/disasm.asm):00085         ureghold            rmb       2
0004.                 (1/cmds/disasm.asm):00086         xreghold            rmb       2
0006.                 (1/cmds/disasm.asm):00087         xsave               rmb       2
0008.                 (1/cmds/disasm.asm):00088         dsave               rmb       2
000A.                 (1/cmds/disasm.asm):00089         startadr            rmb       2
000C.                 (1/cmds/disasm.asm):00090         modadr              rmb       2
000E.                 (1/cmds/disasm.asm):00091         s_start             rmb       2                   for manual start & stop
0010.                 (1/cmds/disasm.asm):00092         s_end               rmb       2
0012.                 (1/cmds/disasm.asm):00093         address             rmb       2
0014.                 (1/cmds/disasm.asm):00094         addrsave            rmb       2
0016.                 (1/cmds/disasm.asm):00095         lineadr             rmb       2
0018.                 (1/cmds/disasm.asm):00096         objadr              rmb       2
001A.                 (1/cmds/disasm.asm):00097         crntadr             rmb       2
001C.                 (1/cmds/disasm.asm):00098         modend              rmb       2
001E.                 (1/cmds/disasm.asm):00099         nameadr             rmb       2
0020.                 (1/cmds/disasm.asm):00100         size                rmb       2
0022.                 (1/cmds/disasm.asm):00101         temp                rmb       2
0024.                 (1/cmds/disasm.asm):00102         readpos             rmb       2
0026.                 (1/cmds/disasm.asm):00103         readcnt             rmb       1
0027.                 (1/cmds/disasm.asm):00104         readclr             rmb       1
0028.                 (1/cmds/disasm.asm):00105         byte                rmb       1
0029.                 (1/cmds/disasm.asm):00106         TFMFlag             rmb       1                   Flag to indicate processing TFM
002A.                 (1/cmds/disasm.asm):00107         bitcom              rmb       1                   Flag to indicate processing bit instruction
002B.                 (1/cmds/disasm.asm):00108         indirct             rmb       1
002C.                 (1/cmds/disasm.asm):00109         hexstrng            rmb       4
0030.                 (1/cmds/disasm.asm):00110         decstrng            rmb       5
0035.                 (1/cmds/disasm.asm):00111         testbyte            rmb       1
0036.                 (1/cmds/disasm.asm):00112         register            rmb       1
0037.                 (1/cmds/disasm.asm):00113         labladr             rmb       2
0039.                 (1/cmds/disasm.asm):00114         highadr             rmb       2
003B.                 (1/cmds/disasm.asm):00115         utabend             rmb       2
003D.                 (1/cmds/disasm.asm):00116         path                rmb       1
003E.                 (1/cmds/disasm.asm):00117         pass                rmb       1
003F.                 (1/cmds/disasm.asm):00118         diskio              rmb       1
0040.                 (1/cmds/disasm.asm):00119         objcnt              rmb       1
0041.                 (1/cmds/disasm.asm):00120         tylghold            rmb       1
0042.                 (1/cmds/disasm.asm):00121         atrvhold            rmb       1
0043.                 (1/cmds/disasm.asm):00122         revshold            rmb       1
0044.                 (1/cmds/disasm.asm):00123         m.opt               rmb       1
0045.                 (1/cmds/disasm.asm):00124         o.opt               rmb       1
0046.                 (1/cmds/disasm.asm):00125         s.opt               rmb       1                   manual start & stop RG
0047.                 (1/cmds/disasm.asm):00126         x.opt               rmb       1
0048.                 (1/cmds/disasm.asm):00127         z.opt               rmb       1
0049.                 (1/cmds/disasm.asm):00128         u.opt               rmb       1
004A.                 (1/cmds/disasm.asm):00129         op.cnt              rmb       1
004B.                 (1/cmds/disasm.asm):00130         descript            rmb       1
004C.                 (1/cmds/disasm.asm):00131         mgradr              rmb       2
004E.                 (1/cmds/disasm.asm):00132         drvadr              rmb       2
0050.                 (1/cmds/disasm.asm):00133         desctype            rmb       1
0051.                 (1/cmds/disasm.asm):00134         printadr            rmb       2
0053.                 (1/cmds/disasm.asm):00135         initsize            rmb       2
0055.                 (1/cmds/disasm.asm):00136         counter             rmb       1
0056.                 (1/cmds/disasm.asm):00137         countdec            rmb       2
0058.                 (1/cmds/disasm.asm):00138         numline             rmb       2
005A.                 (1/cmds/disasm.asm):00139         runtime             rmb       6
                      (1/cmds/disasm.asm):00140         * start of output line
0060.                 (1/cmds/disasm.asm):00141         linenum             rmb       8
0068.                 (1/cmds/disasm.asm):00142         holdadr             rmb       5
006D.                 (1/cmds/disasm.asm):00143         holdobj             rmb       11
0078.                 (1/cmds/disasm.asm):00144         holdline            rmb       56
                      (1/cmds/disasm.asm):00145         * end of output line
00B0.                 (1/cmds/disasm.asm):00146         holdname            rmb       32
00D0.                 (1/cmds/disasm.asm):00147         namehold            rmb       32
00F0.                 (1/cmds/disasm.asm):00148         hldtylg             rmb       40
0118.                 (1/cmds/disasm.asm):00149         hldatrv             rmb       40
0140.                 (1/cmds/disasm.asm):00150         hldrev              rmb       40
0168.                 (1/cmds/disasm.asm):00151         hldttl              rmb       40
0190.                 (1/cmds/disasm.asm):00152         pathlist            rmb       80
01E0.                 (1/cmds/disasm.asm):00153         readbuff            rmb       20
01F4.                 (1/cmds/disasm.asm):00154         labeltab            rmb       $1D0C
1F00.                 (1/cmds/disasm.asm):00155         lbtblend            rmb       1
1F01.                 (1/cmds/disasm.asm):00156                             rmb       255
     2000             (1/cmds/disasm.asm):00157         datend              equ       .
                      (1/cmds/disasm.asm):00158         
                      (1/cmds/disasm.asm):00159         *****************************************
                      (1/cmds/disasm.asm):00160         **   os9 call tables                   **
                      (1/cmds/disasm.asm):00161         **   (sequence = $10,$3f,..)           **
                      (1/cmds/disasm.asm):00162         *****************************************
     0016             (1/cmds/disasm.asm):00163         os9f$tab            equ       *
0016 46244C696E6B2020 (1/cmds/disasm.asm):00164                             fcc       /F$Link  /
001E 46244C6F61642020 (1/cmds/disasm.asm):00165                             fcc       /F$Load  /
0026 4624556E4C696E6B (1/cmds/disasm.asm):00166                             fcc       /F$UnLink/
002E 4624466F726B2020 (1/cmds/disasm.asm):00167                             fcc       /F$Fork  /
0036 4624576169742020 (1/cmds/disasm.asm):00168                             fcc       /F$Wait  /
003E 4624436861696E20 (1/cmds/disasm.asm):00169                             fcc       /F$Chain /
0046 4624457869742020 (1/cmds/disasm.asm):00170                             fcc       /F$Exit  /
004E 46244D656D202020 (1/cmds/disasm.asm):00171                             fcc       /F$Mem   /
0056 462453656E642020 (1/cmds/disasm.asm):00172                             fcc       /F$Send  /
005E 4624496370742020 (1/cmds/disasm.asm):00173                             fcc       /F$Icpt  /
0066 4624536C65657020 (1/cmds/disasm.asm):00174                             fcc       /F$Sleep /
006E 4624535370642020 (1/cmds/disasm.asm):00175                             fcc       /F$SSpd  /
0076 4624494420202020 (1/cmds/disasm.asm):00176                             fcc       /F$ID    /
007E 4624535072696F72 (1/cmds/disasm.asm):00177                             fcc       /F$SPrior/
0086 4624535357492020 (1/cmds/disasm.asm):00178                             fcc       /F$SSWI  /
008E 4624504572722020 (1/cmds/disasm.asm):00179                             fcc       /F$PErr  /
0096 46245072734E616D (1/cmds/disasm.asm):00180                             fcc       /F$PrsNam/
009E 4624436D704E616D (1/cmds/disasm.asm):00181                             fcc       /F$CmpNam/
00A6 4624536368426974 (1/cmds/disasm.asm):00182                             fcc       /F$SchBit/
00AE 4624416C6C426974 (1/cmds/disasm.asm):00183                             fcc       /F$AllBit/
00B6 462444656C426974 (1/cmds/disasm.asm):00184                             fcc       /F$DelBit/
00BE 462454696D652020 (1/cmds/disasm.asm):00185                             fcc       /F$Time  /
00C6 46245354696D6520 (1/cmds/disasm.asm):00186                             fcc       /F$STime /
00CE 4624435243202020 (1/cmds/disasm.asm):00187                             fcc       /F$CRC   /
00D6 4624475072447363 (1/cmds/disasm.asm):00188                             fcc       /F$GPrDsc/
00DE 462447426C6B4D70 (1/cmds/disasm.asm):00189                             fcc       /F$GBlkMp/
00E6 4624474D6F644472 (1/cmds/disasm.asm):00190                             fcc       /F$GModDr/
00EE 46244370794D656D (1/cmds/disasm.asm):00191                             fcc       /F$CpyMem/
00F6 4624535573657220 (1/cmds/disasm.asm):00192                             fcc       /F$SUser /
00FE 4624556E4C6F6164 (1/cmds/disasm.asm):00193                             fcc       /F$UnLoad/
0106 4624416C61726D20 (1/cmds/disasm.asm):00194                             fcc       /F$Alarm /
010E 3F3F3F3F3F3F3F3F (1/cmds/disasm.asm):00195                             fcc       /????????/
0116 3F3F3F3F3F3F3F3F (1/cmds/disasm.asm):00196                             fcc       /????????/
011E 46244E4D4C696E6B (1/cmds/disasm.asm):00197                             fcc       /F$NMLink/
0126 46244E4D4C6F6164 (1/cmds/disasm.asm):00198                             fcc       /F$NMLoad/
012E 3F3F3F3F3F3F3F3F (1/cmds/disasm.asm):00199                             fcc       /????????/
0136 3F3F3F3F3F3F3F3F (1/cmds/disasm.asm):00200                             fcc       /????????/
                      (1/cmds/disasm.asm):00201         * Rodney pointed this out as a bug
                      (1/cmds/disasm.asm):00202         *         fcc    /????????/
013E 4624545053202020 (1/cmds/disasm.asm):00203                             fcc       /F$TPS   /
0146 462454696D416C6D (1/cmds/disasm.asm):00204                             fcc       /F$TimAlm/
014E 4624564952512020 (1/cmds/disasm.asm):00205                             fcc       /F$VIRQ  /
0156 46245352714D656D (1/cmds/disasm.asm):00206                             fcc       /F$SRqMem/
015E 46245352744D656D (1/cmds/disasm.asm):00207                             fcc       /F$SRtMem/
0166 4624495251202020 (1/cmds/disasm.asm):00208                             fcc       /F$IRQ   /
016E 4624494F51752020 (1/cmds/disasm.asm):00209                             fcc       /F$IOQu  /
0176 46244150726F6320 (1/cmds/disasm.asm):00210                             fcc       /F$AProc /
017E 46244E50726F6320 (1/cmds/disasm.asm):00211                             fcc       /F$NProc /
0186 4624564D6F64756C (1/cmds/disasm.asm):00212                             fcc       /F$VModul/
018E 462446696E643634 (1/cmds/disasm.asm):00213                             fcc       /F$Find64/
0196 4624416C6C363420 (1/cmds/disasm.asm):00214                             fcc       /F$All64 /
019E 4624526574363420 (1/cmds/disasm.asm):00215                             fcc       /F$Ret64 /
01A6 4624535376632020 (1/cmds/disasm.asm):00216                             fcc       /F$SSvc  /
01AE 4624494F44656C20 (1/cmds/disasm.asm):00217                             fcc       /F$IODel /
01B6 4624534C696E6B20 (1/cmds/disasm.asm):00218                             fcc       /F$SLink /
01BE 4624426F6F742020 (1/cmds/disasm.asm):00219                             fcc       /F$Boot  /
01C6 462442744D656D20 (1/cmds/disasm.asm):00220                             fcc       /F$BtMem /
01CE 46244750726F6350 (1/cmds/disasm.asm):00221                             fcc       /F$GProcP/
01D6 46244D6F76652020 (1/cmds/disasm.asm):00222                             fcc       /F$Move  /
01DE 4624416C6C52414D (1/cmds/disasm.asm):00223                             fcc       /F$AllRAM/
01E6 4624416C6C496D67 (1/cmds/disasm.asm):00224                             fcc       /F$AllImg/
01EE 462444656C496D67 (1/cmds/disasm.asm):00225                             fcc       /F$DelImg/
01F6 4624536574496D67 (1/cmds/disasm.asm):00226                             fcc       /F$SetImg/
01FE 4624467265654C42 (1/cmds/disasm.asm):00227                             fcc       /F$FreeLB/
0206 4624467265654842 (1/cmds/disasm.asm):00228                             fcc       /F$FreeHB/
020E 4624416C6C54736B (1/cmds/disasm.asm):00229                             fcc       /F$AllTsk/
0216 462444656C54736B (1/cmds/disasm.asm):00230                             fcc       /F$DelTsk/
021E 462453657454736B (1/cmds/disasm.asm):00231                             fcc       /F$SetTsk/
0226 462452657354736B (1/cmds/disasm.asm):00232                             fcc       /F$ResTsk/
022E 462452656C54736B (1/cmds/disasm.asm):00233                             fcc       /F$RelTsk/
0236 46244441544C6F67 (1/cmds/disasm.asm):00234                             fcc       /F$DATLog/
023E 4624444154546D70 (1/cmds/disasm.asm):00235                             fcc       /F$DATTmp/
0246 46244C4441585920 (1/cmds/disasm.asm):00236                             fcc       /F$LDAXY /
024E 46244C4441585950 (1/cmds/disasm.asm):00237                             fcc       /F$LDAXYP/
0256 46244C4444445859 (1/cmds/disasm.asm):00238                             fcc       /F$LDDDXY/
025E 46244C4441425820 (1/cmds/disasm.asm):00239                             fcc       /F$LDABX /
0266 4624535441425820 (1/cmds/disasm.asm):00240                             fcc       /F$STABX /
026E 4624416C6C507263 (1/cmds/disasm.asm):00241                             fcc       /F$AllPrc/
0276 462444656C507263 (1/cmds/disasm.asm):00242                             fcc       /F$DelPrc/
027E 4624454C696E6B20 (1/cmds/disasm.asm):00243                             fcc       /F$ELink /
0286 4624464D6F64756C (1/cmds/disasm.asm):00244                             fcc       /F$FModul/
028E 46244D6170426C6B (1/cmds/disasm.asm):00245                             fcc       /F$MapBlk/
0296 4624436C72426C6B (1/cmds/disasm.asm):00246                             fcc       /F$ClrBlk/
029E 462444656C52414D (1/cmds/disasm.asm):00247                             fcc       /F$DelRAM/
02A6 462447434D446972 (1/cmds/disasm.asm):00248                             fcc       /F$GCMDir/
02AE 4624416C4852414D (1/cmds/disasm.asm):00249                             fcc       /F$AlHRAM/
                      (1/cmds/disasm.asm):00250         
     02B6             (1/cmds/disasm.asm):00251         os9i$tab            equ       *
02B6 4924417474616368 (1/cmds/disasm.asm):00252                             fcc       /I$Attach/
02BE 4924446574616368 (1/cmds/disasm.asm):00253                             fcc       /I$Detach/
02C6 4924447570202020 (1/cmds/disasm.asm):00254                             fcc       /I$Dup   /
02CE 4924437265617465 (1/cmds/disasm.asm):00255                             fcc       /I$Create/
02D6 49244F70656E2020 (1/cmds/disasm.asm):00256                             fcc       /I$Open  /
02DE 49244D616B446972 (1/cmds/disasm.asm):00257                             fcc       /I$MakDir/
02E6 4924436867446972 (1/cmds/disasm.asm):00258                             fcc       /I$ChgDir/
02EE 492444656C657465 (1/cmds/disasm.asm):00259                             fcc       /I$Delete/
02F6 49245365656B2020 (1/cmds/disasm.asm):00260                             fcc       /I$Seek  /
02FE 4924526561642020 (1/cmds/disasm.asm):00261                             fcc       /I$Read  /
0306 4924577269746520 (1/cmds/disasm.asm):00262                             fcc       /I$Write /
030E 4924526561644C6E (1/cmds/disasm.asm):00263                             fcc       /I$ReadLn/
0316 4924577269744C6E (1/cmds/disasm.asm):00264                             fcc       /I$WritLn/
031E 4924476574537474 (1/cmds/disasm.asm):00265                             fcc       /I$GetStt/
0326 4924536574537474 (1/cmds/disasm.asm):00266                             fcc       /I$SetStt/
032E 4924436C6F736520 (1/cmds/disasm.asm):00267                             fcc       /I$Close /
0336 492444656C657458 (1/cmds/disasm.asm):00268                             fcc       /I$DeletX/
033E 49244D6F64447363 (1/cmds/disasm.asm):00269                             fcc       /I$ModDsc/
0346 3F3F3F3F3F3F3F3F (1/cmds/disasm.asm):00270         bados9op            fcc       /????????/
                      (1/cmds/disasm.asm):00271         
                      (1/cmds/disasm.asm):00272         * Mnemonic table: 1st byte =Opcode
                      (1/cmds/disasm.asm):00273         *                 2nd byte =Flags to indicate mode type of opcode
                      (1/cmds/disasm.asm):00274         *                Bytes 3-7 =Mnemonic name of opcode
                      (1/cmds/disasm.asm):00275         *****************************************
                      (1/cmds/disasm.asm):00276         **  2 byte table -                     **
                      (1/cmds/disasm.asm):00277         **  $10 is first byte of op code       **
                      (1/cmds/disasm.asm):00278         *****************************************
     034E             (1/cmds/disasm.asm):00279         get10tab            equ       *
034E 21               (1/cmds/disasm.asm):00280                             fcb       $21
034F FC               (1/cmds/disasm.asm):00281                             fcb       $fc
0350 6C62726E20       (1/cmds/disasm.asm):00282                             fcc       /lbrn /
0355 22               (1/cmds/disasm.asm):00283                             fcb       $22
0356 FC               (1/cmds/disasm.asm):00284                             fcb       $fc
0357 6C62686920       (1/cmds/disasm.asm):00285                             fcc       /lbhi /
035C 23               (1/cmds/disasm.asm):00286                             fcb       $23
035D FC               (1/cmds/disasm.asm):00287                             fcb       $fc
035E 6C626C7320       (1/cmds/disasm.asm):00288                             fcc       /lbls /
0363 24               (1/cmds/disasm.asm):00289                             fcb       $24
0364 FC               (1/cmds/disasm.asm):00290                             fcb       $fc
0365 6C62636320       (1/cmds/disasm.asm):00291                             fcc       /lbcc /
036A 25               (1/cmds/disasm.asm):00292                             fcb       $25
036B FC               (1/cmds/disasm.asm):00293                             fcb       $fc
036C 6C62637320       (1/cmds/disasm.asm):00294                             fcc       /lbcs /
0371 26               (1/cmds/disasm.asm):00295                             fcb       $26
0372 FC               (1/cmds/disasm.asm):00296                             fcb       $fc
0373 6C626E6520       (1/cmds/disasm.asm):00297                             fcc       /lbne /
0378 27               (1/cmds/disasm.asm):00298                             fcb       $27
0379 FC               (1/cmds/disasm.asm):00299                             fcb       $fc
037A 6C62657120       (1/cmds/disasm.asm):00300                             fcc       /lbeq /
037F 28               (1/cmds/disasm.asm):00301                             fcb       $28
0380 FC               (1/cmds/disasm.asm):00302                             fcb       $fc
0381 6C62766320       (1/cmds/disasm.asm):00303                             fcc       /lbvc /
0386 29               (1/cmds/disasm.asm):00304                             fcb       $29
0387 FC               (1/cmds/disasm.asm):00305                             fcb       $fc
0388 6C62767320       (1/cmds/disasm.asm):00306                             fcc       /lbvs /
038D 2A               (1/cmds/disasm.asm):00307                             fcb       $2a
038E FC               (1/cmds/disasm.asm):00308                             fcb       $fc
038F 6C62706C20       (1/cmds/disasm.asm):00309                             fcc       /lbpl /
0394 2B               (1/cmds/disasm.asm):00310                             fcb       $2b
0395 FC               (1/cmds/disasm.asm):00311                             fcb       $fc
0396 6C626D6920       (1/cmds/disasm.asm):00312                             fcc       /lbmi /
039B 2C               (1/cmds/disasm.asm):00313                             fcb       $2c
039C FC               (1/cmds/disasm.asm):00314                             fcb       $fc
039D 6C62676520       (1/cmds/disasm.asm):00315                             fcc       /lbge /
03A2 2D               (1/cmds/disasm.asm):00316                             fcb       $2d
03A3 FC               (1/cmds/disasm.asm):00317                             fcb       $fc
03A4 6C626C7420       (1/cmds/disasm.asm):00318                             fcc       /lblt /
03A9 2E               (1/cmds/disasm.asm):00319                             fcb       $2e
03AA FC               (1/cmds/disasm.asm):00320                             fcb       $fc
03AB 6C62677420       (1/cmds/disasm.asm):00321                             fcc       /lbgt /
03B0 2F               (1/cmds/disasm.asm):00322                             fcb       $2f
03B1 FC               (1/cmds/disasm.asm):00323                             fcb       $fc
03B2 6C626C6520       (1/cmds/disasm.asm):00324                             fcc       /lble /
                      (1/cmds/disasm.asm):00325         * Test of 6309 codes
03B7 30               (1/cmds/disasm.asm):00326                             fcb       $30
03B8 FA               (1/cmds/disasm.asm):00327                             fcb       $fa
03B9 6164647220       (1/cmds/disasm.asm):00328                             fcc       /addr /
03BE 31               (1/cmds/disasm.asm):00329                             fcb       $31
03BF FA               (1/cmds/disasm.asm):00330                             fcb       $fa
03C0 6164637220       (1/cmds/disasm.asm):00331                             fcc       /adcr /
03C5 32               (1/cmds/disasm.asm):00332                             fcb       $32
03C6 FA               (1/cmds/disasm.asm):00333                             fcb       $fa
03C7 7375627220       (1/cmds/disasm.asm):00334                             fcc       /subr /
03CC 33               (1/cmds/disasm.asm):00335                             fcb       $33
03CD FA               (1/cmds/disasm.asm):00336                             fcb       $fa
03CE 7362637220       (1/cmds/disasm.asm):00337                             fcc       /sbcr /
03D3 34               (1/cmds/disasm.asm):00338                             fcb       $34
03D4 FA               (1/cmds/disasm.asm):00339                             fcb       $fa
03D5 616E647220       (1/cmds/disasm.asm):00340                             fcc       /andr /
03DA 35               (1/cmds/disasm.asm):00341                             fcb       $35
03DB FA               (1/cmds/disasm.asm):00342                             fcb       $fa
03DC 6F72722020       (1/cmds/disasm.asm):00343                             fcc       /orr  /
03E1 36               (1/cmds/disasm.asm):00344                             fcb       $36
03E2 FA               (1/cmds/disasm.asm):00345                             fcb       $fa
03E3 656F727220       (1/cmds/disasm.asm):00346                             fcc       /eorr /
03E8 37               (1/cmds/disasm.asm):00347                             fcb       $37
03E9 FA               (1/cmds/disasm.asm):00348                             fcb       $fa
03EA 636D707220       (1/cmds/disasm.asm):00349                             fcc       /cmpr /
03EF 38               (1/cmds/disasm.asm):00350                             fcb       $38
03F0 FD               (1/cmds/disasm.asm):00351                             fcb       $fd
03F1 7073687377       (1/cmds/disasm.asm):00352                             fcc       /pshsw/
03F6 39               (1/cmds/disasm.asm):00353                             fcb       $39
03F7 FD               (1/cmds/disasm.asm):00354                             fcb       $fd
03F8 70756C7377       (1/cmds/disasm.asm):00355                             fcc       /pulsw/
03FD 3A               (1/cmds/disasm.asm):00356                             fcb       $3a
03FE FD               (1/cmds/disasm.asm):00357                             fcb       $fd
03FF 7073687577       (1/cmds/disasm.asm):00358                             fcc       /pshuw/
0404 3B               (1/cmds/disasm.asm):00359                             fcb       $3b
0405 FD               (1/cmds/disasm.asm):00360                             fcb       $fd
0406 70756C7577       (1/cmds/disasm.asm):00361                             fcc       /puluw/
040B 40               (1/cmds/disasm.asm):00362                             fcb       $40
040C FD               (1/cmds/disasm.asm):00363                             fcb       $fd
040D 6E65676420       (1/cmds/disasm.asm):00364                             fcc       /negd /
0412 43               (1/cmds/disasm.asm):00365                             fcb       $43
0413 FD               (1/cmds/disasm.asm):00366                             fcb       $fd
0414 636F6D6420       (1/cmds/disasm.asm):00367                             fcc       /comd /
0419 44               (1/cmds/disasm.asm):00368                             fcb       $44
041A FD               (1/cmds/disasm.asm):00369                             fcb       $fd
041B 6C73726420       (1/cmds/disasm.asm):00370                             fcc       /lsrd /
0420 46               (1/cmds/disasm.asm):00371                             fcb       $46
0421 FD               (1/cmds/disasm.asm):00372                             fcb       $fd
0422 726F726420       (1/cmds/disasm.asm):00373                             fcc       /rord /
0427 47               (1/cmds/disasm.asm):00374                             fcb       $47
0428 FD               (1/cmds/disasm.asm):00375                             fcb       $fd
0429 6173726420       (1/cmds/disasm.asm):00376                             fcc       /asrd /
042E 48               (1/cmds/disasm.asm):00377                             fcb       $48
042F FD               (1/cmds/disasm.asm):00378                             fcb       $fd
0430 61736C6420       (1/cmds/disasm.asm):00379                             fcc       /asld /
0435 49               (1/cmds/disasm.asm):00380                             fcb       $49
0436 FD               (1/cmds/disasm.asm):00381                             fcb       $fd
0437 726F6C6420       (1/cmds/disasm.asm):00382                             fcc       /rold /
043C 4A               (1/cmds/disasm.asm):00383                             fcb       $4a
043D FD               (1/cmds/disasm.asm):00384                             fcb       $fd
043E 6465636420       (1/cmds/disasm.asm):00385                             fcc       /decd /
0443 4C               (1/cmds/disasm.asm):00386                             fcb       $4c
0444 FD               (1/cmds/disasm.asm):00387                             fcb       $fd
0445 696E636420       (1/cmds/disasm.asm):00388                             fcc       /incd /
044A 4D               (1/cmds/disasm.asm):00389                             fcb       $4d
044B FD               (1/cmds/disasm.asm):00390                             fcb       $fd
044C 7473746420       (1/cmds/disasm.asm):00391                             fcc       /tstd /
0451 4F               (1/cmds/disasm.asm):00392                             fcb       $4f
0452 FD               (1/cmds/disasm.asm):00393                             fcb       $fd
0453 636C726420       (1/cmds/disasm.asm):00394                             fcc       /clrd /
0458 53               (1/cmds/disasm.asm):00395                             fcb       $53
0459 FD               (1/cmds/disasm.asm):00396                             fcb       $fd
045A 636F6D7720       (1/cmds/disasm.asm):00397                             fcc       /comw /
045F 54               (1/cmds/disasm.asm):00398                             fcb       $54
0460 FD               (1/cmds/disasm.asm):00399                             fcb       $fd
0461 6C73727720       (1/cmds/disasm.asm):00400                             fcc       /lsrw /
0466 56               (1/cmds/disasm.asm):00401                             fcb       $56
0467 FD               (1/cmds/disasm.asm):00402                             fcb       $fd
0468 726F727720       (1/cmds/disasm.asm):00403                             fcc       /rorw /
046D 59               (1/cmds/disasm.asm):00404                             fcb       $59
046E FD               (1/cmds/disasm.asm):00405                             fcb       $fd
046F 726F6C7720       (1/cmds/disasm.asm):00406                             fcc       /rolw /
0474 5A               (1/cmds/disasm.asm):00407                             fcb       $5a
0475 FD               (1/cmds/disasm.asm):00408                             fcb       $fd
0476 6465637720       (1/cmds/disasm.asm):00409                             fcc       /decw /
047B 5C               (1/cmds/disasm.asm):00410                             fcb       $5c
047C FD               (1/cmds/disasm.asm):00411                             fcb       $fd
047D 696E637720       (1/cmds/disasm.asm):00412                             fcc       /incw /
0482 5D               (1/cmds/disasm.asm):00413                             fcb       $5d
0483 FD               (1/cmds/disasm.asm):00414                             fcb       $fd
0484 7473747720       (1/cmds/disasm.asm):00415                             fcc       /tstw /
0489 5F               (1/cmds/disasm.asm):00416                             fcb       $5f
048A FD               (1/cmds/disasm.asm):00417                             fcb       $fd
048B 636C727720       (1/cmds/disasm.asm):00418                             fcc       /clrw /
0490 80               (1/cmds/disasm.asm):00419                             fcb       $80
0491 F3               (1/cmds/disasm.asm):00420                             fcb       $f3
0492 7375627720       (1/cmds/disasm.asm):00421                             fcc       /subw /
0497 81               (1/cmds/disasm.asm):00422                             fcb       $81
0498 F3               (1/cmds/disasm.asm):00423                             fcb       $f3
0499 636D707720       (1/cmds/disasm.asm):00424                             fcc       /cmpw /
049E 82               (1/cmds/disasm.asm):00425                             fcb       $82
049F F3               (1/cmds/disasm.asm):00426                             fcb       $f3
04A0 7362636420       (1/cmds/disasm.asm):00427                             fcc       /sbcd /
04A5 83               (1/cmds/disasm.asm):00428                             fcb       $83
04A6 F3               (1/cmds/disasm.asm):00429                             fcb       $f3
04A7 636D706420       (1/cmds/disasm.asm):00430                             fcc       /cmpd /
04AC 84               (1/cmds/disasm.asm):00431                             fcb       $84
04AD F3               (1/cmds/disasm.asm):00432                             fcb       $f3
04AE 616E646420       (1/cmds/disasm.asm):00433                             fcc       /andd /
04B3 85               (1/cmds/disasm.asm):00434                             fcb       $85
04B4 F3               (1/cmds/disasm.asm):00435                             fcb       $f3
04B5 6269746420       (1/cmds/disasm.asm):00436                             fcc       /bitd /
04BA 86               (1/cmds/disasm.asm):00437                             fcb       $86
04BB F3               (1/cmds/disasm.asm):00438                             fcb       $f3
04BC 6C64772020       (1/cmds/disasm.asm):00439                             fcc       /ldw  /
04C1 88               (1/cmds/disasm.asm):00440                             fcb       $88
04C2 F3               (1/cmds/disasm.asm):00441                             fcb       $f3
04C3 656F726420       (1/cmds/disasm.asm):00442                             fcc       /eord /
04C8 89               (1/cmds/disasm.asm):00443                             fcb       $89
04C9 F3               (1/cmds/disasm.asm):00444                             fcb       $f3
04CA 6164636420       (1/cmds/disasm.asm):00445                             fcc       /adcd /
04CF 8A               (1/cmds/disasm.asm):00446                             fcb       $8a
04D0 F3               (1/cmds/disasm.asm):00447                             fcb       $f3
04D1 6F72642020       (1/cmds/disasm.asm):00448                             fcc       /ord  /
04D6 8B               (1/cmds/disasm.asm):00449                             fcb       $8b
04D7 F3               (1/cmds/disasm.asm):00450                             fcb       $f3
04D8 6164647720       (1/cmds/disasm.asm):00451                             fcc       /addw /
04DD 8C               (1/cmds/disasm.asm):00452                             fcb       $8c
04DE F3               (1/cmds/disasm.asm):00453                             fcb       $f3
04DF 636D707920       (1/cmds/disasm.asm):00454                             fcc       /cmpy /
04E4 8E               (1/cmds/disasm.asm):00455                             fcb       $8e
04E5 F3               (1/cmds/disasm.asm):00456                             fcb       $f3
04E6 6C64792020       (1/cmds/disasm.asm):00457                             fcc       /ldy  /
04EB 90               (1/cmds/disasm.asm):00458                             fcb       $90
04EC FF               (1/cmds/disasm.asm):00459                             fcb       $ff
04ED 7375627720       (1/cmds/disasm.asm):00460                             fcc       /subw /
04F2 91               (1/cmds/disasm.asm):00461                             fcb       $91
04F3 FF               (1/cmds/disasm.asm):00462                             fcb       $ff
04F4 636D707720       (1/cmds/disasm.asm):00463                             fcc       /cmpw /
04F9 92               (1/cmds/disasm.asm):00464                             fcb       $92
04FA FF               (1/cmds/disasm.asm):00465                             fcb       $ff
04FB 7362636420       (1/cmds/disasm.asm):00466                             fcc       /sbcd /
0500 93               (1/cmds/disasm.asm):00467                             fcb       $93
0501 FF               (1/cmds/disasm.asm):00468                             fcb       $ff
0502 636D706420       (1/cmds/disasm.asm):00469                             fcc       /cmpd /
0507 94               (1/cmds/disasm.asm):00470                             fcb       $94
0508 FF               (1/cmds/disasm.asm):00471                             fcb       $ff
0509 616E646420       (1/cmds/disasm.asm):00472                             fcc       /andd /
050E 95               (1/cmds/disasm.asm):00473                             fcb       $95
050F FF               (1/cmds/disasm.asm):00474                             fcb       $ff
0510 6269746420       (1/cmds/disasm.asm):00475                             fcc       /bitd /
0515 96               (1/cmds/disasm.asm):00476                             fcb       $96
0516 FF               (1/cmds/disasm.asm):00477                             fcb       $ff
0517 6C64772020       (1/cmds/disasm.asm):00478                             fcc       /ldw  /
051C 97               (1/cmds/disasm.asm):00479                             fcb       $97
051D FF               (1/cmds/disasm.asm):00480                             fcb       $ff
051E 7374772020       (1/cmds/disasm.asm):00481                             fcc       /stw  /
0523 98               (1/cmds/disasm.asm):00482                             fcb       $98
0524 FF               (1/cmds/disasm.asm):00483                             fcb       $ff
0525 656F726420       (1/cmds/disasm.asm):00484                             fcc       /eord /
052A 99               (1/cmds/disasm.asm):00485                             fcb       $99
052B FF               (1/cmds/disasm.asm):00486                             fcb       $ff
052C 6164636420       (1/cmds/disasm.asm):00487                             fcc       /adcd /
0531 9A               (1/cmds/disasm.asm):00488                             fcb       $9a
0532 FF               (1/cmds/disasm.asm):00489                             fcb       $ff
0533 6F72642020       (1/cmds/disasm.asm):00490                             fcc       /ord  /
0538 9B               (1/cmds/disasm.asm):00491                             fcb       $9b
0539 FF               (1/cmds/disasm.asm):00492                             fcb       $ff
053A 6164647720       (1/cmds/disasm.asm):00493                             fcc       /addw /
053F 9C               (1/cmds/disasm.asm):00494                             fcb       $9c
0540 FF               (1/cmds/disasm.asm):00495                             fcb       $ff
0541 636D707920       (1/cmds/disasm.asm):00496                             fcc       /cmpy /
0546 9E               (1/cmds/disasm.asm):00497                             fcb       $9e
0547 FF               (1/cmds/disasm.asm):00498                             fcb       $ff
0548 6C64792020       (1/cmds/disasm.asm):00499                             fcc       /ldy  /
054D 9F               (1/cmds/disasm.asm):00500                             fcb       $9f
054E FF               (1/cmds/disasm.asm):00501                             fcb       $ff
054F 7374792020       (1/cmds/disasm.asm):00502                             fcc       /sty  /
0554 A0               (1/cmds/disasm.asm):00503                             fcb       $a0
0555 F8               (1/cmds/disasm.asm):00504                             fcb       $f8
0556 7375627720       (1/cmds/disasm.asm):00505                             fcc       /subw /
055B A1               (1/cmds/disasm.asm):00506                             fcb       $a1
055C F8               (1/cmds/disasm.asm):00507                             fcb       $f8
055D 636D707720       (1/cmds/disasm.asm):00508                             fcc       /cmpw /
0562 A2               (1/cmds/disasm.asm):00509                             fcb       $a2
0563 F8               (1/cmds/disasm.asm):00510                             fcb       $f8
0564 7362636420       (1/cmds/disasm.asm):00511                             fcc       /sbcd /
0569 A3               (1/cmds/disasm.asm):00512                             fcb       $a3
056A F8               (1/cmds/disasm.asm):00513                             fcb       $f8
056B 636D706420       (1/cmds/disasm.asm):00514                             fcc       /cmpd /
0570 A4               (1/cmds/disasm.asm):00515                             fcb       $a4
0571 F8               (1/cmds/disasm.asm):00516                             fcb       $f8
0572 616E646420       (1/cmds/disasm.asm):00517                             fcc       /andd /
0577 A5               (1/cmds/disasm.asm):00518                             fcb       $a5
0578 F8               (1/cmds/disasm.asm):00519                             fcb       $f8
0579 6269746420       (1/cmds/disasm.asm):00520                             fcc       /bitd /
057E A6               (1/cmds/disasm.asm):00521                             fcb       $a6
057F F8               (1/cmds/disasm.asm):00522                             fcb       $f8
0580 6C64772020       (1/cmds/disasm.asm):00523                             fcc       /ldw  /
0585 A7               (1/cmds/disasm.asm):00524                             fcb       $a7
0586 F8               (1/cmds/disasm.asm):00525                             fcb       $f8
0587 7374772020       (1/cmds/disasm.asm):00526                             fcc       /stw  /
058C A8               (1/cmds/disasm.asm):00527                             fcb       $a8
058D F8               (1/cmds/disasm.asm):00528                             fcb       $f8
058E 656F726420       (1/cmds/disasm.asm):00529                             fcc       /eord /
0593 A9               (1/cmds/disasm.asm):00530                             fcb       $a9
0594 F8               (1/cmds/disasm.asm):00531                             fcb       $f8
0595 6164636420       (1/cmds/disasm.asm):00532                             fcc       /adcd /
059A AA               (1/cmds/disasm.asm):00533                             fcb       $aa
059B F8               (1/cmds/disasm.asm):00534                             fcb       $f8
059C 6F72642020       (1/cmds/disasm.asm):00535                             fcc       /ord  /
05A1 AB               (1/cmds/disasm.asm):00536                             fcb       $ab
05A2 F8               (1/cmds/disasm.asm):00537                             fcb       $f8
05A3 6164647720       (1/cmds/disasm.asm):00538                             fcc       /addw /
05A8 AC               (1/cmds/disasm.asm):00539                             fcb       $ac
05A9 F8               (1/cmds/disasm.asm):00540                             fcb       $f8
05AA 636D707920       (1/cmds/disasm.asm):00541                             fcc       /cmpy /
05AF AE               (1/cmds/disasm.asm):00542                             fcb       $ae
05B0 F8               (1/cmds/disasm.asm):00543                             fcb       $f8
05B1 6C64792020       (1/cmds/disasm.asm):00544                             fcc       /ldy  /
05B6 AF               (1/cmds/disasm.asm):00545                             fcb       $af
05B7 F8               (1/cmds/disasm.asm):00546                             fcb       $f8
05B8 7374792020       (1/cmds/disasm.asm):00547                             fcc       /sty  /
05BD B0               (1/cmds/disasm.asm):00548                             fcb       $b0
05BE F4               (1/cmds/disasm.asm):00549                             fcb       $f4
05BF 7375627720       (1/cmds/disasm.asm):00550                             fcc       /subw /
05C4 B1               (1/cmds/disasm.asm):00551                             fcb       $b1
05C5 F4               (1/cmds/disasm.asm):00552                             fcb       $f4
05C6 636D707720       (1/cmds/disasm.asm):00553                             fcc       /cmpw /
05CB B2               (1/cmds/disasm.asm):00554                             fcb       $b2
05CC F4               (1/cmds/disasm.asm):00555                             fcb       $f4
05CD 7362636420       (1/cmds/disasm.asm):00556                             fcc       /sbcd /
05D2 B3               (1/cmds/disasm.asm):00557                             fcb       $b3
05D3 F4               (1/cmds/disasm.asm):00558                             fcb       $f4
05D4 636D706420       (1/cmds/disasm.asm):00559                             fcc       /cmpd /
05D9 B4               (1/cmds/disasm.asm):00560                             fcb       $b4
05DA F4               (1/cmds/disasm.asm):00561                             fcb       $f4
05DB 616E646420       (1/cmds/disasm.asm):00562                             fcc       /andd /
05E0 B5               (1/cmds/disasm.asm):00563                             fcb       $b5
05E1 F4               (1/cmds/disasm.asm):00564                             fcb       $f4
05E2 6269746420       (1/cmds/disasm.asm):00565                             fcc       /bitd /
05E7 B6               (1/cmds/disasm.asm):00566                             fcb       $b6
05E8 F4               (1/cmds/disasm.asm):00567                             fcb       $f4
05E9 6C64772020       (1/cmds/disasm.asm):00568                             fcc       /ldw  /
05EE B7               (1/cmds/disasm.asm):00569                             fcb       $b7
05EF F4               (1/cmds/disasm.asm):00570                             fcb       $f4
05F0 7374772020       (1/cmds/disasm.asm):00571                             fcc       /stw  /
05F5 B8               (1/cmds/disasm.asm):00572                             fcb       $b8
05F6 F4               (1/cmds/disasm.asm):00573                             fcb       $f4
05F7 656F726420       (1/cmds/disasm.asm):00574                             fcc       /eord /
05FC B9               (1/cmds/disasm.asm):00575                             fcb       $b9
05FD F4               (1/cmds/disasm.asm):00576                             fcb       $f4
05FE 6164636420       (1/cmds/disasm.asm):00577                             fcc       /adcd /
0603 BA               (1/cmds/disasm.asm):00578                             fcb       $ba
0604 F4               (1/cmds/disasm.asm):00579                             fcb       $f4
0605 6F72642020       (1/cmds/disasm.asm):00580                             fcc       /ord  /
060A BB               (1/cmds/disasm.asm):00581                             fcb       $bb
060B F4               (1/cmds/disasm.asm):00582                             fcb       $f4
060C 6164647720       (1/cmds/disasm.asm):00583                             fcc       /addw /
0611 BC               (1/cmds/disasm.asm):00584                             fcb       $bc
0612 F4               (1/cmds/disasm.asm):00585                             fcb       $f4
0613 636D707920       (1/cmds/disasm.asm):00586                             fcc       /cmpy /
0618 BE               (1/cmds/disasm.asm):00587                             fcb       $be
0619 F4               (1/cmds/disasm.asm):00588                             fcb       $f4
061A 6C64792020       (1/cmds/disasm.asm):00589                             fcc       /ldy  /
061F BF               (1/cmds/disasm.asm):00590                             fcb       $bf
0620 F4               (1/cmds/disasm.asm):00591                             fcb       $f4
0621 7374792020       (1/cmds/disasm.asm):00592                             fcc       /sty  /
0626 CE               (1/cmds/disasm.asm):00593                             fcb       $ce
0627 F3               (1/cmds/disasm.asm):00594                             fcb       $f3
0628 6C64732020       (1/cmds/disasm.asm):00595                             fcc       /lds  /
062D DC               (1/cmds/disasm.asm):00596                             fcb       $dc
062E FF               (1/cmds/disasm.asm):00597                             fcb       $ff
062F 6C64712020       (1/cmds/disasm.asm):00598                             fcc       /ldq  /
0634 DD               (1/cmds/disasm.asm):00599                             fcb       $dd
0635 FF               (1/cmds/disasm.asm):00600                             fcb       $ff
0636 7374712020       (1/cmds/disasm.asm):00601                             fcc       /stq  /
063B DE               (1/cmds/disasm.asm):00602                             fcb       $de
063C FF               (1/cmds/disasm.asm):00603                             fcb       $ff
063D 6C64732020       (1/cmds/disasm.asm):00604                             fcc       /lds  /
0642 DF               (1/cmds/disasm.asm):00605                             fcb       $df
0643 FF               (1/cmds/disasm.asm):00606                             fcb       $ff
0644 7374732020       (1/cmds/disasm.asm):00607                             fcc       /sts  /
0649 EC               (1/cmds/disasm.asm):00608                             fcb       $ec
064A F8               (1/cmds/disasm.asm):00609                             fcb       $f8
064B 6C64712020       (1/cmds/disasm.asm):00610                             fcc       /ldq  /
0650 ED               (1/cmds/disasm.asm):00611                             fcb       $ed
0651 F8               (1/cmds/disasm.asm):00612                             fcb       $f8
0652 7374712020       (1/cmds/disasm.asm):00613                             fcc       /stq  /
0657 EE               (1/cmds/disasm.asm):00614                             fcb       $ee
0658 F8               (1/cmds/disasm.asm):00615                             fcb       $f8
0659 6C64732020       (1/cmds/disasm.asm):00616                             fcc       /lds  /
065E EF               (1/cmds/disasm.asm):00617                             fcb       $ef
065F F8               (1/cmds/disasm.asm):00618                             fcb       $f8
0660 7374732020       (1/cmds/disasm.asm):00619                             fcc       /sts  /
0665 FC               (1/cmds/disasm.asm):00620                             fcb       $fc
0666 F4               (1/cmds/disasm.asm):00621                             fcb       $f4
0667 6C64712020       (1/cmds/disasm.asm):00622                             fcc       /ldq  /
066C FD               (1/cmds/disasm.asm):00623                             fcb       $fd
066D F4               (1/cmds/disasm.asm):00624                             fcb       $f4
066E 7374712020       (1/cmds/disasm.asm):00625                             fcc       /stq  /
0673 FE               (1/cmds/disasm.asm):00626                             fcb       $fe
0674 F4               (1/cmds/disasm.asm):00627                             fcb       $f4
0675 6C64732020       (1/cmds/disasm.asm):00628                             fcc       /lds  /
067A FF               (1/cmds/disasm.asm):00629                             fcb       $ff
067B F4               (1/cmds/disasm.asm):00630                             fcb       $f4
067C 7374732020       (1/cmds/disasm.asm):00631                             fcc       /sts  /
0681 00               (1/cmds/disasm.asm):00632                             fcb       $00
0682 FE               (1/cmds/disasm.asm):00633                             fcb       $fe
0683 6663622020       (1/cmds/disasm.asm):00634                             fcc       /fcb  /
                      (1/cmds/disasm.asm):00635                             pag
                      (1/cmds/disasm.asm):00636         *****************************************
                      (1/cmds/disasm.asm):00637         **  2 byte table -                     **
                      (1/cmds/disasm.asm):00638         **  $11 is first byte of op code       **
                      (1/cmds/disasm.asm):00639         *****************************************
     0688             (1/cmds/disasm.asm):00640         get11tab            equ       *
0688 30               (1/cmds/disasm.asm):00641                             fcb       $30
0689 F0               (1/cmds/disasm.asm):00642                             fcb       $f0
068A 62616E6420       (1/cmds/disasm.asm):00643                             fcc       /band /
068F 31               (1/cmds/disasm.asm):00644                             fcb       $31
0690 F0               (1/cmds/disasm.asm):00645                             fcb       $f0
0691 6269616E64       (1/cmds/disasm.asm):00646                             fcc       /biand/
0696 32               (1/cmds/disasm.asm):00647                             fcb       $32
0697 F0               (1/cmds/disasm.asm):00648                             fcb       $f0
0698 626F722020       (1/cmds/disasm.asm):00649                             fcc       /bor  /
069D 33               (1/cmds/disasm.asm):00650                             fcb       $33
069E F0               (1/cmds/disasm.asm):00651                             fcb       $f0
069F 62696F7220       (1/cmds/disasm.asm):00652                             fcc       /bior /
06A4 34               (1/cmds/disasm.asm):00653                             fcb       $34
06A5 F0               (1/cmds/disasm.asm):00654                             fcb       $f0
06A6 62656F7220       (1/cmds/disasm.asm):00655                             fcc       /beor /
06AB 35               (1/cmds/disasm.asm):00656                             fcb       $35
06AC F0               (1/cmds/disasm.asm):00657                             fcb       $f0
06AD 6269656F72       (1/cmds/disasm.asm):00658                             fcc       /bieor/
06B2 36               (1/cmds/disasm.asm):00659                             fcb       $36
06B3 F0               (1/cmds/disasm.asm):00660                             fcb       $f0
06B4 6C64627420       (1/cmds/disasm.asm):00661                             fcc       /ldbt /
06B9 37               (1/cmds/disasm.asm):00662                             fcb       $37
06BA F0               (1/cmds/disasm.asm):00663                             fcb       $f0
06BB 7374627420       (1/cmds/disasm.asm):00664                             fcc       /stbt /
06C0 38               (1/cmds/disasm.asm):00665                             fcb       $38
06C1 FA               (1/cmds/disasm.asm):00666                             fcb       $fa
06C2 74666D2020       (1/cmds/disasm.asm):00667                             fcc       /tfm  /
06C7 39               (1/cmds/disasm.asm):00668                             fcb       $39
06C8 FA               (1/cmds/disasm.asm):00669                             fcb       $fa
06C9 74666D2020       (1/cmds/disasm.asm):00670                             fcc       /tfm  /
06CE 3A               (1/cmds/disasm.asm):00671                             fcb       $3a
06CF FA               (1/cmds/disasm.asm):00672                             fcb       $fa
06D0 74666D2020       (1/cmds/disasm.asm):00673                             fcc       /tfm  /
06D5 3B               (1/cmds/disasm.asm):00674                             fcb       $3b
06D6 FA               (1/cmds/disasm.asm):00675                             fcb       $fa
06D7 74666D2020       (1/cmds/disasm.asm):00676                             fcc       /tfm  /
06DC 3C               (1/cmds/disasm.asm):00677                             fcb       $3c
06DD FB               (1/cmds/disasm.asm):00678                             fcb       $fb
06DE 6269746D64       (1/cmds/disasm.asm):00679                             fcc       /bitmd/
06E3 3D               (1/cmds/disasm.asm):00680                             fcb       $3d
06E4 FB               (1/cmds/disasm.asm):00681                             fcb       $fb
06E5 6C646D6420       (1/cmds/disasm.asm):00682                             fcc       /ldmd /
06EA 3F               (1/cmds/disasm.asm):00683                             fcb       $3f
06EB FD               (1/cmds/disasm.asm):00684                             fcb       $fd
06EC 7377693320       (1/cmds/disasm.asm):00685                             fcc       /swi3 /
06F1 43               (1/cmds/disasm.asm):00686                             fcb       $43
06F2 FD               (1/cmds/disasm.asm):00687                             fcb       $fd
06F3 636F6D6520       (1/cmds/disasm.asm):00688                             fcc       /come /
06F8 4A               (1/cmds/disasm.asm):00689                             fcb       $4a
06F9 FD               (1/cmds/disasm.asm):00690                             fcb       $fd
06FA 6465636520       (1/cmds/disasm.asm):00691                             fcc       /dece /
06FF 4C               (1/cmds/disasm.asm):00692                             fcb       $4c
0700 FD               (1/cmds/disasm.asm):00693                             fcb       $fd
0701 696E636520       (1/cmds/disasm.asm):00694                             fcc       /ince /
0706 4D               (1/cmds/disasm.asm):00695                             fcb       $4d
0707 FD               (1/cmds/disasm.asm):00696                             fcb       $fd
0708 7473746520       (1/cmds/disasm.asm):00697                             fcc       /tste /
070D 4F               (1/cmds/disasm.asm):00698                             fcb       $4f
070E FD               (1/cmds/disasm.asm):00699                             fcb       $fd
070F 636C726520       (1/cmds/disasm.asm):00700                             fcc       /clre /
0714 53               (1/cmds/disasm.asm):00701                             fcb       $53
0715 FD               (1/cmds/disasm.asm):00702                             fcb       $fd
0716 636F6D6620       (1/cmds/disasm.asm):00703                             fcc       /comf /
071B 5A               (1/cmds/disasm.asm):00704                             fcb       $5a
071C FD               (1/cmds/disasm.asm):00705                             fcb       $fd
071D 6465636620       (1/cmds/disasm.asm):00706                             fcc       /decf /
0722 5C               (1/cmds/disasm.asm):00707                             fcb       $5c
0723 FD               (1/cmds/disasm.asm):00708                             fcb       $fd
0724 696E636620       (1/cmds/disasm.asm):00709                             fcc       /incf /
0729 5D               (1/cmds/disasm.asm):00710                             fcb       $5d
072A FD               (1/cmds/disasm.asm):00711                             fcb       $fd
072B 7473746620       (1/cmds/disasm.asm):00712                             fcc       /tstf /
0730 5F               (1/cmds/disasm.asm):00713                             fcb       $5f
0731 FD               (1/cmds/disasm.asm):00714                             fcb       $fd
0732 636C726620       (1/cmds/disasm.asm):00715                             fcc       /clrf /
0737 80               (1/cmds/disasm.asm):00716                             fcb       $80
0738 FB               (1/cmds/disasm.asm):00717                             fcb       $fb
0739 7375626520       (1/cmds/disasm.asm):00718                             fcc       /sube /
073E 81               (1/cmds/disasm.asm):00719                             fcb       $81
073F FB               (1/cmds/disasm.asm):00720                             fcb       $fb
0740 636D706520       (1/cmds/disasm.asm):00721                             fcc       /cmpe /
0745 83               (1/cmds/disasm.asm):00722                             fcb       $83
0746 F3               (1/cmds/disasm.asm):00723                             fcb       $f3
0747 636D707520       (1/cmds/disasm.asm):00724                             fcc       /cmpu /
074C 86               (1/cmds/disasm.asm):00725                             fcb       $86
074D FB               (1/cmds/disasm.asm):00726                             fcb       $fb
074E 6C64652020       (1/cmds/disasm.asm):00727                             fcc       /lde  /
0753 8B               (1/cmds/disasm.asm):00728                             fcb       $8b
0754 FB               (1/cmds/disasm.asm):00729                             fcb       $fb
0755 6164646520       (1/cmds/disasm.asm):00730                             fcc       /adde /
075A 8C               (1/cmds/disasm.asm):00731                             fcb       $8c
075B F3               (1/cmds/disasm.asm):00732                             fcb       $f3
075C 636D707320       (1/cmds/disasm.asm):00733                             fcc       /cmps /
0761 8D               (1/cmds/disasm.asm):00734                             fcb       $8d
0762 FB               (1/cmds/disasm.asm):00735                             fcb       $fb
0763 6469766420       (1/cmds/disasm.asm):00736                             fcc       /divd /
0768 8E               (1/cmds/disasm.asm):00737                             fcb       $8e
0769 F3               (1/cmds/disasm.asm):00738                             fcb       $f3
076A 6469767120       (1/cmds/disasm.asm):00739                             fcc       /divq /
076F 8F               (1/cmds/disasm.asm):00740                             fcb       $8f
0770 F3               (1/cmds/disasm.asm):00741                             fcb       $f3
0771 6D756C6420       (1/cmds/disasm.asm):00742                             fcc       /muld /
0776 90               (1/cmds/disasm.asm):00743                             fcb       $90
0777 FF               (1/cmds/disasm.asm):00744                             fcb       $ff
0778 7375626520       (1/cmds/disasm.asm):00745                             fcc       /sube /
077D 91               (1/cmds/disasm.asm):00746                             fcb       $91
077E FF               (1/cmds/disasm.asm):00747                             fcb       $ff
077F 636D706520       (1/cmds/disasm.asm):00748                             fcc       /cmpe /
0784 93               (1/cmds/disasm.asm):00749                             fcb       $93
0785 FF               (1/cmds/disasm.asm):00750                             fcb       $ff
0786 636D707520       (1/cmds/disasm.asm):00751                             fcc       /cmpu /
078B 96               (1/cmds/disasm.asm):00752                             fcb       $96
078C FF               (1/cmds/disasm.asm):00753                             fcb       $ff
078D 6C64652020       (1/cmds/disasm.asm):00754                             fcc       /lde  /
0792 97               (1/cmds/disasm.asm):00755                             fcb       $97
0793 FF               (1/cmds/disasm.asm):00756                             fcb       $ff
0794 7374652020       (1/cmds/disasm.asm):00757                             fcc       /ste  /
0799 9B               (1/cmds/disasm.asm):00758                             fcb       $9b
079A FF               (1/cmds/disasm.asm):00759                             fcb       $ff
079B 6164646520       (1/cmds/disasm.asm):00760                             fcc       /adde /
07A0 9C               (1/cmds/disasm.asm):00761                             fcb       $9c
07A1 FF               (1/cmds/disasm.asm):00762                             fcb       $ff
07A2 636D707320       (1/cmds/disasm.asm):00763                             fcc       /cmps /
07A7 9D               (1/cmds/disasm.asm):00764                             fcb       $9d
07A8 FF               (1/cmds/disasm.asm):00765                             fcb       $ff
07A9 6469766420       (1/cmds/disasm.asm):00766                             fcc       /divd /
07AE 9E               (1/cmds/disasm.asm):00767                             fcb       $9e
07AF FF               (1/cmds/disasm.asm):00768                             fcb       $ff
07B0 6469767120       (1/cmds/disasm.asm):00769                             fcc       /divq /
07B5 9F               (1/cmds/disasm.asm):00770                             fcb       $9f
07B6 FF               (1/cmds/disasm.asm):00771                             fcb       $ff
07B7 6D756C6420       (1/cmds/disasm.asm):00772                             fcc       /muld /
07BC A0               (1/cmds/disasm.asm):00773                             fcb       $a0
07BD F8               (1/cmds/disasm.asm):00774                             fcb       $f8
07BE 7375626520       (1/cmds/disasm.asm):00775                             fcc       /sube /
07C3 A1               (1/cmds/disasm.asm):00776                             fcb       $a1
07C4 F8               (1/cmds/disasm.asm):00777                             fcb       $f8
07C5 636D706520       (1/cmds/disasm.asm):00778                             fcc       /cmpe /
07CA A3               (1/cmds/disasm.asm):00779                             fcb       $a3
07CB F8               (1/cmds/disasm.asm):00780                             fcb       $f8
07CC 636D707520       (1/cmds/disasm.asm):00781                             fcc       /cmpu /
07D1 A6               (1/cmds/disasm.asm):00782                             fcb       $a6
07D2 F8               (1/cmds/disasm.asm):00783                             fcb       $f8
07D3 6C64652020       (1/cmds/disasm.asm):00784                             fcc       /lde  /
07D8 A7               (1/cmds/disasm.asm):00785                             fcb       $a7
07D9 F8               (1/cmds/disasm.asm):00786                             fcb       $f8
07DA 7374652020       (1/cmds/disasm.asm):00787                             fcc       /ste  /
07DF AB               (1/cmds/disasm.asm):00788                             fcb       $ab
07E0 F8               (1/cmds/disasm.asm):00789                             fcb       $f8
07E1 6164646520       (1/cmds/disasm.asm):00790                             fcc       /adde /
07E6 AC               (1/cmds/disasm.asm):00791                             fcb       $ac
07E7 F8               (1/cmds/disasm.asm):00792                             fcb       $f8
07E8 636D707320       (1/cmds/disasm.asm):00793                             fcc       /cmps /
07ED AD               (1/cmds/disasm.asm):00794                             fcb       $ad
07EE F8               (1/cmds/disasm.asm):00795                             fcb       $f8
07EF 6469766420       (1/cmds/disasm.asm):00796                             fcc       /divd /
07F4 AE               (1/cmds/disasm.asm):00797                             fcb       $ae
07F5 F8               (1/cmds/disasm.asm):00798                             fcb       $f8
07F6 6469767120       (1/cmds/disasm.asm):00799                             fcc       /divq /
07FB AF               (1/cmds/disasm.asm):00800                             fcb       $af
07FC F8               (1/cmds/disasm.asm):00801                             fcb       $f8
07FD 6D756C6420       (1/cmds/disasm.asm):00802                             fcc       /muld /
0802 B0               (1/cmds/disasm.asm):00803                             fcb       $b0
0803 F4               (1/cmds/disasm.asm):00804                             fcb       $f4
0804 7375626520       (1/cmds/disasm.asm):00805                             fcc       /sube /
0809 B1               (1/cmds/disasm.asm):00806                             fcb       $b1
080A F4               (1/cmds/disasm.asm):00807                             fcb       $f4
080B 636D706520       (1/cmds/disasm.asm):00808                             fcc       /cmpe /
0810 B3               (1/cmds/disasm.asm):00809                             fcb       $b3
0811 F4               (1/cmds/disasm.asm):00810                             fcb       $f4
0812 636D707520       (1/cmds/disasm.asm):00811                             fcc       /cmpu /
0817 B6               (1/cmds/disasm.asm):00812                             fcb       $b6
0818 F4               (1/cmds/disasm.asm):00813                             fcb       $f4
0819 6C64652020       (1/cmds/disasm.asm):00814                             fcc       /lde  /
081E B7               (1/cmds/disasm.asm):00815                             fcb       $b7
081F F4               (1/cmds/disasm.asm):00816                             fcb       $f4
0820 7374652020       (1/cmds/disasm.asm):00817                             fcc       /ste  /
0825 BB               (1/cmds/disasm.asm):00818                             fcb       $bb
0826 F4               (1/cmds/disasm.asm):00819                             fcb       $f4
0827 6164646520       (1/cmds/disasm.asm):00820                             fcc       /adde /
082C BC               (1/cmds/disasm.asm):00821                             fcb       $bc
082D F4               (1/cmds/disasm.asm):00822                             fcb       $f4
082E 636D707320       (1/cmds/disasm.asm):00823                             fcc       /cmps /
0833 BD               (1/cmds/disasm.asm):00824                             fcb       $bd
0834 F4               (1/cmds/disasm.asm):00825                             fcb       $f4
0835 6469766420       (1/cmds/disasm.asm):00826                             fcc       /divd /
083A BE               (1/cmds/disasm.asm):00827                             fcb       $be
083B F4               (1/cmds/disasm.asm):00828                             fcb       $f4
083C 6469767120       (1/cmds/disasm.asm):00829                             fcc       /divq /
0841 BF               (1/cmds/disasm.asm):00830                             fcb       $bf
0842 F4               (1/cmds/disasm.asm):00831                             fcb       $f4
0843 6D756C6420       (1/cmds/disasm.asm):00832                             fcc       /muld /
0848 C0               (1/cmds/disasm.asm):00833                             fcb       $c0
0849 FB               (1/cmds/disasm.asm):00834                             fcb       $fb
084A 7375626620       (1/cmds/disasm.asm):00835                             fcc       /subf /
084F C1               (1/cmds/disasm.asm):00836                             fcb       $c1
0850 FB               (1/cmds/disasm.asm):00837                             fcb       $fb
0851 636D706620       (1/cmds/disasm.asm):00838                             fcc       /cmpf /
0856 C6               (1/cmds/disasm.asm):00839                             fcb       $c6
0857 FB               (1/cmds/disasm.asm):00840                             fcb       $fb
0858 6C64662020       (1/cmds/disasm.asm):00841                             fcc       /ldf  /
085D CB               (1/cmds/disasm.asm):00842                             fcb       $cb
085E FB               (1/cmds/disasm.asm):00843                             fcb       $fb
085F 6164646620       (1/cmds/disasm.asm):00844                             fcc       /addf /
0864 D0               (1/cmds/disasm.asm):00845                             fcb       $d0
0865 FF               (1/cmds/disasm.asm):00846                             fcb       $ff
0866 7375626620       (1/cmds/disasm.asm):00847                             fcc       /subf /
086B D1               (1/cmds/disasm.asm):00848                             fcb       $d1
086C FF               (1/cmds/disasm.asm):00849                             fcb       $ff
086D 636D706620       (1/cmds/disasm.asm):00850                             fcc       /cmpf /
0872 D6               (1/cmds/disasm.asm):00851                             fcb       $d6
0873 FF               (1/cmds/disasm.asm):00852                             fcb       $ff
0874 6C64662020       (1/cmds/disasm.asm):00853                             fcc       /ldf  /
0879 D7               (1/cmds/disasm.asm):00854                             fcb       $d7
087A FF               (1/cmds/disasm.asm):00855                             fcb       $ff
087B 7374662020       (1/cmds/disasm.asm):00856                             fcc       /stf  /
0880 DB               (1/cmds/disasm.asm):00857                             fcb       $db
0881 FF               (1/cmds/disasm.asm):00858                             fcb       $ff
0882 6164646620       (1/cmds/disasm.asm):00859                             fcc       /addf /
0887 E0               (1/cmds/disasm.asm):00860                             fcb       $e0
0888 F8               (1/cmds/disasm.asm):00861                             fcb       $f8
0889 7375626620       (1/cmds/disasm.asm):00862                             fcc       /subf /
088E E1               (1/cmds/disasm.asm):00863                             fcb       $e1
088F F8               (1/cmds/disasm.asm):00864                             fcb       $f8
0890 636D706620       (1/cmds/disasm.asm):00865                             fcc       /cmpf /
0895 E6               (1/cmds/disasm.asm):00866                             fcb       $e6
0896 F8               (1/cmds/disasm.asm):00867                             fcb       $f8
0897 6C64662020       (1/cmds/disasm.asm):00868                             fcc       /ldf  /
089C E7               (1/cmds/disasm.asm):00869                             fcb       $e7
089D F8               (1/cmds/disasm.asm):00870                             fcb       $f8
089E 7374662020       (1/cmds/disasm.asm):00871                             fcc       /stf  /
08A3 EB               (1/cmds/disasm.asm):00872                             fcb       $eb
08A4 F8               (1/cmds/disasm.asm):00873                             fcb       $f8
08A5 6164646620       (1/cmds/disasm.asm):00874                             fcc       /addf /
08AA F0               (1/cmds/disasm.asm):00875                             fcb       $f0
08AB F4               (1/cmds/disasm.asm):00876                             fcb       $f4
08AC 7375626620       (1/cmds/disasm.asm):00877                             fcc       /subf /
08B1 F1               (1/cmds/disasm.asm):00878                             fcb       $f1
08B2 F4               (1/cmds/disasm.asm):00879                             fcb       $f4
08B3 636D706620       (1/cmds/disasm.asm):00880                             fcc       /cmpf /
08B8 F6               (1/cmds/disasm.asm):00881                             fcb       $f6
08B9 F4               (1/cmds/disasm.asm):00882                             fcb       $f4
08BA 6C64662020       (1/cmds/disasm.asm):00883                             fcc       /ldf  /
08BF F7               (1/cmds/disasm.asm):00884                             fcb       $f7
08C0 F4               (1/cmds/disasm.asm):00885                             fcb       $f4
08C1 7374662020       (1/cmds/disasm.asm):00886                             fcc       /stf  /
08C6 FB               (1/cmds/disasm.asm):00887                             fcb       $fb
08C7 F4               (1/cmds/disasm.asm):00888                             fcb       $f4
08C8 6164646620       (1/cmds/disasm.asm):00889                             fcc       /addf /
08CD 00               (1/cmds/disasm.asm):00890                             fcb       $00                 Unknown gets FCB's
08CE FE               (1/cmds/disasm.asm):00891                             fcb       $fe
08CF 6663622020       (1/cmds/disasm.asm):00892                             fcc       /fcb  /
                      (1/cmds/disasm.asm):00893                             pag
                      (1/cmds/disasm.asm):00894         *****************************************
                      (1/cmds/disasm.asm):00895         **  1 byte op code table               **
                      (1/cmds/disasm.asm):00896         *****************************************
                      (1/cmds/disasm.asm):00897         * Position in table is opcode, byte stored there is how to interpret it
                      (1/cmds/disasm.asm):00898         * Interpreter bytes are:
                      (1/cmds/disasm.asm):00899         * $FF: Direct page mode (1 byte address)
                      (1/cmds/disasm.asm):00900         * $FE: FCB (unknown single byte)
                      (1/cmds/disasm.asm):00901         * $FD: Implied (single byte by itself)
                      (1/cmds/disasm.asm):00902         * $FC: 2 byte relative
                      (1/cmds/disasm.asm):00903         * $FB: 1 byte immediate
                      (1/cmds/disasm.asm):00904         * $FA: Dual register (EXG/TFR)
                      (1/cmds/disasm.asm):00905         * $F9: 1 byte relative
                      (1/cmds/disasm.asm):00906         * $F8: Indexed (1 or more post bytes)
                      (1/cmds/disasm.asm):00907         * $F7: Stack (PSH/PUL) register post-byte
                      (1/cmds/disasm.asm):00908         * $F6: ??? (internal use?)
                      (1/cmds/disasm.asm):00909         * $F5: SWI???
                      (1/cmds/disasm.asm):00910         * $F4: Extended (2 byte address)
                      (1/cmds/disasm.asm):00911         * $F3: 2 byte immediate
                      (1/cmds/disasm.asm):00912         * $F2: 4 byte immediate
                      (1/cmds/disasm.asm):00913         * $F1: In memory (AIM, etc.)
                      (1/cmds/disasm.asm):00914         * $F0: Bit commands (LDBT, etc.)
08D4 00               (1/cmds/disasm.asm):00915         optable             fcb       $00
     08D5             (1/cmds/disasm.asm):00916         tab0x               equ       *
08D5 FF               (1/cmds/disasm.asm):00917                             fcb       $ff                 =00
08D6 6E65672020       (1/cmds/disasm.asm):00918                             fcc       /neg  /
08DB F1               (1/cmds/disasm.asm):00919                             fcb       $f1                 =01
08DC 6F696D2020       (1/cmds/disasm.asm):00920                             fcc       /oim  /
08E1 F1               (1/cmds/disasm.asm):00921                             fcb       $f1                 =02
08E2 61696D2020       (1/cmds/disasm.asm):00922                             fcc       /aim  /
08E7 FF               (1/cmds/disasm.asm):00923                             fcb       $ff                 =03
08E8 636F6D2020       (1/cmds/disasm.asm):00924                             fcc       /com  /
08ED FF               (1/cmds/disasm.asm):00925                             fcb       $ff                 =04
08EE 6C73722020       (1/cmds/disasm.asm):00926                             fcc       /lsr  /
08F3 F1               (1/cmds/disasm.asm):00927                             fcb       $f1                 =05
08F4 65696D2020       (1/cmds/disasm.asm):00928                             fcc       /eim  /
08F9 FF               (1/cmds/disasm.asm):00929                             fcb       $ff                 =06
08FA 726F722020       (1/cmds/disasm.asm):00930                             fcc       /ror  /
08FF FF               (1/cmds/disasm.asm):00931                             fcb       $ff                 =07
0900 6173722020       (1/cmds/disasm.asm):00932                             fcc       /asr  /
0905 FF               (1/cmds/disasm.asm):00933                             fcb       $ff                 =08
0906 6C736C2020       (1/cmds/disasm.asm):00934                             fcc       /lsl  /
090B FF               (1/cmds/disasm.asm):00935                             fcb       $ff                 =09
090C 726F6C2020       (1/cmds/disasm.asm):00936                             fcc       /rol  /
0911 FF               (1/cmds/disasm.asm):00937                             fcb       $ff                 =0a
0912 6465632020       (1/cmds/disasm.asm):00938                             fcc       /dec  /
0917 F1               (1/cmds/disasm.asm):00939                             fcb       $f1                 =0b
0918 74696D2020       (1/cmds/disasm.asm):00940                             fcc       /tim  /
091D FF               (1/cmds/disasm.asm):00941                             fcb       $ff                 =0c
091E 696E632020       (1/cmds/disasm.asm):00942                             fcc       /inc  /
0923 FF               (1/cmds/disasm.asm):00943                             fcb       $ff                 =0d
0924 7473742020       (1/cmds/disasm.asm):00944                             fcc       /tst  /
0929 FF               (1/cmds/disasm.asm):00945                             fcb       $ff                 =0e
092A 6A6D702020       (1/cmds/disasm.asm):00946                             fcc       /jmp  /
092F FF               (1/cmds/disasm.asm):00947                             fcb       $ff                 =0f
0930 636C722020       (1/cmds/disasm.asm):00948                             fcc       /clr  /
     0935             (1/cmds/disasm.asm):00949         tab1x               equ       *
0935 FE               (1/cmds/disasm.asm):00950                             fcb       $fe                 =10        Unused entry; pre-byte
0936 6663622020       (1/cmds/disasm.asm):00951                             fcc       /fcb  /
093B FE               (1/cmds/disasm.asm):00952                             fcb       $fe                 =11        Unused entry; pre-byte
093C 6663622020       (1/cmds/disasm.asm):00953                             fcc       /fcb  /
0941 FD               (1/cmds/disasm.asm):00954                             fcb       $fd                 =12
0942 6E6F702020       (1/cmds/disasm.asm):00955                             fcc       /nop  /
0947 FD               (1/cmds/disasm.asm):00956                             fcb       $fd                 =13
0948 73796E6320       (1/cmds/disasm.asm):00957                             fcc       /sync /
094D FD               (1/cmds/disasm.asm):00958                             fcb       $fd                 =14
094E 7365787720       (1/cmds/disasm.asm):00959                             fcc       /sexw /
0953 FE               (1/cmds/disasm.asm):00960                             fcb       $fe                 =15
0954 6663622020       (1/cmds/disasm.asm):00961                             fcc       /fcb  /
0959 FC               (1/cmds/disasm.asm):00962                             fcb       $fc                 =16
095A 6C62726120       (1/cmds/disasm.asm):00963                             fcc       /lbra /
095F FC               (1/cmds/disasm.asm):00964                             fcb       $fc                 =17
0960 6C62737220       (1/cmds/disasm.asm):00965                             fcc       /lbsr /
0965 FE               (1/cmds/disasm.asm):00966                             fcb       $fe                 =18
0966 6663622020       (1/cmds/disasm.asm):00967                             fcc       /fcb  /
096B FD               (1/cmds/disasm.asm):00968                             fcb       $fd                 =19
096C 6461612020       (1/cmds/disasm.asm):00969                             fcc       /daa  /
0971 FB               (1/cmds/disasm.asm):00970                             fcb       $fb                 =1a
0972 6F72636320       (1/cmds/disasm.asm):00971                             fcc       /orcc /
0977 FE               (1/cmds/disasm.asm):00972                             fcb       $fe                 =1b
0978 6663622020       (1/cmds/disasm.asm):00973                             fcc       /fcb  /
097D FB               (1/cmds/disasm.asm):00974                             fcb       $fb                 =1c
097E 616E646363       (1/cmds/disasm.asm):00975                             fcc       /andcc/
0983 FD               (1/cmds/disasm.asm):00976                             fcb       $fd                 =1d
0984 7365782020       (1/cmds/disasm.asm):00977                             fcc       /sex  /
0989 FA               (1/cmds/disasm.asm):00978                             fcb       $fa                 =1e
098A 6578672020       (1/cmds/disasm.asm):00979                             fcc       /exg  /
098F FA               (1/cmds/disasm.asm):00980                             fcb       $fa                 =1f
0990 7466722020       (1/cmds/disasm.asm):00981                             fcc       /tfr  /
     0995             (1/cmds/disasm.asm):00982         tab2x               equ       *
0995 F9               (1/cmds/disasm.asm):00983                             fcb       $f9                 =20
0996 6272612020       (1/cmds/disasm.asm):00984                             fcc       /bra  /
099B F9               (1/cmds/disasm.asm):00985                             fcb       $f9                 =21
099C 62726E2020       (1/cmds/disasm.asm):00986                             fcc       /brn  /
09A1 F9               (1/cmds/disasm.asm):00987                             fcb       $f9                 =22
09A2 6268692020       (1/cmds/disasm.asm):00988                             fcc       /bhi  /
09A7 F9               (1/cmds/disasm.asm):00989                             fcb       $f9                 =23
09A8 626C732020       (1/cmds/disasm.asm):00990                             fcc       /bls  /
09AD F9               (1/cmds/disasm.asm):00991                             fcb       $f9                 =24
09AE 6263632020       (1/cmds/disasm.asm):00992                             fcc       /bcc  /
09B3 F9               (1/cmds/disasm.asm):00993                             fcb       $f9                 =25
09B4 6263732020       (1/cmds/disasm.asm):00994                             fcc       /bcs  /
09B9 F9               (1/cmds/disasm.asm):00995                             fcb       $f9                 =26
09BA 626E652020       (1/cmds/disasm.asm):00996                             fcc       /bne  /
09BF F9               (1/cmds/disasm.asm):00997                             fcb       $f9                 =27
09C0 6265712020       (1/cmds/disasm.asm):00998                             fcc       /beq  /
09C5 F9               (1/cmds/disasm.asm):00999                             fcb       $f9                 =28
09C6 6276632020       (1/cmds/disasm.asm):01000                             fcc       /bvc  /
09CB F9               (1/cmds/disasm.asm):01001                             fcb       $f9                 =29
09CC 6276732020       (1/cmds/disasm.asm):01002                             fcc       /bvs  /
09D1 F9               (1/cmds/disasm.asm):01003                             fcb       $f9                 =2a
09D2 62706C2020       (1/cmds/disasm.asm):01004                             fcc       /bpl  /
09D7 F9               (1/cmds/disasm.asm):01005                             fcb       $f9                 =2b
09D8 626D692020       (1/cmds/disasm.asm):01006                             fcc       /bmi  /
09DD F9               (1/cmds/disasm.asm):01007                             fcb       $f9                 =2c
09DE 6267652020       (1/cmds/disasm.asm):01008                             fcc       /bge  /
09E3 F9               (1/cmds/disasm.asm):01009                             fcb       $f9                 =2d
09E4 626C742020       (1/cmds/disasm.asm):01010                             fcc       /blt  /
09E9 F9               (1/cmds/disasm.asm):01011                             fcb       $f9                 =2e
09EA 6267742020       (1/cmds/disasm.asm):01012                             fcc       /bgt  /
09EF F9               (1/cmds/disasm.asm):01013                             fcb       $f9                 =2f
09F0 626C652020       (1/cmds/disasm.asm):01014                             fcc       /ble  /
     09F5             (1/cmds/disasm.asm):01015         tab3x               equ       *
09F5 F8               (1/cmds/disasm.asm):01016                             fcb       $f8                 =30
09F6 6C65617820       (1/cmds/disasm.asm):01017                             fcc       /leax /
09FB F8               (1/cmds/disasm.asm):01018                             fcb       $f8                 =31
09FC 6C65617920       (1/cmds/disasm.asm):01019                             fcc       /leay /
0A01 F8               (1/cmds/disasm.asm):01020                             fcb       $f8                 =32
0A02 6C65617320       (1/cmds/disasm.asm):01021                             fcc       /leas /
0A07 F8               (1/cmds/disasm.asm):01022                             fcb       $f8                 =33
0A08 6C65617520       (1/cmds/disasm.asm):01023                             fcc       /leau /
0A0D F7               (1/cmds/disasm.asm):01024                             fcb       $f7                 =34
0A0E 7073687320       (1/cmds/disasm.asm):01025                             fcc       /pshs /
0A13 F7               (1/cmds/disasm.asm):01026                             fcb       $f7                 =35
0A14 70756C7320       (1/cmds/disasm.asm):01027                             fcc       /puls /
0A19 F7               (1/cmds/disasm.asm):01028                             fcb       $f7                 =36
0A1A 7073687520       (1/cmds/disasm.asm):01029                             fcc       /pshu /
0A1F F7               (1/cmds/disasm.asm):01030                             fcb       $f7                 =37
0A20 70756C7520       (1/cmds/disasm.asm):01031                             fcc       /pulu /
0A25 FE               (1/cmds/disasm.asm):01032                             fcb       $fe                 =38
0A26 6663622020       (1/cmds/disasm.asm):01033                             fcc       /fcb  /
0A2B FD               (1/cmds/disasm.asm):01034                             fcb       $fd                 =39
0A2C 7274732020       (1/cmds/disasm.asm):01035                             fcc       /rts  /
0A31 FD               (1/cmds/disasm.asm):01036                             fcb       $fd                 =3a
0A32 6162782020       (1/cmds/disasm.asm):01037                             fcc       /abx  /
0A37 FD               (1/cmds/disasm.asm):01038                             fcb       $fd                 =3b
0A38 7274692020       (1/cmds/disasm.asm):01039                             fcc       /rti  /
0A3D FB               (1/cmds/disasm.asm):01040                             fcb       $fb                 =3c
0A3E 6377616920       (1/cmds/disasm.asm):01041                             fcc       /cwai /
0A43 FD               (1/cmds/disasm.asm):01042                             fcb       $fd                 =3d
0A44 6D756C2020       (1/cmds/disasm.asm):01043                             fcc       /mul  /
0A49 FE               (1/cmds/disasm.asm):01044                             fcb       $fe                 =3e
0A4A 6663622020       (1/cmds/disasm.asm):01045                             fcc       /fcb  /
0A4F F5               (1/cmds/disasm.asm):01046                             fcb       $f5                 =3f
0A50 7377692020       (1/cmds/disasm.asm):01047                             fcc       /swi  /
     0A55             (1/cmds/disasm.asm):01048         tab4x               equ       *
0A55 FD               (1/cmds/disasm.asm):01049                             fcb       $fd                 =40
0A56 6E65676120       (1/cmds/disasm.asm):01050                             fcc       /nega /
0A5B FE               (1/cmds/disasm.asm):01051                             fcb       $fe                 =41
0A5C 6663622020       (1/cmds/disasm.asm):01052                             fcc       /fcb  /
0A61 FE               (1/cmds/disasm.asm):01053                             fcb       $fe                 =42
0A62 6663622020       (1/cmds/disasm.asm):01054                             fcc       /fcb  /
0A67 FD               (1/cmds/disasm.asm):01055                             fcb       $fd                 =43
0A68 636F6D6120       (1/cmds/disasm.asm):01056                             fcc       /coma /
0A6D FD               (1/cmds/disasm.asm):01057                             fcb       $fd                 =44
0A6E 6C73726120       (1/cmds/disasm.asm):01058                             fcc       /lsra /
0A73 FE               (1/cmds/disasm.asm):01059                             fcb       $fe                 =45
0A74 6663622020       (1/cmds/disasm.asm):01060                             fcc       /fcb  /
0A79 FD               (1/cmds/disasm.asm):01061                             fcb       $fd                 =46
0A7A 726F726120       (1/cmds/disasm.asm):01062                             fcc       /rora /
0A7F FD               (1/cmds/disasm.asm):01063                             fcb       $fd                 =47
0A80 6173726120       (1/cmds/disasm.asm):01064                             fcc       /asra /
0A85 FD               (1/cmds/disasm.asm):01065                             fcb       $fd                 =48
0A86 6C736C6120       (1/cmds/disasm.asm):01066                             fcc       /lsla /
0A8B FD               (1/cmds/disasm.asm):01067                             fcb       $fd                 =49
0A8C 726F6C6120       (1/cmds/disasm.asm):01068                             fcc       /rola /
0A91 FD               (1/cmds/disasm.asm):01069                             fcb       $fd                 =4a
0A92 6465636120       (1/cmds/disasm.asm):01070                             fcc       /deca /
0A97 FE               (1/cmds/disasm.asm):01071                             fcb       $fe                 =4b
0A98 6663622020       (1/cmds/disasm.asm):01072                             fcc       /fcb  /
0A9D FD               (1/cmds/disasm.asm):01073                             fcb       $fd                 =4c
0A9E 696E636120       (1/cmds/disasm.asm):01074                             fcc       /inca /
0AA3 FD               (1/cmds/disasm.asm):01075                             fcb       $fd                 =4d
0AA4 7473746120       (1/cmds/disasm.asm):01076                             fcc       /tsta /
0AA9 FE               (1/cmds/disasm.asm):01077                             fcb       $fe                 =4e
0AAA 6663622020       (1/cmds/disasm.asm):01078                             fcc       /fcb  /
0AAF FD               (1/cmds/disasm.asm):01079                             fcb       $fd                 =4f
0AB0 636C726120       (1/cmds/disasm.asm):01080                             fcc       /clra /
     0AB5             (1/cmds/disasm.asm):01081         tab5x               equ       *
0AB5 FD               (1/cmds/disasm.asm):01082                             fcb       $fd                 =50
0AB6 6E65676220       (1/cmds/disasm.asm):01083                             fcc       /negb /
0ABB FE               (1/cmds/disasm.asm):01084                             fcb       $fe                 =51
0ABC 6663622020       (1/cmds/disasm.asm):01085                             fcc       /fcb  /
0AC1 FE               (1/cmds/disasm.asm):01086                             fcb       $fe                 =52
0AC2 6663622020       (1/cmds/disasm.asm):01087                             fcc       /fcb  /
0AC7 FD               (1/cmds/disasm.asm):01088                             fcb       $fd                 =53
0AC8 636F6D6220       (1/cmds/disasm.asm):01089                             fcc       /comb /
0ACD FD               (1/cmds/disasm.asm):01090                             fcb       $fd                 =54
0ACE 6C73726220       (1/cmds/disasm.asm):01091                             fcc       /lsrb /
0AD3 FE               (1/cmds/disasm.asm):01092                             fcb       $fe                 =55
0AD4 6663622020       (1/cmds/disasm.asm):01093                             fcc       /fcb  /
0AD9 FD               (1/cmds/disasm.asm):01094                             fcb       $fd                 =56
0ADA 726F726220       (1/cmds/disasm.asm):01095                             fcc       /rorb /
0ADF FD               (1/cmds/disasm.asm):01096                             fcb       $fd                 =57
0AE0 6173726220       (1/cmds/disasm.asm):01097                             fcc       /asrb /
0AE5 FD               (1/cmds/disasm.asm):01098                             fcb       $fd                 =58
0AE6 6C736C6220       (1/cmds/disasm.asm):01099                             fcc       /lslb /
0AEB FD               (1/cmds/disasm.asm):01100                             fcb       $fd                 =59
0AEC 726F6C6220       (1/cmds/disasm.asm):01101                             fcc       /rolb /
0AF1 FD               (1/cmds/disasm.asm):01102                             fcb       $fd                 =5a
0AF2 6465636220       (1/cmds/disasm.asm):01103                             fcc       /decb /
0AF7 FE               (1/cmds/disasm.asm):01104                             fcb       $fe                 =5b
0AF8 6663622020       (1/cmds/disasm.asm):01105                             fcc       /fcb  /
0AFD FD               (1/cmds/disasm.asm):01106                             fcb       $fd                 =5c
0AFE 696E636220       (1/cmds/disasm.asm):01107                             fcc       /incb /
0B03 FD               (1/cmds/disasm.asm):01108                             fcb       $fd                 =5d
0B04 7473746220       (1/cmds/disasm.asm):01109                             fcc       /tstb /
0B09 FE               (1/cmds/disasm.asm):01110                             fcb       $fe                 =5e
0B0A 6663622020       (1/cmds/disasm.asm):01111                             fcc       /fcb  /
0B0F FD               (1/cmds/disasm.asm):01112                             fcb       $fd                 =5f
0B10 636C726220       (1/cmds/disasm.asm):01113                             fcc       /clrb /
     0B15             (1/cmds/disasm.asm):01114         tab6x               equ       *
0B15 F8               (1/cmds/disasm.asm):01115                             fcb       $f8                 =60
0B16 6E65672020       (1/cmds/disasm.asm):01116                             fcc       /neg  /
0B1B F1               (1/cmds/disasm.asm):01117                             fcb       $f1                 =61
0B1C 6F696D2020       (1/cmds/disasm.asm):01118                             fcc       /oim  /
0B21 F1               (1/cmds/disasm.asm):01119                             fcb       $f1                 =62
0B22 61696D2020       (1/cmds/disasm.asm):01120                             fcc       /aim  /
0B27 F8               (1/cmds/disasm.asm):01121                             fcb       $f8                 =63
0B28 636F6D2020       (1/cmds/disasm.asm):01122                             fcc       /com  /
0B2D F8               (1/cmds/disasm.asm):01123                             fcb       $f8                 =64
0B2E 6C73722020       (1/cmds/disasm.asm):01124                             fcc       /lsr  /
0B33 F1               (1/cmds/disasm.asm):01125                             fcb       $f1                 =65
0B34 65696D2020       (1/cmds/disasm.asm):01126                             fcc       /eim  /
0B39 F8               (1/cmds/disasm.asm):01127                             fcb       $f8                 =66
0B3A 726F722020       (1/cmds/disasm.asm):01128                             fcc       /ror  /
0B3F F8               (1/cmds/disasm.asm):01129                             fcb       $f8                 =67
0B40 6173722020       (1/cmds/disasm.asm):01130                             fcc       /asr  /
0B45 F8               (1/cmds/disasm.asm):01131                             fcb       $f8                 =68
0B46 6C736C2020       (1/cmds/disasm.asm):01132                             fcc       /lsl  /
0B4B F8               (1/cmds/disasm.asm):01133                             fcb       $f8                 =69
0B4C 726F6C2020       (1/cmds/disasm.asm):01134                             fcc       /rol  /
0B51 F8               (1/cmds/disasm.asm):01135                             fcb       $f8                 =6a
0B52 6465632020       (1/cmds/disasm.asm):01136                             fcc       /dec  /
0B57 F1               (1/cmds/disasm.asm):01137                             fcb       $f1                 =6b
0B58 74696D2020       (1/cmds/disasm.asm):01138                             fcc       /tim  /
0B5D F8               (1/cmds/disasm.asm):01139                             fcb       $f8                 =6c
0B5E 696E632020       (1/cmds/disasm.asm):01140                             fcc       /inc  /
0B63 F8               (1/cmds/disasm.asm):01141                             fcb       $f8                 =6d
0B64 7473742020       (1/cmds/disasm.asm):01142                             fcc       /tst  /
0B69 F8               (1/cmds/disasm.asm):01143                             fcb       $f8                 =6e
0B6A 6A6D702020       (1/cmds/disasm.asm):01144                             fcc       /jmp  /
0B6F F8               (1/cmds/disasm.asm):01145                             fcb       $f8                 =6f
0B70 636C722020       (1/cmds/disasm.asm):01146                             fcc       /clr  /
     0B75             (1/cmds/disasm.asm):01147         tab7x               equ       *
0B75 F4               (1/cmds/disasm.asm):01148                             fcb       $f4                 =70
0B76 6E65672020       (1/cmds/disasm.asm):01149                             fcc       /neg  /
0B7B F1               (1/cmds/disasm.asm):01150                             fcb       $f1                 =71
0B7C 6F696D2020       (1/cmds/disasm.asm):01151                             fcc       /oim  /
0B81 F1               (1/cmds/disasm.asm):01152                             fcb       $f1                 =72
0B82 61696D2020       (1/cmds/disasm.asm):01153                             fcc       /aim  /
0B87 F4               (1/cmds/disasm.asm):01154                             fcb       $f4                 =73
0B88 636F6D2020       (1/cmds/disasm.asm):01155                             fcc       /com  /
0B8D F4               (1/cmds/disasm.asm):01156                             fcb       $f4                 =74
0B8E 6C73722020       (1/cmds/disasm.asm):01157                             fcc       /lsr  /
0B93 F1               (1/cmds/disasm.asm):01158                             fcb       $f1                 =75
0B94 65696D2020       (1/cmds/disasm.asm):01159                             fcc       /eim  /
0B99 F4               (1/cmds/disasm.asm):01160                             fcb       $f4                 =76
0B9A 726F722020       (1/cmds/disasm.asm):01161                             fcc       /ror  /
0B9F F4               (1/cmds/disasm.asm):01162                             fcb       $f4                 =77
0BA0 6173722020       (1/cmds/disasm.asm):01163                             fcc       /asr  /
0BA5 F4               (1/cmds/disasm.asm):01164                             fcb       $f4                 =78
0BA6 6C736C2020       (1/cmds/disasm.asm):01165                             fcc       /lsl  /
0BAB F4               (1/cmds/disasm.asm):01166                             fcb       $f4                 =79
0BAC 726F6C2020       (1/cmds/disasm.asm):01167                             fcc       /rol  /
0BB1 F4               (1/cmds/disasm.asm):01168                             fcb       $f4                 =7a
0BB2 6465632020       (1/cmds/disasm.asm):01169                             fcc       /dec  /
0BB7 F1               (1/cmds/disasm.asm):01170                             fcb       $f1                 =7b
0BB8 74696D2020       (1/cmds/disasm.asm):01171                             fcc       /tim  /
0BBD F4               (1/cmds/disasm.asm):01172                             fcb       $f4                 =7c
0BBE 696E632020       (1/cmds/disasm.asm):01173                             fcc       /inc  /
0BC3 F4               (1/cmds/disasm.asm):01174                             fcb       $f4                 =7d
0BC4 7473742020       (1/cmds/disasm.asm):01175                             fcc       /tst  /
0BC9 F4               (1/cmds/disasm.asm):01176                             fcb       $f4                 =7e
0BCA 6A6D702020       (1/cmds/disasm.asm):01177                             fcc       /jmp  /
0BCF F4               (1/cmds/disasm.asm):01178                             fcb       $f4                 =7f
0BD0 636C722020       (1/cmds/disasm.asm):01179                             fcc       /clr  /
     0BD5             (1/cmds/disasm.asm):01180         tab8x               equ       *
0BD5 FB               (1/cmds/disasm.asm):01181                             fcb       $fb                 =80
0BD6 7375626120       (1/cmds/disasm.asm):01182                             fcc       /suba /
0BDB FB               (1/cmds/disasm.asm):01183                             fcb       $fb                 =81
0BDC 636D706120       (1/cmds/disasm.asm):01184                             fcc       /cmpa /
0BE1 FB               (1/cmds/disasm.asm):01185                             fcb       $fb                 =82
0BE2 7362636120       (1/cmds/disasm.asm):01186                             fcc       /sbca /
0BE7 F3               (1/cmds/disasm.asm):01187                             fcb       $f3                 =83
0BE8 7375626420       (1/cmds/disasm.asm):01188                             fcc       /subd /
0BED FB               (1/cmds/disasm.asm):01189                             fcb       $fb                 =84
0BEE 616E646120       (1/cmds/disasm.asm):01190                             fcc       /anda /
0BF3 FB               (1/cmds/disasm.asm):01191                             fcb       $fb                 =85
0BF4 6269746120       (1/cmds/disasm.asm):01192                             fcc       /bita /
0BF9 FB               (1/cmds/disasm.asm):01193                             fcb       $fb                 =86
0BFA 6C64612020       (1/cmds/disasm.asm):01194                             fcc       /lda  /
0BFF FE               (1/cmds/disasm.asm):01195                             fcb       $fe                 =87
0C00 6663622020       (1/cmds/disasm.asm):01196                             fcc       /fcb  /
0C05 FB               (1/cmds/disasm.asm):01197                             fcb       $fb                 =88
0C06 656F726120       (1/cmds/disasm.asm):01198                             fcc       /eora /
0C0B FB               (1/cmds/disasm.asm):01199                             fcb       $fb                 =89
0C0C 6164636120       (1/cmds/disasm.asm):01200                             fcc       /adca /
0C11 FB               (1/cmds/disasm.asm):01201                             fcb       $fb                 =8a
0C12 6F72612020       (1/cmds/disasm.asm):01202                             fcc       /ora  /
0C17 FB               (1/cmds/disasm.asm):01203                             fcb       $fb                 =8b
0C18 6164646120       (1/cmds/disasm.asm):01204                             fcc       /adda /
0C1D F3               (1/cmds/disasm.asm):01205                             fcb       $f3                 =8c
0C1E 636D707820       (1/cmds/disasm.asm):01206                             fcc       /cmpx /
0C23 F9               (1/cmds/disasm.asm):01207                             fcb       $f9                 =8d
0C24 6273722020       (1/cmds/disasm.asm):01208                             fcc       /bsr  /
0C29 F3               (1/cmds/disasm.asm):01209                             fcb       $f3                 =8e
0C2A 6C64782020       (1/cmds/disasm.asm):01210                             fcc       /ldx  /
0C2F FE               (1/cmds/disasm.asm):01211                             fcb       $fe                 =8f
0C30 6663622020       (1/cmds/disasm.asm):01212                             fcc       /fcb  /
     0C35             (1/cmds/disasm.asm):01213         tab9x               equ       *
0C35 FF               (1/cmds/disasm.asm):01214                             fcb       $ff                 =90
0C36 7375626120       (1/cmds/disasm.asm):01215                             fcc       /suba /
0C3B FF               (1/cmds/disasm.asm):01216                             fcb       $ff                 =91
0C3C 636D706120       (1/cmds/disasm.asm):01217                             fcc       /cmpa /
0C41 FF               (1/cmds/disasm.asm):01218                             fcb       $ff                 =92
0C42 7362636120       (1/cmds/disasm.asm):01219                             fcc       /sbca /
0C47 FF               (1/cmds/disasm.asm):01220                             fcb       $ff                 =93
0C48 7375626420       (1/cmds/disasm.asm):01221                             fcc       /subd /
0C4D FF               (1/cmds/disasm.asm):01222                             fcb       $ff                 =94
0C4E 616E646120       (1/cmds/disasm.asm):01223                             fcc       /anda /
0C53 FF               (1/cmds/disasm.asm):01224                             fcb       $ff                 =95
0C54 6269746120       (1/cmds/disasm.asm):01225                             fcc       /bita /
0C59 FF               (1/cmds/disasm.asm):01226                             fcb       $ff                 =96
0C5A 6C64612020       (1/cmds/disasm.asm):01227                             fcc       /lda  /
0C5F FF               (1/cmds/disasm.asm):01228                             fcb       $ff                 =97
0C60 7374612020       (1/cmds/disasm.asm):01229                             fcc       /sta  /
0C65 FF               (1/cmds/disasm.asm):01230                             fcb       $ff                 =98
0C66 656F726120       (1/cmds/disasm.asm):01231                             fcc       /eora /
0C6B FF               (1/cmds/disasm.asm):01232                             fcb       $ff                 =99
0C6C 6164636120       (1/cmds/disasm.asm):01233                             fcc       /adca /
0C71 FF               (1/cmds/disasm.asm):01234                             fcb       $ff                 =9a
0C72 6F72612020       (1/cmds/disasm.asm):01235                             fcc       /ora  /
0C77 FF               (1/cmds/disasm.asm):01236                             fcb       $ff                 =9b
0C78 6164646120       (1/cmds/disasm.asm):01237                             fcc       /adda /
0C7D FF               (1/cmds/disasm.asm):01238                             fcb       $ff                 =9c
0C7E 636D707820       (1/cmds/disasm.asm):01239                             fcc       /cmpx /
0C83 FF               (1/cmds/disasm.asm):01240                             fcb       $ff                 =9d
0C84 6A73722020       (1/cmds/disasm.asm):01241                             fcc       /jsr  /
0C89 FF               (1/cmds/disasm.asm):01242                             fcb       $ff                 =9e
0C8A 6C64782020       (1/cmds/disasm.asm):01243                             fcc       /ldx  /
0C8F FF               (1/cmds/disasm.asm):01244                             fcb       $ff                 =9f
0C90 7374782020       (1/cmds/disasm.asm):01245                             fcc       /stx  /
     0C95             (1/cmds/disasm.asm):01246         tabax               equ       *
0C95 F8               (1/cmds/disasm.asm):01247                             fcb       $f8                 =a0
0C96 7375626120       (1/cmds/disasm.asm):01248                             fcc       /suba /
0C9B F8               (1/cmds/disasm.asm):01249                             fcb       $f8                 =a1
0C9C 636D706120       (1/cmds/disasm.asm):01250                             fcc       /cmpa /
0CA1 F8               (1/cmds/disasm.asm):01251                             fcb       $f8                 =a2
0CA2 7362636120       (1/cmds/disasm.asm):01252                             fcc       /sbca /
0CA7 F8               (1/cmds/disasm.asm):01253                             fcb       $f8                 =a3
0CA8 7375626420       (1/cmds/disasm.asm):01254                             fcc       /subd /
0CAD F8               (1/cmds/disasm.asm):01255                             fcb       $f8                 =a4
0CAE 616E646120       (1/cmds/disasm.asm):01256                             fcc       /anda /
0CB3 F8               (1/cmds/disasm.asm):01257                             fcb       $f8                 =a5
0CB4 6269746120       (1/cmds/disasm.asm):01258                             fcc       /bita /
0CB9 F8               (1/cmds/disasm.asm):01259                             fcb       $f8                 =a6
0CBA 6C64612020       (1/cmds/disasm.asm):01260                             fcc       /lda  /
0CBF F8               (1/cmds/disasm.asm):01261                             fcb       $f8                 =a7
0CC0 7374612020       (1/cmds/disasm.asm):01262                             fcc       /sta  /
0CC5 F8               (1/cmds/disasm.asm):01263                             fcb       $f8                 =a8
0CC6 656F726120       (1/cmds/disasm.asm):01264                             fcc       /eora /
0CCB F8               (1/cmds/disasm.asm):01265                             fcb       $f8                 =a9
0CCC 6164636120       (1/cmds/disasm.asm):01266                             fcc       /adca /
0CD1 F8               (1/cmds/disasm.asm):01267                             fcb       $f8                 =aa
0CD2 6F72612020       (1/cmds/disasm.asm):01268                             fcc       /ora  /
0CD7 F8               (1/cmds/disasm.asm):01269                             fcb       $f8                 =ab
0CD8 6164646120       (1/cmds/disasm.asm):01270                             fcc       /adda /
0CDD F8               (1/cmds/disasm.asm):01271                             fcb       $f8                 =ac
0CDE 636D707820       (1/cmds/disasm.asm):01272                             fcc       /cmpx /
0CE3 F8               (1/cmds/disasm.asm):01273                             fcb       $f8                 =ad
0CE4 6A73722020       (1/cmds/disasm.asm):01274                             fcc       /jsr  /
0CE9 F8               (1/cmds/disasm.asm):01275                             fcb       $f8                 =ae
0CEA 6C64782020       (1/cmds/disasm.asm):01276                             fcc       /ldx  /
0CEF F8               (1/cmds/disasm.asm):01277                             fcb       $f8                 =af
0CF0 7374782020       (1/cmds/disasm.asm):01278                             fcc       /stx  /
     0CF5             (1/cmds/disasm.asm):01279         tabbx               equ       *
0CF5 F4               (1/cmds/disasm.asm):01280                             fcb       $f4                 =b0
0CF6 7375626120       (1/cmds/disasm.asm):01281                             fcc       /suba /
0CFB F4               (1/cmds/disasm.asm):01282                             fcb       $f4                 =b1
0CFC 636D706120       (1/cmds/disasm.asm):01283                             fcc       /cmpa /
0D01 F4               (1/cmds/disasm.asm):01284                             fcb       $f4                 =b2
0D02 7362636120       (1/cmds/disasm.asm):01285                             fcc       /sbca /
0D07 F4               (1/cmds/disasm.asm):01286                             fcb       $f4                 =b3
0D08 7375626420       (1/cmds/disasm.asm):01287                             fcc       /subd /
0D0D F4               (1/cmds/disasm.asm):01288                             fcb       $f4                 =b4
0D0E 616E646120       (1/cmds/disasm.asm):01289                             fcc       /anda /
0D13 F4               (1/cmds/disasm.asm):01290                             fcb       $f4                 =b5
0D14 6269746120       (1/cmds/disasm.asm):01291                             fcc       /bita /
0D19 F4               (1/cmds/disasm.asm):01292                             fcb       $f4                 =b6
0D1A 6C64612020       (1/cmds/disasm.asm):01293                             fcc       /lda  /
0D1F F4               (1/cmds/disasm.asm):01294                             fcb       $f4                 =b7
0D20 7374612020       (1/cmds/disasm.asm):01295                             fcc       /sta  /
0D25 F4               (1/cmds/disasm.asm):01296                             fcb       $f4                 =b8
0D26 656F726120       (1/cmds/disasm.asm):01297                             fcc       /eora /
0D2B F4               (1/cmds/disasm.asm):01298                             fcb       $f4                 =b9
0D2C 6164636120       (1/cmds/disasm.asm):01299                             fcc       /adca /
0D31 F4               (1/cmds/disasm.asm):01300                             fcb       $f4                 =ba
0D32 6F72612020       (1/cmds/disasm.asm):01301                             fcc       /ora  /
0D37 F4               (1/cmds/disasm.asm):01302                             fcb       $f4                 =bb
0D38 6164646120       (1/cmds/disasm.asm):01303                             fcc       /adda /
0D3D F4               (1/cmds/disasm.asm):01304                             fcb       $f4                 =bc
0D3E 636D707820       (1/cmds/disasm.asm):01305                             fcc       /cmpx /
0D43 F4               (1/cmds/disasm.asm):01306                             fcb       $f4                 =bd
0D44 6A73722020       (1/cmds/disasm.asm):01307                             fcc       /jsr  /
0D49 F4               (1/cmds/disasm.asm):01308                             fcb       $f4                 =be
0D4A 6C64782020       (1/cmds/disasm.asm):01309                             fcc       /ldx  /
0D4F F4               (1/cmds/disasm.asm):01310                             fcb       $f4                 =bf
0D50 7374782020       (1/cmds/disasm.asm):01311                             fcc       /stx  /
     0D55             (1/cmds/disasm.asm):01312         tabcx               equ       *
0D55 FB               (1/cmds/disasm.asm):01313                             fcb       $fb                 =c0
0D56 7375626220       (1/cmds/disasm.asm):01314                             fcc       /subb /
0D5B FB               (1/cmds/disasm.asm):01315                             fcb       $fb                 =c1
0D5C 636D706220       (1/cmds/disasm.asm):01316                             fcc       /cmpb /
0D61 FB               (1/cmds/disasm.asm):01317                             fcb       $fb                 =c2
0D62 7362636220       (1/cmds/disasm.asm):01318                             fcc       /sbcb /
0D67 F3               (1/cmds/disasm.asm):01319                             fcb       $f3                 =c3
0D68 6164646420       (1/cmds/disasm.asm):01320                             fcc       /addd /
0D6D FB               (1/cmds/disasm.asm):01321                             fcb       $fb                 =c4
0D6E 616E646220       (1/cmds/disasm.asm):01322                             fcc       /andb /
0D73 FB               (1/cmds/disasm.asm):01323                             fcb       $fb                 =c5
0D74 6269746220       (1/cmds/disasm.asm):01324                             fcc       /bitb /
0D79 FB               (1/cmds/disasm.asm):01325                             fcb       $fb                 =c6
0D7A 6C64622020       (1/cmds/disasm.asm):01326                             fcc       /ldb  /
0D7F FE               (1/cmds/disasm.asm):01327                             fcb       $fe                 =c7
0D80 6663622020       (1/cmds/disasm.asm):01328                             fcc       /fcb  /
0D85 FB               (1/cmds/disasm.asm):01329                             fcb       $fb                 =c8
0D86 656F726220       (1/cmds/disasm.asm):01330                             fcc       /eorb /
0D8B FB               (1/cmds/disasm.asm):01331                             fcb       $fb                 =c9
0D8C 6164636220       (1/cmds/disasm.asm):01332                             fcc       /adcb /
0D91 FB               (1/cmds/disasm.asm):01333                             fcb       $fb                 =ca
0D92 6F72622020       (1/cmds/disasm.asm):01334                             fcc       /orb  /
0D97 FB               (1/cmds/disasm.asm):01335                             fcb       $fb                 =cb
0D98 6164646220       (1/cmds/disasm.asm):01336                             fcc       /addb /
0D9D F3               (1/cmds/disasm.asm):01337                             fcb       $f3                 =cc
0D9E 6C64642020       (1/cmds/disasm.asm):01338                             fcc       /ldd  /
0DA3 F2               (1/cmds/disasm.asm):01339                             fcb       $f2                 =cd
0DA4 6C64712020       (1/cmds/disasm.asm):01340                             fcc       /ldq  /
0DA9 F3               (1/cmds/disasm.asm):01341                             fcb       $f3                 =ce
0DAA 6C64752020       (1/cmds/disasm.asm):01342                             fcc       /ldu  /
0DAF FE               (1/cmds/disasm.asm):01343                             fcb       $fe                 =cf
0DB0 6663622020       (1/cmds/disasm.asm):01344                             fcc       /fcb  /
     0DB5             (1/cmds/disasm.asm):01345         tabdx               equ       *
0DB5 FF               (1/cmds/disasm.asm):01346                             fcb       $ff                 =d0
0DB6 7375626220       (1/cmds/disasm.asm):01347                             fcc       /subb /
0DBB FF               (1/cmds/disasm.asm):01348                             fcb       $ff                 =d1
0DBC 636D706220       (1/cmds/disasm.asm):01349                             fcc       /cmpb /
0DC1 FF               (1/cmds/disasm.asm):01350                             fcb       $ff                 =d2
0DC2 7362636220       (1/cmds/disasm.asm):01351                             fcc       /sbcb /
0DC7 FF               (1/cmds/disasm.asm):01352                             fcb       $ff                 =d3
0DC8 6164646420       (1/cmds/disasm.asm):01353                             fcc       /addd /
0DCD FF               (1/cmds/disasm.asm):01354                             fcb       $ff                 =d4
0DCE 616E646220       (1/cmds/disasm.asm):01355                             fcc       /andb /
0DD3 FF               (1/cmds/disasm.asm):01356                             fcb       $ff                 =d5
0DD4 6269746220       (1/cmds/disasm.asm):01357                             fcc       /bitb /
0DD9 FF               (1/cmds/disasm.asm):01358                             fcb       $ff                 =d6
0DDA 6C64622020       (1/cmds/disasm.asm):01359                             fcc       /ldb  /
0DDF FF               (1/cmds/disasm.asm):01360                             fcb       $ff                 =d7
0DE0 7374622020       (1/cmds/disasm.asm):01361                             fcc       /stb  /
0DE5 FF               (1/cmds/disasm.asm):01362                             fcb       $ff                 =d8
0DE6 656F726220       (1/cmds/disasm.asm):01363                             fcc       /eorb /
0DEB FF               (1/cmds/disasm.asm):01364                             fcb       $ff                 =d9
0DEC 6164636220       (1/cmds/disasm.asm):01365                             fcc       /adcb /
0DF1 FF               (1/cmds/disasm.asm):01366                             fcb       $ff                 =da
0DF2 6F72622020       (1/cmds/disasm.asm):01367                             fcc       /orb  /
0DF7 FF               (1/cmds/disasm.asm):01368                             fcb       $ff                 =db
0DF8 6164646220       (1/cmds/disasm.asm):01369                             fcc       /addb /
0DFD FF               (1/cmds/disasm.asm):01370                             fcb       $ff                 =dc
0DFE 6C64642020       (1/cmds/disasm.asm):01371                             fcc       /ldd  /
0E03 FF               (1/cmds/disasm.asm):01372                             fcb       $ff                 =dd
0E04 7374642020       (1/cmds/disasm.asm):01373                             fcc       /std  /
0E09 FF               (1/cmds/disasm.asm):01374                             fcb       $ff                 =de
0E0A 6C64752020       (1/cmds/disasm.asm):01375                             fcc       /ldu  /
0E0F FF               (1/cmds/disasm.asm):01376                             fcb       $ff                 =df
0E10 7374752020       (1/cmds/disasm.asm):01377                             fcc       /stu  /
     0E15             (1/cmds/disasm.asm):01378         tabex               equ       *
0E15 F8               (1/cmds/disasm.asm):01379                             fcb       $f8                 =e0
0E16 7375626220       (1/cmds/disasm.asm):01380                             fcc       /subb /
0E1B F8               (1/cmds/disasm.asm):01381                             fcb       $f8                 =e1
0E1C 636D706220       (1/cmds/disasm.asm):01382                             fcc       /cmpb /
0E21 F8               (1/cmds/disasm.asm):01383                             fcb       $f8                 =e2
0E22 7362636220       (1/cmds/disasm.asm):01384                             fcc       /sbcb /
0E27 F8               (1/cmds/disasm.asm):01385                             fcb       $f8                 =e3
0E28 6164646420       (1/cmds/disasm.asm):01386                             fcc       /addd /
0E2D F8               (1/cmds/disasm.asm):01387                             fcb       $f8                 =e4
0E2E 616E646220       (1/cmds/disasm.asm):01388                             fcc       /andb /
0E33 F8               (1/cmds/disasm.asm):01389                             fcb       $f8                 =e5
0E34 6269746220       (1/cmds/disasm.asm):01390                             fcc       /bitb /
0E39 F8               (1/cmds/disasm.asm):01391                             fcb       $f8                 =e6
0E3A 6C64622020       (1/cmds/disasm.asm):01392                             fcc       /ldb  /
0E3F F8               (1/cmds/disasm.asm):01393                             fcb       $f8                 =e7
0E40 7374622020       (1/cmds/disasm.asm):01394                             fcc       /stb  /
0E45 F8               (1/cmds/disasm.asm):01395                             fcb       $f8                 =e8
0E46 656F726220       (1/cmds/disasm.asm):01396                             fcc       /eorb /
0E4B F8               (1/cmds/disasm.asm):01397                             fcb       $f8                 =e9
0E4C 6164636220       (1/cmds/disasm.asm):01398                             fcc       /adcb /
0E51 F8               (1/cmds/disasm.asm):01399                             fcb       $f8                 =ea
0E52 6F72622020       (1/cmds/disasm.asm):01400                             fcc       /orb  /
0E57 F8               (1/cmds/disasm.asm):01401                             fcb       $f8                 =eb
0E58 6164646220       (1/cmds/disasm.asm):01402                             fcc       /addb /
0E5D F8               (1/cmds/disasm.asm):01403                             fcb       $f8                 =ec
0E5E 6C64642020       (1/cmds/disasm.asm):01404                             fcc       /ldd  /
0E63 F8               (1/cmds/disasm.asm):01405                             fcb       $f8                 =ed
0E64 7374642020       (1/cmds/disasm.asm):01406                             fcc       /std  /
0E69 F8               (1/cmds/disasm.asm):01407                             fcb       $f8                 =ee
0E6A 6C64752020       (1/cmds/disasm.asm):01408                             fcc       /ldu  /
0E6F F8               (1/cmds/disasm.asm):01409                             fcb       $f8                 =ef
0E70 7374752020       (1/cmds/disasm.asm):01410                             fcc       /stu  /
     0E75             (1/cmds/disasm.asm):01411         tabfx               equ       *
0E75 F4               (1/cmds/disasm.asm):01412                             fcb       $f4                 =f0
0E76 7375626220       (1/cmds/disasm.asm):01413                             fcc       /subb /
0E7B F4               (1/cmds/disasm.asm):01414                             fcb       $f4                 =f1
0E7C 636D706220       (1/cmds/disasm.asm):01415                             fcc       /cmpb /
0E81 F4               (1/cmds/disasm.asm):01416                             fcb       $f4                 =f2
0E82 7362636220       (1/cmds/disasm.asm):01417                             fcc       /sbcb /
0E87 F4               (1/cmds/disasm.asm):01418                             fcb       $f4                 =f3
0E88 6164646420       (1/cmds/disasm.asm):01419                             fcc       /addd /
0E8D F4               (1/cmds/disasm.asm):01420                             fcb       $f4                 =f4
0E8E 616E646220       (1/cmds/disasm.asm):01421                             fcc       /andb /
0E93 F4               (1/cmds/disasm.asm):01422                             fcb       $f4                 =f5
0E94 6269746220       (1/cmds/disasm.asm):01423                             fcc       /bitb /
0E99 F4               (1/cmds/disasm.asm):01424                             fcb       $f4                 =f6
0E9A 6C64622020       (1/cmds/disasm.asm):01425                             fcc       /ldb  /
0E9F F4               (1/cmds/disasm.asm):01426                             fcb       $f4                 =f7
0EA0 7374622020       (1/cmds/disasm.asm):01427                             fcc       /stb  /
0EA5 F4               (1/cmds/disasm.asm):01428                             fcb       $f4                 =f8
0EA6 656F726220       (1/cmds/disasm.asm):01429                             fcc       /eorb /
0EAB F4               (1/cmds/disasm.asm):01430                             fcb       $f4                 =f9
0EAC 6164636220       (1/cmds/disasm.asm):01431                             fcc       /adcb /
0EB1 F4               (1/cmds/disasm.asm):01432                             fcb       $f4                 =fa
0EB2 6F72622020       (1/cmds/disasm.asm):01433                             fcc       /orb  /
0EB7 F4               (1/cmds/disasm.asm):01434                             fcb       $f4                 =fb
0EB8 6164646220       (1/cmds/disasm.asm):01435                             fcc       /addb /
0EBD F4               (1/cmds/disasm.asm):01436                             fcb       $f4                 =fc
0EBE 6C64642020       (1/cmds/disasm.asm):01437                             fcc       /ldd  /
0EC3 F4               (1/cmds/disasm.asm):01438                             fcb       $f4                 =fd
0EC4 7374642020       (1/cmds/disasm.asm):01439                             fcc       /std  /
0EC9 F4               (1/cmds/disasm.asm):01440                             fcb       $f4                 =fe
0ECA 6C64752020       (1/cmds/disasm.asm):01441                             fcc       /ldu  /
0ECF F4               (1/cmds/disasm.asm):01442                             fcb       $f4                 =ff
0ED0 7374752020       (1/cmds/disasm.asm):01443                             fcc       /stu  /
                      (1/cmds/disasm.asm):01444                             pag
                      (1/cmds/disasm.asm):01445         
                      (1/cmds/disasm.asm):01446         
     0000             (1/cmds/disasm.asm):01447         testing             equ       0                   (0=no,1=yes)
0ED5 6420782079207520 (1/cmds/disasm.asm):01448         regtab              fcc       /d x y u s pcw v a b ccdp0 0 e f /
     7320706377207620
     6120622063636470
     3020302065206620
0EF5 7063752079207820 (1/cmds/disasm.asm):01449         stackreg            fcc       /pcu y x dpb a cc/
     6470622061206363
0F05 7063732079207820 (1/cmds/disasm.asm):01450         ustckreg            fcc       /pcs y x dpb a cc/
     6470622061206363
0F15 2F2F203A3A20     (1/cmds/disasm.asm):01451         timesplt            fcc       '// :: '
     0F1B             (1/cmds/disasm.asm):01452         title               equ       *
0F1B 70726F6772616D20 (1/cmds/disasm.asm):01453                             fcc       /program module       /
     6D6F64756C652020
     2020202020
0F30 737562726F757469 (1/cmds/disasm.asm):01454                             fcc       /subroutine module    /
     6E65206D6F64756C
     6520202020
0F45 6D756C74692D6D6F (1/cmds/disasm.asm):01455                             fcc       /multi-module         /
     64756C6520202020
     2020202020
0F5A 64617461206D6F64 (1/cmds/disasm.asm):01456                             fcc       /data module          /
     756C652020202020
     2020202020
0F6F 6F73392073797374 (1/cmds/disasm.asm):01457                             fcc       /os9 system module    /
     656D206D6F64756C
     6520202020
0F84 6F73392066696C65 (1/cmds/disasm.asm):01458                             fcc       /os9 file manager     /
     206D616E61676572
     2020202020
0F99 6F73392064657669 (1/cmds/disasm.asm):01459                             fcc       /os9 device driver    /
     6365206472697665
     7220202020
0FAE 6F73392064657669 (1/cmds/disasm.asm):01460                             fcc       /os9 device descriptor/
     6365206465736372
     6970746F72
0FC3 3F3F3F3F3F3F3F3F (1/cmds/disasm.asm):01461         badindx             fcc       /?????????????????????/
     3F3F3F3F3F3F3F3F
     3F3F3F3F3F
     0FD8             (1/cmds/disasm.asm):01462         devtype             equ       *
0FD8 507267726D       (1/cmds/disasm.asm):01463                             fcc       /Prgrm/
0FDD 536272746E       (1/cmds/disasm.asm):01464                             fcc       /Sbrtn/
0FE2 4D756C7469       (1/cmds/disasm.asm):01465                             fcc       /Multi/
0FE7 2044617461       (1/cmds/disasm.asm):01466                             fcc       / Data/
0FEC 537973746D       (1/cmds/disasm.asm):01467                             fcc       /Systm/
0FF1 466C4D6772       (1/cmds/disasm.asm):01468                             fcc       /FlMgr/
0FF6 4472697672       (1/cmds/disasm.asm):01469                             fcc       /Drivr/
0FFB 4465766963       (1/cmds/disasm.asm):01470                             fcc       /Devic/
1000 3F3F3F3F3F       (1/cmds/disasm.asm):01471                             fcc       /?????/
     1005             (1/cmds/disasm.asm):01472         language            equ       *
1005 4F626A6374202020 (1/cmds/disasm.asm):01473                             fcc       /Objct   /
100D 49436F6465202020 (1/cmds/disasm.asm):01474                             fcc       /ICode   /
1015 50436F6465202020 (1/cmds/disasm.asm):01475                             fcc       /PCode   /
101D 43436F6465202020 (1/cmds/disasm.asm):01476                             fcc       /CCode   /
1025 43626C436F646520 (1/cmds/disasm.asm):01477                             fcc       /CblCode /
102D 4672746E436F6465 (1/cmds/disasm.asm):01478                             fcc       /FrtnCode/
1035 3F3F3F3F3F3F3F3F (1/cmds/disasm.asm):01479                             fcc       /???????? /
     20
103E 5265456E7420     (1/cmds/disasm.asm):01480         reent.              fcc       /ReEnt /
1044 4D6F6470726F7420 (1/cmds/disasm.asm):01481         modprot.            fcc       /Modprot /
104C 2020202020202020 (1/cmds/disasm.asm):01482         line010             fcc       /         ifp1/
     2069667031
1059 0D               (1/cmds/disasm.asm):01483         line011             fcb       $0d
     000E             (1/cmds/disasm.asm):01484         ln010sz             equ       *-line010
105A 2020202020202020 (1/cmds/disasm.asm):01485         line020             fcc       %         use   /%
     207573652020202F
     0010             (1/cmds/disasm.asm):01486         ln020sz             equ       *-line020
106A 2F646566732F6465 (1/cmds/disasm.asm):01487         line025             fcc       %/defs/defsfile%
     667366696C65
1078 0D               (1/cmds/disasm.asm):01488                             fcb       $0d
     000F             (1/cmds/disasm.asm):01489         ln025sz             equ       *-line025
1079 2020202020202020 (1/cmds/disasm.asm):01490         line030             fcc       /         endc/
     20656E6463
1086 0D               (1/cmds/disasm.asm):01491                             fcb       $0d
     000E             (1/cmds/disasm.asm):01492         ln030sz             equ       *-line030
1087 2020202020202020 (1/cmds/disasm.asm):01493         line040             fcc       /                    /
     2020202020202020
     20202020
109B 2020202020202020 (1/cmds/disasm.asm):01494                             fcc       /                    /
     2020202020202020
     20202020
10AF 2020202020202020 (1/cmds/disasm.asm):01495                             fcc       /                    /
     2020202020202020
     20202020
10C3 2020202020202020 (1/cmds/disasm.asm):01496                             fcc       /                    /
     2020202020202020
     20202020
                      (1/cmds/disasm.asm):01497         
10D7 2020202020202020 (1/cmds/disasm.asm):01498         line050             fcc       /         mod   /
     206D6F64202020
10E6 656F6D2C6E616D65 (1/cmds/disasm.asm):01499                             fcc       /eom,name,tylg,/
     2C74796C672C
10F4 617472762C737461 (1/cmds/disasm.asm):01500                             fcc       /atrv,start,size/
     72742C73697A65
1103 0D               (1/cmds/disasm.asm):01501                             fcb       $0d
     002D             (1/cmds/disasm.asm):01502         ln050sz             equ       *-line050
1104 6663732020202F   (1/cmds/disasm.asm):01503         line060             fcc       %fcs   /%
     0007             (1/cmds/disasm.asm):01504         ln060sz             equ       *-line060
110B 7530303030202020 (1/cmds/disasm.asm):01505         line070             fcc       /u0000    rmb   /
     20726D62202020
     000F             (1/cmds/disasm.asm):01506         ln070sz             equ       *-line070
111A 3C75             (1/cmds/disasm.asm):01507         line080             fcc       /<u/
111C 3C24             (1/cmds/disasm.asm):01508         line085             fcc       /<$/
111E 66636220202024   (1/cmds/disasm.asm):01509         line090             fcc       /fcb   $/
     0007             (1/cmds/disasm.asm):01510         ln090sz             equ       *-line090
1125 6E616D6520202020 (1/cmds/disasm.asm):01511         line100             fcc       /name     equ   */
     206571752020202A
     0010             (1/cmds/disasm.asm):01512         ln100sz             equ       *-line100
1135 2020202020202020 (1/cmds/disasm.asm):01513         line110             fcc       /         rmb   /
     20726D62202020
     000F             (1/cmds/disasm.asm):01514         ln110sz             equ       *-line110
1144 73697A6520202020 (1/cmds/disasm.asm):01515         line120             fcc       /size     equ   ./
     206571752020202E
1154 0D               (1/cmds/disasm.asm):01516                             fcb       $0d
     0011             (1/cmds/disasm.asm):01517         ln120sz             equ       *-line120
1155 7374617274202020 (1/cmds/disasm.asm):01518         line130             fcc       /start    equ   */
     206571752020202A
1165 0D               (1/cmds/disasm.asm):01519                             fcb       $0d
     0011             (1/cmds/disasm.asm):01520         ln130sz             equ       *-line130
1166 73776932         (1/cmds/disasm.asm):01521         line140             fcc       /swi2/
     0004             (1/cmds/disasm.asm):01522         ln140sz             equ       *-line140
116A 6F7339202020     (1/cmds/disasm.asm):01523         line150             fcc       /os9   /
     0006             (1/cmds/disasm.asm):01524         ln150sz             equ       *-line150
1170 2020202020202020 (1/cmds/disasm.asm):01525         line160             fcc       /         ttl   /
     2074746C202020
     000F             (1/cmds/disasm.asm):01526         ln160sz             equ       *-line160
117F 2020202020202020 (1/cmds/disasm.asm):01527         line170             fcc       /         emod/
     20656D6F64
118C 0D               (1/cmds/disasm.asm):01528                             fcb       $0d
     000E             (1/cmds/disasm.asm):01529         ln170sz             equ       *-line170
118D 656F6D2020202020 (1/cmds/disasm.asm):01530         line180             fcc       /eom      equ   */
     206571752020202A
119D 0D               (1/cmds/disasm.asm):01531                             fcb       $0d
     0011             (1/cmds/disasm.asm):01532         ln180sz             equ       *-line180
119E 2020202020202020 (1/cmds/disasm.asm):01533         line181             fcc       /         end/
     20656E64
11AA 0D               (1/cmds/disasm.asm):01534                             fcb       $0d
     000D             (1/cmds/disasm.asm):01535         ln181sz             equ       *-line181
11AB 6571752020202A   (1/cmds/disasm.asm):01536         line190             fcc       /equ   */
     0007             (1/cmds/disasm.asm):01537         ln190sz             equ       *-line190
11B2 0A               (1/cmds/disasm.asm):01538         line200             fcb       $0a
11B3 6572726F723A2063 (1/cmds/disasm.asm):01539                             fcc       /error: can't link to module/
     616E2774206C696E
     6B20746F206D6F64
     756C65
11CE 0D               (1/cmds/disasm.asm):01540                             fcb       $0d
     001D             (1/cmds/disasm.asm):01541         ln200sz             equ       *-line200
11CF 2A20446973617373 (1/cmds/disasm.asm):01542         line210             fcc       /* Disassembled /
     656D626C656420
     000F             (1/cmds/disasm.asm):01543         ln210sz             equ       *-line210
11DE 6279204469736173 (1/cmds/disasm.asm):01544         line215             fcc       /by Disasm v1./
     6D2076312E
11EB 36               (1/cmds/disasm.asm):01545                             fcb       edition
11EC 2028432920313938 (1/cmds/disasm.asm):01546                             fcc       / (C) 1988 by RML/
     3820627920524D4C
     001E             (1/cmds/disasm.asm):01547         ln215sz             equ       *-line215
11FC 2C706372         (1/cmds/disasm.asm):01548         line220             fcc       /,pcr/
     0004             (1/cmds/disasm.asm):01549         ln220sz             equ       *-line220
1200 0A               (1/cmds/disasm.asm):01550         line230             fcb       $0a
1201 2A20656E74726965 (1/cmds/disasm.asm):01551                             fcc       /* entries in symbol table :$/
     7320696E2073796D
     626F6C207461626C
     65203A24
     001D             (1/cmds/disasm.asm):01552         ln230sz             equ       *-line230
121D 0A               (1/cmds/disasm.asm):01553         line240             fcb       $0a
121E 0A               (1/cmds/disasm.asm):01554                             fcb       $0a
121F 6572726F723A2073 (1/cmds/disasm.asm):01555                             fcc       /error: symbol table full/
     796D626F6C207461
     626C652066756C6C
1237 070D             (1/cmds/disasm.asm):01556                             fdb       $070d
     001C             (1/cmds/disasm.asm):01557         ln240sz             equ       *-line240
1239 0A               (1/cmds/disasm.asm):01558         line250             fcb       $0a
123A 0A               (1/cmds/disasm.asm):01559                             fcb       $0a
123B 6572726F723A2069 (1/cmds/disasm.asm):01560                             fcc       /error: illegal option/
     6C6C6567616C206F
     7074696F6E
1250 070D             (1/cmds/disasm.asm):01561                             fdb       $070d
     0019             (1/cmds/disasm.asm):01562         ln250sz             equ       *-line250
1252 0A               (1/cmds/disasm.asm):01563         line260             fcb       $0a
1253 6572726F723A206E (1/cmds/disasm.asm):01564                             fcc       %error: no module/path name found%
     6F206D6F64756C65
     2F70617468206E61
     6D6520666F756E64
1273 0A               (1/cmds/disasm.asm):01565                             fcb       $0a
1274 7573652044697361 (1/cmds/disasm.asm):01566                             fcc       /use Disasm -? for help/
     736D202D3F20666F
     722068656C70
128A 070D             (1/cmds/disasm.asm):01567                             fdb       $070d
     003A             (1/cmds/disasm.asm):01568         ln260sz             equ       *-line260
128C 0A               (1/cmds/disasm.asm):01569         line270             fcb       $0a
128D 202044697361736D (1/cmds/disasm.asm):01570                             fcc       /  Disasm v1./
     2076312E
1299 36               (1/cmds/disasm.asm):01571                             fcb       edition
129A 2028666F72203638 (1/cmds/disasm.asm):01572                             fcc       / (for 6809 & 6309 code) options:/
     3039202620363330
     3920636F64652920
     6F7074696F6E733A
12BA 0A               (1/cmds/disasm.asm):01573                             fcb       $0a
12BB 202044697361736D (1/cmds/disasm.asm):01574                             fcc       /  Disasm -m modname/
     202D6D206D6F646E
     616D65
12CE 0A               (1/cmds/disasm.asm):01575                             fcb       $0a
12CF 2020202077696C6C (1/cmds/disasm.asm):01576                             fcc       /    will link to module 'modname' -/
     206C696E6B20746F
     206D6F64756C6520
     276D6F646E616D65
     27202D
12F2 206966206E6F7420 (1/cmds/disasm.asm):01577                             fcc       / if not found,will load module/
     666F756E642C7769
     6C6C206C6F616420
     6D6F64756C65
1310 0A               (1/cmds/disasm.asm):01578                             fcb       $0a
1311 0A               (1/cmds/disasm.asm):01579                             fcb       $0a
1312 202044697361736D (1/cmds/disasm.asm):01580                             fcc       /  Disasm modname/
     206D6F646E616D65
1322 0A               (1/cmds/disasm.asm):01581                             fcb       $0a
1323 2020202077696C6C (1/cmds/disasm.asm):01582                             fcc       /    will 'read' the module from the/
     2027726561642720
     746865206D6F6475
     6C652066726F6D20
     746865
1346 2073706563696669 (1/cmds/disasm.asm):01583                             fcc       / specified path without loading/
     6564207061746820
     776974686F757420
     6C6F6164696E67
1365 0A0A             (1/cmds/disasm.asm):01584                             fcb       $0a,$0a
1367 202044697361736D (1/cmds/disasm.asm):01585                             fcc       /  Disasm -z {hex data}/
     202D7A207B686578
     20646174617D
137D 0A               (1/cmds/disasm.asm):01586                             fcb       $0a
137E 2020202077696C6C (1/cmds/disasm.asm):01587                             fcc       /    will disassemble the data input on the comand line/
     2064697361737365
     6D626C6520746865
     206461746120696E
     707574206F6E2074
     686520636F6D616E
     64206C696E65
13B4 0A               (1/cmds/disasm.asm):01588                             fcb       $0a
13B5 2020202061732069 (1/cmds/disasm.asm):01589                             fcc       /    as if it were part of a module in memory/
     6620697420776572
     652070617274206F
     662061206D6F6475
     6C6520696E206D65
     6D6F7279
13E1 0A0A             (1/cmds/disasm.asm):01590                             fcb       $0a,$0a
13E3 20206F7468657220 (1/cmds/disasm.asm):01591                             fcc       /  other options:/
     6F7074696F6E733A
13F3 0A               (1/cmds/disasm.asm):01592                             fcb       $0a
13F4 202020206F203D20 (1/cmds/disasm.asm):01593                             fcc       /    o = display line number,address,object code & source code/
     646973706C617920
     6C696E65206E756D
     6265722C61646472
     6573732C6F626A65
     637420636F646520
     2620736F75726365
     20636F6465
1431 0A               (1/cmds/disasm.asm):01594                             fcb       $0a
1432 2020202073203D20 (1/cmds/disasm.asm):01595                             fcc       /    s = indicate disassembly start & end/
     696E646963617465
     2064697361737365
     6D626C7920737461
     7274202620656E64
145A 0A               (1/cmds/disasm.asm):01596                             fcb       $0a
145B 2020202020202020 (1/cmds/disasm.asm):01597                             fcc       /        syntax   -s$ssss$eeee/
     73796E7461782020
     202D732473737373
     2465656565
1478 0A               (1/cmds/disasm.asm):01598                             fcb       $0a
1479 2020202078203D20 (1/cmds/disasm.asm):01599                             fcc       /    x = take modules from execution directory/
     74616B65206D6F64
     756C65732066726F
     6D20657865637574
     696F6E2064697265
     63746F7279
14A6 0A               (1/cmds/disasm.asm):01600                             fcb       $0a
14A7 2020202075203D20 (1/cmds/disasm.asm):01601                             fcc       '    u = do not convert u/dp offsets to symbolic labels'
     646F206E6F742063
     6F6E766572742075
     2F6470206F666673
     65747320746F2073
     796D626F6C696320
     6C6162656C73
14DD 0A0A             (1/cmds/disasm.asm):01602                             fcb       $0a,$0a
14DF 2020616E7920636F (1/cmds/disasm.asm):01603                             fcc       /  any combination of options is allowed (lower or upper case)/
     6D62696E6174696F
     6E206F66206F7074
     696F6E7320697320
     616C6C6F77656420
     286C6F776572206F
     7220757070657220
     6361736529
151C 0A               (1/cmds/disasm.asm):01604                             fcb       $0a
151D 2020202062757420 (1/cmds/disasm.asm):01605                             fcc       /    but they must immediately follow the '-' and there must be/
     74686579206D7573
     7420696D6D656469
     6174656C7920666F
     6C6C6F7720746865
     20272D2720616E64
     207468657265206D
     757374206265
155B 0A               (1/cmds/disasm.asm):01606                             fcb       $0a
155C 202020206E6F2073 (1/cmds/disasm.asm):01607                             fcc       /    no spaces separating options./
     7061636573207365
     7061726174696E67
     206F7074696F6E73
     2E
157D 0A               (1/cmds/disasm.asm):01608                             fcb       $0a
     02F2             (1/cmds/disasm.asm):01609         ln270sz             equ       *-line270
157E 2020202020202020 (1/cmds/disasm.asm):01610         line280             fcc       /         nam   /
     206E616D202020
     000F             (1/cmds/disasm.asm):01611         ln280sz             equ       *-line280
158D 74796C6720202020 (1/cmds/disasm.asm):01612         line290             fcc       /tylg     set   /
     20736574202020
     000F             (1/cmds/disasm.asm):01613         ln290sz             equ       *-line290
159C 6174727620202020 (1/cmds/disasm.asm):01614         line300             fcc       /atrv     set   /
     20736574202020
     000F             (1/cmds/disasm.asm):01615         ln300sz             equ       *-line300
15AB 7265762020202020 (1/cmds/disasm.asm):01616         line310             fcc       /rev      set   $/
     2073657420202024
     0010             (1/cmds/disasm.asm):01617         ln310sz             equ       *-line310
15BB 2B726576         (1/cmds/disasm.asm):01618         line320             fcc       /+rev/
     0004             (1/cmds/disasm.asm):01619         ln320sz             equ       *-line320
15BF 2020202020202020 (1/cmds/disasm.asm):01620         line330             fcc       /         mod   /
     206D6F64202020
15CE 656F6D2C6E616D65 (1/cmds/disasm.asm):01621                             fcc       /eom,name,tylg,/
     2C74796C672C
15DC 617472762C6D6772 (1/cmds/disasm.asm):01622                             fcc       /atrv,mgrnam,drvnam/
     6E616D2C6472766E
     616D
15EE 0D               (1/cmds/disasm.asm):01623                             fcb       $0d
     0030             (1/cmds/disasm.asm):01624         ln330sz             equ       *-line330
                      (1/cmds/disasm.asm):01625         
15EF 6D6F646520627974 (1/cmds/disasm.asm):01626         line340             fcc       /mode byte/
     65
     0009             (1/cmds/disasm.asm):01627         ln340sz             equ       *-line340
15F8 657874656E646564 (1/cmds/disasm.asm):01628         line350             fcc       /extended controller address/
     20636F6E74726F6C
     6C65722061646472
     657373
     001B             (1/cmds/disasm.asm):01629         ln350sz             equ       *-line350
1613 2070687973696361 (1/cmds/disasm.asm):01630         line360             fcc       / physical controller address/
     6C20636F6E74726F
     6C6C657220616464
     72657373
     001C             (1/cmds/disasm.asm):01631         ln360sz             equ       *-line360
162F 66646220202024   (1/cmds/disasm.asm):01632         line370             fcc       /fdb   $/
     0007             (1/cmds/disasm.asm):01633         ln370sz             equ       *-line370
1636 666362202020696E (1/cmds/disasm.asm):01634         line380             fcc       /fcb   initsize-*-1  initilization table size/
     697473697A652D2A
     2D312020696E6974
     696C697A6174696F
     6E207461626C6520
     73697A65
     002C             (1/cmds/disasm.asm):01635         ln380sz             equ       *-line380
1662 6465766963652074 (1/cmds/disasm.asm):01636         line390             fcc       /device type:0=scf,1=rbf,2=pipe,3=scf/
     7970653A303D7363
     662C313D7262662C
     323D706970652C33
     3D736366
     0024             (1/cmds/disasm.asm):01637         ln390sz             equ       *-line390
1686 696E697473697A65 (1/cmds/disasm.asm):01638         line400             fcc       /initsize equ   */
     206571752020202A
     0010             (1/cmds/disasm.asm):01639         ln400sz             equ       *-line400
1696 6D67726E616D2020 (1/cmds/disasm.asm):01640         line410             fcc       /mgrnam   equ   */
     206571752020202A
     0010             (1/cmds/disasm.asm):01641         ln410sz             equ       *-line410
16A6 6472766E616D2020 (1/cmds/disasm.asm):01642         line420             fcc       /drvnam   equ   */
     206571752020202A
     0010             (1/cmds/disasm.asm):01643         ln420sz             equ       *-line420
16B6 6664622020206E61 (1/cmds/disasm.asm):01644         line430             fcc       /fdb   name copy of descriptor name address/
     6D6520636F707920
     6F66206465736372
     6970746F72206E61
     6D65206164647265
     7373
     002A             (1/cmds/disasm.asm):01645         ln430sz             equ       *-line430
16E0 316472697665206E (1/cmds/disasm.asm):01646         rbfprint            fcc       /1drive number/
     756D626572
16ED 0D               (1/cmds/disasm.asm):01647                             fcb       cr
16EE 3173746570207261 (1/cmds/disasm.asm):01648                             fcc       /1step rate/
     7465
16F8 0D               (1/cmds/disasm.asm):01649                             fcb       cr
16F9 3164726976652064 (1/cmds/disasm.asm):01650                             fcc       /1drive device type/
     6576696365207479
     7065
170B 0D               (1/cmds/disasm.asm):01651                             fcb       cr
170C 316D656469612064 (1/cmds/disasm.asm):01652                             fcc       /1media density:0=single,1=double/
     656E736974793A30
     3D73696E676C652C
     313D646F75626C65
172C 0D               (1/cmds/disasm.asm):01653                             fcb       cr
172D 326E756D62657220 (1/cmds/disasm.asm):01654                             fcc       /2number of cylinders (tracks)/
     6F662063796C696E
     6465727320287472
     61636B7329
174A 0D               (1/cmds/disasm.asm):01655                             fcb       cr
174B 316E756D62657220 (1/cmds/disasm.asm):01656                             fcc       /1number of sides/
     6F66207369646573
175B 0D               (1/cmds/disasm.asm):01657                             fcb       cr
175C 3176657269667920 (1/cmds/disasm.asm):01658                             fcc       /1verify disk writes:0=on/
     6469736B20777269
     7465733A303D6F6E
1774 0D               (1/cmds/disasm.asm):01659                             fcb       cr
1775 3223206F66207365 (1/cmds/disasm.asm):01660                             fcc       /2# of sectors per track/
     63746F7273207065
     7220747261636B
178C 0D               (1/cmds/disasm.asm):01661                             fcb       cr
178D 3223206F66207365 (1/cmds/disasm.asm):01662                             fcc       /2# of sectors per track (track 0)/
     63746F7273207065
     7220747261636B20
     28747261636B2030
     29
17AE 0D               (1/cmds/disasm.asm):01663                             fcb       cr
17AF 31736563746F7220 (1/cmds/disasm.asm):01664                             fcc       /1sector interleave factor/
     696E7465726C6561
     766520666163746F
     72
17C8 0D               (1/cmds/disasm.asm):01665                             fcb       cr
17C9 316D696E696D756D (1/cmds/disasm.asm):01666                             fcc       /1minimum size of sector allocation/
     2073697A65206F66
     20736563746F7220
     616C6C6F63617469
     6F6E
17EB 0D               (1/cmds/disasm.asm):01667                             fcb       cr
17EC 313F             (1/cmds/disasm.asm):01668                             fcc       /1?/
17EE 0D               (1/cmds/disasm.asm):01669                             fcb       cr
                      (1/cmds/disasm.asm):01670         
     17EF             (1/cmds/disasm.asm):01671         scfprint            equ       *
17EF 31636173653A303D (1/cmds/disasm.asm):01672                             fcc       /1case:0=up&lower,1=upper only/
     7570266C6F776572
     2C313D7570706572
     206F6E6C79
180C 0D               (1/cmds/disasm.asm):01673                             fcb       cr
180D 316261636B737061 (1/cmds/disasm.asm):01674                             fcc       /1backspace:0=bsp,1=bsp then sp & bsp/
     63653A303D627370
     2C313D6273702074
     68656E2073702026
     20627370
1831 0D               (1/cmds/disasm.asm):01675                             fcb       cr
1832 3164656C6574653A (1/cmds/disasm.asm):01676                             fcc       /1delete:0=bsp over line,1=return/
     303D627370206F76
     6572206C696E652C
     313D72657475726E
1852 0D               (1/cmds/disasm.asm):01677                             fcb       cr
1853 316563686F3A303D (1/cmds/disasm.asm):01678                             fcc       /1echo:0=no echo/
     6E6F206563686F
1862 0D               (1/cmds/disasm.asm):01679                             fcb       cr
1863 316175746F206C69 (1/cmds/disasm.asm):01680                             fcc       /1auto line feed:0=off/
     6E6520666565643A
     303D6F6666
1878 0D               (1/cmds/disasm.asm):01681                             fcb       cr
                      (1/cmds/disasm.asm):01682         *
1879 31656E64206F6620 (1/cmds/disasm.asm):01683                             fcc       /1end of line null count/
     6C696E65206E756C
     6C20636F756E74
1890 0D               (1/cmds/disasm.asm):01684                             fcb       cr
1891 3170617573653A30 (1/cmds/disasm.asm):01685                             fcc       /1pause:0=no end of page pause/
     3D6E6F20656E6420
     6F66207061676520
     7061757365
18AE 0D               (1/cmds/disasm.asm):01686                             fcb       cr
18AF 316C696E65732070 (1/cmds/disasm.asm):01687                             fcc       /1lines per page/
     65722070616765
18BE 0D               (1/cmds/disasm.asm):01688                             fcb       cr
18BF 316261636B737061 (1/cmds/disasm.asm):01689                             fcc       /1backspace character/
     6365206368617261
     63746572
18D3 0D               (1/cmds/disasm.asm):01690                             fcb       cr
18D4 3164656C65746520 (1/cmds/disasm.asm):01691                             fcc       /1delete line character/
     6C696E6520636861
     726163746572
18EA 0D               (1/cmds/disasm.asm):01692                             fcb       cr
18EB 31656E64206F6620 (1/cmds/disasm.asm):01693                             fcc       /1end of record character/
     7265636F72642063
     6861726163746572
1903 0D               (1/cmds/disasm.asm):01694                             fcb       cr
1904 31656E64206F6620 (1/cmds/disasm.asm):01695                             fcc       /1end of file character/
     66696C6520636861
     726163746572
191A 0D               (1/cmds/disasm.asm):01696                             fcb       cr
191B 3172657072696E74 (1/cmds/disasm.asm):01697                             fcc       /1reprint line character/
     206C696E65206368
     61726163746572
1932 0D               (1/cmds/disasm.asm):01698                             fcb       cr
1933 316475706C696361 (1/cmds/disasm.asm):01699                             fcc       /1duplicate last line character/
     7465206C61737420
     6C696E6520636861
     726163746572
1951 0D               (1/cmds/disasm.asm):01700                             fcb       cr
1952 3170617573652063 (1/cmds/disasm.asm):01701                             fcc       /1pause character/
     6861726163746572
1962 0D               (1/cmds/disasm.asm):01702                             fcb       cr
1963 31696E7465727275 (1/cmds/disasm.asm):01703                             fcc       /1interrupt character/
     7074206368617261
     63746572
1977 0D               (1/cmds/disasm.asm):01704                             fcb       cr
1978 3171756974206368 (1/cmds/disasm.asm):01705                             fcc       /1quit character/
     61726163746572
1987 0D               (1/cmds/disasm.asm):01706                             fcb       cr
1988 316261636B737061 (1/cmds/disasm.asm):01707                             fcc       /1backspace echo character/
     6365206563686F20
     6368617261637465
     72
19A1 0D               (1/cmds/disasm.asm):01708                             fcb       cr
19A2 316C696E65206F76 (1/cmds/disasm.asm):01709                             fcc       /1line overflow character (bell)/
     6572666C6F772063
     6861726163746572
     202862656C6C29
19C1 0D               (1/cmds/disasm.asm):01710                             fcb       cr
19C2 31696E6974207661 (1/cmds/disasm.asm):01711                             fcc       /1init value for dev ctl reg/
     6C756520666F7220
     6465762063746C20
     726567
19DD 0D               (1/cmds/disasm.asm):01712                             fcb       cr
19DE 3162617564207261 (1/cmds/disasm.asm):01713                             fcc       /1baud rate/
     7465
19E8 0D               (1/cmds/disasm.asm):01714                             fcb       cr
19E9 33               (1/cmds/disasm.asm):01715                             fcc       /3/
19EA 316163696120786F (1/cmds/disasm.asm):01716                             fcc       /1acia xon char/
     6E2063686172
19F8 0D               (1/cmds/disasm.asm):01717                             fcb       cr
19F9 316163696120786F (1/cmds/disasm.asm):01718                             fcc       /1acia xoff char/
     66662063686172
1A08 0D               (1/cmds/disasm.asm):01719                             fcb       cr
1A09 3128737A7829206E (1/cmds/disasm.asm):01720                             fcc       /1(szx) number of columns for display/
     756D626572206F66
     20636F6C756D6E73
     20666F7220646973
     706C6179
1A2D 0D               (1/cmds/disasm.asm):01721                             fcb       cr
1A2E 3128737A7929206E (1/cmds/disasm.asm):01722                             fcc       /1(szy) number of rows for display/
     756D626572206F66
     20726F777320666F
     7220646973706C61
     79
1A4F 0D               (1/cmds/disasm.asm):01723                             fcb       cr
1A50 3177696E646F7720 (1/cmds/disasm.asm):01724                             fcc       /1window number/
     6E756D626572
1A5E 0D               (1/cmds/disasm.asm):01725                             fcb       cr
1A5F 316461746120696E (1/cmds/disasm.asm):01726                             fcc       /1data in rest of descriptor valid/
     2072657374206F66
     2064657363726970
     746F722076616C69
     64
1A80 0D               (1/cmds/disasm.asm):01727                             fcb       cr
1A81 3128737479292077 (1/cmds/disasm.asm):01728                             fcc       /1(sty) window type/
     696E646F77207479
     7065
1A93 0D               (1/cmds/disasm.asm):01729                             fcb       cr
1A94 3128637078292078 (1/cmds/disasm.asm):01730                             fcc       /1(cpx) x cursor position/
     20637572736F7220
     706F736974696F6E
1AAC 0D               (1/cmds/disasm.asm):01731                             fcb       cr
1AAD 3128637079292079 (1/cmds/disasm.asm):01732                             fcc       /1(cpy) y cursor position/
     20637572736F7220
     706F736974696F6E
1AC5 0D               (1/cmds/disasm.asm):01733                             fcb       cr
1AC6 312870726E312920 (1/cmds/disasm.asm):01734                             fcc       /1(prn1) foreground color/
     666F726567726F75
     6E6420636F6C6F72
1ADE 0D               (1/cmds/disasm.asm):01735                             fcb       cr
1ADF 312870726E322920 (1/cmds/disasm.asm):01736                             fcc       /1(prn2) background color/
     6261636B67726F75
     6E6420636F6C6F72
1AF7 0D               (1/cmds/disasm.asm):01737                             fcb       cr
1AF8 312870726E332920 (1/cmds/disasm.asm):01738                             fcc       /1(prn3) border color/
     626F726465722063
     6F6C6F72
1B0C 0D               (1/cmds/disasm.asm):01739                             fcb       cr
1B0D 313F             (1/cmds/disasm.asm):01740         scfpend             fcc       /1?/
1B0F 0D               (1/cmds/disasm.asm):01741                             fcb       cr
                      (1/cmds/disasm.asm):01742         *        use    /dd/defs/usr/usrall
                      (1/cmds/disasm.asm):01743         
     1B10             (1/cmds/disasm.asm):01744         start               equ       *
1B10 10DF00           (1/cmds/disasm.asm):01745                             sts       <stackhld           save the stack address for later
1B13 9F04             (1/cmds/disasm.asm):01746                             stx       <xreghold
1B15 DF02             (1/cmds/disasm.asm):01747                             stu       <ureghold
1B17 10830002         (1/cmds/disasm.asm):01748                             cmpd      #2
1B1B 240B             (1/cmds/disasm.asm):01749                             bhs       pathok
1B1D 308DF731         (1/cmds/disasm.asm):01750                             leax      line260,pcr
1B21 108E003A         (1/cmds/disasm.asm):01751                             ldy       #ln260sz
1B25 160FE3           (1/cmds/disasm.asm):01752                             lbra      prterror
     1B28             (1/cmds/disasm.asm):01753         pathok              equ       *
1B28 30C901F4         (1/cmds/disasm.asm):01754                             leax      labeltab,u
1B2C 9F37             (1/cmds/disasm.asm):01755                             stx       <labladr
1B2E 4F               (1/cmds/disasm.asm):01756                             clra
1B2F 5F               (1/cmds/disasm.asm):01757                             clrb
1B30 ED81             (1/cmds/disasm.asm):01758                             std       ,x++                clear two bytes of a buffer
                      (1/cmds/disasm.asm):01759         *         sta   ,x+
                      (1/cmds/disasm.asm):01760         *         sta   ,x+
1B32 30E9FE0C         (1/cmds/disasm.asm):01761                             leax      -500,s              this takes 500 bytes away from the label buffer
                      (1/cmds/disasm.asm):01762         *        leax  labeltab+40,u
1B36 9F3B             (1/cmds/disasm.asm):01763                             stx       <utabend            and makes that the end of the buffer
1B38 CCFFFF           (1/cmds/disasm.asm):01764                             ldd       #$ffff
1B3B ED84             (1/cmds/disasm.asm):01765                             std       ,x
                      (1/cmds/disasm.asm):01766         * new
1B3D CC0000           (1/cmds/disasm.asm):01767                             ldd       #0
1B40 ED83             (1/cmds/disasm.asm):01768                             std       ,--x
1B42 9F39             (1/cmds/disasm.asm):01769                             stx       <highadr
                      (1/cmds/disasm.asm):01770         *         leax  -2,x
                      (1/cmds/disasm.asm):01771         *         stx   <highadr
                      (1/cmds/disasm.asm):01772         *         ldd   #0
                      (1/cmds/disasm.asm):01773         *         std   ,x
1B44 DD3E             (1/cmds/disasm.asm):01774                             std       <pass               reordered data to accommodate this RG
1B46 DD44             (1/cmds/disasm.asm):01775                             std       <m.opt
1B48 DD46             (1/cmds/disasm.asm):01776                             std       <s.opt
1B4A DD48             (1/cmds/disasm.asm):01777                             std       <z.opt
1B4C DD4A             (1/cmds/disasm.asm):01778                             std       <op.cnt
                      (1/cmds/disasm.asm):01779         *         clr   <pass
                      (1/cmds/disasm.asm):01780         *         clr   <diskio
                      (1/cmds/disasm.asm):01781         *         clr   <m.opt
                      (1/cmds/disasm.asm):01782         *         clr   <o.opt
                      (1/cmds/disasm.asm):01783         *         clr   <s.opt           manual start & stop RG
                      (1/cmds/disasm.asm):01784         *         clr   <x.opt
                      (1/cmds/disasm.asm):01785         *         clr   <z.opt
                      (1/cmds/disasm.asm):01786         *         clr   <u.opt
                      (1/cmds/disasm.asm):01787         *         clr   <op.cnt
                      (1/cmds/disasm.asm):01788         *         clr   <descript
1B4E 170D4C           (1/cmds/disasm.asm):01789                             lbsr      clrline
                      (1/cmds/disasm.asm):01790         
     1B51             (1/cmds/disasm.asm):01791         restart             equ       *
1B51 0F26             (1/cmds/disasm.asm):01792                             clr       <readcnt
1B53 0F27             (1/cmds/disasm.asm):01793                             clr       <readclr
1B55 30C901E0         (1/cmds/disasm.asm):01794                             leax      readbuff,u
1B59 9F24             (1/cmds/disasm.asm):01795                             stx       <readpos
1B5B CC0000           (1/cmds/disasm.asm):01796                             ldd       #0
1B5E DD58             (1/cmds/disasm.asm):01797                             std       <numline
1B60 0D3E             (1/cmds/disasm.asm):01798                             tst       <pass
1B62 2710             (1/cmds/disasm.asm):01799                             beq       rest2
1B64 0D46             (1/cmds/disasm.asm):01800                             tst       <s.opt              for manual start & stop RG
1B66 270C             (1/cmds/disasm.asm):01801                             beq       rest2
1B68 9E0E             (1/cmds/disasm.asm):01802                             ldx       <s_start
1B6A 9F0A             (1/cmds/disasm.asm):01803                             stx       <startadr
1B6C 9E10             (1/cmds/disasm.asm):01804                             ldx       <s_end              prevent overflow past end of module
1B6E 9C1C             (1/cmds/disasm.asm):01805                             cmpx      <modend
1B70 2207             (1/cmds/disasm.asm):01806                             bhi       sopt1
1B72 2003             (1/cmds/disasm.asm):01807                             bra       rest3
1B74 8EFFFF           (1/cmds/disasm.asm):01808         rest2               ldx       #$ffff
1B77 9F1C             (1/cmds/disasm.asm):01809         rest3               stx       <modend
1B79 9E04             (1/cmds/disasm.asm):01810         sopt1               ldx       <xreghold
1B7B 0D3E             (1/cmds/disasm.asm):01811                             tst       <pass
1B7D 10270117         (1/cmds/disasm.asm):01812                             lbeq      getprm
1B81 170D19           (1/cmds/disasm.asm):01813                             lbsr      clrline
1B84 0D46             (1/cmds/disasm.asm):01814                             tst       <s.opt              for manual start & stop to prevent print of
1B86 2624             (1/cmds/disasm.asm):01815                             bne       sopt2               meaningless text RG
1B88 318DF9F2         (1/cmds/disasm.asm):01816                             leay      line280,pcr
1B8C C60F             (1/cmds/disasm.asm):01817                             ldb       #ln280sz
1B8E 170D27           (1/cmds/disasm.asm):01818                             lbsr      mergline
1B91 31C900B0         (1/cmds/disasm.asm):01819                             leay      holdname,u
1B95 C644             (1/cmds/disasm.asm):01820                             ldb       #$44
1B97 170D1E           (1/cmds/disasm.asm):01821                             lbsr      mergline
1B9A 170D2D           (1/cmds/disasm.asm):01822                             lbsr      writline
1B9D 31C90168         (1/cmds/disasm.asm):01823                             leay      hldttl,u
1BA1 C628             (1/cmds/disasm.asm):01824                             ldb       #40
1BA3 170D12           (1/cmds/disasm.asm):01825                             lbsr      mergline
1BA6 170D21           (1/cmds/disasm.asm):01826                             lbsr      writline
1BA9 170D1E           (1/cmds/disasm.asm):01827                             lbsr      writline
1BAC 30C86D           (1/cmds/disasm.asm):01828         sopt2               leax      holdobj,u
1BAF 0D45             (1/cmds/disasm.asm):01829                             tst       <o.opt
1BB1 2603             (1/cmds/disasm.asm):01830                             bne       time010
1BB3 30C878           (1/cmds/disasm.asm):01831                             leax      holdline,u
1BB6.                 (1/cmds/disasm.asm):01832         time010
1BB6 9F16             (1/cmds/disasm.asm):01833                             stx       <lineadr
1BB8 318DF613         (1/cmds/disasm.asm):01834                             leay      line210,pcr
1BBC C60F             (1/cmds/disasm.asm):01835                             ldb       #ln210sz
1BBE 170CF7           (1/cmds/disasm.asm):01836                             lbsr      mergline
1BC1 30C85A           (1/cmds/disasm.asm):01837                             leax      runtime,u
1BC4 103F15           (1/cmds/disasm.asm):01838                             os9       F$Time              get time
1BC7 10250F46         (1/cmds/disasm.asm):01839                             lbcs      exit
1BCB 8606             (1/cmds/disasm.asm):01840                             lda       #6
1BCD 9722             (1/cmds/disasm.asm):01841                             sta       <temp
1BCF 318DF342         (1/cmds/disasm.asm):01842                             leay      timesplt,pcr
                      (1/cmds/disasm.asm):01843         * patch to output 4-digit year
1BD3 E680             (1/cmds/disasm.asm):01844                             ldb       ,x+
1BD5 4F               (1/cmds/disasm.asm):01845                             clra
1BD6 C3076C           (1/cmds/disasm.asm):01846                             addd      #1900
1BD9 3410             (1/cmds/disasm.asm):01847                             pshs      x
1BDB 3420             (1/cmds/disasm.asm):01848                             pshs      y
1BDD 170C1C           (1/cmds/disasm.asm):01849                             lbsr      mergdec
1BE0 2015             (1/cmds/disasm.asm):01850                             bra       time025
1BE2.                 (1/cmds/disasm.asm):01851         time020
1BE2 E680             (1/cmds/disasm.asm):01852                             ldb       ,x+
1BE4 4F               (1/cmds/disasm.asm):01853                             clra
1BE5 3410             (1/cmds/disasm.asm):01854                             pshs      x
1BE7 3420             (1/cmds/disasm.asm):01855                             pshs      y
1BE9 31C830           (1/cmds/disasm.asm):01856                             leay      decstrng,u
1BEC 170BB8           (1/cmds/disasm.asm):01857                             lbsr      getdec
1BEF 31C833           (1/cmds/disasm.asm):01858                             leay      decstrng+3,u
1BF2 C602             (1/cmds/disasm.asm):01859                             ldb       #2
1BF4 170CC1           (1/cmds/disasm.asm):01860                             lbsr      mergline
1BF7.                 (1/cmds/disasm.asm):01861         time025
1BF7 3520             (1/cmds/disasm.asm):01862                             puls      y
1BF9 A6A0             (1/cmds/disasm.asm):01863                             lda       ,y+
1BFB 170D82           (1/cmds/disasm.asm):01864                             lbsr      movechar
1BFE 3510             (1/cmds/disasm.asm):01865                             puls      x
1C00 0A22             (1/cmds/disasm.asm):01866                             dec       <temp
1C02 26DE             (1/cmds/disasm.asm):01867                             bne       time020
1C04 318DF5D6         (1/cmds/disasm.asm):01868                             leay      line215,pcr
1C08 C61E             (1/cmds/disasm.asm):01869                             ldb       #ln215sz
1C0A 170CAB           (1/cmds/disasm.asm):01870                             lbsr      mergline
1C0D 170CBA           (1/cmds/disasm.asm):01871                             lbsr      writline
1C10 170CB7           (1/cmds/disasm.asm):01872                             lbsr      writline
                      (1/cmds/disasm.asm):01873         
1C13 318DF435         (1/cmds/disasm.asm):01874                             leay      line010,pcr
1C17 C60E             (1/cmds/disasm.asm):01875                             ldb       #ln010sz
1C19 170C9C           (1/cmds/disasm.asm):01876                             lbsr      mergline
1C1C 170CAB           (1/cmds/disasm.asm):01877                             lbsr      writline
1C1F 318DF437         (1/cmds/disasm.asm):01878                             leay      line020,pcr
1C23 C610             (1/cmds/disasm.asm):01879                             ldb       #ln020sz
1C25 170C90           (1/cmds/disasm.asm):01880                             lbsr      mergline
1C28 318DE3E8         (1/cmds/disasm.asm):01881                             leay      dfltdrv,pcr
1C2C C602             (1/cmds/disasm.asm):01882                             ldb       #2
1C2E 170C87           (1/cmds/disasm.asm):01883                             lbsr      mergline
1C31 318DF435         (1/cmds/disasm.asm):01884                             leay      line025,pcr
1C35 C60F             (1/cmds/disasm.asm):01885                             ldb       #ln025sz
1C37 170C7E           (1/cmds/disasm.asm):01886                             lbsr      mergline
1C3A 170C8D           (1/cmds/disasm.asm):01887                             lbsr      writline
1C3D 318DF438         (1/cmds/disasm.asm):01888                             leay      line030,pcr
1C41 C60E             (1/cmds/disasm.asm):01889                             ldb       #ln030sz
1C43 170C72           (1/cmds/disasm.asm):01890                             lbsr      mergline
1C46 170C81           (1/cmds/disasm.asm):01891                             lbsr      writline
1C49 0D46             (1/cmds/disasm.asm):01892                             tst       <s.opt              for manual start & stop, don't print junk RG
1C4B 2630             (1/cmds/disasm.asm):01893                             bne       sopt3
1C4D D641             (1/cmds/disasm.asm):01894                             ldb       <tylghold
1C4F 8D37             (1/cmds/disasm.asm):01895                             bsr       movehdr
1C51 31C900F0         (1/cmds/disasm.asm):01896                             leay      hldtylg,u
1C55 C650             (1/cmds/disasm.asm):01897                             ldb       #$50
1C57 170C5E           (1/cmds/disasm.asm):01898                             lbsr      mergline
1C5A 170C6D           (1/cmds/disasm.asm):01899                             lbsr      writline
1C5D D642             (1/cmds/disasm.asm):01900                             ldb       <atrvhold
1C5F 8D27             (1/cmds/disasm.asm):01901                             bsr       movehdr
1C61 31C90118         (1/cmds/disasm.asm):01902                             leay      hldatrv,u
1C65 C650             (1/cmds/disasm.asm):01903                             ldb       #$50
1C67 170C4E           (1/cmds/disasm.asm):01904                             lbsr      mergline
1C6A 170C5D           (1/cmds/disasm.asm):01905                             lbsr      writline
1C6D D643             (1/cmds/disasm.asm):01906                             ldb       <revshold
1C6F 8D17             (1/cmds/disasm.asm):01907                             bsr       movehdr
1C71 31C90140         (1/cmds/disasm.asm):01908                             leay      hldrev,u
1C75 C650             (1/cmds/disasm.asm):01909                             ldb       #$50
1C77 170C3E           (1/cmds/disasm.asm):01910                             lbsr      mergline
1C7A 170C4D           (1/cmds/disasm.asm):01911                             lbsr      writline
1C7D 9E04             (1/cmds/disasm.asm):01912         sopt3               ldx       <xreghold
1C7F 0D3F             (1/cmds/disasm.asm):01913                             tst       <diskio
1C81 102600D7         (1/cmds/disasm.asm):01914                             lbne      diskmod
1C85 1600F7           (1/cmds/disasm.asm):01915                             lbra      mem020
                      (1/cmds/disasm.asm):01916         
     1C88             (1/cmds/disasm.asm):01917         movehdr             equ       *
1C88 4F               (1/cmds/disasm.asm):01918                             clra
1C89 170AF0           (1/cmds/disasm.asm):01919                             lbsr      gethex
1C8C 30C868           (1/cmds/disasm.asm):01920                             leax      holdadr,u
1C8F 31C82C           (1/cmds/disasm.asm):01921                             leay      hexstrng,u
1C92 C604             (1/cmds/disasm.asm):01922                             ldb       #4
1C94 170C28           (1/cmds/disasm.asm):01923                             lbsr      merge
1C97 39               (1/cmds/disasm.asm):01924                             rts
                      (1/cmds/disasm.asm):01925         
1C98 A680             (1/cmds/disasm.asm):01926         getprm              lda       ,x+
1C9A 8120             (1/cmds/disasm.asm):01927                             cmpa      #$20
1C9C 27FA             (1/cmds/disasm.asm):01928                             beq       getprm
1C9E 301F             (1/cmds/disasm.asm):01929                             leax      -1,x
1CA0 9F04             (1/cmds/disasm.asm):01930                             stx       <xreghold
1CA2 812D             (1/cmds/disasm.asm):01931                             cmpa      #'-
1CA4 102600B4         (1/cmds/disasm.asm):01932                             lbne      diskmod
1CA8 3001             (1/cmds/disasm.asm):01933                             leax      1,x
     1CAA             (1/cmds/disasm.asm):01934         getopt              equ       *
1CAA A680             (1/cmds/disasm.asm):01935                             lda       ,x+
1CAC 9728             (1/cmds/disasm.asm):01936                             sta       <byte
1CAE 84DF             (1/cmds/disasm.asm):01937                             anda      #$df
1CB0 814D             (1/cmds/disasm.asm):01938                             cmpa      #'M
1CB2 2606             (1/cmds/disasm.asm):01939                             bne       gtopt010
1CB4 0C44             (1/cmds/disasm.asm):01940                             inc       <m.opt
1CB6 0C4A             (1/cmds/disasm.asm):01941                             inc       <op.cnt
1CB8 20F0             (1/cmds/disasm.asm):01942                             bra       getopt
1CBA 814F             (1/cmds/disasm.asm):01943         gtopt010            cmpa      #'O
1CBC 2606             (1/cmds/disasm.asm):01944                             bne       gtopt020
1CBE 0C45             (1/cmds/disasm.asm):01945                             inc       <o.opt
1CC0 0C4A             (1/cmds/disasm.asm):01946                             inc       <op.cnt
1CC2 20E6             (1/cmds/disasm.asm):01947                             bra       getopt
     1CC4             (1/cmds/disasm.asm):01948         gtopt020            equ       *
1CC4 8158             (1/cmds/disasm.asm):01949                             cmpa      #'X
1CC6 2606             (1/cmds/disasm.asm):01950                             bne       gtopt030
1CC8 0C47             (1/cmds/disasm.asm):01951                             inc       <x.opt
1CCA 0C4A             (1/cmds/disasm.asm):01952                             inc       <op.cnt
1CCC 20DC             (1/cmds/disasm.asm):01953                             bra       getopt
                      (1/cmds/disasm.asm):01954         
     1CCE             (1/cmds/disasm.asm):01955         gtopt030            equ       *
1CCE 815A             (1/cmds/disasm.asm):01956                             cmpa      #'Z
1CD0 2606             (1/cmds/disasm.asm):01957                             bne       gtopt040
1CD2 0C48             (1/cmds/disasm.asm):01958                             inc       <z.opt
1CD4 0C4A             (1/cmds/disasm.asm):01959                             inc       <op.cnt
1CD6 20D2             (1/cmds/disasm.asm):01960                             bra       getopt
                      (1/cmds/disasm.asm):01961         
     1CD8             (1/cmds/disasm.asm):01962         gtopt040            equ       *
1CD8 8155             (1/cmds/disasm.asm):01963                             cmpa      #'U
1CDA 2606             (1/cmds/disasm.asm):01964                             bne       gtopt050
1CDC 0C49             (1/cmds/disasm.asm):01965                             inc       <u.opt
1CDE 0C4A             (1/cmds/disasm.asm):01966                             inc       <op.cnt
1CE0 20C8             (1/cmds/disasm.asm):01967                             bra       getopt
                      (1/cmds/disasm.asm):01968         
     1CE2             (1/cmds/disasm.asm):01969         gtopt050            equ       *
1CE2 8153             (1/cmds/disasm.asm):01970                             cmpa      #'S                 add start & stop option RG
1CE4 262B             (1/cmds/disasm.asm):01971                             bne       gtopt060
1CE6 8D14             (1/cmds/disasm.asm):01972                             bsr       gtoptS
1CE8 2567             (1/cmds/disasm.asm):01973                             bcs       badopt
1CEA DD0E             (1/cmds/disasm.asm):01974                             std       <s_start
1CEC 8D0E             (1/cmds/disasm.asm):01975                             bsr       gtoptS
1CEE 2561             (1/cmds/disasm.asm):01976                             bcs       badopt
1CF0 C30003           (1/cmds/disasm.asm):01977                             addd      #3
1CF3 DD10             (1/cmds/disasm.asm):01978                             std       <s_end
1CF5 0C46             (1/cmds/disasm.asm):01979                             inc       <s.opt
1CF7 0C4A             (1/cmds/disasm.asm):01980                             inc       <op.cnt
1CF9 16FFAE           (1/cmds/disasm.asm):01981                             lbra      getopt
1CFC A680             (1/cmds/disasm.asm):01982         gtoptS              lda       ,x+                 for manual start & stop RG
1CFE 8120             (1/cmds/disasm.asm):01983                             cmpa      #$20
1D00 27FA             (1/cmds/disasm.asm):01984                             beq       gtoptS
1D02 8124             (1/cmds/disasm.asm):01985                             cmpa      #'$
1D04 2609             (1/cmds/disasm.asm):01986                             bne       gtoptS2
1D06 170A16           (1/cmds/disasm.asm):01987                             lbsr      u$hexin
1D09 5F               (1/cmds/disasm.asm):01988                             clrb
1D0A EC84             (1/cmds/disasm.asm):01989                             ldd       ,x
1D0C 3004             (1/cmds/disasm.asm):01990                             leax      4,x
1D0E 39               (1/cmds/disasm.asm):01991                             rts
     1D0F             (1/cmds/disasm.asm):01992         gtoptS2             equ       *
1D0F 53               (1/cmds/disasm.asm):01993                             comb
1D10 39               (1/cmds/disasm.asm):01994                             rts
                      (1/cmds/disasm.asm):01995         
     1D11             (1/cmds/disasm.asm):01996         gtopt060            equ       *
1D11 9628             (1/cmds/disasm.asm):01997                             lda       <byte
1D13 813F             (1/cmds/disasm.asm):01998                             cmpa      #'?
1D15 260B             (1/cmds/disasm.asm):01999                             bne       chkopt
1D17 308DF571         (1/cmds/disasm.asm):02000                             leax      line270,pcr
1D1B 108E02F2         (1/cmds/disasm.asm):02001                             ldy       #ln270sz
1D1F 160DE9           (1/cmds/disasm.asm):02002                             lbra      prterror
     1D22             (1/cmds/disasm.asm):02003         chkopt              equ       *
1D22 0D48             (1/cmds/disasm.asm):02004                             tst       <z.opt
1D24 2727             (1/cmds/disasm.asm):02005                             beq       optest
1D26 1709F6           (1/cmds/disasm.asm):02006                             lbsr      u$hexin             convert hex chars to binary
1D29 3123             (1/cmds/disasm.asm):02007                             leay      3,y
1D2B 109F1C           (1/cmds/disasm.asm):02008                             sty       <modend
                      (1/cmds/disasm.asm):02009         *         leax  -1,x             because of changes to getbyte
1D2E 9F1A             (1/cmds/disasm.asm):02010                             stx       <crntadr
1D30 CCFFFF           (1/cmds/disasm.asm):02011                             ldd       #$FFFF
1D33 DD12             (1/cmds/disasm.asm):02012                             std       <address
1D35 8601             (1/cmds/disasm.asm):02013                             lda       #1
1D37 973E             (1/cmds/disasm.asm):02014                             sta       <pass
1D39 308DF31C         (1/cmds/disasm.asm):02015                             leax      line011,pcr
1D3D 108E0001         (1/cmds/disasm.asm):02016                             ldy       #1
1D41 8601             (1/cmds/disasm.asm):02017                             lda       #1
1D43 103F8C           (1/cmds/disasm.asm):02018                             os9       I$WritLn
1D46 10250DC7         (1/cmds/disasm.asm):02019                             lbcs      exit
1D4A 16029D           (1/cmds/disasm.asm):02020                             lbra      readbyte            go start doing it!!!
                      (1/cmds/disasm.asm):02021         
1D4D 0D4A             (1/cmds/disasm.asm):02022         optest              tst       <op.cnt
1D4F 2620             (1/cmds/disasm.asm):02023                             bne       memmod
     1D51             (1/cmds/disasm.asm):02024         badopt              equ       *
1D51 308DF4E4         (1/cmds/disasm.asm):02025                             leax      line250,pcr
1D55 108E0019         (1/cmds/disasm.asm):02026                             ldy       #ln250sz
1D59 160DAF           (1/cmds/disasm.asm):02027                             lbra      prterror
     1D5C             (1/cmds/disasm.asm):02028         diskmod             equ       *
1D5C 0C3F             (1/cmds/disasm.asm):02029                             inc       <diskio
1D5E 8601             (1/cmds/disasm.asm):02030                             lda       #READ.
1D60 0D47             (1/cmds/disasm.asm):02031                             tst       <x.opt
1D62 2702             (1/cmds/disasm.asm):02032                             beq       open
1D64 8A04             (1/cmds/disasm.asm):02033                             ora       #EXEC.
1D66 103F84           (1/cmds/disasm.asm):02034         open                os9       I$Open
1D69 10250DA4         (1/cmds/disasm.asm):02035                             lbcs      exit
1D6D 973D             (1/cmds/disasm.asm):02036                             sta       <path
                      (1/cmds/disasm.asm):02037         *         lbsr  getbyte       no longer needed, RG
1D6F 201E             (1/cmds/disasm.asm):02038                             bra       gotmod
                      (1/cmds/disasm.asm):02039         
     1D71             (1/cmds/disasm.asm):02040         memmod              equ       *
1D71 A680             (1/cmds/disasm.asm):02041         mem010              lda       ,x+
1D73 8120             (1/cmds/disasm.asm):02042                             cmpa      #$20
1D75 27FA             (1/cmds/disasm.asm):02043                             beq       mem010
1D77 301F             (1/cmds/disasm.asm):02044                             leax      -1,x
1D79 9F04             (1/cmds/disasm.asm):02045                             stx       <xreghold
1D7B 0D44             (1/cmds/disasm.asm):02046                             tst       <m.opt
1D7D 27DD             (1/cmds/disasm.asm):02047                             beq       diskmod
                      (1/cmds/disasm.asm):02048         
     1D7F             (1/cmds/disasm.asm):02049         mem020              equ       *
1D7F 4F               (1/cmds/disasm.asm):02050                             clra
1D80 103F00           (1/cmds/disasm.asm):02051                             os9       F$Link
1D83 240A             (1/cmds/disasm.asm):02052                             bcc       gotmod
1D85 4F               (1/cmds/disasm.asm):02053                             clra
1D86 9E04             (1/cmds/disasm.asm):02054                             ldx       <xreghold
1D88 103F01           (1/cmds/disasm.asm):02055                             os9       F$Load
1D8B 10250D5C         (1/cmds/disasm.asm):02056                             lbcs      nolink
     1D8F             (1/cmds/disasm.asm):02057         gotmod              equ       *
1D8F DF0C             (1/cmds/disasm.asm):02058                             stu       <modadr
1D91 DF1A             (1/cmds/disasm.asm):02059                             stu       <crntadr
1D93 DE02             (1/cmds/disasm.asm):02060                             ldu       <ureghold
1D95 8EFFFF           (1/cmds/disasm.asm):02061                             ldx       #-1                 was $0, RG
1D98 9F12             (1/cmds/disasm.asm):02062                             stx       <address
1D9A 0D3E             (1/cmds/disasm.asm):02063                             tst       <pass               new     RG
1D9C 2704             (1/cmds/disasm.asm):02064                             beq       gotmod2
1D9E 0D46             (1/cmds/disasm.asm):02065                             tst       <s.opt              for manual start & stop RG
1DA0 2608             (1/cmds/disasm.asm):02066                             bne       gotmod3
1DA2 170A37           (1/cmds/disasm.asm):02067         gotmod2             lbsr      getbyte2            make memory and disk in sync, RG
                      (1/cmds/disasm.asm):02068         *        lbsr  getbyte           no longer needed
1DA5 170A34           (1/cmds/disasm.asm):02069                             lbsr      getbyte2
1DA8 DD1C             (1/cmds/disasm.asm):02070                             std       <modend
1DAA 170AF0           (1/cmds/disasm.asm):02071         gotmod3             lbsr      clrline
1DAD 0D46             (1/cmds/disasm.asm):02072                             tst       <s.opt              prevent printing junk with s option
1DAF 1026014F         (1/cmds/disasm.asm):02073                             lbne      gotmod4
1DB3 8687             (1/cmds/disasm.asm):02074                             lda       #$87
1DB5 170AAD           (1/cmds/disasm.asm):02075                             lbsr      moveobj
1DB8 86CD             (1/cmds/disasm.asm):02076                             lda       #$cd
1DBA 170AA8           (1/cmds/disasm.asm):02077                             lbsr      moveobj
1DBD DC1C             (1/cmds/disasm.asm):02078                             ldd       <modend
1DBF 170AA3           (1/cmds/disasm.asm):02079                             lbsr      moveobj
1DC2 DC1C             (1/cmds/disasm.asm):02080                             ldd       <modend
1DC4 1F98             (1/cmds/disasm.asm):02081                             tfr       b,a
1DC6 170A9C           (1/cmds/disasm.asm):02082                             lbsr      moveobj
1DC9 31C868           (1/cmds/disasm.asm):02083                             leay      holdadr,u
1DCC 8630             (1/cmds/disasm.asm):02084                             lda       #'0                 Store 4 ASCII 0's
1DCE A7A0             (1/cmds/disasm.asm):02085                             sta       ,y+
1DD0 A7A0             (1/cmds/disasm.asm):02086                             sta       ,y+
1DD2 A7A0             (1/cmds/disasm.asm):02087                             sta       ,y+
1DD4 A7A0             (1/cmds/disasm.asm):02088                             sta       ,y+
1DD6 318DF2FD         (1/cmds/disasm.asm):02089                             leay      line050,pcr
1DDA C62D             (1/cmds/disasm.asm):02090                             ldb       #ln050sz
1DDC 0D4B             (1/cmds/disasm.asm):02091                             tst       <descript
1DDE 2706             (1/cmds/disasm.asm):02092                             beq       prtmod
1DE0 318DF7DB         (1/cmds/disasm.asm):02093                             leay      line330,pcr
1DE4 C630             (1/cmds/disasm.asm):02094                             ldb       #ln330sz
     1DE6             (1/cmds/disasm.asm):02095         prtmod              equ       *
1DE6 170ACF           (1/cmds/disasm.asm):02096                             lbsr      mergline
1DE9 170ADE           (1/cmds/disasm.asm):02097                             lbsr      writline
1DEC 1709ED           (1/cmds/disasm.asm):02098                             lbsr      getbyte2
1DEF DD1E             (1/cmds/disasm.asm):02099                             std       <nameadr
1DF1 31C900F0         (1/cmds/disasm.asm):02100                             leay      hldtylg,u
1DF5 170A91           (1/cmds/disasm.asm):02101                             lbsr      clrhld
1DF8 318DF791         (1/cmds/disasm.asm):02102                             leay      line290,pcr
1DFC C60F             (1/cmds/disasm.asm):02103                             ldb       #ln290sz
1DFE 170AB7           (1/cmds/disasm.asm):02104                             lbsr      mergline
1E01 170A21           (1/cmds/disasm.asm):02105                             lbsr      getbyte
1E04 D741             (1/cmds/disasm.asm):02106                             stb       <tylghold
1E06 C4F0             (1/cmds/disasm.asm):02107                             andb      #TypeMask
1E08 5D               (1/cmds/disasm.asm):02108                             tstb
1E09 2708             (1/cmds/disasm.asm):02109                             beq       badtype
1E0B C140             (1/cmds/disasm.asm):02110                             cmpb      #$40
1E0D 230C             (1/cmds/disasm.asm):02111                             bls       goodtype
1E0F C1C0             (1/cmds/disasm.asm):02112                             cmpb      #$c0
1E11 2408             (1/cmds/disasm.asm):02113                             bhs       goodtype
     1E13             (1/cmds/disasm.asm):02114         badtype             equ       *
1E13 170B54           (1/cmds/disasm.asm):02115                             lbsr      mvchr005
1E16 1709CA           (1/cmds/disasm.asm):02116                             lbsr      merghex
1E19 2022             (1/cmds/disasm.asm):02117                             bra       chklang
     1E1B             (1/cmds/disasm.asm):02118         goodtype            equ       *
1E1B 54               (1/cmds/disasm.asm):02119                             lsrb
1E1C 54               (1/cmds/disasm.asm):02120                             lsrb
1E1D 54               (1/cmds/disasm.asm):02121                             lsrb
1E1E 54               (1/cmds/disasm.asm):02122                             lsrb
1E1F C10C             (1/cmds/disasm.asm):02123                             cmpb      #$0c
1E21 2508             (1/cmds/disasm.asm):02124                             blo       type010
1E23 C007             (1/cmds/disasm.asm):02125                             subb      #$7
1E25 C108             (1/cmds/disasm.asm):02126                             cmpb      #8
1E27 2602             (1/cmds/disasm.asm):02127                             bne       type010
1E29 0C4B             (1/cmds/disasm.asm):02128                             inc       <descript
1E2B C001             (1/cmds/disasm.asm):02129         type010             subb      #1
1E2D D735             (1/cmds/disasm.asm):02130                             stb       <testbyte
1E2F 8605             (1/cmds/disasm.asm):02131                             lda       #$5
1E31 3D               (1/cmds/disasm.asm):02132                             mul
1E32 318DF1A2         (1/cmds/disasm.asm):02133                             leay      devtype,pcr
1E36 31AB             (1/cmds/disasm.asm):02134                             leay      d,y
1E38 C605             (1/cmds/disasm.asm):02135                             ldb       #5
1E3A 170A7B           (1/cmds/disasm.asm):02136                             lbsr      mergline
     1E3D             (1/cmds/disasm.asm):02137         chklang             equ       *
1E3D 170B36           (1/cmds/disasm.asm):02138                             lbsr      mvchr008
1E40 D628             (1/cmds/disasm.asm):02139                             ldb       <byte
1E42 C40F             (1/cmds/disasm.asm):02140                             andb      #LangMask
1E44 5D               (1/cmds/disasm.asm):02141                             tstb
1E45 2704             (1/cmds/disasm.asm):02142                             beq       badlang
1E47 C106             (1/cmds/disasm.asm):02143                             cmpb      #6
1E49 2308             (1/cmds/disasm.asm):02144                             bls       goodlang
     1E4B             (1/cmds/disasm.asm):02145         badlang             equ       *
1E4B 170B1C           (1/cmds/disasm.asm):02146                             lbsr      mvchr005
1E4E 170992           (1/cmds/disasm.asm):02147                             lbsr      merghex
1E51 2010             (1/cmds/disasm.asm):02148                             bra       lang010
     1E53             (1/cmds/disasm.asm):02149         goodlang            equ       *
1E53 C001             (1/cmds/disasm.asm):02150                             subb      #1
1E55 318DF1AC         (1/cmds/disasm.asm):02151                             leay      language,pcr
1E59 8608             (1/cmds/disasm.asm):02152                             lda       #8
1E5B 3D               (1/cmds/disasm.asm):02153                             mul
1E5C 31AB             (1/cmds/disasm.asm):02154                             leay      d,y
1E5E C608             (1/cmds/disasm.asm):02155                             ldb       #8
1E60 170A55           (1/cmds/disasm.asm):02156                             lbsr      mergline
     1E63             (1/cmds/disasm.asm):02157         lang010             equ       *
1E63 860D             (1/cmds/disasm.asm):02158                             lda       #$0d
1E65 170B18           (1/cmds/disasm.asm):02159                             lbsr      movechar
     1E68             (1/cmds/disasm.asm):02160         chkattr             equ       *
1E68 31C90168         (1/cmds/disasm.asm):02161                             leay      hldttl,u
1E6C 170A1A           (1/cmds/disasm.asm):02162                             lbsr      clrhld
1E6F 318DF2FD         (1/cmds/disasm.asm):02163                             leay      line160,pcr
1E73 C60F             (1/cmds/disasm.asm):02164                             ldb       #ln160sz
1E75 170A40           (1/cmds/disasm.asm):02165                             lbsr      mergline
1E78 D635             (1/cmds/disasm.asm):02166                             ldb       <testbyte
1E7A 8615             (1/cmds/disasm.asm):02167                             lda       #$15
1E7C 3D               (1/cmds/disasm.asm):02168                             mul
1E7D 318DF09A         (1/cmds/disasm.asm):02169                             leay      title,pcr
1E81 31AB             (1/cmds/disasm.asm):02170                             leay      d,y
1E83 C615             (1/cmds/disasm.asm):02171                             ldb       #$15
1E85 170A30           (1/cmds/disasm.asm):02172                             lbsr      mergline
1E88 860D             (1/cmds/disasm.asm):02173                             lda       #$0d
1E8A 170AF3           (1/cmds/disasm.asm):02174                             lbsr      movechar
1E8D 31C90118         (1/cmds/disasm.asm):02175                             leay      hldatrv,u
1E91 1709F5           (1/cmds/disasm.asm):02176                             lbsr      clrhld
1E94 318DF704         (1/cmds/disasm.asm):02177                             leay      line300,pcr
1E98 C60F             (1/cmds/disasm.asm):02178                             ldb       #ln300sz
1E9A 170A1B           (1/cmds/disasm.asm):02179                             lbsr      mergline
1E9D 170985           (1/cmds/disasm.asm):02180                             lbsr      getbyte
1EA0 D742             (1/cmds/disasm.asm):02181                             stb       <atrvhold
1EA2 C4F0             (1/cmds/disasm.asm):02182                             andb      #AttrMask
1EA4 C180             (1/cmds/disasm.asm):02183                             cmpb      #ReEnt
1EA6 270C             (1/cmds/disasm.asm):02184                             beq       attr.r
1EA8 C140             (1/cmds/disasm.asm):02185                             cmpb      #ModProt
1EAA 2710             (1/cmds/disasm.asm):02186                             beq       attr.m
1EAC 170ABB           (1/cmds/disasm.asm):02187                             lbsr      mvchr005
1EAF 170931           (1/cmds/disasm.asm):02188                             lbsr      merghex
1EB2 2011             (1/cmds/disasm.asm):02189                             bra       chkrevs
     1EB4             (1/cmds/disasm.asm):02190         attr.r              equ       *
1EB4 318DF186         (1/cmds/disasm.asm):02191                             leay      reent.,pcr
1EB8 C605             (1/cmds/disasm.asm):02192                             ldb       #5
1EBA 2006             (1/cmds/disasm.asm):02193                             bra       moveattr
     1EBC             (1/cmds/disasm.asm):02194         attr.m              equ       *
1EBC 318DF184         (1/cmds/disasm.asm):02195                             leay      modprot.,pcr
1EC0 C607             (1/cmds/disasm.asm):02196                             ldb       #7
1EC2 1709F3           (1/cmds/disasm.asm):02197         moveattr            lbsr      mergline
1EC5 318DF6F2         (1/cmds/disasm.asm):02198         chkrevs             leay      line320,pcr
1EC9 C604             (1/cmds/disasm.asm):02199                             ldb       #ln320sz
1ECB 1709EA           (1/cmds/disasm.asm):02200                             lbsr      mergline
1ECE 860D             (1/cmds/disasm.asm):02201                             lda       #$0d
1ED0 170AAD           (1/cmds/disasm.asm):02202                             lbsr      movechar
1ED3 31C90140         (1/cmds/disasm.asm):02203                             leay      hldrev,u
1ED7 1709AF           (1/cmds/disasm.asm):02204                             lbsr      clrhld
1EDA 318DF6CD         (1/cmds/disasm.asm):02205                             leay      line310,pcr
1EDE C610             (1/cmds/disasm.asm):02206                             ldb       #ln310sz
1EE0 1709D5           (1/cmds/disasm.asm):02207                             lbsr      mergline
1EE3 D628             (1/cmds/disasm.asm):02208                             ldb       <byte
1EE5 C40F             (1/cmds/disasm.asm):02209                             andb      #RevsMask
1EE7 D743             (1/cmds/disasm.asm):02210                             stb       revshold
1EE9 1708F7           (1/cmds/disasm.asm):02211                             lbsr      merghex
1EEC 860D             (1/cmds/disasm.asm):02212                             lda       #$0d
1EEE 170A8F           (1/cmds/disasm.asm):02213                             lbsr      movechar
1EF1 170931           (1/cmds/disasm.asm):02214                             lbsr      getbyte
1EF4 0D4B             (1/cmds/disasm.asm):02215                             tst       <descript
1EF6 102606C3         (1/cmds/disasm.asm):02216                             lbne      descrhdr
1EFA 1708DF           (1/cmds/disasm.asm):02217                             lbsr      getbyte2
1EFD DD0A             (1/cmds/disasm.asm):02218                             std       <startadr
1EFF 1708DA           (1/cmds/disasm.asm):02219                             lbsr      getbyte2
1F02 0D46             (1/cmds/disasm.asm):02220         gotmod4             tst       <s.opt
1F04 2703             (1/cmds/disasm.asm):02221                             beq       gotmod5
1F06 CC3B0E           (1/cmds/disasm.asm):02222                             ldd       #$3D0C-510          fake data size
1F09 DD20             (1/cmds/disasm.asm):02223         gotmod5             std       <size
1F0B 9E3B             (1/cmds/disasm.asm):02224                             ldx       <utabend
1F0D ED84             (1/cmds/disasm.asm):02225                             std       ,x
1F0F 17098B           (1/cmds/disasm.asm):02226                             lbsr      clrline
                      (1/cmds/disasm.asm):02227         * Next line was in code but does nothing RG
                      (1/cmds/disasm.asm):02228         *         tst   <pass
                      (1/cmds/disasm.asm):02229         *        lbra  findname
                      (1/cmds/disasm.asm):02230         
1F12 9E12             (1/cmds/disasm.asm):02231                             ldx       <address
1F14 9F14             (1/cmds/disasm.asm):02232                             stx       <addrsave
1F16 9E39             (1/cmds/disasm.asm):02233                             ldx       <highadr
1F18 0D49             (1/cmds/disasm.asm):02234                             tst       <u.opt
1F1A 2706             (1/cmds/disasm.asm):02235                             beq       movedp
1F1C 9E3B             (1/cmds/disasm.asm):02236                             ldx       <utabend
                      (1/cmds/disasm.asm):02237         *         leax  -2,x
1F1E 4F               (1/cmds/disasm.asm):02238                             clra
1F1F 5F               (1/cmds/disasm.asm):02239                             clrb
1F20 ED83             (1/cmds/disasm.asm):02240                             std       ,--x
                      (1/cmds/disasm.asm):02241         
     1F22             (1/cmds/disasm.asm):02242         movedp              equ       *
1F22 EC81             (1/cmds/disasm.asm):02243                             ldd       ,x++
1F24 3410             (1/cmds/disasm.asm):02244                             pshs      x
1F26 DD12             (1/cmds/disasm.asm):02245                             std       <address
1F28 1709DD           (1/cmds/disasm.asm):02246                             lbsr      adrmove
1F2B 318DF1DC         (1/cmds/disasm.asm):02247                             leay      line070,pcr
1F2F C60F             (1/cmds/disasm.asm):02248                             ldb       #ln070sz
1F31 170984           (1/cmds/disasm.asm):02249                             lbsr      mergline
1F34 31C860           (1/cmds/disasm.asm):02250                             leay      linenum,u
1F37 8644             (1/cmds/disasm.asm):02251                             lda       #'D
1F39 A726             (1/cmds/disasm.asm):02252                             sta       6,y
1F3B 30C868           (1/cmds/disasm.asm):02253                             leax      holdadr,u
1F3E 31A819           (1/cmds/disasm.asm):02254                             leay      25,y
1F41 C604             (1/cmds/disasm.asm):02255                             ldb       #4
1F43 1E12             (1/cmds/disasm.asm):02256                             exg       x,y
1F45 170977           (1/cmds/disasm.asm):02257                             lbsr      merge
1F48 3510             (1/cmds/disasm.asm):02258                             puls      x
1F4A EC84             (1/cmds/disasm.asm):02259                             ldd       ,x
1F4C A31E             (1/cmds/disasm.asm):02260                             subd      -2,x
1F4E 3410             (1/cmds/disasm.asm):02261                             pshs      x
1F50 1708A9           (1/cmds/disasm.asm):02262                             lbsr      mergdec
1F53 170974           (1/cmds/disasm.asm):02263                             lbsr      writline
1F56 3510             (1/cmds/disasm.asm):02264                             puls      x
1F58 EC84             (1/cmds/disasm.asm):02265                             ldd       ,x
1F5A 109320           (1/cmds/disasm.asm):02266                             cmpd      <size
1F5D 26C3             (1/cmds/disasm.asm):02267                             bne       movedp
                      (1/cmds/disasm.asm):02268         
1F5F DC20             (1/cmds/disasm.asm):02269                             ldd       <size
1F61 170818           (1/cmds/disasm.asm):02270                             lbsr      gethex
1F64 31C82C           (1/cmds/disasm.asm):02271                             leay      hexstrng,u
1F67 30C868           (1/cmds/disasm.asm):02272                             leax      holdadr,u
1F6A C604             (1/cmds/disasm.asm):02273                             ldb       #4
1F6C 170950           (1/cmds/disasm.asm):02274                             lbsr      merge
1F6F 31C860           (1/cmds/disasm.asm):02275                             leay      linenum,u
1F72 3126             (1/cmds/disasm.asm):02276                             leay      6,y
1F74 8644             (1/cmds/disasm.asm):02277                             lda       #'D
1F76 A7A4             (1/cmds/disasm.asm):02278                             sta       ,y
1F78 318DF1C8         (1/cmds/disasm.asm):02279                             leay      line120,pcr
1F7C C611             (1/cmds/disasm.asm):02280                             ldb       #ln120sz
1F7E 170937           (1/cmds/disasm.asm):02281                             lbsr      mergline
1F81 170946           (1/cmds/disasm.asm):02282                             lbsr      writline
1F84 9E14             (1/cmds/disasm.asm):02283                             ldx       <addrsave
1F86 9F12             (1/cmds/disasm.asm):02284                             stx       <address
1F88 0D46             (1/cmds/disasm.asm):02285                             tst       <s.opt
1F8A 10260027         (1/cmds/disasm.asm):02286                             lbne      getstart
                      (1/cmds/disasm.asm):02287         
     1F8E             (1/cmds/disasm.asm):02288         findname            equ       *
1F8E 170894           (1/cmds/disasm.asm):02289                             lbsr      getbyte
1F91 9E1E             (1/cmds/disasm.asm):02290                             ldx       <nameadr
1F93 9C12             (1/cmds/disasm.asm):02291                             cmpx      <address
1F95 2705             (1/cmds/disasm.asm):02292                             beq       getname
1F97 170A29           (1/cmds/disasm.asm):02293                             lbsr      fcbline
1F9A 20F2             (1/cmds/disasm.asm):02294                             bra       findname
                      (1/cmds/disasm.asm):02295         
     1F9C             (1/cmds/disasm.asm):02296         getname             equ       *
1F9C 1708FE           (1/cmds/disasm.asm):02297                             lbsr      clrline
1F9F 170966           (1/cmds/disasm.asm):02298                             lbsr      adrmove
1FA2 318DF17F         (1/cmds/disasm.asm):02299                             leay      line100,pcr
1FA6 C610             (1/cmds/disasm.asm):02300                             ldb       #ln100sz
1FA8 17090D           (1/cmds/disasm.asm):02301                             lbsr      mergline
1FAB 17091C           (1/cmds/disasm.asm):02302                             lbsr      writline
1FAE 31C900B0         (1/cmds/disasm.asm):02303                             leay      holdname,u
1FB2 1709D2           (1/cmds/disasm.asm):02304                             lbsr      movename
     1FB5             (1/cmds/disasm.asm):02305         getstart            equ       *
1FB5 9E12             (1/cmds/disasm.asm):02306                             ldx       <address            new test to permit start at $0000 RG
1FB7 9C0A             (1/cmds/disasm.asm):02307                             cmpx      <startadr
1FB9 272F             (1/cmds/disasm.asm):02308                             beq       readbyte            can only be true if s.opt<>0
                      (1/cmds/disasm.asm):02309         *         bne   gets3
                      (1/cmds/disasm.asm):02310         *         tst   <s.opt
                      (1/cmds/disasm.asm):02311         *         bne   readbyte
     1FBB             (1/cmds/disasm.asm):02312         gets3               equ       *
1FBB 170867           (1/cmds/disasm.asm):02313                             lbsr      getbyte
1FBE 9E12             (1/cmds/disasm.asm):02314                             ldx       <address
1FC0 9C0A             (1/cmds/disasm.asm):02315                             cmpx      <startadr
1FC2 2709             (1/cmds/disasm.asm):02316                             beq       gotstart
1FC4 0D46             (1/cmds/disasm.asm):02317         gets2               tst       <s.opt              for manual start & stop RG
1FC6 26F3             (1/cmds/disasm.asm):02318                             bne       gets3               don't print fcb as this is disassembled
1FC8 1709F8           (1/cmds/disasm.asm):02319                             lbsr      fcbline
1FCB 20EE             (1/cmds/disasm.asm):02320                             bra       gets3
     1FCD             (1/cmds/disasm.asm):02321         gotstart            equ       *
1FCD 1708CD           (1/cmds/disasm.asm):02322                             lbsr      clrline
1FD0 0D46             (1/cmds/disasm.asm):02323                             tst       <s.opt              for manual start & stop RG
1FD2 260F             (1/cmds/disasm.asm):02324                             bne       sopt4               skip printing Start
1FD4 170931           (1/cmds/disasm.asm):02325                             lbsr      adrmove
1FD7 318DF17A         (1/cmds/disasm.asm):02326                             leay      line130,pcr
1FDB C611             (1/cmds/disasm.asm):02327                             ldb       #ln130sz
1FDD 1708D8           (1/cmds/disasm.asm):02328                             lbsr      mergline
1FE0 1708E7           (1/cmds/disasm.asm):02329                             lbsr      writline
1FE3 9628             (1/cmds/disasm.asm):02330         sopt4               lda       <byte
1FE5 17087D           (1/cmds/disasm.asm):02331                             lbsr      moveobj
1FE8 2003             (1/cmds/disasm.asm):02332                             bra       testop
1FEA 170838           (1/cmds/disasm.asm):02333         readbyte            lbsr      getbyte
                      (1/cmds/disasm.asm):02334         * Check opcodes
     1FED             (1/cmds/disasm.asm):02335         testop              equ       *
1FED 0F2A             (1/cmds/disasm.asm):02336                             clr       <bitcom             Clear bit instruction processing flag
1FEF 170931           (1/cmds/disasm.asm):02337                             lbsr      moveadr             Go bump address up?
1FF2 9628             (1/cmds/disasm.asm):02338                             lda       <byte               Get next byte
1FF4 8110             (1/cmds/disasm.asm):02339                             cmpa      #$10                Is it a $10?
1FF6 265C             (1/cmds/disasm.asm):02340                             bne       test11              No, check for next special one
1FF8 17082A           (1/cmds/disasm.asm):02341                             lbsr      getbyte             Is $10, get next byte
1FFB C13F             (1/cmds/disasm.asm):02342                             cmpb      #$3f                OS9 System call?
1FFD 2646             (1/cmds/disasm.asm):02343                             bne       test10              No, do rest of check for $10 pre-byte
1FFF 170823           (1/cmds/disasm.asm):02344                             lbsr      getbyte             Get function code
2002 1F98             (1/cmds/disasm.asm):02345                             tfr       b,a                 Move to A
2004 C63F             (1/cmds/disasm.asm):02346                             ldb       #$3f                Go get proper mnemonic for System call
2006 170A5D           (1/cmds/disasm.asm):02347                             lbsr      getop
2009 813F             (1/cmds/disasm.asm):02348                             cmpa      #'?                 Unknown one?
200B 2633             (1/cmds/disasm.asm):02349                             bne       os9ok               No, print out regular system call
200D 30C86D           (1/cmds/disasm.asm):02350                             leax      holdobj,u           Unknown, deal with it
2010 9F18             (1/cmds/disasm.asm):02351                             stx       <objadr
2012 0F40             (1/cmds/disasm.asm):02352                             clr       <objcnt
2014 8610             (1/cmds/disasm.asm):02353                             lda       #$10
2016 17084C           (1/cmds/disasm.asm):02354                             lbsr      moveobj
2019 863F             (1/cmds/disasm.asm):02355                             lda       #$3f
201B 170847           (1/cmds/disasm.asm):02356                             lbsr      moveobj
201E 9E18             (1/cmds/disasm.asm):02357                             ldx       <objadr
2020 CC2020           (1/cmds/disasm.asm):02358                             ldd       #$2020
2023 ED84             (1/cmds/disasm.asm):02359                             std       ,x
2025 9E16             (1/cmds/disasm.asm):02360                             ldx       <lineadr
2027 3011             (1/cmds/disasm.asm):02361                             leax      -15,x
2029 9F16             (1/cmds/disasm.asm):02362                             stx       <lineadr
202B 318DF137         (1/cmds/disasm.asm):02363                             leay      line140,pcr         Print SWI2 message
202F C604             (1/cmds/disasm.asm):02364                             ldb       #ln140sz
2031 170884           (1/cmds/disasm.asm):02365                             lbsr      mergline
2034 170893           (1/cmds/disasm.asm):02366                             lbsr      writline
2037 9635             (1/cmds/disasm.asm):02367                             lda       <testbyte
2039 9728             (1/cmds/disasm.asm):02368                             sta       <byte
203B 170985           (1/cmds/disasm.asm):02369                             lbsr      fcbline             And FCB byte following it
203E 20AA             (1/cmds/disasm.asm):02370                             bra       readbyte
                      (1/cmds/disasm.asm):02371         
                      (1/cmds/disasm.asm):02372         * Got recognizable OS9 System call... print it
2040 170887           (1/cmds/disasm.asm):02373         os9ok               lbsr      writline
2043 20A5             (1/cmds/disasm.asm):02374                             bra       readbyte
                      (1/cmds/disasm.asm):02375         * $10 Pre-byte OTHER than SWI2 (system calls)
                      (1/cmds/disasm.asm):02376         
2045 1F98             (1/cmds/disasm.asm):02377         test10              tfr       b,a                 Put opcode part into A
2047 C610             (1/cmds/disasm.asm):02378                             ldb       #$10                Go get proper mnemonic type for $10xx code
2049 170A1A           (1/cmds/disasm.asm):02379                             lbsr      getop
204C C1FE             (1/cmds/disasm.asm):02380                             cmpb      #$fe                Unknown opcode?
204E 265D             (1/cmds/disasm.asm):02381                             bne       chkreslt            No, deal with result
2050 8610             (1/cmds/disasm.asm):02382                             lda       #$10                Unknown, convert to FCB line
2052 2014             (1/cmds/disasm.asm):02383                             bra       tst11.1
2054 8111             (1/cmds/disasm.asm):02384         test11              cmpa      #$11                $11 pre-byte?
2056 2651             (1/cmds/disasm.asm):02385                             bne       onebyte             No, must be normal
2058 1707CA           (1/cmds/disasm.asm):02386                             lbsr      getbyte             Get opcode part of $11xx command
205B 1F98             (1/cmds/disasm.asm):02387                             tfr       b,a                 Put into A
205D C611             (1/cmds/disasm.asm):02388                             ldb       #$11                $11 pre-byte
205F 170A04           (1/cmds/disasm.asm):02389                             lbsr      getop               Go get proper mnemonic type for $11xxx code
2062 C1FE             (1/cmds/disasm.asm):02390                             cmpb      #$fe                Unknown opcode?
2064 2647             (1/cmds/disasm.asm):02391                             bne       chkreslt            No, deal with result
2066 8611             (1/cmds/disasm.asm):02392                             lda       #$11                Make FCB line
2068 D628             (1/cmds/disasm.asm):02393         tst11.1             ldb       <byte
206A 3404             (1/cmds/disasm.asm):02394                             pshs      b
206C 9728             (1/cmds/disasm.asm):02395                             sta       <byte
206E 9E12             (1/cmds/disasm.asm):02396                             ldx       <address
2070 301F             (1/cmds/disasm.asm):02397                             leax      -1,x
2072 9F12             (1/cmds/disasm.asm):02398                             stx       <address
2074 17094C           (1/cmds/disasm.asm):02399                             lbsr      fcbline
2077 3504             (1/cmds/disasm.asm):02400                             puls      b
2079 D728             (1/cmds/disasm.asm):02401                             stb       <byte
207B 1F98             (1/cmds/disasm.asm):02402                             tfr       b,a
207D 1707E5           (1/cmds/disasm.asm):02403                             lbsr      moveobj
2080 9E12             (1/cmds/disasm.asm):02404                             ldx       <address
2082 3001             (1/cmds/disasm.asm):02405                             leax      1,x
2084 9F12             (1/cmds/disasm.asm):02406                             stx       <address
2086 16FF64           (1/cmds/disasm.asm):02407                             lbra      testop
                      (1/cmds/disasm.asm):02408         
                      (1/cmds/disasm.asm):02409         * Opcode type branch table
2089 20C4             (1/cmds/disasm.asm):02410         rslttab             fdb       chk.ff              Direct page (1 byte address)
208B 20BE             (1/cmds/disasm.asm):02411                             fdb       dofcb               FCB (Unknown type... should never get here!)
208D 20E2             (1/cmds/disasm.asm):02412                             fdb       chk.fd              Implied (single byte by itself)
208F 20E8             (1/cmds/disasm.asm):02413                             fdb       chk.fc              2 byte relative (long branches)
2091 20F0             (1/cmds/disasm.asm):02414                             fdb       chk.fb              1 byte immediate value
2093 20FE             (1/cmds/disasm.asm):02415                             fdb       chk.fa              Dual register spec (EXG/TFR)
2095 2177             (1/cmds/disasm.asm):02416                             fdb       chk.f9              1 byte relative (short branches)
2097 21B9             (1/cmds/disasm.asm):02417                             fdb       chk.f8              Indexed (1 or more post bytes)
2099 239C             (1/cmds/disasm.asm):02418                             fdb       chk.f7              Stack (PSH/PUL) register post-byte
209B 23D7             (1/cmds/disasm.asm):02419                             fdb       chk.f6              ???
209D 23E1             (1/cmds/disasm.asm):02420                             fdb       chk.f5              SWI
209F 23ED             (1/cmds/disasm.asm):02421                             fdb       chk.f4              Extended (2 byte address)
20A1 23FC             (1/cmds/disasm.asm):02422                             fdb       chk.f3              2 byte immediate value
20A3 2404             (1/cmds/disasm.asm):02423                             fdb       chk.f2              4 byte immediate
20A5 2412             (1/cmds/disasm.asm):02424                             fdb       chk.f1              in memory (AIM, etc.)
20A7 2439             (1/cmds/disasm.asm):02425                             fdb       chk.f0              Bit commands (LDBT, etc.)
                      (1/cmds/disasm.asm):02426         
20A9 5F               (1/cmds/disasm.asm):02427         onebyte             clrb                          Clear $10/$11/Syscall flag
20AA 1709B9           (1/cmds/disasm.asm):02428                             lbsr      getop               Get type into B/Code in <testbyte
                      (1/cmds/disasm.asm):02429         
20AD C1F0             (1/cmds/disasm.asm):02430         chkreslt            cmpb      #$f0                Check legal limit of opcode type
20AF 250D             (1/cmds/disasm.asm):02431                             blo       dofcb               If <$F0, assume FCB
20B1 53               (1/cmds/disasm.asm):02432                             comb                          Flip bits
20B2 58               (1/cmds/disasm.asm):02433                             lslb                          2 bytes per entry
20B3 308CD3           (1/cmds/disasm.asm):02434                             leax      rslttab,pcr         Point to opcode type table
20B6 EC85             (1/cmds/disasm.asm):02435                             ldd       b,x                 Get offset to proper routine
20B8 308DDF44         (1/cmds/disasm.asm):02436                             leax      pcrzero,pcr         Point to start of module
20BC 6E8B             (1/cmds/disasm.asm):02437                             jmp       d,x                 Go process proper type
                      (1/cmds/disasm.asm):02438         
                      (1/cmds/disasm.asm):02439         * Illegal opcode-FCB it
20BE 170902           (1/cmds/disasm.asm):02440         dofcb               lbsr      fcbline
20C1 16FF26           (1/cmds/disasm.asm):02441                             lbra      readbyte
                      (1/cmds/disasm.asm):02442         
                      (1/cmds/disasm.asm):02443         * Direct Page Addr - 1 byte
20C4 318DF052         (1/cmds/disasm.asm):02444         chk.ff              leay      line080,pc
20C8 0D49             (1/cmds/disasm.asm):02445                             tst       <u.opt              User wants Symbolic labels?
20CA 2704             (1/cmds/disasm.asm):02446                             beq       ff.010              Yes, do so
20CC 318DF04C         (1/cmds/disasm.asm):02447                             leay      line085,pcr         No, use <$00xx instead
20D0 C602             (1/cmds/disasm.asm):02448         ff.010              ldb       #2                  In both cases, 2 chars to merge
20D2 1707E3           (1/cmds/disasm.asm):02449                             lbsr      mergline            Merge onto current output line
20D5 17074D           (1/cmds/disasm.asm):02450                             lbsr      getbyte             Get direct page address byte
20D8 4F               (1/cmds/disasm.asm):02451                             clra                          Make for 4 digit hex number
20D9 170715           (1/cmds/disasm.asm):02452                             lbsr      merghex2            Merge 4 digit hex result onto output line
20DC 0D49             (1/cmds/disasm.asm):02453                             tst       <u.opt              Direct page currently @ 0?
20DE 10270270         (1/cmds/disasm.asm):02454                             lbeq      indx046             put address in u table & write out line
                      (1/cmds/disasm.asm):02455         
                      (1/cmds/disasm.asm):02456         * Inherent Addr - 0 bytes (also exit point when line is completed)
20E2 1707E5           (1/cmds/disasm.asm):02457         chk.fd              lbsr      writline            Flush line out & continue processing
20E5 16FF02           (1/cmds/disasm.asm):02458                             lbra      readbyte
                      (1/cmds/disasm.asm):02459         
                      (1/cmds/disasm.asm):02460         * Relative Addr - 2 bytes
20E8 1706F1           (1/cmds/disasm.asm):02461         chk.fc              lbsr      getbyte2            Get 2 byte relative offset
20EB 1703C7           (1/cmds/disasm.asm):02462                             lbsr      reladr.2            Calculate relative address & append it
20EE 20F2             (1/cmds/disasm.asm):02463                             bra       chk.fd              Write out line
                      (1/cmds/disasm.asm):02464         
                      (1/cmds/disasm.asm):02465         * Immediate Addr - 1 byte
20F0 170873           (1/cmds/disasm.asm):02466         chk.fb              lbsr      mvchr004            Add '#' to line
20F3 170874           (1/cmds/disasm.asm):02467                             lbsr      mvchr005            Add '$' to line
20F6 17072C           (1/cmds/disasm.asm):02468                             lbsr      getbyte             Get immediate value
20F9 1706E7           (1/cmds/disasm.asm):02469                             lbsr      merghex             Add hex version to line
20FC 20E4             (1/cmds/disasm.asm):02470                             bra       chk.fd              Write it out
                      (1/cmds/disasm.asm):02471         
                      (1/cmds/disasm.asm):02472         * Dual register field
                      (1/cmds/disasm.asm):02473         * (used only for TFR/EXG/TFM & register to register operations)
20FE 9635             (1/cmds/disasm.asm):02474         chk.fa              lda       <testbyte           Get original opcode
2100 0F29             (1/cmds/disasm.asm):02475                             clr       <TFMFlag            Clear TFM flag
2102 8138             (1/cmds/disasm.asm):02476                             cmpa      #$38                TFM?
2104 2506             (1/cmds/disasm.asm):02477                             blo       normtf              No, skip ahead
2106 813B             (1/cmds/disasm.asm):02478                             cmpa      #$3b
2108 2202             (1/cmds/disasm.asm):02479                             bhi       normtf
210A 0C29             (1/cmds/disasm.asm):02480                             inc       <TFMFlag            Set TFM flag
210C 170716           (1/cmds/disasm.asm):02481         normtf              lbsr      getbyte             Get register field byte
210F 3404             (1/cmds/disasm.asm):02482                             pshs      b                   Preserve
2111 54               (1/cmds/disasm.asm):02483                             lsrb                          Move source reg. into proper pos.
2112 54               (1/cmds/disasm.asm):02484                             lsrb
2113 54               (1/cmds/disasm.asm):02485                             lsrb
2114 54               (1/cmds/disasm.asm):02486                             lsrb
2115 8D3F             (1/cmds/disasm.asm):02487                             bsr       fa.020              Add it to line
2117 9635             (1/cmds/disasm.asm):02488                             lda       <testbyte           Get original opcode
2119 8138             (1/cmds/disasm.asm):02489                             cmpa      #$38                Is it a TFM?
211B 2510             (1/cmds/disasm.asm):02490                             blo       notTFM              Too low
211D 813B             (1/cmds/disasm.asm):02491                             cmpa      #$3B
211F 240C             (1/cmds/disasm.asm):02492                             bhs       notTFM              Too high (or is r1,r2+ and doesn't need sign)
2121 8139             (1/cmds/disasm.asm):02493                             cmpa      #$39                TFM r1-,r2-?
2123 2605             (1/cmds/disasm.asm):02494                             bne       Tplus1
2125 170852           (1/cmds/disasm.asm):02495                             lbsr      mvchr009            Add '-'
2128 2003             (1/cmds/disasm.asm):02496                             bra       notTFM
212A 170849           (1/cmds/disasm.asm):02497         Tplus1              lbsr      mvchr008            Add '+'
212D 170832           (1/cmds/disasm.asm):02498         notTFM              lbsr      mvchr003            Add comma to line
2130 3504             (1/cmds/disasm.asm):02499                             puls      b                   Get back field byte
2132 C40F             (1/cmds/disasm.asm):02500                             andb      #$0f                Just destination reg.
2134 8D20             (1/cmds/disasm.asm):02501                             bsr       fa.020              Add it to line
2136 9635             (1/cmds/disasm.asm):02502                             lda       <testbyte           Get original opcode
2138 8138             (1/cmds/disasm.asm):02503                             cmpa      #$38                Is it a TFM?
213A 2514             (1/cmds/disasm.asm):02504                             blo       notTFM2             Too low
213C 813B             (1/cmds/disasm.asm):02505                             cmpa      #$3B
213E 2210             (1/cmds/disasm.asm):02506                             bhi       notTFM2             Too high
2140 813A             (1/cmds/disasm.asm):02507                             cmpa      #$3A                TFM r1+,r2?
2142 270C             (1/cmds/disasm.asm):02508                             beq       notTFM2             Yes, don't need to add anything
2144 8139             (1/cmds/disasm.asm):02509                             cmpa      #$39                TFM r1-,r2-?
2146 2605             (1/cmds/disasm.asm):02510                             bne       Tplus2
2148 17082F           (1/cmds/disasm.asm):02511                             lbsr      mvchr009            Add '-'
214B 2003             (1/cmds/disasm.asm):02512                             bra       notTFM2
214D 170826           (1/cmds/disasm.asm):02513         Tplus2              lbsr      mvchr008            Add '+'
2150 170777           (1/cmds/disasm.asm):02514         notTFM2             lbsr      writline            Write line & leave
2153 16FE94           (1/cmds/disasm.asm):02515                             lbra      readbyte
                      (1/cmds/disasm.asm):02516         
2156 0D29             (1/cmds/disasm.asm):02517         fa.020              tst       <TFMFlag            Is this a TFM command?
2158 2704             (1/cmds/disasm.asm):02518                             beq       normreg             No, allow all register names
215A C104             (1/cmds/disasm.asm):02519                             cmpb      #4                  D,X,Y,U or S?
215C 2209             (1/cmds/disasm.asm):02520                             bhi       badreg              No, illegal in TFM
215E 58               (1/cmds/disasm.asm):02521         normreg             lslb                          2 bytes/entry
215F 308DED72         (1/cmds/disasm.asm):02522                             leax      regtab,pc           Point to register field table
2163 EC85             (1/cmds/disasm.asm):02523                             ldd       b,x                 Get register name
2165 2003             (1/cmds/disasm.asm):02524                             bra       movereg             Add to end of line and return
2167 CC3F3F           (1/cmds/disasm.asm):02525         badreg              ldd       #'?*256+'?          Illegal register, use question marks
                      (1/cmds/disasm.asm):02526         *         bra   movereg        Add to end of line (eating spaces)
                      (1/cmds/disasm.asm):02527         * fall thru into movereg, which immediately follows
                      (1/cmds/disasm.asm):02528         
216A 170813           (1/cmds/disasm.asm):02529         movereg             lbsr      movechar            Add first char of reg. name to line
216D C120             (1/cmds/disasm.asm):02530                             cmpb      #$20                2nd char a space?
216F 2705             (1/cmds/disasm.asm):02531                             beq       mvreg010            Yes, exit
2171 1F98             (1/cmds/disasm.asm):02532                             tfr       b,a                 Move to proper reg.
2173 17080A           (1/cmds/disasm.asm):02533                             lbsr      movechar            And add 2nd char of reg. name to line
2176 39               (1/cmds/disasm.asm):02534         mvreg010            rts
                      (1/cmds/disasm.asm):02535         
                      (1/cmds/disasm.asm):02536         * Relative Addr - 1 byte
2177 1706AB           (1/cmds/disasm.asm):02537         chk.f9              lbsr      getbyte             Get relative offset byte
217A 17031C           (1/cmds/disasm.asm):02538                             lbsr      reladr.1            Calculate & add it to line
217D 16FF62           (1/cmds/disasm.asm):02539                             lbra      chk.fd              Print line
                      (1/cmds/disasm.asm):02540         
2180 0078             (1/cmds/disasm.asm):02541         indxregs            fcb       %00000000,'x
2182 2079             (1/cmds/disasm.asm):02542                             fcb       %00100000,'y
2184 4075             (1/cmds/disasm.asm):02543                             fcb       %01000000,'u
2186 6073             (1/cmds/disasm.asm):02544                             fcb       %01100000,'s
                      (1/cmds/disasm.asm):02545         * Index table routine list for both normal & indirect modes
2188 84               (1/cmds/disasm.asm):02546         indxjmp             fcb       %10000100           Zero offset ($84)
2189 22FB             (1/cmds/disasm.asm):02547                             fdb       indx010
218B 88               (1/cmds/disasm.asm):02548                             fcb       %10001000           8 bit offset ($88)
218C 2236             (1/cmds/disasm.asm):02549                             fdb       indx.3
218E 89               (1/cmds/disasm.asm):02550                             fcb       %10001001           16 bit offset ($89)
218F 2254             (1/cmds/disasm.asm):02551                             fdb       indx.4
2191 86               (1/cmds/disasm.asm):02552                             fcb       %10000110           A,R ($86)
2192 227D             (1/cmds/disasm.asm):02553                             fdb       indx.5
2194 85               (1/cmds/disasm.asm):02554                             fcb       %10000101           B,R ($85)
2195 2284             (1/cmds/disasm.asm):02555                             fdb       indx.6
2197 8B               (1/cmds/disasm.asm):02556                             fcb       %10001011           D,R ($8B)
2198 2288             (1/cmds/disasm.asm):02557                             fdb       indx.7
219A 87               (1/cmds/disasm.asm):02558                             fcb       %10000111           E,R ($87)
219B 228C             (1/cmds/disasm.asm):02559                             fdb       indx.E
219D 8A               (1/cmds/disasm.asm):02560                             fcb       %10001010           F,R ($8a)
219E 2290             (1/cmds/disasm.asm):02561                             fdb       indx.F
21A0 8E               (1/cmds/disasm.asm):02562                             fcb       %10001110           W,R ($8e)
21A1 2294             (1/cmds/disasm.asm):02563                             fdb       indx.W
21A3 80               (1/cmds/disasm.asm):02564                             fcb       %10000000           ,R+ ($80)
21A4 2298             (1/cmds/disasm.asm):02565                             fdb       indx.8
21A6 81               (1/cmds/disasm.asm):02566                             fcb       %10000001           ,R++ ($81)
21A7 22A0             (1/cmds/disasm.asm):02567                             fdb       indx.9
21A9 82               (1/cmds/disasm.asm):02568                             fcb       %10000010           ,-R ($82)
21AA 22A8             (1/cmds/disasm.asm):02569                             fdb       indx.10
21AC 83               (1/cmds/disasm.asm):02570                             fcb       %10000011           ,--R ($83)
21AD 22B0             (1/cmds/disasm.asm):02571                             fdb       indx.11
21AF 8C               (1/cmds/disasm.asm):02572                             fcb       %10001100           8 bit,PC ($8C)
21B0 22B8             (1/cmds/disasm.asm):02573                             fdb       indx.12
21B2 8D               (1/cmds/disasm.asm):02574                             fcb       %10001101           16 bit,PC ($8D)
21B3 22C3             (1/cmds/disasm.asm):02575                             fdb       indx.13
21B5 8F               (1/cmds/disasm.asm):02576                             fcb       %10001111           Non-indirect W modes ($8f)
21B6 22DC             (1/cmds/disasm.asm):02577                             fdb       indx.Wm
21B8 00               (1/cmds/disasm.asm):02578                             fcb       0                   table end    (any patterns not covered are illegal)
                      (1/cmds/disasm.asm):02579         
                      (1/cmds/disasm.asm):02580         * indexed addr - 1 or 2 bytes
21B9 0F2B             (1/cmds/disasm.asm):02581         chk.f8              clr       <indirct            Clear indirect flag
21BB 170667           (1/cmds/disasm.asm):02582                             lbsr      getbyte             Get byte into B (and duplicate in <byte>)
21BE C49F             (1/cmds/disasm.asm):02583                             andb      #%10011111          Mask out register bits (mode bits for W)
21C0 C18F             (1/cmds/disasm.asm):02584                             cmpb      #%10001111          W base (non-indirect)?
21C2 2708             (1/cmds/disasm.asm):02585                             beq       isw                 Yes, set register name
21C4 C190             (1/cmds/disasm.asm):02586                             cmpb      #%10010000          W base (indirect)?
21C6 2704             (1/cmds/disasm.asm):02587                             beq       isw                 Yes, set register name
21C8 D628             (1/cmds/disasm.asm):02588                             ldb       <byte               Get original byte back
21CA 2004             (1/cmds/disasm.asm):02589                             bra       notw                Do normal search
21CC C677             (1/cmds/disasm.asm):02590         isw                 ldb       #'w                 W register is base register
21CE 200D             (1/cmds/disasm.asm):02591                             bra       streg               Store it as base register
21D0 C460             (1/cmds/disasm.asm):02592         notw                andb      #%01100000          Register mask
21D2 308CA9           (1/cmds/disasm.asm):02593                             leax      indxregs-2,pc       Point to register offsets -2 for loop
21D5 3002             (1/cmds/disasm.asm):02594         f8.10               leax      2,x                 Point to next entry
21D7 E184             (1/cmds/disasm.asm):02595                             cmpb      ,x                  This the one we want?
21D9 26FA             (1/cmds/disasm.asm):02596                             bne       f8.10               No, keep looking
21DB E601             (1/cmds/disasm.asm):02597                             ldb       1,x                 Get base register name
21DD D736             (1/cmds/disasm.asm):02598         streg               stb       <register           Preserve it
21DF D628             (1/cmds/disasm.asm):02599                             ldb       <byte               Get back original byte
21E1 C49F             (1/cmds/disasm.asm):02600                             andb      #%10011111          Mask out the base register bits
                      (1/cmds/disasm.asm):02601         * Main indexing type check here
21E3 C120             (1/cmds/disasm.asm):02602                             cmpb      #%00100000          5 bit offset indexing (special case)?
21E5 2537             (1/cmds/disasm.asm):02603                             blo       indx.2              Yes, go do
21E7 C190             (1/cmds/disasm.asm):02604                             cmpb      #%10010000          Non-indirect?
21E9 2519             (1/cmds/disasm.asm):02605                             blo       f8.15               Yes, skip ahead
                      (1/cmds/disasm.asm):02606         * Indirect modes start here
21EB 17076C           (1/cmds/disasm.asm):02607                             lbsr      mvchr001            Add '['
21EE 0C2B             (1/cmds/disasm.asm):02608                             inc       <indirct            Set indirect flag
21F0 C190             (1/cmds/disasm.asm):02609                             cmpb      #%10010000          W indirect indexing mode (since it shares pattern)
21F2 102700E6         (1/cmds/disasm.asm):02610                             lbeq      indx.Wm             Yes, go process
21F6 C192             (1/cmds/disasm.asm):02611                             cmpb      #%10010010          Illegal?
21F8 102700F4         (1/cmds/disasm.asm):02612                             lbeq      indx.15             Yes, bad mode
21FC C19F             (1/cmds/disasm.asm):02613                             cmpb      #%10011111          Extended indirect?
21FE 102700CC         (1/cmds/disasm.asm):02614                             lbeq      indx.14             Yes, go do that
2202 C48F             (1/cmds/disasm.asm):02615                             andb      #%10001111          Mask out indirect bit for next routine
2204 308DFF7D         (1/cmds/disasm.asm):02616         f8.15               leax      indxjmp-3,pc        Point to index jump table -3 for loop
2208 3003             (1/cmds/disasm.asm):02617         f8.20               leax      3,x                 Point to next entry
220A E184             (1/cmds/disasm.asm):02618                             cmpb      ,x                  Bit mask we want?
220C 2708             (1/cmds/disasm.asm):02619                             beq       f8.30               Yes, skip ahead
220E 6D84             (1/cmds/disasm.asm):02620                             tst       ,x                  No, is the end of table marker?
2210 102700DC         (1/cmds/disasm.asm):02621                             lbeq      indx.15             Yes, bad mode
2214 20F2             (1/cmds/disasm.asm):02622                             bra       f8.20               Otherwise, keep searching
2216 EC01             (1/cmds/disasm.asm):02623         f8.30               ldd       1,x                 Get vector
2218 308DDDE4         (1/cmds/disasm.asm):02624                             leax      pcrzero,pc          Set base address of vector
221C 6E8B             (1/cmds/disasm.asm):02625                             jmp       d,x                 Go to proper routine
                      (1/cmds/disasm.asm):02626         
                      (1/cmds/disasm.asm):02627         * 5 bit offset
221E C41F             (1/cmds/disasm.asm):02628         indx.2              andb      #$1f                Mask out upper 3 bits
2220 3404             (1/cmds/disasm.asm):02629                             pshs      b                   Preserve it
2222 C10F             (1/cmds/disasm.asm):02630                             cmpb      #$0f                Negative offset?
2224 2309             (1/cmds/disasm.asm):02631                             bls       indx2.1             No, skip ahead
2226 C620             (1/cmds/disasm.asm):02632                             ldb       #$20                Calculate negative offset & preserve
2228 E0E4             (1/cmds/disasm.asm):02633                             subb      ,s
222A E7E4             (1/cmds/disasm.asm):02634                             stb       ,s
222C 17074B           (1/cmds/disasm.asm):02635                             lbsr      mvchr009            Add '-'
222F 170738           (1/cmds/disasm.asm):02636         indx2.1             lbsr      mvchr005            Add '$'
2232 3502             (1/cmds/disasm.asm):02637                             puls      a                   Get offset value
2234 2018             (1/cmds/disasm.asm):02638                             bra       indx3.1             Add it to the line in hex format
                      (1/cmds/disasm.asm):02639         
                      (1/cmds/disasm.asm):02640         * 8 bit offset
2236 1705EC           (1/cmds/disasm.asm):02641         indx.3              lbsr      getbyte             Get next byte
2239 170732           (1/cmds/disasm.asm):02642                             lbsr      mvchr006            Add '<'
223C C17F             (1/cmds/disasm.asm):02643                             cmpb      #$7f                Negative value?
223E 230B             (1/cmds/disasm.asm):02644                             bls       indx3.0             No, skip ahead
2240 4F               (1/cmds/disasm.asm):02645                             clra                          Make it a 16 bit number
2241 DD22             (1/cmds/disasm.asm):02646                             std       <temp               Store it
2243 CC0100           (1/cmds/disasm.asm):02647                             ldd       #$0100              Calculate negative offset for 8 bit #
2246 9322             (1/cmds/disasm.asm):02648                             subd      <temp
2248 17072F           (1/cmds/disasm.asm):02649                             lbsr      mvchr009            Add '-'
224B 17071C           (1/cmds/disasm.asm):02650         indx3.0             lbsr      mvchr005            Add '$'
224E 170592           (1/cmds/disasm.asm):02651         indx3.1             lbsr      merghex             Add LSB of D as a 2 digit hex byte
2251 1600A7           (1/cmds/disasm.asm):02652                             lbra      indx010
                      (1/cmds/disasm.asm):02653         
                      (1/cmds/disasm.asm):02654         * 16 bit offset
2254 17071B           (1/cmds/disasm.asm):02655         indx.4              lbsr      mvchr007            Add '>'
2257 170582           (1/cmds/disasm.asm):02656                             lbsr      getbyte2            Get 2 byte offset
225A 3406             (1/cmds/disasm.asm):02657                             pshs      d                   Preserve it
225C 10837FFF         (1/cmds/disasm.asm):02658                             cmpd      #$7fff              Is it negative?
2260 2311             (1/cmds/disasm.asm):02659                             bls       indx4.1             No, skip ahead
2262 3506             (1/cmds/disasm.asm):02660                             puls      d                   Get back value
2264 DD22             (1/cmds/disasm.asm):02661                             std       <temp               Preserve it
2266 CCFFFF           (1/cmds/disasm.asm):02662                             ldd       #$ffff              Calculate negative offset
2269 9322             (1/cmds/disasm.asm):02663                             subd      <temp
226B C30001           (1/cmds/disasm.asm):02664                             addd      #1
226E 3406             (1/cmds/disasm.asm):02665                             pshs      d                   Preserve it
2270 170707           (1/cmds/disasm.asm):02666                             lbsr      mvchr009            Add '-'
2273 1706F4           (1/cmds/disasm.asm):02667         indx4.1             lbsr      mvchr005            Add '$'
2276 3506             (1/cmds/disasm.asm):02668                             puls      d                   Get back offset value
2278 170576           (1/cmds/disasm.asm):02669                             lbsr      merghex2            Add 16 bit number in hex format
227B 207E             (1/cmds/disasm.asm):02670                             bra       indx010
                      (1/cmds/disasm.asm):02671         
227D 8661             (1/cmds/disasm.asm):02672         indx.5              lda       #'a                 A,R
227F 1706FE           (1/cmds/disasm.asm):02673         indx5.1             lbsr      movechar
2282 2077             (1/cmds/disasm.asm):02674                             bra       indx010
                      (1/cmds/disasm.asm):02675         
2284 8662             (1/cmds/disasm.asm):02676         indx.6              lda       #'b                 B,R
2286 20F7             (1/cmds/disasm.asm):02677                             bra       indx5.1
                      (1/cmds/disasm.asm):02678         
2288 8664             (1/cmds/disasm.asm):02679         indx.7              lda       #'d                 D,R
228A 20F3             (1/cmds/disasm.asm):02680                             bra       indx5.1
                      (1/cmds/disasm.asm):02681         
228C 8665             (1/cmds/disasm.asm):02682         indx.E              lda       #'e                 E,R
228E 20EF             (1/cmds/disasm.asm):02683                             bra       indx5.1
                      (1/cmds/disasm.asm):02684         
2290 8666             (1/cmds/disasm.asm):02685         indx.F              lda       #'f                 F,R
2292 20EB             (1/cmds/disasm.asm):02686                             bra       indx5.1
                      (1/cmds/disasm.asm):02687         
2294 8677             (1/cmds/disasm.asm):02688         indx.W              lda       #'w                 W,R
2296 20E7             (1/cmds/disasm.asm):02689                             bra       indx5.1
                      (1/cmds/disasm.asm):02690         
                      (1/cmds/disasm.asm):02691         * ,R+
2298 1700F3           (1/cmds/disasm.asm):02692         indx.8              lbsr      isub010             Add ',' & register name
229B 1706D8           (1/cmds/disasm.asm):02693         indx8.1             lbsr      mvchr008            Add '+'
229E 2069             (1/cmds/disasm.asm):02694                             bra       indx040             Continue
                      (1/cmds/disasm.asm):02695         
                      (1/cmds/disasm.asm):02696         * ,R++
22A0 1700EB           (1/cmds/disasm.asm):02697         indx.9              lbsr      isub010             Add ',' & register name
22A3 1706D0           (1/cmds/disasm.asm):02698                             lbsr      mvchr008            Add '+'
22A6 20F3             (1/cmds/disasm.asm):02699                             bra       indx8.1             Add 2nd '+' and continue
                      (1/cmds/disasm.asm):02700         
                      (1/cmds/disasm.asm):02701         * ,-R
22A8 1706B7           (1/cmds/disasm.asm):02702         indx.10             lbsr      mvchr003            Add ','
22AB 1700E5           (1/cmds/disasm.asm):02703         indx10.1            lbsr      isub020             '-' & register name
22AE 2059             (1/cmds/disasm.asm):02704                             bra       indx040             Continue
                      (1/cmds/disasm.asm):02705         
                      (1/cmds/disasm.asm):02706         * ,--R
22B0 1706AF           (1/cmds/disasm.asm):02707         indx.11             lbsr      mvchr003            Add ','
22B3 1706C4           (1/cmds/disasm.asm):02708                             lbsr      mvchr009            Add '-'
22B6 20F3             (1/cmds/disasm.asm):02709                             bra       indx10.1            Add 2nd '-' & register name & continue
                      (1/cmds/disasm.asm):02710         
                      (1/cmds/disasm.asm):02711         * 8 bit,pc
22B8 1706B3           (1/cmds/disasm.asm):02712         indx.12             lbsr      mvchr006            Add '<'
22BB 170567           (1/cmds/disasm.asm):02713                             lbsr      getbyte             Get next byte
22BE 1701D8           (1/cmds/disasm.asm):02714                             lbsr      reladr.1            Calculate relative address label
22C1 203D             (1/cmds/disasm.asm):02715                             bra       indx030             Add ',pcr'
                      (1/cmds/disasm.asm):02716         
                      (1/cmds/disasm.asm):02717         * 16 bit,pc
22C3 1706AC           (1/cmds/disasm.asm):02718         indx.13             lbsr      mvchr007            Add '>'
22C6 170513           (1/cmds/disasm.asm):02719                             lbsr      getbyte2            Get next 2 bytes
22C9 1701E9           (1/cmds/disasm.asm):02720                             lbsr      reladr.2            Calculate relative address label
22CC 2032             (1/cmds/disasm.asm):02721                             bra       indx030             Add ',pcr'
                      (1/cmds/disasm.asm):02722         
                      (1/cmds/disasm.asm):02723         * Extended indirect
22CE 1706A1           (1/cmds/disasm.asm):02724         indx.14             lbsr      mvchr007            Add '>'
22D1 170696           (1/cmds/disasm.asm):02725                             lbsr      mvchr005            Add '$'
22D4 170505           (1/cmds/disasm.asm):02726                             lbsr      getbyte2            Get next 2 bytes
22D7 170517           (1/cmds/disasm.asm):02727                             lbsr      merghex2            Append hex version of 16 bit #
22DA 202D             (1/cmds/disasm.asm):02728                             bra       indx040             Continue
                      (1/cmds/disasm.asm):02729         * W modes (<register=w and <indirct flag is set)
22DC D628             (1/cmds/disasm.asm):02730         indx.Wm             ldb       <byte               Get original byte again
22DE C460             (1/cmds/disasm.asm):02731                             andb      #%01100000          Mask out all but W mode settings
22E0 C100             (1/cmds/disasm.asm):02732                             cmpb      #%00000000          Straight register?
22E2 2717             (1/cmds/disasm.asm):02733                             beq       indx010             Yes, do it
22E4 C120             (1/cmds/disasm.asm):02734                             cmpb      #%00100000          mmmm,W?
22E6 1027FF6A         (1/cmds/disasm.asm):02735                             lbeq      indx.4              Go do that
22EA C140             (1/cmds/disasm.asm):02736                             cmpb      #%01000000          ,W++?
22EC 27B2             (1/cmds/disasm.asm):02737                             beq       indx.9              Do that
22EE 20C0             (1/cmds/disasm.asm):02738                             bra       indx.11             Must be ,--W
                      (1/cmds/disasm.asm):02739         * Illegal indexing mode
22F0 318DECCF         (1/cmds/disasm.asm):02740         indx.15             leay      badindx,pcr         Point to '?'
22F4 C605             (1/cmds/disasm.asm):02741                             ldb       #5                  Add 5 of them
22F6 1705BF           (1/cmds/disasm.asm):02742                             lbsr      mergline
22F9 200E             (1/cmds/disasm.asm):02743                             bra       indx040             Continue
                      (1/cmds/disasm.asm):02744         
22FB 170090           (1/cmds/disasm.asm):02745         indx010             lbsr      isub010             Add ',R'
22FE 2009             (1/cmds/disasm.asm):02746                             bra       indx040             Continue
                      (1/cmds/disasm.asm):02747         
2300 318DEEF8         (1/cmds/disasm.asm):02748         indx030             leay      line220,pc          Add ',pcr'
2304 C604             (1/cmds/disasm.asm):02749                             ldb       #ln220sz
2306 1705AF           (1/cmds/disasm.asm):02750                             lbsr      mergline
                      (1/cmds/disasm.asm):02751         
2309 0D2B             (1/cmds/disasm.asm):02752         indx040             tst       <indirct            Is it an indirect mode?
230B 2703             (1/cmds/disasm.asm):02753                             beq       indx041             No, skip ahead
230D 17064E           (1/cmds/disasm.asm):02754                             lbsr      mvchr002            Add ']'
2310 9636             (1/cmds/disasm.asm):02755         indx041             lda       <register           Get register name
2312 8175             (1/cmds/disasm.asm):02756                             cmpa      #'u                 U register offset?
2314 266D             (1/cmds/disasm.asm):02757                             bne       indx090             No, skip ahead
2316 0D49             (1/cmds/disasm.asm):02758                             tst       <u.opt              User wants uxxxx?
2318 2669             (1/cmds/disasm.asm):02759                             bne       indx090             No, skip
231A DC08             (1/cmds/disasm.asm):02760                             ldd       <dsave              get the offset
231C 109320           (1/cmds/disasm.asm):02761                             cmpd      <size               is it > total data size ???
231F 2262             (1/cmds/disasm.asm):02762                             bhi       indx090             yes..skip this stuff
2321 30C90087         (1/cmds/disasm.asm):02763                             leax      holdline+15,u       start of mnemonic
                      (1/cmds/disasm.asm):02764         * Calculating  'uxxxx' info
2325 A680             (1/cmds/disasm.asm):02765         indx042             lda       ,x+
2327 8175             (1/cmds/disasm.asm):02766                             cmpa      #'u                 done??
2329 2758             (1/cmds/disasm.asm):02767                             beq       indx090             yes..go send line as is
232B 8124             (1/cmds/disasm.asm):02768                             cmpa      #'$
232D 26F6             (1/cmds/disasm.asm):02769                             bne       indx042
232F 8675             (1/cmds/disasm.asm):02770                             lda       #'u
2331 A71F             (1/cmds/disasm.asm):02771                             sta       -1,x
2333 A602             (1/cmds/disasm.asm):02772                             lda       2,x
2335 812C             (1/cmds/disasm.asm):02773                             cmpa      #',
2337 2619             (1/cmds/disasm.asm):02774                             bne       indx046
2339 9F06             (1/cmds/disasm.asm):02775                             stx       <xsave
233B 9E16             (1/cmds/disasm.asm):02776                             ldx       <lineadr
233D 3001             (1/cmds/disasm.asm):02777                             leax      1,x
233F A682             (1/cmds/disasm.asm):02778         indx044             lda       ,-x
2341 A702             (1/cmds/disasm.asm):02779                             sta       2,x
2343 9C06             (1/cmds/disasm.asm):02780                             cmpx      <xsave
2345 26F8             (1/cmds/disasm.asm):02781                             bne       indx044
2347 CC3030           (1/cmds/disasm.asm):02782                             ldd       #$3030
234A ED84             (1/cmds/disasm.asm):02783                             std       ,x
234C 9E16             (1/cmds/disasm.asm):02784                             ldx       <lineadr
234E 3002             (1/cmds/disasm.asm):02785                             leax      2,x
2350 9F16             (1/cmds/disasm.asm):02786                             stx       <lineadr
                      (1/cmds/disasm.asm):02787         
                      (1/cmds/disasm.asm):02788         * put the offset in u table
2352 0D3E             (1/cmds/disasm.asm):02789         indx046             tst       <pass
2354 262D             (1/cmds/disasm.asm):02790                             bne       indx090
2356 DC08             (1/cmds/disasm.asm):02791                             ldd       <dsave              get the u offset
2358 9E39             (1/cmds/disasm.asm):02792                             ldx       <highadr            start of u table
235A 301E             (1/cmds/disasm.asm):02793                             leax      -2,x                back off for loop increment
235C 3002             (1/cmds/disasm.asm):02794         indx050             leax      2,x
235E 10A384           (1/cmds/disasm.asm):02795                             cmpd      ,x
2361 2720             (1/cmds/disasm.asm):02796                             beq       indx090
2363 22F7             (1/cmds/disasm.asm):02797                             bhi       indx050             if >,go loop
2365 301E             (1/cmds/disasm.asm):02798                             leax      -2,x                this is where to insert it
2367 9F06             (1/cmds/disasm.asm):02799                             stx       <xsave
2369 9E39             (1/cmds/disasm.asm):02800                             ldx       <highadr
236B 301E             (1/cmds/disasm.asm):02801                             leax      -2,x
236D 9F39             (1/cmds/disasm.asm):02802                             stx       <highadr
236F 9C37             (1/cmds/disasm.asm):02803                             cmpx      <labladr
2371 1023016E         (1/cmds/disasm.asm):02804                             lbls      rladr2.3
2375 EC02             (1/cmds/disasm.asm):02805         indx052             ldd       2,x
2377 ED84             (1/cmds/disasm.asm):02806                             std       ,x
2379 3002             (1/cmds/disasm.asm):02807                             leax      2,x
237B 9C06             (1/cmds/disasm.asm):02808                             cmpx      <xsave
237D 26F6             (1/cmds/disasm.asm):02809                             bne       indx052
237F DC08             (1/cmds/disasm.asm):02810                             ldd       <dsave
2381 ED84             (1/cmds/disasm.asm):02811                             std       ,x
                      (1/cmds/disasm.asm):02812         
2383 0D2A             (1/cmds/disasm.asm):02813         indx090             tst       <bitcom             We a bit operation and need to RTS?
2385 2701             (1/cmds/disasm.asm):02814                             beq       notbit              No, write line & exit
2387 39               (1/cmds/disasm.asm):02815                             rts
2388 17053F           (1/cmds/disasm.asm):02816         notbit              lbsr      writline            Send the line out
238B 16FC5C           (1/cmds/disasm.asm):02817                             lbra      readbyte            and continue
                      (1/cmds/disasm.asm):02818         
238E 1705D1           (1/cmds/disasm.asm):02819         isub010             lbsr      mvchr003            Add ','
2391 2003             (1/cmds/disasm.asm):02820                             bra       isub025             skip ahead
                      (1/cmds/disasm.asm):02821         
2393 1705E4           (1/cmds/disasm.asm):02822         isub020             lbsr      mvchr009            Add '-'
2396 9636             (1/cmds/disasm.asm):02823         isub025             lda       <register           Get register name
                      (1/cmds/disasm.asm):02824         * LCB - lbra movechar, remove RTS
2398 1705E5           (1/cmds/disasm.asm):02825                             lbsr      movechar            Add it too
239B 39               (1/cmds/disasm.asm):02826                             rts
                      (1/cmds/disasm.asm):02827         
                      (1/cmds/disasm.asm):02828         * Entry: <testbyte has actual opcode ($34-$37). We need to know if $36-$37, and change
                      (1/cmds/disasm.asm):02829         * 'u' to 's' if it is
     239C             (1/cmds/disasm.asm):02830         chk.f7              equ       *
                      (1/cmds/disasm.asm):02831         * inherent addr - 1 byte
                      (1/cmds/disasm.asm):02832         * (used for psh and pul only)
239C 170486           (1/cmds/disasm.asm):02833                             lbsr      getbyte             Get the bit flags byte part of PSH/PUL (into B & <byte)
239F 318DEB52         (1/cmds/disasm.asm):02834                             leay      stackreg,pcr        Point to list of 2 byte register names for psh/pul
23A3 9635             (1/cmds/disasm.asm):02835                             lda       <testbyte           Get opcode
23A5 8136             (1/cmds/disasm.asm):02836                             cmpa      #$36                PSHU/PULU?
23A7 2503             (1/cmds/disasm.asm):02837                             blo       SStack              No, use regs for PSHS/PULS
23A9 31A810           (1/cmds/disasm.asm):02838                             leay      ustckreg-stackreg,y Yes, point to PSHU/PULU version instead
23AC 8680             (1/cmds/disasm.asm):02839         SStack              lda       #%10000000          Init check for which regs are being pushed/pulled to 1st bit
23AE 9735             (1/cmds/disasm.asm):02840                             sta       <testbyte
23B0 8608             (1/cmds/disasm.asm):02841                             lda       #8                  # of bits to check ctr
23B2 3402             (1/cmds/disasm.asm):02842         f7.010              pshs      a                   Save # of bits to check ctr
23B4 AEA1             (1/cmds/disasm.asm):02843                             ldx       ,y++                Get 1 or 2 char name of register
23B6 D628             (1/cmds/disasm.asm):02844                             ldb       <byte               Is this register turned on in post byte?
23B8 D435             (1/cmds/disasm.asm):02845                             andb      <testbyte
23BA 2708             (1/cmds/disasm.asm):02846                             beq       f7.020              No, skip to next
23BC 1F10             (1/cmds/disasm.asm):02847                             tfr       x,d                 Yes, move name to D
                      (1/cmds/disasm.asm):02848         * INSERT CHECK HERE - IF WE DOING PSHU/PULU, CHANGE A TO 's ($  73)
23BE 17FDA9           (1/cmds/disasm.asm):02849                             lbsr      movereg             Copy reg name to output buffer
23C1 17059E           (1/cmds/disasm.asm):02850                             lbsr      mvchr003            Add a comma to output buffer
23C4 9635             (1/cmds/disasm.asm):02851         f7.020              lda       <testbyte           Shift check bit to next one
23C6 44               (1/cmds/disasm.asm):02852                             lsra
23C7 9735             (1/cmds/disasm.asm):02853                             sta       <testbyte
23C9 3502             (1/cmds/disasm.asm):02854                             puls      a                   Get # of bits left to check ctr
23CB 4A               (1/cmds/disasm.asm):02855                             deca                          We finished one
23CC 26E4             (1/cmds/disasm.asm):02856                             bne       f7.010              Still more left, try next
23CE 9E16             (1/cmds/disasm.asm):02857                             ldx       <lineadr            Done, move output buffer end ptr back one (eat last comma)
23D0 301F             (1/cmds/disasm.asm):02858                             leax      -1,x
23D2 9F16             (1/cmds/disasm.asm):02859                             stx       <lineadr
23D4 16FD0B           (1/cmds/disasm.asm):02860                             lbra      chk.fd
                      (1/cmds/disasm.asm):02861         
23D7 17044B           (1/cmds/disasm.asm):02862         chk.f6              lbsr      getbyte             Get 1 byte
23DA 4F               (1/cmds/disasm.asm):02863                             clra                          Make into D
23DB 170405           (1/cmds/disasm.asm):02864                             lbsr      merghex             Add hex value to output
23DE 16FD01           (1/cmds/disasm.asm):02865                             lbra      chk.fd              continue
                      (1/cmds/disasm.asm):02866         
23E1 1704E6           (1/cmds/disasm.asm):02867         chk.f5              lbsr      writline            Write line out
23E4 17043E           (1/cmds/disasm.asm):02868                             lbsr      getbyte             Get byte
23E7 1705D9           (1/cmds/disasm.asm):02869                             lbsr      fcbline             Make fcb line
23EA 16FBFD           (1/cmds/disasm.asm):02870                             lbra      readbyte            continue?
                      (1/cmds/disasm.asm):02871         
                      (1/cmds/disasm.asm):02872         * extended addr - 2 bytes
23ED 170582           (1/cmds/disasm.asm):02873         chk.f4              lbsr      mvchr007            Add '>'
23F0 170577           (1/cmds/disasm.asm):02874                             lbsr      mvchr005            Add '$'
23F3 1703E6           (1/cmds/disasm.asm):02875         f4.010              lbsr      getbyte2            Get 2 bytes
23F6 1703F8           (1/cmds/disasm.asm):02876                             lbsr      merghex2            Print 4 digit hex value
23F9 16FCE6           (1/cmds/disasm.asm):02877                             lbra      chk.fd              continue
                      (1/cmds/disasm.asm):02878         
                      (1/cmds/disasm.asm):02879         * immediate addr - 2 bytes
23FC 170567           (1/cmds/disasm.asm):02880         chk.f3              lbsr      mvchr004            Add '#'
23FF 170568           (1/cmds/disasm.asm):02881                             lbsr      mvchr005            Add '$'
2402 20EF             (1/cmds/disasm.asm):02882                             bra       f4.010              Add 4 digit hex value & leave
                      (1/cmds/disasm.asm):02883         
                      (1/cmds/disasm.asm):02884         * immediate mode - 4 bytes
2404 17055F           (1/cmds/disasm.asm):02885         chk.f2              lbsr      mvchr004            Add '#'
2407 170560           (1/cmds/disasm.asm):02886                             lbsr      mvchr005            Add '$'
240A 1703CF           (1/cmds/disasm.asm):02887                             lbsr      getbyte2            Get 2 bytes
240D 1703E1           (1/cmds/disasm.asm):02888                             lbsr      merghex2            Print 4 hex digits
2410 20E1             (1/cmds/disasm.asm):02889                             bra       f4.010              Print next 4 digits & continue
                      (1/cmds/disasm.asm):02890         
                      (1/cmds/disasm.asm):02891         * in memory mode (AIM, etc.) (opcode s/b in <testbyte)
2412 170551           (1/cmds/disasm.asm):02892         chk.f1              lbsr      mvchr004            Add '#'
2415 170552           (1/cmds/disasm.asm):02893                             lbsr      mvchr005            Add '$'
2418 17040A           (1/cmds/disasm.asm):02894                             lbsr      getbyte             Get the 1 byte immediate value
241B 1703C5           (1/cmds/disasm.asm):02895                             lbsr      merghex             Add it to output
241E 170541           (1/cmds/disasm.asm):02896                             lbsr      mvchr003            Add ','
2421 D635             (1/cmds/disasm.asm):02897                             ldb       <testbyte           Get back original opcode
2423 C4F0             (1/cmds/disasm.asm):02898                             andb      #%11110000          Mask out all but mode nibble
2425 1027FC9B         (1/cmds/disasm.asm):02899                             lbeq      chk.ff              If Direct page mode, do that
2429 C160             (1/cmds/disasm.asm):02900                             cmpb      #%01100000          Indexed?
242B 1027FD8A         (1/cmds/disasm.asm):02901                             lbeq      chk.f8              Yes, do it
242F C170             (1/cmds/disasm.asm):02902                             cmpb      #%01110000          Extended?
2431 27BA             (1/cmds/disasm.asm):02903                             beq       chk.f4              yes, do it
2433 170548           (1/cmds/disasm.asm):02904                             lbsr      mvchr010            Unknown, add '?'
2436 16FCA9           (1/cmds/disasm.asm):02905                             lbra      chk.fd              & exit
                      (1/cmds/disasm.asm):02906         * Bit commands (LDBT, etc.)
2439 1703E9           (1/cmds/disasm.asm):02907         chk.f0              lbsr      getbyte             Get register/bit flags
243C C4C0             (1/cmds/disasm.asm):02908                             andb      #%11000000          Mask out all but register bits
243E 2717             (1/cmds/disasm.asm):02909                             beq       iscc                If CC, do that
2440 C140             (1/cmds/disasm.asm):02910                             cmpb      #%01000000          A?
2442 2605             (1/cmds/disasm.asm):02911                             bne       tryb                No, try B
2444 CC6120           (1/cmds/disasm.asm):02912                             ldd       #'a*256+32          Add 'a '
2447 2011             (1/cmds/disasm.asm):02913                             bra       gotregn
2449 C180             (1/cmds/disasm.asm):02914         tryb                cmpb      #%10000000          B?
244B 2605             (1/cmds/disasm.asm):02915                             bne       is.e                No, must be E
244D CC6220           (1/cmds/disasm.asm):02916                             ldd       #'b*256+32          Add 'b '
2450 2008             (1/cmds/disasm.asm):02917                             bra       gotregn
2452 CC6520           (1/cmds/disasm.asm):02918         is.e                ldd       #'e*256+32          Add 'e '
2455 2003             (1/cmds/disasm.asm):02919                             bra       gotregn
2457 CC6363           (1/cmds/disasm.asm):02920         iscc                ldd       #'c*256+'c          cc register
245A 17FD0D           (1/cmds/disasm.asm):02921         gotregn             lbsr      movereg             Add register name
245D 170502           (1/cmds/disasm.asm):02922                             lbsr      mvchr003            Add ','
2460 9628             (1/cmds/disasm.asm):02923                             lda       <byte               Get original byte again
2462 8D2B             (1/cmds/disasm.asm):02924                             bsr       getbit              Output register Bit #
2464 9628             (1/cmds/disasm.asm):02925                             lda       <byte               Get original byte again
2466 44               (1/cmds/disasm.asm):02926                             lsra                          Shift to memory bit #
2467 44               (1/cmds/disasm.asm):02927                             lsra
2468 44               (1/cmds/disasm.asm):02928                             lsra
2469 8D24             (1/cmds/disasm.asm):02929                             bsr       getbit              Output memory bit #
246B 0C2A             (1/cmds/disasm.asm):02930                             inc       <bitcom             Set bit command flag
                      (1/cmds/disasm.asm):02931         * Dupe of direct page stuff
246D 318DECA9         (1/cmds/disasm.asm):02932                             leay      line080,pc          Point to '<u'
2471 0D49             (1/cmds/disasm.asm):02933                             tst       <u.opt              User wants Symbolic labels?
2473 2704             (1/cmds/disasm.asm):02934                             beq       f0.010              Yes, do so
2475 318DECA3         (1/cmds/disasm.asm):02935                             leay      line085,pcr         No, use <$00xx instead
2479 C602             (1/cmds/disasm.asm):02936         f0.010              ldb       #2                  In both cases, 2 chars to merge
247B 17043A           (1/cmds/disasm.asm):02937                             lbsr      mergline            Merge onto current output line
247E 1703A4           (1/cmds/disasm.asm):02938                             lbsr      getbyte             Get direct page address byte
2481 4F               (1/cmds/disasm.asm):02939                             clra                          Make for 4 digit hex number
2482 17036C           (1/cmds/disasm.asm):02940                             lbsr      merghex2            Merge 4 digit hex result onto output line
2485 0D49             (1/cmds/disasm.asm):02941                             tst       <u.opt              Direct page currently @ 0?
2487 2603             (1/cmds/disasm.asm):02942                             bne       nou                 No, skip u stuff
2489 17FEC6           (1/cmds/disasm.asm):02943                             lbsr      indx046             put address in u table & write out line
248C 16FC53           (1/cmds/disasm.asm):02944         nou                 lbra      chk.fd              Write it out & continue
                      (1/cmds/disasm.asm):02945         
                      (1/cmds/disasm.asm):02946         * Output ASCII bit # plus comma
248F 8407             (1/cmds/disasm.asm):02947         getbit              anda      #%00000111          Mask to bit # 0-7
2491 8B30             (1/cmds/disasm.asm):02948                             adda      #'0                 Convert to ASCII digit
2493 1704EA           (1/cmds/disasm.asm):02949                             lbsr      movechar            Add it to output
2496 1604C9           (1/cmds/disasm.asm):02950                             lbra      mvchr003            Add ',' and return
                      (1/cmds/disasm.asm):02951         
                      (1/cmds/disasm.asm):02952         * 8 bit relative offset (bra)
2499 864C             (1/cmds/disasm.asm):02953         reladr.1            lda       #'L                 Add 'L'
249B 1704E2           (1/cmds/disasm.asm):02954                             lbsr      movechar
249E 4F               (1/cmds/disasm.asm):02955                             clra                          D=8 bit relative address offset
249F D628             (1/cmds/disasm.asm):02956                             ldb       <byte
24A1 D312             (1/cmds/disasm.asm):02957                             addd      <address            Add to current address pointer
24A3 C30001           (1/cmds/disasm.asm):02958                             addd      #1                  Adjust for current instruction
24A6 3402             (1/cmds/disasm.asm):02959                             pshs      a
24A8 9628             (1/cmds/disasm.asm):02960                             lda       <byte
24AA 817F             (1/cmds/disasm.asm):02961                             cmpa      #$7f                Negative offset?
24AC 3502             (1/cmds/disasm.asm):02962                             puls      a
24AE 2313             (1/cmds/disasm.asm):02963                             bls       rladr2.1            No, skip ahead
24B0 830100           (1/cmds/disasm.asm):02964                             subd      #$0100              Calculate negative offset
24B3 200E             (1/cmds/disasm.asm):02965                             bra       rladr2.1
                      (1/cmds/disasm.asm):02966         * 16 bit relative offset (bra)
24B5 3402             (1/cmds/disasm.asm):02967         reladr.2            pshs      a
24B7 864C             (1/cmds/disasm.asm):02968                             lda       #'L
24B9 1704C4           (1/cmds/disasm.asm):02969                             lbsr      movechar
24BC 3502             (1/cmds/disasm.asm):02970                             puls      a
24BE D312             (1/cmds/disasm.asm):02971                             addd      <address
24C0 C30001           (1/cmds/disasm.asm):02972                             addd      #1
24C3 0D3E             (1/cmds/disasm.asm):02973         rladr2.1            tst       <pass
24C5 262C             (1/cmds/disasm.asm):02974                             bne       rladr2.4
24C7 31C901F4         (1/cmds/disasm.asm):02975                             leay      labeltab,u
24CB 10A3A4           (1/cmds/disasm.asm):02976         rladr2.2            cmpd      ,y
24CE 2723             (1/cmds/disasm.asm):02977                             beq       rladr2.4
24D0 3122             (1/cmds/disasm.asm):02978                             leay      2,y
24D2 109C37           (1/cmds/disasm.asm):02979                             cmpy      <labladr
24D5 25F4             (1/cmds/disasm.asm):02980                             blo       rladr2.2
24D7 9E37             (1/cmds/disasm.asm):02981                             ldx       <labladr
24D9 ED81             (1/cmds/disasm.asm):02982                             std       ,x++
24DB 9F37             (1/cmds/disasm.asm):02983                             stx       <labladr
24DD 3002             (1/cmds/disasm.asm):02984                             leax      2,x
24DF 9C39             (1/cmds/disasm.asm):02985                             cmpx      <highadr
24E1 2510             (1/cmds/disasm.asm):02986                             blo       rladr2.4
24E3 308DED36         (1/cmds/disasm.asm):02987         rladr2.3            leax      line240,pcr         Error:symbol table full
24E7 108E001C         (1/cmds/disasm.asm):02988                             ldy       #ln240sz
24EB 8602             (1/cmds/disasm.asm):02989                             lda       #2
24ED 103F8C           (1/cmds/disasm.asm):02990                             os9       I$WritLn
24F0 1600AC           (1/cmds/disasm.asm):02991                             lbra      unlink
24F3 1702FB           (1/cmds/disasm.asm):02992         rladr2.4            lbsr      merghex2            Add 4 hex digits & return
24F6 39               (1/cmds/disasm.asm):02993                             rts
                      (1/cmds/disasm.asm):02994         
24F7 10DE00           (1/cmds/disasm.asm):02995         endit               lds       <stackhld           restore stack
24FA 0D3E             (1/cmds/disasm.asm):02996         endit010            tst       <pass
24FC 2608             (1/cmds/disasm.asm):02997                             bne       endit020
                      (1/cmds/disasm.asm):02998         *        ldx   <highadr
                      (1/cmds/disasm.asm):02999         *        ldd   <utabend
                      (1/cmds/disasm.asm):03000         *        subd  <highadr
                      (1/cmds/disasm.asm):03001         *        tfr   d,y
                      (1/cmds/disasm.asm):03002         *        lda   #2
                      (1/cmds/disasm.asm):03003         *        os9   I$Write
                      (1/cmds/disasm.asm):03004         *        lbcs  exit
                      (1/cmds/disasm.asm):03005         *        lbra  clrexit
24FE 0C3E             (1/cmds/disasm.asm):03006         endit015            inc       <pass
2500 1700AC           (1/cmds/disasm.asm):03007                             lbsr      close
2503 16F64B           (1/cmds/disasm.asm):03008                             lbra      restart
2506 D626             (1/cmds/disasm.asm):03009         endit020            ldb       <readcnt
2508 2725             (1/cmds/disasm.asm):03010                             beq       endit024
250A 0C27             (1/cmds/disasm.asm):03011                             inc       <readclr
250C 4F               (1/cmds/disasm.asm):03012                             clra
250D DD22             (1/cmds/disasm.asm):03013                             std       <temp
250F DC12             (1/cmds/disasm.asm):03014                             ldd       <address
2511 9322             (1/cmds/disasm.asm):03015                             subd      <temp
2513 DD12             (1/cmds/disasm.asm):03016                             std       <address
2515 30C901E0         (1/cmds/disasm.asm):03017                             leax      readbuff,u
2519 E680             (1/cmds/disasm.asm):03018         endit022            ldb       ,x+
251B 9F24             (1/cmds/disasm.asm):03019                             stx       <readpos
251D D728             (1/cmds/disasm.asm):03020                             stb       <byte
251F 1704A1           (1/cmds/disasm.asm):03021                             lbsr      fcbline
2522 DC12             (1/cmds/disasm.asm):03022                             ldd       <address
2524 C30001           (1/cmds/disasm.asm):03023                             addd      #1
2527 DD12             (1/cmds/disasm.asm):03024                             std       <address
2529 9E24             (1/cmds/disasm.asm):03025                             ldx       <readpos
252B 0A26             (1/cmds/disasm.asm):03026                             dec       <readcnt
252D 26EA             (1/cmds/disasm.asm):03027                             bne       endit022
252F 0D48             (1/cmds/disasm.asm):03028         endit024            tst       <z.opt
2531 102605DB         (1/cmds/disasm.asm):03029                             lbne      clrexit
2535 0D46             (1/cmds/disasm.asm):03030                             tst       <s.opt
2537 10260058         (1/cmds/disasm.asm):03031                             lbne      endit032            don't print eom etc.
253B 0F27             (1/cmds/disasm.asm):03032                             clr       <readclr
253D 17035D           (1/cmds/disasm.asm):03033                             lbsr      clrline
2540 1703C5           (1/cmds/disasm.asm):03034                             lbsr      adrmove
2543 8EFFFF           (1/cmds/disasm.asm):03035                             ldx       #$ffff
2546 9F1C             (1/cmds/disasm.asm):03036                             stx       <modend
2548 1702DA           (1/cmds/disasm.asm):03037                             lbsr      getbyte
254B 1702D7           (1/cmds/disasm.asm):03038                             lbsr      getbyte
254E 1702D4           (1/cmds/disasm.asm):03039                             lbsr      getbyte
2551 318DEC2A         (1/cmds/disasm.asm):03040                             leay      line170,pcr
2555 C60E             (1/cmds/disasm.asm):03041                             ldb       #ln170sz
2557 17035E           (1/cmds/disasm.asm):03042                             lbsr      mergline
255A 17036D           (1/cmds/disasm.asm):03043                             lbsr      writline
255D 1703A8           (1/cmds/disasm.asm):03044                             lbsr      adrmove
2560 318DEC29         (1/cmds/disasm.asm):03045                             leay      line180,pcr
2564 C611             (1/cmds/disasm.asm):03046                             ldb       #ln180sz
2566 17034F           (1/cmds/disasm.asm):03047                             lbsr      mergline
2569 17035E           (1/cmds/disasm.asm):03048                             lbsr      writline
256C 1703B4           (1/cmds/disasm.asm):03049                             lbsr      moveadr
256F 30C878           (1/cmds/disasm.asm):03050                             leax      holdline,u
2572 A684             (1/cmds/disasm.asm):03051                             lda       ,x
2574 8120             (1/cmds/disasm.asm):03052                             cmpa      #$20
2576 270C             (1/cmds/disasm.asm):03053                             beq       endit030
2578 318DEC2F         (1/cmds/disasm.asm):03054                             leay      line190,pcr
257C C607             (1/cmds/disasm.asm):03055                             ldb       #ln190sz
257E 170337           (1/cmds/disasm.asm):03056                             lbsr      mergline
2581 170346           (1/cmds/disasm.asm):03057                             lbsr      writline
2584 170316           (1/cmds/disasm.asm):03058         endit030            lbsr      clrline
2587 318DEC13         (1/cmds/disasm.asm):03059                             leay      line181,pcr
258B C60D             (1/cmds/disasm.asm):03060                             ldb       #ln181sz
258D 170328           (1/cmds/disasm.asm):03061                             lbsr      mergline
2590 170337           (1/cmds/disasm.asm):03062                             lbsr      writline
2593 8D1A             (1/cmds/disasm.asm):03063         endit032            bsr       close
                      (1/cmds/disasm.asm):03064         
                      (1/cmds/disasm.asm):03065                             ifeq      testing-1
                      (1/cmds/disasm.asm):03066                             lbsr      clrline
                      (1/cmds/disasm.asm):03067                             lda       #$20
                      (1/cmds/disasm.asm):03068                             lbsr      movechar
                      (1/cmds/disasm.asm):03069                             lbsr      writline
                      (1/cmds/disasm.asm):03070                             leay      labeltab,u
2595.                 (1/cmds/disasm.asm):03071         endit040            ldd       ,y++
                      (1/cmds/disasm.asm):03072                             pshs      y
                      (1/cmds/disasm.asm):03073                             lda       #'*
                      (1/cmds/disasm.asm):03074                             lbsr      movechar
                      (1/cmds/disasm.asm):03075                             lda       #$20
                      (1/cmds/disasm.asm):03076                             lbsr      movechar
                      (1/cmds/disasm.asm):03077                             lbsr      merghex2
                      (1/cmds/disasm.asm):03078                             lbsr      writline
                      (1/cmds/disasm.asm):03079                             puls      y
                      (1/cmds/disasm.asm):03080                             cmpy      <labladr
                      (1/cmds/disasm.asm):03081                             bls       endit040
                      (1/cmds/disasm.asm):03082                             leay      line230,pcr
                      (1/cmds/disasm.asm):03083                             ldb       #ln230sz
                      (1/cmds/disasm.asm):03084                             lbsr      mergline
                      (1/cmds/disasm.asm):03085                             ldd       <labladr
                      (1/cmds/disasm.asm):03086                             leax      labeltab,u
                      (1/cmds/disasm.asm):03087                             stx       <labladr
                      (1/cmds/disasm.asm):03088                             subd      <labladr
                      (1/cmds/disasm.asm):03089                             lsra
                      (1/cmds/disasm.asm):03090                             rorb
                      (1/cmds/disasm.asm):03091                             lbsr      merghex2
                      (1/cmds/disasm.asm):03092                             lbsr      writline
                      (1/cmds/disasm.asm):03093                             endc
                      (1/cmds/disasm.asm):03094         
2595 0D3F             (1/cmds/disasm.asm):03095                             tst       <diskio
2597 10260575         (1/cmds/disasm.asm):03096                             lbne      clrexit
259B 8602             (1/cmds/disasm.asm):03097                             lda       #2
259D 9728             (1/cmds/disasm.asm):03098                             sta       <byte
                      (1/cmds/disasm.asm):03099         
259F DE0C             (1/cmds/disasm.asm):03100         unlink              ldu       <modadr
25A1 103F02           (1/cmds/disasm.asm):03101                             os9       F$UnLink
25A4 10250569         (1/cmds/disasm.asm):03102                             lbcs      exit
25A8 0A28             (1/cmds/disasm.asm):03103                             dec       <byte
25AA 26F3             (1/cmds/disasm.asm):03104                             bne       unlink
25AC 160561           (1/cmds/disasm.asm):03105                             lbra      clrexit
                      (1/cmds/disasm.asm):03106         
25AF 0D3F             (1/cmds/disasm.asm):03107         close               tst       <diskio
25B1 2709             (1/cmds/disasm.asm):03108                             beq       close010
25B3 963D             (1/cmds/disasm.asm):03109                             lda       <path
25B5 103F8F           (1/cmds/disasm.asm):03110                             os9       I$Close
25B8 10250555         (1/cmds/disasm.asm):03111                             lbcs      exit
25BC 39               (1/cmds/disasm.asm):03112         close010            rts
                      (1/cmds/disasm.asm):03113         
                      (1/cmds/disasm.asm):03114         
                      (1/cmds/disasm.asm):03115                             pag
                      (1/cmds/disasm.asm):03116         *
                      (1/cmds/disasm.asm):03117         ******************** descriptor processing ***************************
25BD 17021C           (1/cmds/disasm.asm):03118         descrhdr            lbsr      getbyte2
25C0 DD4C             (1/cmds/disasm.asm):03119                             std       <mgradr
25C2 170217           (1/cmds/disasm.asm):03120                             lbsr      getbyte2
25C5 DD4E             (1/cmds/disasm.asm):03121                             std       <drvadr
25C7 1702D3           (1/cmds/disasm.asm):03122                             lbsr      clrline
25CA 170258           (1/cmds/disasm.asm):03123                             lbsr      getbyte
25CD 1703F3           (1/cmds/disasm.asm):03124                             lbsr      fcbline
25D0 318DF01B         (1/cmds/disasm.asm):03125                             leay      line340,pcr
25D4 C609             (1/cmds/disasm.asm):03126                             ldb       #ln340sz
25D6 1702DF           (1/cmds/disasm.asm):03127                             lbsr      mergline
25D9 1702EE           (1/cmds/disasm.asm):03128                             lbsr      writline
25DC 170246           (1/cmds/disasm.asm):03129                             lbsr      getbyte
25DF 1703E1           (1/cmds/disasm.asm):03130                             lbsr      fcbline
25E2 318DF012         (1/cmds/disasm.asm):03131                             leay      line350,pcr
25E6 C61B             (1/cmds/disasm.asm):03132                             ldb       #ln350sz
25E8 1702CD           (1/cmds/disasm.asm):03133                             lbsr      mergline
25EB 1702DC           (1/cmds/disasm.asm):03134                             lbsr      writline
25EE 1701EB           (1/cmds/disasm.asm):03135                             lbsr      getbyte2
25F1 17041C           (1/cmds/disasm.asm):03136                             lbsr      fdbline
25F4 318DF01B         (1/cmds/disasm.asm):03137                             leay      line360,pcr
25F8 C61C             (1/cmds/disasm.asm):03138                             ldb       #ln360sz
25FA 1702BB           (1/cmds/disasm.asm):03139                             lbsr      mergline
25FD 1702CA           (1/cmds/disasm.asm):03140                             lbsr      writline
2600 170222           (1/cmds/disasm.asm):03141                             lbsr      getbyte
2603 17031D           (1/cmds/disasm.asm):03142                             lbsr      moveadr
2606 4F               (1/cmds/disasm.asm):03143                             clra
2607 D628             (1/cmds/disasm.asm):03144                             ldb       <byte
2609 D312             (1/cmds/disasm.asm):03145                             addd      <address
260B C30001           (1/cmds/disasm.asm):03146                             addd      #1
260E DD53             (1/cmds/disasm.asm):03147                             std       <initsize
2610 318DF022         (1/cmds/disasm.asm):03148                             leay      line380,pcr
2614 C62C             (1/cmds/disasm.asm):03149                             ldb       #ln380sz
2616 17029F           (1/cmds/disasm.asm):03150                             lbsr      mergline
2619 1702AE           (1/cmds/disasm.asm):03151                             lbsr      writline
261C 170206           (1/cmds/disasm.asm):03152                             lbsr      getbyte
261F D750             (1/cmds/disasm.asm):03153                             stb       <desctype
2621 17039F           (1/cmds/disasm.asm):03154                             lbsr      fcbline
2624 318DF03A         (1/cmds/disasm.asm):03155                             leay      line390,pcr
2628 C624             (1/cmds/disasm.asm):03156                             ldb       #ln390sz
262A 17028B           (1/cmds/disasm.asm):03157                             lbsr      mergline
262D 17029A           (1/cmds/disasm.asm):03158                             lbsr      writline
2630 308DF1BB         (1/cmds/disasm.asm):03159                             leax      scfprint,pcr
2634 9F51             (1/cmds/disasm.asm):03160                             stx       <printadr
2636 9650             (1/cmds/disasm.asm):03161                             lda       <desctype
2638 8101             (1/cmds/disasm.asm):03162                             cmpa      #1
263A 2606             (1/cmds/disasm.asm):03163                             bne       getdescr
263C 308DF0A0         (1/cmds/disasm.asm):03164                             leax      rbfprint,pcr
2640 9F51             (1/cmds/disasm.asm):03165                             stx       <printadr
2642 9E51             (1/cmds/disasm.asm):03166         getdescr            ldx       <printadr
2644 A680             (1/cmds/disasm.asm):03167                             lda       ,x+
2646 3410             (1/cmds/disasm.asm):03168                             pshs      x
2648 8132             (1/cmds/disasm.asm):03169                             cmpa      #'2
264A 1027008D         (1/cmds/disasm.asm):03170                             lbeq      descr2
264E 8133             (1/cmds/disasm.asm):03171                             cmpa      #'3
2650 1027008F         (1/cmds/disasm.asm):03172                             lbeq      descr3
2654 1701CE           (1/cmds/disasm.asm):03173                             lbsr      getbyte
2657 DC12             (1/cmds/disasm.asm):03174                             ldd       <address
2659 109353           (1/cmds/disasm.asm):03175                             cmpd      <initsize
265C 2612             (1/cmds/disasm.asm):03176                             bne       desc010
265E 17023C           (1/cmds/disasm.asm):03177                             lbsr      clrline
2661 1702A4           (1/cmds/disasm.asm):03178                             lbsr      adrmove
2664 318DF01E         (1/cmds/disasm.asm):03179                             leay      line400,pcr
2668 C610             (1/cmds/disasm.asm):03180                             ldb       #ln400sz
266A 17024B           (1/cmds/disasm.asm):03181                             lbsr      mergline
266D 17025A           (1/cmds/disasm.asm):03182                             lbsr      writline
2670 DC12             (1/cmds/disasm.asm):03183         desc010             ldd       <address
2672 10931E           (1/cmds/disasm.asm):03184                             cmpd      <nameadr
2675 260C             (1/cmds/disasm.asm):03185                             bne       desc015
2677 318DEAAA         (1/cmds/disasm.asm):03186                             leay      line100,pcr
267B C610             (1/cmds/disasm.asm):03187                             ldb       #ln100sz
267D 30C900B0         (1/cmds/disasm.asm):03188                             leax      holdname,u
2681 2020             (1/cmds/disasm.asm):03189                             bra       desc030
2683 10934C           (1/cmds/disasm.asm):03190         desc015             cmpd      <mgradr
2686 260C             (1/cmds/disasm.asm):03191                             bne       desc020
2688 318DF00A         (1/cmds/disasm.asm):03192                             leay      line410,pcr
268C C610             (1/cmds/disasm.asm):03193                             ldb       #ln410sz
268E 30C900D0         (1/cmds/disasm.asm):03194                             leax      namehold,u
2692 200F             (1/cmds/disasm.asm):03195                             bra       desc030
2694 10934E           (1/cmds/disasm.asm):03196         desc020             cmpd      <drvadr
2697 263D             (1/cmds/disasm.asm):03197                             bne       desc040
2699 318DF009         (1/cmds/disasm.asm):03198                             leay      line420,pcr
269D C610             (1/cmds/disasm.asm):03199                             ldb       #ln420sz
269F 30C900D0         (1/cmds/disasm.asm):03200                             leax      namehold,u
26A3 3410             (1/cmds/disasm.asm):03201         desc030             pshs      x
26A5 3404             (1/cmds/disasm.asm):03202                             pshs      b
26A7 30C86D           (1/cmds/disasm.asm):03203                             leax      holdobj,u
26AA CC2020           (1/cmds/disasm.asm):03204                             ldd       #$2020
26AD ED81             (1/cmds/disasm.asm):03205                             std       ,x++
26AF ED81             (1/cmds/disasm.asm):03206                             std       ,x++
26B1 ED81             (1/cmds/disasm.asm):03207                             std       ,x++
26B3 ED81             (1/cmds/disasm.asm):03208                             std       ,x++
26B5 3504             (1/cmds/disasm.asm):03209                             puls      b
26B7 1701FE           (1/cmds/disasm.asm):03210                             lbsr      mergline
26BA 17024B           (1/cmds/disasm.asm):03211                             lbsr      adrmove
26BD 17020A           (1/cmds/disasm.asm):03212                             lbsr      writline
26C0 3520             (1/cmds/disasm.asm):03213                             puls      y
26C2 1702C2           (1/cmds/disasm.asm):03214                             lbsr      movename
26C5 17015D           (1/cmds/disasm.asm):03215                             lbsr      getbyte
26C8 3510             (1/cmds/disasm.asm):03216                             puls      x
26CA 308DF43F         (1/cmds/disasm.asm):03217                             leax      scfpend,pcr
26CE 3001             (1/cmds/disasm.asm):03218                             leax      1,x
26D0 3410             (1/cmds/disasm.asm):03219                             pshs      x
26D2 9F51             (1/cmds/disasm.asm):03220                             stx       <printadr
26D4 209A             (1/cmds/disasm.asm):03221                             bra       desc010
26D6 1702EA           (1/cmds/disasm.asm):03222         desc040             lbsr      fcbline
26D9 201F             (1/cmds/disasm.asm):03223                             bra       mergdesc
26DB 1700FE           (1/cmds/disasm.asm):03224         descr2              lbsr      getbyte2
26DE 17032F           (1/cmds/disasm.asm):03225                             lbsr      fdbline
26E1 2017             (1/cmds/disasm.asm):03226                             bra       mergdesc
                      (1/cmds/disasm.asm):03227         * descriptor name copy
26E3 9F51             (1/cmds/disasm.asm):03228         descr3              stx       <printadr
26E5 1700F4           (1/cmds/disasm.asm):03229                             lbsr      getbyte2
26E8 170238           (1/cmds/disasm.asm):03230                             lbsr      moveadr
26EB 318DEFC7         (1/cmds/disasm.asm):03231                             leay      line430,pcr
26EF C62A             (1/cmds/disasm.asm):03232                             ldb       #ln430sz
26F1 1701C4           (1/cmds/disasm.asm):03233                             lbsr      mergline
26F4 1701D3           (1/cmds/disasm.asm):03234                             lbsr      writline
26F7 16FF48           (1/cmds/disasm.asm):03235                             lbra      getdescr
                      (1/cmds/disasm.asm):03236         
26FA 5F               (1/cmds/disasm.asm):03237         mergdesc            clrb
26FB 3510             (1/cmds/disasm.asm):03238                             puls      x
26FD 3410             (1/cmds/disasm.asm):03239                             pshs      x
26FF A680             (1/cmds/disasm.asm):03240         desc050             lda       ,x+
2701 810D             (1/cmds/disasm.asm):03241                             cmpa      #$0d
2703 2703             (1/cmds/disasm.asm):03242                             beq       desc060
2705 5C               (1/cmds/disasm.asm):03243                             incb
2706 20F7             (1/cmds/disasm.asm):03244                             bra       desc050
2708 9F51             (1/cmds/disasm.asm):03245         desc060             stx       <printadr
                      (1/cmds/disasm.asm):03246         *         leax  -2,x
270A A683             (1/cmds/disasm.asm):03247                             lda       ,--x
270C 813F             (1/cmds/disasm.asm):03248                             cmpa      #'?
270E 2604             (1/cmds/disasm.asm):03249                             bne       desc070
2710 301F             (1/cmds/disasm.asm):03250                             leax      -1,x
2712 9F51             (1/cmds/disasm.asm):03251                             stx       <printadr
2714 3520             (1/cmds/disasm.asm):03252         desc070             puls      y
2716 17019F           (1/cmds/disasm.asm):03253                             lbsr      mergline
2719 1701AE           (1/cmds/disasm.asm):03254                             lbsr      writline
271C 16FF23           (1/cmds/disasm.asm):03255                             lbra      getdescr
                      (1/cmds/disasm.asm):03256         
                      (1/cmds/disasm.asm):03257         **********************************************************************
                      (1/cmds/disasm.asm):03258         *######################################################################
                      (1/cmds/disasm.asm):03259         * subroutines
                      (1/cmds/disasm.asm):03260         *######################################################################
                      (1/cmds/disasm.asm):03261         
                      (1/cmds/disasm.asm):03262         
                      (1/cmds/disasm.asm):03263         ***********************************************************************
                      (1/cmds/disasm.asm):03264         *                                                                     *
                      (1/cmds/disasm.asm):03265         * U$hexin - converts hex characters to binary digits                  *
                      (1/cmds/disasm.asm):03266         *                                                                     *
                      (1/cmds/disasm.asm):03267         * Entry: x=start address of digits to convert                         *
                      (1/cmds/disasm.asm):03268         *                                                                     *
                      (1/cmds/disasm.asm):03269         * Exit:  x=same as entry                                              *
                      (1/cmds/disasm.asm):03270         *        y=# of converted bytes                                       *
                      (1/cmds/disasm.asm):03271         *                                                                     *
                      (1/cmds/disasm.asm):03272         ***********************************************************************
                      (1/cmds/disasm.asm):03273         
271F 3406             (1/cmds/disasm.asm):03274         u$hexin             pshs      a,b
2721 3410             (1/cmds/disasm.asm):03275                             pshs      x
2723 3184             (1/cmds/disasm.asm):03276                             leay      ,x                  move start addr for scan
2725 8D10             (1/cmds/disasm.asm):03277         hexin010            bsr       hexin030            convert bytes
2727 2504             (1/cmds/disasm.asm):03278                             bcs       hexin020            exit if done
2729 E780             (1/cmds/disasm.asm):03279                             stb       ,x+                 move the converted byte in
272B 20F8             (1/cmds/disasm.asm):03280                             bra       hexin010            go back & get more
272D 1F10             (1/cmds/disasm.asm):03281         hexin020            tfr       x,d                 get current byte position
272F A3E4             (1/cmds/disasm.asm):03282                             subd      ,s                  subtract start position
2731 1F02             (1/cmds/disasm.asm):03283                             tfr       d,y                 move the length of the string
2733 3510             (1/cmds/disasm.asm):03284                             puls      x
2735 3586             (1/cmds/disasm.asm):03285                             puls      a,b,pc              done
                      (1/cmds/disasm.asm):03286         
2737 E6A0             (1/cmds/disasm.asm):03287         hexin030            ldb       ,y+                 get char
2739 C12C             (1/cmds/disasm.asm):03288                             cmpb      #',                 was it a comma??
                      (1/cmds/disasm.asm):03289         *         bne   hexin050 no..don't skip it
273B 27FA             (1/cmds/disasm.asm):03290                             beq       hexin030            skip it
                      (1/cmds/disasm.asm):03291         *hexin040 ldb   ,y+ get next char
273D C120             (1/cmds/disasm.asm):03292         hexin050            cmpb      #$20                was it a space
                      (1/cmds/disasm.asm):03293         *        beq   hexin040 yes...skip it & get next char
273F 27F6             (1/cmds/disasm.asm):03294                             beq       hexin030            yes...skip it & get next char
2741 313F             (1/cmds/disasm.asm):03295                             leay      -$01,y              else back up to point to the char
2743 8D18             (1/cmds/disasm.asm):03296                             bsr       hexin080            convert it
2745 2515             (1/cmds/disasm.asm):03297                             bcs       hexin070            done....exit
2747 3404             (1/cmds/disasm.asm):03298                             pshs      b                   save the byte
2749 8D12             (1/cmds/disasm.asm):03299                             bsr       hexin080            convert next byte
274B 250C             (1/cmds/disasm.asm):03300                             bcs       hexin060            exit if done
274D 68E4             (1/cmds/disasm.asm):03301                             asl       ,s                  shift saved char to put in high 4 bits
274F 68E4             (1/cmds/disasm.asm):03302                             asl       ,s
2751 68E4             (1/cmds/disasm.asm):03303                             asl       ,s
2753 68E4             (1/cmds/disasm.asm):03304                             asl       ,s
2755 EBE4             (1/cmds/disasm.asm):03305                             addb      ,s                  and move in low 4 bits
2757 E7E4             (1/cmds/disasm.asm):03306                             stb       ,s                  save the byte
2759 5F               (1/cmds/disasm.asm):03307         hexin060            clrb                          clear the carry flag
275A 3504             (1/cmds/disasm.asm):03308                             puls      b                   restore the saved flag
275C 39               (1/cmds/disasm.asm):03309         hexin070            rts                           return
                      (1/cmds/disasm.asm):03310         
275D E6A4             (1/cmds/disasm.asm):03311         hexin080            ldb       ,y                  get the char in
275F C030             (1/cmds/disasm.asm):03312                             subb      #$30                subtract bias for numbers
2761 C109             (1/cmds/disasm.asm):03313                             cmpb      #$09                was it > 9
2763 2310             (1/cmds/disasm.asm):03314                             bls       hexin100            no...its good
2765 C131             (1/cmds/disasm.asm):03315                             cmpb      #$31                was it 'a'
2767 2502             (1/cmds/disasm.asm):03316                             blo       hexin090            if less than that..skip next
2769 C020             (1/cmds/disasm.asm):03317                             subb      #$20                else make it upper case
276B C007             (1/cmds/disasm.asm):03318         hexin090            subb      #$07                back off so 'A' = $0a
276D C10F             (1/cmds/disasm.asm):03319                             cmpb      #$0F                check if it was a 'F'
276F 2209             (1/cmds/disasm.asm):03320                             bhi       hexin110            if >...error
2771 C10A             (1/cmds/disasm.asm):03321                             cmpb      #$0A                was it a 'A'
2773 2505             (1/cmds/disasm.asm):03322                             bcs       hexin110            if <...error
2775 1CFE             (1/cmds/disasm.asm):03323         hexin100            andcc     #$FE                clear carry bit of cc
2777 3121             (1/cmds/disasm.asm):03324                             leay      $01,y               bump up pointer for next char
2779 39               (1/cmds/disasm.asm):03325                             rts                           return
277A 53               (1/cmds/disasm.asm):03326         hexin110            comb                          set carry flag
277B 39               (1/cmds/disasm.asm):03327                             rts                           return
                      (1/cmds/disasm.asm):03328         
                      (1/cmds/disasm.asm):03329         
                      (1/cmds/disasm.asm):03330         *
                      (1/cmds/disasm.asm):03331         * convert bytes in d to hex, output to hexstrng
                      (1/cmds/disasm.asm):03332         *
277C DD08             (1/cmds/disasm.asm):03333         gethex              std       <dsave
277E 3420             (1/cmds/disasm.asm):03334                             pshs      y
2780 31C82C           (1/cmds/disasm.asm):03335                             leay      hexstrng,u
2783 3404             (1/cmds/disasm.asm):03336                             pshs      b
2785 8D06             (1/cmds/disasm.asm):03337                             bsr       gethx010
2787 3502             (1/cmds/disasm.asm):03338                             puls      a
2789 8D02             (1/cmds/disasm.asm):03339                             bsr       gethx010
278B 35A0             (1/cmds/disasm.asm):03340                             puls      y,pc
278D 3402             (1/cmds/disasm.asm):03341         gethx010            pshs      a
278F 44               (1/cmds/disasm.asm):03342                             lsra
2790 44               (1/cmds/disasm.asm):03343                             lsra
2791 44               (1/cmds/disasm.asm):03344                             lsra
2792 44               (1/cmds/disasm.asm):03345                             lsra
2793 8D07             (1/cmds/disasm.asm):03346                             bsr       gethx020
2795 3502             (1/cmds/disasm.asm):03347                             puls      a
2797 840F             (1/cmds/disasm.asm):03348                             anda      #$0f
2799 8D01             (1/cmds/disasm.asm):03349                             bsr       gethx020
279B 39               (1/cmds/disasm.asm):03350                             rts
279C 8B30             (1/cmds/disasm.asm):03351         gethx020            adda      #$30
279E 813A             (1/cmds/disasm.asm):03352                             cmpa      #$3a
27A0 2D02             (1/cmds/disasm.asm):03353                             blt       gethx030
27A2 8B07             (1/cmds/disasm.asm):03354                             adda      #$07
27A4 A7A0             (1/cmds/disasm.asm):03355         gethx030            sta       ,y+
27A6 39               (1/cmds/disasm.asm):03356                             rts
                      (1/cmds/disasm.asm):03357         
                      (1/cmds/disasm.asm):03358         *
                      (1/cmds/disasm.asm):03359         * get decimal value of bytes in d, output in string pointed at by 'y'
                      (1/cmds/disasm.asm):03360         *
27A7 3410             (1/cmds/disasm.asm):03361         getdec              pshs      x
27A9 8E2710           (1/cmds/disasm.asm):03362                             ldx       #10000
27AC 8D15             (1/cmds/disasm.asm):03363                             bsr       getdc010
27AE 8E03E8           (1/cmds/disasm.asm):03364                             ldx       #01000
27B1 8D10             (1/cmds/disasm.asm):03365                             bsr       getdc010
27B3 8E0064           (1/cmds/disasm.asm):03366                             ldx       #00100
27B6 8D0B             (1/cmds/disasm.asm):03367                             bsr       getdc010
27B8 8E000A           (1/cmds/disasm.asm):03368                             ldx       #00010
27BB 8D06             (1/cmds/disasm.asm):03369                             bsr       getdc010
27BD D755             (1/cmds/disasm.asm):03370                             stb       <counter
27BF 8D11             (1/cmds/disasm.asm):03371                             bsr       getdc030
27C1 3590             (1/cmds/disasm.asm):03372                             puls      x,pc
27C3 9F56             (1/cmds/disasm.asm):03373         getdc010            stx       <countdec
27C5 0F55             (1/cmds/disasm.asm):03374                             clr       <counter
27C7 109356           (1/cmds/disasm.asm):03375         getdc020            cmpd      <countdec
27CA 2506             (1/cmds/disasm.asm):03376                             blo       getdc030
27CC 9356             (1/cmds/disasm.asm):03377                             subd      <countdec
27CE 0C55             (1/cmds/disasm.asm):03378                             inc       <counter
27D0 20F5             (1/cmds/disasm.asm):03379                             bra       getdc020
27D2 3404             (1/cmds/disasm.asm):03380         getdc030            pshs      b
27D4 D655             (1/cmds/disasm.asm):03381                             ldb       <counter
27D6 CB30             (1/cmds/disasm.asm):03382                             addb      #$30
27D8 E7A0             (1/cmds/disasm.asm):03383                             stb       ,y+
27DA 3584             (1/cmds/disasm.asm):03384                             puls      b,pc
                      (1/cmds/disasm.asm):03385         
                      (1/cmds/disasm.asm):03386         *
                      (1/cmds/disasm.asm):03387         * read next 2 bytes into 'd'
                      (1/cmds/disasm.asm):03388         *
27DC 8D47             (1/cmds/disasm.asm):03389         getbyte2            bsr       getbyte
27DE 1F98             (1/cmds/disasm.asm):03390                             tfr       b,a
27E0 8D43             (1/cmds/disasm.asm):03391                             bsr       getbyte
27E2 39               (1/cmds/disasm.asm):03392                             rts
                      (1/cmds/disasm.asm):03393         
                      (1/cmds/disasm.asm):03394         *
                      (1/cmds/disasm.asm):03395         * merge last 2 bytes of hexstrng with output line
                      (1/cmds/disasm.asm):03396         *
     27E3             (1/cmds/disasm.asm):03397         merghex             equ       *
27E3 4F               (1/cmds/disasm.asm):03398                             clra
27E4 8D96             (1/cmds/disasm.asm):03399                             bsr       gethex
27E6 31C82C           (1/cmds/disasm.asm):03400                             leay      hexstrng,u
27E9 3122             (1/cmds/disasm.asm):03401                             leay      2,y
27EB C602             (1/cmds/disasm.asm):03402                             ldb       #2
27ED 1700C8           (1/cmds/disasm.asm):03403                             lbsr      mergline
27F0 39               (1/cmds/disasm.asm):03404                             rts
                      (1/cmds/disasm.asm):03405         
                      (1/cmds/disasm.asm):03406         *
                      (1/cmds/disasm.asm):03407         * merge all 4 hex chars to output line
                      (1/cmds/disasm.asm):03408         *
27F1 8D89             (1/cmds/disasm.asm):03409         merghex2            bsr       gethex
27F3 31C82C           (1/cmds/disasm.asm):03410                             leay      hexstrng,u
27F6 C604             (1/cmds/disasm.asm):03411                             ldb       #4
27F8 1700BD           (1/cmds/disasm.asm):03412                             lbsr      mergline
27FB 39               (1/cmds/disasm.asm):03413                             rts
                      (1/cmds/disasm.asm):03414         
                      (1/cmds/disasm.asm):03415         
                      (1/cmds/disasm.asm):03416         *
                      (1/cmds/disasm.asm):03417         * merge significant decimal characters
                      (1/cmds/disasm.asm):03418         *
27FC 3406             (1/cmds/disasm.asm):03419         mergdec             pshs      a,b
27FE 31C830           (1/cmds/disasm.asm):03420                             leay      decstrng,u
2801 8630             (1/cmds/disasm.asm):03421                             lda       #$30
2803 A7A4             (1/cmds/disasm.asm):03422                             sta       ,y
2805 3506             (1/cmds/disasm.asm):03423                             puls      a,b
2807 10830000         (1/cmds/disasm.asm):03424                             cmpd      #0
280B 2605             (1/cmds/disasm.asm):03425                             bne       mergd010
280D C601             (1/cmds/disasm.asm):03426                             ldb       #1
280F 1600A6           (1/cmds/disasm.asm):03427                             lbra      mergline
2812 8D93             (1/cmds/disasm.asm):03428         mergd010            bsr       getdec
2814 31C830           (1/cmds/disasm.asm):03429                             leay      decstrng,u
2817 C606             (1/cmds/disasm.asm):03430                             ldb       #6
2819 5A               (1/cmds/disasm.asm):03431         chkdecln            decb
281A A6A0             (1/cmds/disasm.asm):03432                             lda       ,y+
281C 8130             (1/cmds/disasm.asm):03433                             cmpa      #$30
281E 27F9             (1/cmds/disasm.asm):03434                             beq       chkdecln
2820 313F             (1/cmds/disasm.asm):03435                             leay      -1,y
2822 160093           (1/cmds/disasm.asm):03436                             lbra      mergline
                      (1/cmds/disasm.asm):03437         
                      (1/cmds/disasm.asm):03438         *
                      (1/cmds/disasm.asm):03439         * read 1 byte
                      (1/cmds/disasm.asm):03440         * Exit: B=next byte from program being disassembled (also stored in <byte)
2825 3432             (1/cmds/disasm.asm):03441         getbyte             pshs      x,y,a               Save regs
2827 9E12             (1/cmds/disasm.asm):03442                             ldx       <address            Bump address up by 1
2829 3001             (1/cmds/disasm.asm):03443                             leax      1,x
282B 9F12             (1/cmds/disasm.asm):03444                             stx       <address
282D 3003             (1/cmds/disasm.asm):03445                             leax      3,x                 Bump up size of CRC
282F 9C1C             (1/cmds/disasm.asm):03446                             cmpx      <modend             Are we at the CRC bytes now?
2831 1024FCC2         (1/cmds/disasm.asm):03447                             lbhs      endit               Yes, we are finished disassembling
2835 0D3F             (1/cmds/disasm.asm):03448                             tst       <diskio             Are we disassembling from disk?
2837 260A             (1/cmds/disasm.asm):03449                             bne       getdisk             Yes, get byte from disk path instead of memory
2839 9E1A             (1/cmds/disasm.asm):03450                             ldx       <crntadr            Get ptr to current position in module in memory
283B E680             (1/cmds/disasm.asm):03451                             ldb       ,x+                 Get next byte (puts "in memory" in sync with disk i/o, RG)
                      (1/cmds/disasm.asm):03452         *         leax  1,x
283D 9F1A             (1/cmds/disasm.asm):03453                             stx       <crntadr            Save updated ptr
                      (1/cmds/disasm.asm):03454         *        ldb   ,x           here it throws disk and memory out of sync
283F D728             (1/cmds/disasm.asm):03455                             stb       <byte               Save byte
2841 2012             (1/cmds/disasm.asm):03456                             bra       gotbyte
                      (1/cmds/disasm.asm):03457         *
                      (1/cmds/disasm.asm):03458         * read byte from disk
                      (1/cmds/disasm.asm):03459         *
2843 30C828           (1/cmds/disasm.asm):03460         getdisk             leax      byte,u              Point to where byte will go
2846 108E0001         (1/cmds/disasm.asm):03461                             ldy       #1                  1 byte to read
284A 963D             (1/cmds/disasm.asm):03462                             lda       <path               Get path to disk file we are disassemlbing
284C 103F89           (1/cmds/disasm.asm):03463                             os9       I$Read              Read next byte
284F 1025FCA4         (1/cmds/disasm.asm):03464                             lbcs      endit               Error, we are done
2853 D628             (1/cmds/disasm.asm):03465                             ldb       <byte               Get byte into B
2855 9628             (1/cmds/disasm.asm):03466         gotbyte             lda       <byte               And into A
2857 8D0C             (1/cmds/disasm.asm):03467                             bsr       moveobj             Convert to hex, append to object code listing
                      (1/cmds/disasm.asm):03468         * Isn't this redundant? we have b with <byte from both entry points, and it's preserved in
                      (1/cmds/disasm.asm):03469         * moveobj. (LCB)
2859 D628             (1/cmds/disasm.asm):03470                             ldb       <byte               Get byte back
285B 9E24             (1/cmds/disasm.asm):03471                             ldx       <readpos            Update read position
285D E780             (1/cmds/disasm.asm):03472                             stb       ,x+
285F 9F24             (1/cmds/disasm.asm):03473                             stx       <readpos
2861 0C26             (1/cmds/disasm.asm):03474                             inc       <readcnt            Bump up read byte count
2863 35B2             (1/cmds/disasm.asm):03475                             puls      x,y,a,pc            restore regs & return
                      (1/cmds/disasm.asm):03476         
                      (1/cmds/disasm.asm):03477         *
                      (1/cmds/disasm.asm):03478         * convert 'a' to hex,merge with object code listing
                      (1/cmds/disasm.asm):03479         * Entry: A=byte we are converting
2865 3434             (1/cmds/disasm.asm):03480         moveobj             pshs      x,y,b               Save regs
2867 D640             (1/cmds/disasm.asm):03481                             ldb       <objcnt
2869 C104             (1/cmds/disasm.asm):03482                             cmpb      #4
286B 241A             (1/cmds/disasm.asm):03483                             bhs       moverts
286D 0C40             (1/cmds/disasm.asm):03484                             inc       <objcnt
286F 17FF0A           (1/cmds/disasm.asm):03485                             lbsr      gethex
2872 9E18             (1/cmds/disasm.asm):03486                             ldx       <objadr
2874 31C82C           (1/cmds/disasm.asm):03487                             leay      hexstrng,u
2877 A6A0             (1/cmds/disasm.asm):03488                             lda       ,y+
2879 1701D2           (1/cmds/disasm.asm):03489                             lbsr      getupc
287C A780             (1/cmds/disasm.asm):03490                             sta       ,x+
287E A6A4             (1/cmds/disasm.asm):03491                             lda       ,y
2880 1701CB           (1/cmds/disasm.asm):03492                             lbsr      getupc
2883 A780             (1/cmds/disasm.asm):03493                             sta       ,x+
2885 9F18             (1/cmds/disasm.asm):03494                             stx       <objadr
2887 35B4             (1/cmds/disasm.asm):03495         moverts             puls      x,y,b,pc
                      (1/cmds/disasm.asm):03496         
                      (1/cmds/disasm.asm):03497         *
                      (1/cmds/disasm.asm):03498         * clear one of the hold strings pointed to by 'y'
                      (1/cmds/disasm.asm):03499         *
2889 109F16           (1/cmds/disasm.asm):03500         clrhld              sty       <lineadr
288C 3414             (1/cmds/disasm.asm):03501                             pshs      x,b
288E 1F21             (1/cmds/disasm.asm):03502                             tfr       y,x
2890 318DE7F3         (1/cmds/disasm.asm):03503                             leay      line040,pcr
2894 C628             (1/cmds/disasm.asm):03504                             ldb       #40
2896 8D27             (1/cmds/disasm.asm):03505                             bsr       merge
2898 109E16           (1/cmds/disasm.asm):03506                             ldy       <lineadr
289B 3594             (1/cmds/disasm.asm):03507                             puls      x,b,pc
                      (1/cmds/disasm.asm):03508         
                      (1/cmds/disasm.asm):03509         *
                      (1/cmds/disasm.asm):03510         * clear all parts of the output line
                      (1/cmds/disasm.asm):03511         *
289D 3436             (1/cmds/disasm.asm):03512         clrline             pshs      x,y,a,b
289F 30C878           (1/cmds/disasm.asm):03513                             leax      holdline,u
28A2 9F16             (1/cmds/disasm.asm):03514                             stx       <lineadr
28A4 30C86D           (1/cmds/disasm.asm):03515                             leax      holdobj,u
28A7 9F18             (1/cmds/disasm.asm):03516                             stx       <objadr
28A9 30C860           (1/cmds/disasm.asm):03517                             leax      linenum,u
28AC 0F40             (1/cmds/disasm.asm):03518                             clr       <objcnt
28AE 318DE7D5         (1/cmds/disasm.asm):03519                             leay      line040,pcr
28B2 C650             (1/cmds/disasm.asm):03520                             ldb       #80
28B4 8D09             (1/cmds/disasm.asm):03521                             bsr       merge
28B6 35B6             (1/cmds/disasm.asm):03522                             puls      x,y,a,b,pc
                      (1/cmds/disasm.asm):03523         
                      (1/cmds/disasm.asm):03524         *
                      (1/cmds/disasm.asm):03525         * merge the string pointed to by 'y' with the current line
                      (1/cmds/disasm.asm):03526         *
28B8 9E16             (1/cmds/disasm.asm):03527         mergline            ldx       <lineadr
28BA 8D03             (1/cmds/disasm.asm):03528                             bsr       merge
28BC 9F16             (1/cmds/disasm.asm):03529                             stx       <lineadr
28BE 39               (1/cmds/disasm.asm):03530                             rts
                      (1/cmds/disasm.asm):03531         
                      (1/cmds/disasm.asm):03532         *
                      (1/cmds/disasm.asm):03533         * merge the string pointed to by 'y' with the string pointed to by 'x'
                      (1/cmds/disasm.asm):03534         *
28BF 3402             (1/cmds/disasm.asm):03535         merge               pshs      a
28C1 A6A0             (1/cmds/disasm.asm):03536         merge010            lda       ,y+
28C3 A780             (1/cmds/disasm.asm):03537                             sta       ,x+
28C5 5A               (1/cmds/disasm.asm):03538                             decb
28C6 26F9             (1/cmds/disasm.asm):03539                             bne       merge010
28C8 3582             (1/cmds/disasm.asm):03540                             puls      a,pc
                      (1/cmds/disasm.asm):03541         
                      (1/cmds/disasm.asm):03542         *
                      (1/cmds/disasm.asm):03543         * write the output line to standard output path,then clear line
                      (1/cmds/disasm.asm):03544         *
28CA 3430             (1/cmds/disasm.asm):03545         writline            pshs      x,y
28CC 0D3E             (1/cmds/disasm.asm):03546                             tst       <pass
28CE 2728             (1/cmds/disasm.asm):03547                             beq       wrtln010
28D0 DC58             (1/cmds/disasm.asm):03548                             ldd       <numline
28D2 C30001           (1/cmds/disasm.asm):03549                             addd      #1
28D5 DD58             (1/cmds/disasm.asm):03550                             std       <numline
28D7 31C860           (1/cmds/disasm.asm):03551                             leay      linenum,u
28DA 17FECA           (1/cmds/disasm.asm):03552                             lbsr      getdec
28DD 9E16             (1/cmds/disasm.asm):03553                             ldx       <lineadr
28DF 860D             (1/cmds/disasm.asm):03554                             lda       #$0d
28E1 A780             (1/cmds/disasm.asm):03555                             sta       ,x+
28E3 1F10             (1/cmds/disasm.asm):03556                             tfr       x,d
28E5 30C860           (1/cmds/disasm.asm):03557                             leax      linenum,u
28E8 0D45             (1/cmds/disasm.asm):03558                             tst       <o.opt
28EA 2603             (1/cmds/disasm.asm):03559                             bne       wrtln005
28EC 30C878           (1/cmds/disasm.asm):03560                             leax      holdline,u
28EF 9F22             (1/cmds/disasm.asm):03561         wrtln005            stx       <temp
28F1 9322             (1/cmds/disasm.asm):03562                             subd      <temp
28F3 1F02             (1/cmds/disasm.asm):03563                             tfr       d,y
28F5 17015D           (1/cmds/disasm.asm):03564                             lbsr      send
28F8 8DA3             (1/cmds/disasm.asm):03565         wrtln010            bsr       clrline
28FA 0D27             (1/cmds/disasm.asm):03566                             tst       <readclr
28FC 2608             (1/cmds/disasm.asm):03567                             bne       wrtln020
28FE 30C901E0         (1/cmds/disasm.asm):03568                             leax      readbuff,u
2902 9F24             (1/cmds/disasm.asm):03569                             stx       <readpos
2904 0F26             (1/cmds/disasm.asm):03570                             clr       <readcnt
2906 35B0             (1/cmds/disasm.asm):03571         wrtln020            puls      x,y,pc
                      (1/cmds/disasm.asm):03572         *
                      (1/cmds/disasm.asm):03573         * move the current address to holdadr of output line
                      (1/cmds/disasm.asm):03574         *
2908 3410             (1/cmds/disasm.asm):03575         adrmove             pshs      x
290A DC12             (1/cmds/disasm.asm):03576                             ldd       <address
290C 17FE6D           (1/cmds/disasm.asm):03577                             lbsr      gethex
290F 30C82C           (1/cmds/disasm.asm):03578                             leax      hexstrng,u
2912 31C868           (1/cmds/disasm.asm):03579                             leay      holdadr,u
2915 C604             (1/cmds/disasm.asm):03580                             ldb       #4
2917 A680             (1/cmds/disasm.asm):03581         adrmv010            lda       ,x+
2919 170132           (1/cmds/disasm.asm):03582                             lbsr      getupc
291C A7A0             (1/cmds/disasm.asm):03583                             sta       ,y+
291E 5A               (1/cmds/disasm.asm):03584                             decb
291F 26F6             (1/cmds/disasm.asm):03585                             bne       adrmv010
2921 3590             (1/cmds/disasm.asm):03586                             puls      x,pc
                      (1/cmds/disasm.asm):03587         
                      (1/cmds/disasm.asm):03588         *
                      (1/cmds/disasm.asm):03589         * move the current address if its second pass and its a referenced address
                      (1/cmds/disasm.asm):03590         *
2923 0D3E             (1/cmds/disasm.asm):03591         moveadr             tst       <pass
2925 2716             (1/cmds/disasm.asm):03592                             beq       mvadr020
2927 8DDF             (1/cmds/disasm.asm):03593                             bsr       adrmove
2929 31C901F4         (1/cmds/disasm.asm):03594                             leay      labeltab,u
292D DC12             (1/cmds/disasm.asm):03595                             ldd       <address
292F 109C37           (1/cmds/disasm.asm):03596         mvadr010            cmpy      <labladr
2932 2709             (1/cmds/disasm.asm):03597                             beq       mvadr020
2934 10A3A4           (1/cmds/disasm.asm):03598                             cmpd      ,y
2937 270E             (1/cmds/disasm.asm):03599                             beq       mvadr030
2939 3122             (1/cmds/disasm.asm):03600                             leay      2,y
293B 20F2             (1/cmds/disasm.asm):03601                             bra       mvadr010
293D 318DE746         (1/cmds/disasm.asm):03602         mvadr020            leay      line040,pcr
2941 C609             (1/cmds/disasm.asm):03603                             ldb       #9
2943 17FF72           (1/cmds/disasm.asm):03604                             lbsr      mergline
2946 39               (1/cmds/disasm.asm):03605                             rts
2947 864C             (1/cmds/disasm.asm):03606         mvadr030            lda       #'L
2949 8D35             (1/cmds/disasm.asm):03607                             bsr       movechar
294B DC12             (1/cmds/disasm.asm):03608                             ldd       <address
294D 17FEA1           (1/cmds/disasm.asm):03609                             lbsr      merghex2
2950 318DE733         (1/cmds/disasm.asm):03610                             leay      line040,pcr
2954 C604             (1/cmds/disasm.asm):03611                             ldb       #4
2956 17FF5F           (1/cmds/disasm.asm):03612                             lbsr      mergline
2959 39               (1/cmds/disasm.asm):03613                             rts
                      (1/cmds/disasm.asm):03614         
                      (1/cmds/disasm.asm):03615         *
                      (1/cmds/disasm.asm):03616         * merge predefined characters with the output line
                      (1/cmds/disasm.asm):03617         *
295A 865B             (1/cmds/disasm.asm):03618         mvchr001            lda       #'[
295C 2022             (1/cmds/disasm.asm):03619                             bra       movechar
295E 865D             (1/cmds/disasm.asm):03620         mvchr002            lda       #']
2960 201E             (1/cmds/disasm.asm):03621                             bra       movechar
2962 862C             (1/cmds/disasm.asm):03622         mvchr003            lda       #',
2964 201A             (1/cmds/disasm.asm):03623                             bra       movechar
2966 8623             (1/cmds/disasm.asm):03624         mvchr004            lda       #'#
2968 2016             (1/cmds/disasm.asm):03625                             bra       movechar
296A 8624             (1/cmds/disasm.asm):03626         mvchr005            lda       #'$
296C 2012             (1/cmds/disasm.asm):03627                             bra       movechar
296E 863C             (1/cmds/disasm.asm):03628         mvchr006            lda       #'<
2970 200E             (1/cmds/disasm.asm):03629                             bra       movechar
2972 863E             (1/cmds/disasm.asm):03630         mvchr007            lda       #'>
2974 200A             (1/cmds/disasm.asm):03631                             bra       movechar
2976 862B             (1/cmds/disasm.asm):03632         mvchr008            lda       #'+
2978 2006             (1/cmds/disasm.asm):03633                             bra       movechar
297A 862D             (1/cmds/disasm.asm):03634         mvchr009            lda       #'-
297C 2002             (1/cmds/disasm.asm):03635                             bra       movechar
297E 863F             (1/cmds/disasm.asm):03636         mvchr010            lda       #'?
                      (1/cmds/disasm.asm):03637         *        bra   movechar  fall thru
                      (1/cmds/disasm.asm):03638         
                      (1/cmds/disasm.asm):03639         *
                      (1/cmds/disasm.asm):03640         * merge the char in 'a' with the output line
                      (1/cmds/disasm.asm):03641         *
2980 9E16             (1/cmds/disasm.asm):03642         movechar            ldx       <lineadr
2982 A780             (1/cmds/disasm.asm):03643                             sta       ,x+
2984 9F16             (1/cmds/disasm.asm):03644                             stx       <lineadr
2986 39               (1/cmds/disasm.asm):03645                             rts
                      (1/cmds/disasm.asm):03646         
2987 3420             (1/cmds/disasm.asm):03647         movename            pshs      y
2989 17FF11           (1/cmds/disasm.asm):03648                             lbsr      clrline
298C 8D95             (1/cmds/disasm.asm):03649                             bsr       moveadr
298E 318DE772         (1/cmds/disasm.asm):03650                             leay      line060,pcr
2992 C607             (1/cmds/disasm.asm):03651                             ldb       #ln060sz
2994 17FF21           (1/cmds/disasm.asm):03652                             lbsr      mergline
2997 D628             (1/cmds/disasm.asm):03653                             ldb       <byte
2999 1F98             (1/cmds/disasm.asm):03654                             tfr       b,a
299B 17FEC7           (1/cmds/disasm.asm):03655                             lbsr      moveobj
299E 3520             (1/cmds/disasm.asm):03656                             puls      y
29A0 C180             (1/cmds/disasm.asm):03657         getnm010            cmpb      #$80
29A2 240B             (1/cmds/disasm.asm):03658                             bhs       getnm020
29A4 E7A0             (1/cmds/disasm.asm):03659                             stb       ,y+
29A6 1F98             (1/cmds/disasm.asm):03660                             tfr       b,a
29A8 8DD6             (1/cmds/disasm.asm):03661                             bsr       movechar
29AA 17FE78           (1/cmds/disasm.asm):03662                             lbsr      getbyte
29AD 20F1             (1/cmds/disasm.asm):03663                             bra       getnm010
29AF C080             (1/cmds/disasm.asm):03664         getnm020            subb      #$80
29B1 E7A0             (1/cmds/disasm.asm):03665                             stb       ,y+
29B3 1F98             (1/cmds/disasm.asm):03666                             tfr       b,a
29B5 8DC9             (1/cmds/disasm.asm):03667                             bsr       movechar
29B7 C60D             (1/cmds/disasm.asm):03668                             ldb       #$0d
29B9 E7A4             (1/cmds/disasm.asm):03669                             stb       ,y
29BB 862F             (1/cmds/disasm.asm):03670                             lda       #'/
29BD 8DC1             (1/cmds/disasm.asm):03671                             bsr       movechar
29BF 17FF08           (1/cmds/disasm.asm):03672                             lbsr      writline
29C2 39               (1/cmds/disasm.asm):03673                             rts
                      (1/cmds/disasm.asm):03674         *
                      (1/cmds/disasm.asm):03675         * line type is fcb ...create all parts of fcb line
                      (1/cmds/disasm.asm):03676         *
29C3 17FED7           (1/cmds/disasm.asm):03677         fcbline             lbsr      clrline
29C6 17FF5A           (1/cmds/disasm.asm):03678                             lbsr      moveadr
29C9 318DE751         (1/cmds/disasm.asm):03679                             leay      line090,pcr
29CD C607             (1/cmds/disasm.asm):03680                             ldb       #ln090sz
29CF 17FEE6           (1/cmds/disasm.asm):03681                             lbsr      mergline
29D2 D628             (1/cmds/disasm.asm):03682                             ldb       <byte
29D4 17FE0C           (1/cmds/disasm.asm):03683                             lbsr      merghex
29D7 31C82C           (1/cmds/disasm.asm):03684                             leay      hexstrng,u
29DA 3122             (1/cmds/disasm.asm):03685                             leay      2,y
29DC 3410             (1/cmds/disasm.asm):03686                             pshs      x
                      (1/cmds/disasm.asm):03687         
29DE 9E18             (1/cmds/disasm.asm):03688                             ldx       <objadr
29E0 A6A0             (1/cmds/disasm.asm):03689                             lda       ,y+
29E2 A780             (1/cmds/disasm.asm):03690                             sta       ,x+
29E4 A6A4             (1/cmds/disasm.asm):03691                             lda       ,y
29E6 A780             (1/cmds/disasm.asm):03692                             sta       ,x+
29E8 9F18             (1/cmds/disasm.asm):03693                             stx       <objadr
29EA 3510             (1/cmds/disasm.asm):03694                             puls      x
29EC 8620             (1/cmds/disasm.asm):03695                             lda       #$20
29EE 17FF8F           (1/cmds/disasm.asm):03696                             lbsr      movechar
29F1 0D4B             (1/cmds/disasm.asm):03697                             tst       <descript
29F3 261A             (1/cmds/disasm.asm):03698                             bne       fcbl030
29F5 9628             (1/cmds/disasm.asm):03699                             lda       <byte
29F7 8120             (1/cmds/disasm.asm):03700                             cmpa      #$20
29F9 2311             (1/cmds/disasm.asm):03701                             bls       fcbl020
29FB 817A             (1/cmds/disasm.asm):03702                             cmpa      #'z
29FD 230A             (1/cmds/disasm.asm):03703                             bls       fcbl010
29FF 8080             (1/cmds/disasm.asm):03704                             suba      #$80
2A01 8120             (1/cmds/disasm.asm):03705                             cmpa      #$20
2A03 2307             (1/cmds/disasm.asm):03706                             bls       fcbl020
2A05 817A             (1/cmds/disasm.asm):03707                             cmpa      #'z
2A07 2E03             (1/cmds/disasm.asm):03708                             bgt       fcbl020
2A09 17FF74           (1/cmds/disasm.asm):03709         fcbl010             lbsr      movechar
2A0C 17FEBB           (1/cmds/disasm.asm):03710         fcbl020             lbsr      writline
2A0F 39               (1/cmds/disasm.asm):03711         fcbl030             rts
2A10 3406             (1/cmds/disasm.asm):03712         fdbline             pshs      d
2A12 17FE88           (1/cmds/disasm.asm):03713                             lbsr      clrline
2A15 DC12             (1/cmds/disasm.asm):03714                             ldd       <address
2A17 3406             (1/cmds/disasm.asm):03715                             pshs      d
2A19 830001           (1/cmds/disasm.asm):03716                             subd      #1
2A1C DD12             (1/cmds/disasm.asm):03717                             std       <address
2A1E 17FF02           (1/cmds/disasm.asm):03718                             lbsr      moveadr
2A21 3506             (1/cmds/disasm.asm):03719                             puls      d
2A23 DD12             (1/cmds/disasm.asm):03720                             std       <address
2A25 318DEC06         (1/cmds/disasm.asm):03721                             leay      line370,pcr
2A29 C607             (1/cmds/disasm.asm):03722                             ldb       #ln370sz
2A2B 17FE8A           (1/cmds/disasm.asm):03723                             lbsr      mergline
2A2E 3506             (1/cmds/disasm.asm):03724                             puls      d
2A30 17FDBE           (1/cmds/disasm.asm):03725                             lbsr      merghex2
2A33 31C82C           (1/cmds/disasm.asm):03726                             leay      hexstrng,u
2A36 C604             (1/cmds/disasm.asm):03727                             ldb       #4
2A38 3410             (1/cmds/disasm.asm):03728                             pshs      x
2A3A 9E18             (1/cmds/disasm.asm):03729                             ldx       <objadr
2A3C ECA1             (1/cmds/disasm.asm):03730                             ldd       ,y++
2A3E ED81             (1/cmds/disasm.asm):03731                             std       ,x++
2A40 ECA1             (1/cmds/disasm.asm):03732                             ldd       ,y++
2A42 ED81             (1/cmds/disasm.asm):03733                             std       ,x++
2A44 9F18             (1/cmds/disasm.asm):03734                             stx       <objadr
2A46 3510             (1/cmds/disasm.asm):03735                             puls      x
2A48 8620             (1/cmds/disasm.asm):03736                             lda       #$20
2A4A 17FF33           (1/cmds/disasm.asm):03737                             lbsr      movechar
2A4D 39               (1/cmds/disasm.asm):03738                             rts
                      (1/cmds/disasm.asm):03739         
                      (1/cmds/disasm.asm):03740         
                      (1/cmds/disasm.asm):03741         *
                      (1/cmds/disasm.asm):03742         * convert 'a' to upper case if its a letter
                      (1/cmds/disasm.asm):03743         *
2A4E 817A             (1/cmds/disasm.asm):03744         getupc              cmpa      #'z
2A50 2302             (1/cmds/disasm.asm):03745                             bls       getup010
2A52 84DF             (1/cmds/disasm.asm):03746                             anda      #$df
2A54 39               (1/cmds/disasm.asm):03747         getup010            rts
                      (1/cmds/disasm.asm):03748         
                      (1/cmds/disasm.asm):03749         
                      (1/cmds/disasm.asm):03750         *
                      (1/cmds/disasm.asm):03751         * if its 2nd pass,write the line to standard output path
                      (1/cmds/disasm.asm):03752         *
2A55 0D3E             (1/cmds/disasm.asm):03753         send                tst       <pass
2A57 2709             (1/cmds/disasm.asm):03754                             beq       send010
2A59 8601             (1/cmds/disasm.asm):03755                             lda       #1
2A5B 103F8C           (1/cmds/disasm.asm):03756                             os9       I$WritLn
2A5E 102500AF         (1/cmds/disasm.asm):03757                             lbcs      exit
2A62 17FE38           (1/cmds/disasm.asm):03758         send010             lbsr      clrline
2A65 39               (1/cmds/disasm.asm):03759                             rts
                      (1/cmds/disasm.asm):03760         
                      (1/cmds/disasm.asm):03761         ********* get op ******************
                      (1/cmds/disasm.asm):03762         *  entry: opcode in a / a&b for 2 ops
2A66 9735             (1/cmds/disasm.asm):03763         getop               sta       <testbyte           Save opcode
2A68 5D               (1/cmds/disasm.asm):03764                             tstb                          Check if special
2A69 2626             (1/cmds/disasm.asm):03765                             bne       chkos9              Yes, check for os9 system call
2A6B C606             (1/cmds/disasm.asm):03766                             ldb       #6                  No, 6 bytes/entry (type byte, 5 char string per entry)
2A6D 3D               (1/cmds/disasm.asm):03767                             mul
2A6E 318DDE62         (1/cmds/disasm.asm):03768                             leay      optable,pcr         Point to opcode table
2A72 31AB             (1/cmds/disasm.asm):03769                             leay      d,y                 Point to entry for our opcode
2A74 3121             (1/cmds/disasm.asm):03770         getrest             leay      1,y
2A76 A6A0             (1/cmds/disasm.asm):03771                             lda       ,y+
2A78 1F89             (1/cmds/disasm.asm):03772                             tfr       a,b
2A7A 3404             (1/cmds/disasm.asm):03773                             pshs      b
2A7C C605             (1/cmds/disasm.asm):03774                             ldb       #5                  Size of opcode string
2A7E A6A0             (1/cmds/disasm.asm):03775         moveop              lda       ,y+                 Get char from opcode name
2A80 17FEFD           (1/cmds/disasm.asm):03776                             lbsr      movechar            Copy to output
2A83 5A               (1/cmds/disasm.asm):03777                             decb                          Done whole string?
2A84 26F8             (1/cmds/disasm.asm):03778                             bne       moveop              No, keep copying until done
2A86 3402             (1/cmds/disasm.asm):03779                             pshs      a
2A88 8620             (1/cmds/disasm.asm):03780                             lda       #$20                Done, add a space to output
2A8A 17FEF3           (1/cmds/disasm.asm):03781                             lbsr      movechar
2A8D 3502             (1/cmds/disasm.asm):03782                             puls      a
2A8F 3584             (1/cmds/disasm.asm):03783                             puls      b,pc
                      (1/cmds/disasm.asm):03784         
2A91 C13F             (1/cmds/disasm.asm):03785         chkos9              cmpb      #$3f
2A93 2633             (1/cmds/disasm.asm):03786                             bne       chk10
2A95 318DE6D1         (1/cmds/disasm.asm):03787                             leay      line150,pcr
2A99 C606             (1/cmds/disasm.asm):03788                             ldb       #ln150sz
2A9B 17FE1A           (1/cmds/disasm.asm):03789                             lbsr      mergline
2A9E 8180             (1/cmds/disasm.asm):03790                             cmpa      #$80
2AA0 240A             (1/cmds/disasm.asm):03791                             bhs       i$os9
2AA2 8154             (1/cmds/disasm.asm):03792                             cmpa      #$54
2AA4 2412             (1/cmds/disasm.asm):03793                             bhs       bados9
2AA6 318DD56C         (1/cmds/disasm.asm):03794                             leay      os9f$tab,pcr
2AAA 2011             (1/cmds/disasm.asm):03795                             bra       getos9
                      (1/cmds/disasm.asm):03796         
2AAC 8191             (1/cmds/disasm.asm):03797         i$os9               cmpa      #$91
2AAE 2208             (1/cmds/disasm.asm):03798                             bhi       bados9
2AB0 318DD802         (1/cmds/disasm.asm):03799                             leay      os9i$tab,pcr
2AB4 8080             (1/cmds/disasm.asm):03800                             suba      #$80
2AB6 2005             (1/cmds/disasm.asm):03801                             bra       getos9
2AB8 318DD88A         (1/cmds/disasm.asm):03802         bados9              leay      bados9op,pcr
2ABC 4F               (1/cmds/disasm.asm):03803                             clra
2ABD C608             (1/cmds/disasm.asm):03804         getos9              ldb       #8
2ABF 3D               (1/cmds/disasm.asm):03805                             mul
2AC0 31AB             (1/cmds/disasm.asm):03806                             leay      d,y
2AC2 3404             (1/cmds/disasm.asm):03807                             pshs      b
2AC4 C608             (1/cmds/disasm.asm):03808                             ldb       #8
2AC6 20B6             (1/cmds/disasm.asm):03809                             bra       moveop
                      (1/cmds/disasm.asm):03810         
2AC8 9735             (1/cmds/disasm.asm):03811         chk10               sta       <testbyte
2ACA C110             (1/cmds/disasm.asm):03812                             cmpb      #$10
2ACC 270C             (1/cmds/disasm.asm):03813                             beq       load10
2ACE C111             (1/cmds/disasm.asm):03814                             cmpb      #$11
2AD0 2702             (1/cmds/disasm.asm):03815                             beq       load11
2AD2 0F35             (1/cmds/disasm.asm):03816                             clr       <testbyte
2AD4 318DDBB0         (1/cmds/disasm.asm):03817         load11              leay      get11tab,pcr
2AD8 2004             (1/cmds/disasm.asm):03818                             bra       loop10
2ADA 318DD870         (1/cmds/disasm.asm):03819         load10              leay      get10tab,pcr
2ADE A6A4             (1/cmds/disasm.asm):03820         loop10              lda       ,y
2AE0 4D               (1/cmds/disasm.asm):03821                             tsta
2AE1 2791             (1/cmds/disasm.asm):03822                             beq       getrest
2AE3 9135             (1/cmds/disasm.asm):03823                             cmpa      <testbyte
2AE5 278D             (1/cmds/disasm.asm):03824                             beq       getrest
2AE7 3127             (1/cmds/disasm.asm):03825                             leay      7,y
2AE9 20F3             (1/cmds/disasm.asm):03826                             bra       loop10
                      (1/cmds/disasm.asm):03827         
2AEB 17FDAF           (1/cmds/disasm.asm):03828         nolink              lbsr      clrline
2AEE 318DE6C0         (1/cmds/disasm.asm):03829                             leay      line200,pcr
2AF2 C61D             (1/cmds/disasm.asm):03830                             ldb       #ln200sz
2AF4 17FDC1           (1/cmds/disasm.asm):03831                             lbsr      mergline
2AF7 109E04           (1/cmds/disasm.asm):03832                             ldy       <xreghold
2AFA C620             (1/cmds/disasm.asm):03833                             ldb       #$20
2AFC 17FDB9           (1/cmds/disasm.asm):03834                             lbsr      mergline
2AFF 860D             (1/cmds/disasm.asm):03835                             lda       #$0d
2B01 17FE7C           (1/cmds/disasm.asm):03836                             lbsr      movechar
2B04 30C878           (1/cmds/disasm.asm):03837                             leax      holdline,u
2B07 108E0050         (1/cmds/disasm.asm):03838                             ldy       #$50
                      (1/cmds/disasm.asm):03839         
                      (1/cmds/disasm.asm):03840         *
                      (1/cmds/disasm.asm):03841         * error encountered - print error to standard error path
                      (1/cmds/disasm.asm):03842         *
2B0B 8602             (1/cmds/disasm.asm):03843         prterror            lda       #2
2B0D 103F8C           (1/cmds/disasm.asm):03844                             os9       I$WritLn
2B10 5F               (1/cmds/disasm.asm):03845         clrexit             clrb
2B11 103F06           (1/cmds/disasm.asm):03846         exit                os9       F$Exit
                      (1/cmds/disasm.asm):03847         
2B14 6E49BC           (1/cmds/disasm.asm):03848                             emod
     2B17             (1/cmds/disasm.asm):03849         eom                 equ       *
                      (1/cmds/disasm.asm):03850                             end

Symbol Table:
[ G] address                          0012
[ G] addrsave                         0014
[ G] adrmove                          2908
[ G] adrmv010                         2917
[ G] APPKEY_OPEN_LEN                  0006
[ G] atrvhold                         0042
[ G] attr.m                           1EBC
[ G] attr.r                           1EB4
[SG] attrev                           0081
[ G] AttrMask                         00F0
[ G] B110                             0000
[ G] B115200                          000A
[ G] B1200                            0003
[ G] B19200                           0007
[ G] B2400                            0004
[ G] B300                             0001
[ G] B38400                           0008
[ G] B4800                            0005
[ G] B57600                           0009
[ G] B600                             0002
[ G] B9600                            0006
[ G] badindx                          0FC3
[ G] badinstr                         0040
[ G] badlang                          1E4B
[ G] badopt                           1D51
[ G] bados9                           2AB8
[ G] bados9op                         0346
[ G] badreg                           2167
[ G] badtype                          1E13
[ G] BIT_CLK                          0000
[ G] BIT_CMD                          0007
[ G] BIT_CMD_RDY                      0007
[ G] BIT_MISO                         0000
[ G] BIT_MOSI                         0001
[ G] BIT_PROCEED                      0006
[ G] bitcom                           002A
[ G] BMAPSZ                           0020
[ G] BootStr                          0014
[ G] Bt.Sec                           0000
[ G] Bt.Size                          1F00
[ G] Bt.Start                         E100
[ G] Bt.Track                         0000
[ G] BufBusy                          0040
[ G] BUFMOD                           0001
[ G] BufReads                         0010
[ G] BufWrits                         0040
[ G] BuildInfo                        0021
[ G] byte                             0028
[SG] C$BELL                           0007
[SG] C$BSP                            0008
[SG] C$Clsall                         0016
[SG] C$Clsgr                          0015
[SG] C$COMA                           002C
[SG] C$CR                             000D
[SG] C$DEL                            0018
[SG] C$DELETE                         0010
[SG] C$DWN                            001F
[SG] C$EL                             0005
[SG] C$EOF                            001B
[SG] C$FORM                           000C
[SG] C$HOME                           000B
[SG] C$INSERT                         0011
[SG] C$INTR                           0003
[SG] C$LF                             000A
[SG] C$LFT                            001D
[SG] C$NULL                           0000
[SG] C$PAUS                           0017
[SG] C$PERD                           002E
[SG] C$PLINE                          0013
[SG] C$QUIT                           0005
[SG] C$RARR                           0009
[SG] C$RGT                            001C
[SG] C$RPET                           0001
[SG] C$RPRT                           0004
[SG] C$SHRARR                         0019
[SG] C$SI                             000F
[SG] C$SO                             000E
[SG] C$SPAC                           0020
[SG] C$UP                             001E
[SG] C$XOFF                           0013
[SG] C$XON                            0011
[ G] C.FIRQ                           DFC6
[ G] C.IRQ                            DFC8
[ G] C.STACK                          DFC0
[ G] C.SWI                            DFCA
[ G] C.SWI2                           DFC4
[ G] C.SWI3                           DFC2
[ G] Carry                            0001
[ G] CblCode                          0005
[ G] CCode                            0004
[ G] CHANNELMODE_JSON                 0001
[ G] CHANNELMODE_PROTOCOL             0000
[ G] chk.f0                           2439
[ G] chk.f1                           2412
[ G] chk.f2                           2404
[ G] chk.f3                           23FC
[ G] chk.f4                           23ED
[ G] chk.f5                           23E1
[ G] chk.f6                           23D7
[ G] chk.f7                           239C
[ G] chk.f8                           21B9
[ G] chk.f9                           2177
[ G] chk.fa                           20FE
[ G] chk.fb                           20F0
[ G] chk.fc                           20E8
[ G] chk.fd                           20E2
[ G] chk.ff                           20C4
[ G] chk10                            2AC8
[ G] chkattr                          1E68
[ G] chkdecln                         2819
[ G] chklang                          1E3D
[ G] chkopt                           1D22
[ G] chkos9                           2A91
[ G] chkreslt                         20AD
[ G] chkrevs                          1EC5
[ G] close                            25AF
[ G] close010                         25BC
[ G] clrexit                          2B10
[ G] clrhld                           2889
[ G] clrline                          289D
[ G] Condem                           0002
[ G] countdec                         0056
[ G] counter                          0055
[SG] cr                               000D
[ G] CRCCon1                          0080
[ G] CRCCon23                         0FE3
[ G] CRCOff                           0000
[ G] CRCOn                            0001
[ G] crntadr                          001A
[ G] D$GSTA                           0009
[ G] D$INIT                           0000
[ G] D$PSTA                           000C
[ G] D$READ                           0003
[ G] D$TERM                           000F
[ G] D$WRIT                           0006
[ G] D.AltIRQ                         006B
[ G] D.AProcQ                         004D
[ G] D.Boot                           0083
[ G] D.BTHI                           0068
[ G] D.BTLO                           0066
[ G] D.CBStrt                         0071
[ G] D.Clock                          0081
[ G] D.Clock2                         008A
[ G] D.CLTb                           0086
[ G] D.COCOXT                         0009
[ G] D.CRC                            0089
[ G] D.Day                            0055
[ G] D.DbgMem                         000A
[ G] D.DevTbl                         0060
[ G] D.DMAReq                         006A
[ G] D.DskTmr                         006F
[ G] D.DWSrvID                        0010
[ G] D.DWStat                         000E
[ G] D.DWSubAddr                      000C
[ G] D.FIRQ                           0030
[ G] D.FMBM                           0020
[ G] D.Hour                           0056
[ G] D.Init                           002A
[ G] D.IOMH                           005E
[ G] D.IOML                           005C
[ G] D.IRQ                            0032
[ G] D.IRQTmp                         0011
[ G] D.KbdSta                         006D
[ G] D.MDREG                          0088
[ G] D.Min                            0057
[ G] D.MLIM                           0024
[ G] D.ModDir                         0026
[ G] D.Month                          0054
[ G] D.NMI                            0036
[ G] D.Poll                           003A
[ G] D.PolTbl                         0062
[ G] D.PrcDBT                         0049
[ G] D.Proc                           004B
[ G] D.PthDBT                         0064
[ G] D.Sec                            0058
[ G] D.Slice                          0048
[ G] D.SProcQ                         0051
[ G] D.SvcIRQ                         0038
[ G] D.SWI                            0034
[ G] D.SWI2                           002E
[ G] D.SWI3                           002C
[ G] D.SWPage                         0003
[ G] D.SysDis                         0046
[ G] D.SysIRQ                         003E
[ G] D.SysSvc                         0042
[ G] D.Tick                           0059
[ G] D.Time                           0053
[ G] D.TSec                           005A
[ G] D.TSlice                         005B
[ G] D.URtoSs                         0084
[ G] D.UsrDis                         0044
[ G] D.UsrIRQ                         003C
[ G] D.UsrSvc                         0040
[ G] D.WDAddr                         0000
[ G] D.WDBtDr                         0002
[ G] D.WProcQ                         004F
[ G] D.XFIRQ                          010F
[ G] D.XIRQ                           010C
[ G] D.XNMI                           0109
[ G] D.XSWI                           0106
[ G] D.XSWI2                          0103
[ G] D.XSWI3                          0100
[ G] D.Year                           0053
[ G] Data                             0040
[ G] datend                           2000
[ G] DCB_AUX1                         0002
[ G] DCB_AUX2                         0003
[ G] DCB_CHECKSUM                     0004
[ G] DCB_COMMAND                      0001
[ G] DCB_DEVICE                       0000
[ G] DCB_RX_BUFFER                    0008
[ G] DCB_RX_BUFFER_LEN                000A
[ G] DCB_SIZE                         000E
[ G] DCB_TIMEOUT                      000C
[ G] DCB_TX_BUFFER                    0004
[ G] DCB_TX_BUFFER_LEN                0006
[ G] DD.ATT                           000D
[ G] DD.BIT                           0006
[ G] DD.BSZ                           0018
[ G] DD.BT                            0015
[ G] DD.DAT                           001A
[ G] DD.DIR                           0008
[ G] DD.DSK                           000E
[ G] DD.FMT                           0010
[ G] DD.MAP                           0004
[ G] DD.NAM                           001F
[ G] DD.OPT                           003F
[ G] DD.OWN                           000B
[ G] DD.RES                           0013
[ G] DD.SIZ                           0015
[ G] DD.SPT                           0011
[ G] DD.TKS                           0003
[ G] DD.TOT                           0000
[ G] Dead                             0001
[ G] decstrng                         0030
[ G] DefIOSiz                         000C
[ G] desc010                          2670
[ G] desc015                          2683
[ G] desc020                          2694
[ G] desc030                          26A3
[ G] desc040                          26D6
[ G] desc050                          26FF
[ G] desc060                          2708
[ G] desc070                          2714
[ G] descr2                           26DB
[ G] descr3                           26E3
[ G] descrhdr                         25BD
[ G] descript                         004B
[ G] desctype                         0050
[ G] DevCnt                           000D
[ G] Devic                            00F0
[ G] DEVICE_CHANNEL_MODE              00FC
[ G] DEVICE_CLOSE                     0043
[ G] DEVICE_LOGIN                     00FD
[ G] DEVICE_OPEN                      004F
[ G] DEVICE_PARSE                     0050
[ G] DEVICE_QUERY                     0051
[ G] DEVICE_READ                      0052
[ G] DEVICE_STATUS                    0053
[ G] DEVICE_WRITE                     0057
[ G] DEVSIZ                           0009
[ G] devtype                          0FD8
[ G] dfltdrv                          0014
[ G] DIR.                             0080
[ G] DIR.FD                           001D
[ G] DIR.NM                           0000
[ G] DIR.SZ                           0020
[ G] DIR_ENTRY_ATTR_LEN               000C
[ G] DIR_ENTRY_FF_DIR                 0001
[ G] DIR_ENTRY_FF_TRUNC               0002
[ G] DIR_ENTRY_FT_UNKNOWN             0000
[ G] DISK_SECTOR_SIZE                 0100
[ G] diskio                           003F
[ G] diskmod                          1D5C
[ G] DIV0                             0080
[ G] DNS.DTD                          0002
[ G] DNS.FM                           0000
[ G] DNS.FM0                          0000
[ G] DNS.MFM                          0001
[ G] DNS.MFM0                         0004
[ G] DNS.STD                          0000
[ G] dofcb                            20BE
[ G] Drivr                            00E0
[ G] drvadr                           004E
[ G] DRVBEG                           000F
[ G] DRVMEM                           0026
[ G] dsave                            0008
[ G] DT.CDFM                          0005
[ G] DT.NFM                           0004
[ G] DT.Pipe                          0002
[ G] DT.RBF                           0001
[ G] DT.RFM                           0006
[ G] DT.SBF                           0003
[ G] DT.SCF                           0000
[ G] E$Alias                          00C7
[ G] E$ArrOvf                         0049
[ G] E$BadBuf                         00C2
[ G] E$BMCRC                          00E8
[ G] E$BMHP                           00EC
[ G] E$BMID                           00CD
[ G] E$BMode                          00CB
[ G] E$BNam                           00EB
[ G] E$BPAddr                         00D2
[ G] E$BPNam                          00D7
[ G] E$BPNum                          00C9
[ G] E$BPrcID                         00E0
[ G] E$BTyp                           00F9
[ G] E$BufSiz                         00BF
[ G] E$Bug                            00BE
[ G] E$CEF                            00DA
[ G] E$CRC                            00F3
[ G] E$DeadLk                         00FE
[ G] E$DelSP                          00DF
[ G] E$DevBsy                         00FA
[ G] E$DevOvf                         00CC
[ G] E$DIDC                           00FB
[ G] E$DimLrg                         0019
[ G] E$DirFul                         00CE
[ G] E$DivZer                         002D
[ G] E$Dn                             00C6
[ G] E$DNE                            00EE
[ G] E$EndQou                         0029
[ G] E$EOF                            00D3
[ G] E$ExcVrb                         000B
[ G] E$FltOvf                         0032
[ G] E$FNA                            00D6
[ G] E$Full                           00F8
[ G] E$HangUp                         00DC
[ G] E$IBA                            00DB
[ G] E$IChRef                         000E
[ G] E$ICoord                         00BD
[ G] E$ICOvf                          000D
[ G] E$IForkP                         00E6
[ G] E$IllA                           0043
[ G] E$IllArg                         00BB
[ G] E$IllCmd                         00C0
[ G] E$IllCnt                         0044
[ G] E$IllDec                         0048
[ G] E$IllDim                         0015
[ G] E$IllExp                         0047
[ G] E$IllFOR                         0046
[ G] E$IllInp                         003D
[ G] E$IllIVr                         004D
[ G] E$IllLit                         0016
[ G] E$IllMod                         000F
[ G] E$IllNum                         0010
[ G] E$IllOpd                         0012
[ G] E$IllOpr                         0013
[ G] E$IllPNm                         0040
[ G] E$IllPrf                         0011
[ G] E$IllRet                         0017
[ G] E$IllRFN                         0014
[ G] E$IllSfx                         0018
[ G] E$IllStC                         000C
[ G] E$IOConv                         003C
[ G] E$IOFRpt                         003E
[ G] E$IOFSyn                         003F
[ G] E$IOMism                         003A
[ G] E$IONum                          003B
[ G] E$IPrcID                         00E0
[ G] E$ISWI                           00E3
[ G] E$IWDef                          00C3
[ G] E$IWTyp                          00B7
[ G] E$KwnMod                         00E7
[ G] E$LinLrg                         001A
[ G] E$LnComp                         0033
[ G] E$Lock                           00FC
[ G] E$MemFul                         00CF
[ G] E$MFull                          0020
[ G] E$MltLin                         004B
[ G] E$MltVar                         004C
[ G] E$MNF                            00DD
[ G] E$ModBsy                         00D1
[ G] E$MulPrc                         002C
[ G] E$NEMod                          00EA
[ G] E$NES                            00D5
[ G] E$NFont                          00B9
[ G] E$NoAssg                         001B
[ G] E$NoChld                         00E2
[ G] E$NoComa                         001D
[ G] E$NoData                         004F
[ G] E$NoDim                          001E
[ G] E$NoDO                           001F
[ G] E$NoGoto                         0021
[ G] E$NoLPar                         0022
[ G] E$NoLRef                         0023
[ G] E$NonRcO                         0042
[ G] E$NoOprd                         0024
[ G] E$NoPath                         001C
[ G] E$NoRAM                          00ED
[ G] E$NoRout                         0030
[ G] E$NoRPar                         0025
[ G] E$NoTask                         00EF
[ G] E$NoTHEN                         0026
[ G] E$NoTO                           0027
[ G] E$NotRdy                         00F6
[ G] E$NoVRef                         0028
[ G] E$ParmEr                         0038
[ G] E$PNNF                           00D8
[ G] E$Poll                           00CA
[ G] E$PrcAbt                         00E4
[ G] E$PrcFul                         00E5
[ G] E$PthFul                         00C8
[ G] E$Read                           00F4
[ G] E$Sect                           00F1
[ G] E$Seek                           00F7
[ G] E$SeekRg                         004E
[ G] E$Share                          00FD
[ G] E$SLF                            00D9
[ G] E$StkOvf                         00BA
[ G] E$StrOvf                         002F
[ G] E$SubLrg                         002A
[ G] E$SubOvf                         0035
[ G] E$SubRng                         0037
[ G] E$SubUnd                         0036
[ G] E$SysOvf                         0039
[ G] E$TblFul                         00C1
[ G] E$TypMis                         002E
[ G] E$UndLin                         004A
[ G] E$UndVar                         0031
[ G] E$Unit                           00F0
[ G] E$UnkPrc                         002B
[ G] E$UnkSvc                         00D0
[ G] E$UnkSym                         000A
[ G] E$UnmCnt                         0045
[ G] E$Up                             00C5
[ G] E$USigP                          00E9
[ G] E$ValRng                         0034
[ G] E$WADef                          00B8
[ G] E$WP                             00F2
[ G] E$Write                          00F5
[ G] E$WrSub                          0041
[ G] E$WUndef                         00C4
[ G] edition                          0036
[SG] edtn                             0006
[ G] endit                            24F7
[ G] endit010                         24FA
[ G] endit015                         24FE
[ G] endit020                         2506
[ G] endit022                         2519
[ G] endit024                         252F
[ G] endit030                         2584
[ G] endit032                         2593
[ G] Entire                           0080
[ G] ENTRY_TYPE_FILE                  0002
[ G] ENTRY_TYPE_FOLDER                0001
[ G] ENTRY_TYPE_LINK                  0003
[ G] ENTRY_TYPE_MENU                  0004
[ G] ENTRY_TYPE_TEXT                  0000
[ G] eom                              2B17
[ G] EXEC.                            0004
[ G] exit                             2B11
[ G] F$All64                          0030
[ G] F$AllBit                         0013
[ G] F$AProc                          002C
[ G] F$Chain                          0005
[ G] F$CmpNam                         0011
[ G] F$CRC                            0017
[ G] F$Debug                          0023
[ G] F$DelBit                         0014
[ G] F$Exit                           0006
[ G] F$Find64                         002F
[ G] F$Fork                           0003
[ G] F$Icpt                           0009
[ G] F$ID                             000C
[ G] F$IODel                          0033
[ G] F$IOQu                           002B
[ G] F$IRQ                            002A
[ G] F$Link                           0000
[ G] F$Load                           0001
[ G] F$Mem                            0007
[ G] F$NProc                          002D
[ G] F$PErr                           000F
[ G] F$PrsNam                         0010
[ G] F$Ret64                          0031
[ G] F$SchBit                         0012
[ G] F$Send                           0008
[ G] F$Sleep                          000A
[ G] F$SPrior                         000D
[ G] F$SRqMem                         0028
[ G] F$SRtMem                         0029
[ G] F$SSpd                           000B
[ G] F$SSvc                           0032
[ G] F$SSWI                           000E
[ G] F$STime                          0016
[ G] F$Time                           0015
[ G] F$UnLink                         0002
[ G] F$VIRQ                           0027
[ G] F$VModul                         002E
[ G] F$Wait                           0004
[ G] f0.010                           2479
[ G] f4.010                           23F3
[ G] f7.010                           23B2
[ G] f7.020                           23C4
[ G] f8.10                            21D5
[ G] f8.15                            2204
[ G] f8.20                            2208
[ G] f8.30                            2216
[ G] fa.020                           2156
[ G] false                            0000
[ G] fcbl010                          2A09
[ G] fcbl020                          2A0C
[ G] fcbl030                          2A0F
[ G] fcbline                          29C3
[ G] FD.ATT                           0000
[ G] FD.Creat                         000D
[ G] FD.DAT                           0003
[ G] FD.LNK                           0008
[ G] FD.LS1                           00FB
[ G] FD.LS2                           00FA
[ G] FD.OWN                           0001
[ G] FD.SEG                           0010
[ G] FD.SIZ                           0009
[ G] fdbline                          2A10
[ G] FDBUF                            0004
[ G] FDSL.A                           0000
[ G] FDSL.B                           0003
[ G] FDSL.S                           0005
[ G] Feature1                         001B
[ G] Feature2                         001C
[ G] ff.010                           20D0
[ G] FILE_STATUS_LEN                  0006
[ G] findname                         1F8E
[ G] FIRQMask                         0040
[ G] FlMgr                            00D0
[ G] FMCDIR                           0009
[ G] FMCLOS                           0024
[ G] FMCREA                           0000
[ G] FMDLET                           000C
[ G] FMGSTA                           001E
[ G] FMMDIR                           0006
[ G] FMOPEN                           0003
[ G] FMRDLN                           0018
[ G] FMREAD                           0012
[ G] FMSEEK                           000F
[ G] FMSSTA                           0021
[ G] FMT.DNS                          0002
[ G] FMT.SIDE                         0001
[ G] FMT.T0DN                         0020
[ G] FMT.TDNS                         0004
[ G] FMWRIT                           0015
[ G] FMWRLN                           001B
[ G] FN_INIT                          00FE
[ G] FN_TIME_HOUR                     0004
[ G] FN_TIME_MDAY                     0003
[ G] FN_TIME_MIN                      0005
[ G] FN_TIME_MONTH                    0002
[ G] FN_TIME_SEC                      0006
[ G] FN_TIME_YEARH                    0000
[ G] FN_TIME_YEARL                    0001
[ G] FNBASE                           E0C2
[ G] FNIO$Exec                        0003
[ G] FNIO$Init                        0000
[ G] FNIO$Term                        0006
[ G] FrtnCode                         0006
[ G] FUJICMD_BASE64_DECODE_COMPUTE    00CB
[ G] FUJICMD_BASE64_DECODE_INPUT      00CC
[ G] FUJICMD_BASE64_DECODE_LENGTH     00CA
[ G] FUJICMD_BASE64_DECODE_OUTPUT     00C9
[ G] FUJICMD_BASE64_ENCODE_COMPUTE    00CF
[ G] FUJICMD_BASE64_ENCODE_INPUT      00D0
[ G] FUJICMD_BASE64_ENCODE_LENGTH     00CE
[ G] FUJICMD_BASE64_ENCODE_OUTPUT     00CD
[ G] FUJICMD_CLOSE_APPKEY             00DB
[ G] FUJICMD_CLOSE_DIRECTORY          00F5
[ G] FUJICMD_CONFIG_BOOT              00D9
[ G] FUJICMD_COPY_FILE                00D8
[ G] FUJICMD_DEVICE_ENABLE_STATUS     00D1
[ G] FUJICMD_DISABLE_DEVICE           00D4
[ G] FUJICMD_ENABLE_DEVICE            00D5
[ G] FUJICMD_GENERATE_GUID            00BB
[ G] FUJICMD_GET_ADAPTERCONFIG        00E8
[ G] FUJICMD_GET_ADAPTERCONFIG_EXTENDED 00C4
[ G] FUJICMD_GET_DEVICE_FULLPATH      00DA
[ G] FUJICMD_GET_DIRECTORY_POSITION   00E5
[ G] FUJICMD_GET_HOST_PREFIX          00E0
[ G] FUJICMD_GET_SCAN_RESULT          00FC
[ G] FUJICMD_GET_SSID                 00FE
[ G] FUJICMD_GET_TIME                 00D2
[ G] FUJICMD_GET_WIFI_ENABLED         00EA
[ G] FUJICMD_GET_WIFISTATUS           00FA
[ G] FUJICMD_HASH_CLEAR               00C2
[ G] FUJICMD_HASH_COMPUTE             00C7
[ G] FUJICMD_HASH_COMPUTE_NO_CLEAR    00C3
[ G] FUJICMD_HASH_INPUT               00C8
[ G] FUJICMD_HASH_LENGTH              00C6
[ G] FUJICMD_HASH_OUTPUT              00C5
[ G] FUJICMD_MOUNT_ALL                00D7
[ G] FUJICMD_MOUNT_HOST               00F9
[ G] FUJICMD_MOUNT_IMAGE              00F8
[ G] FUJICMD_NEW_DISK                 00E7
[ G] FUJICMD_OPEN_APPKEY              00DC
[ G] FUJICMD_OPEN_DIRECTORY           00F7
[ G] FUJICMD_RANDOM_NUMBER            00D3
[ G] FUJICMD_READ_APPKEY              00DD
[ G] FUJICMD_READ_DEVICE_SLOTS        00F2
[ G] FUJICMD_READ_DIR_ENTRY           00F6
[ G] FUJICMD_READ_HOST_SLOTS          00F4
[ G] FUJICMD_RESET                    00FF
[ G] FUJICMD_SCAN_NETWORKS            00FD
[ G] FUJICMD_SET_BOOT_MODE            00D6
[ G] FUJICMD_SET_DEVICE_FULLPATH      00E2
[ G] FUJICMD_SET_DIRECTORY_POSITION   00E4
[ G] FUJICMD_SET_HOST_PREFIX          00E1
[ G] FUJICMD_SET_SSID                 00FB
[ G] FUJICMD_SET_STATUS               0081
[ G] FUJICMD_STATUS                   0053
[ G] FUJICMD_UNMOUNT_HOST             00E6
[ G] FUJICMD_UNMOUNT_IMAGE            00E9
[ G] FUJICMD_WRITE_APPKEY             00DE
[ G] FUJICMD_WRITE_DEVICE_SLOTS       00F1
[ G] FUJICMD_WRITE_HOST_SLOTS         00F3
[ G] FUJINET_MAX_DEVICE_SLOTS         0008
[ G] FUJINET_MAX_HOST_SLOTS           0008
[ G] FUJINET_NETWORK_TIMEOUT          7530
[ G] FUJINET_RC_INVALID               0003
[ G] FUJINET_RC_NO_ACK                0005
[ G] FUJINET_RC_NO_COMPLETE           0006
[ G] FUJINET_RC_NOT_IMPLEMENTED       0001
[ G] FUJINET_RC_NOT_SUPPORTED         0002
[ G] FUJINET_RC_OK                    0000
[ G] FUJINET_RC_TIMEOUT               0004
[ G] FUJINET_TIMEOUT                  3A98
[ G] get10tab                         034E
[ G] get11tab                         0688
[ G] getbit                           248F
[ G] getbyte                          2825
[ G] getbyte2                         27DC
[ G] getdc010                         27C3
[ G] getdc020                         27C7
[ G] getdc030                         27D2
[ G] getdec                           27A7
[ G] getdescr                         2642
[ G] getdisk                          2843
[ G] gethex                           277C
[ G] gethx010                         278D
[ G] gethx020                         279C
[ G] gethx030                         27A4
[ G] getname                          1F9C
[ G] getnm010                         29A0
[ G] getnm020                         29AF
[ G] getop                            2A66
[ G] getopt                           1CAA
[ G] getos9                           2ABD
[ G] getprm                           1C98
[ G] getrest                          2A74
[ G] gets2                            1FC4
[ G] gets3                            1FBB
[ G] getstart                         1FB5
[ G] getup010                         2A54
[ G] getupc                           2A4E
[ G] goodlang                         1E53
[ G] goodtype                         1E1B
[ G] gotbyte                          2855
[ G] gotmod                           1D8F
[ G] gotmod2                          1DA2
[ G] gotmod3                          1DAA
[ G] gotmod4                          1F02
[ G] gotmod5                          1F09
[ G] gotregn                          245A
[ G] gotstart                         1FCD
[ G] gtopt010                         1CBA
[ G] gtopt020                         1CC4
[ G] gtopt030                         1CCE
[ G] gtopt040                         1CD8
[ G] gtopt050                         1CE2
[ G] gtopt060                         1D11
[ G] gtoptS                           1CFC
[ G] gtoptS2                          1D0F
[ G] HalfCrry                         0020
[ G] hexin010                         2725
[ G] hexin020                         272D
[ G] hexin030                         2737
[ G] hexin050                         273D
[ G] hexin060                         2759
[ G] hexin070                         275C
[ G] hexin080                         275D
[ G] hexin090                         276B
[ G] hexin100                         2775
[ G] hexin110                         277A
[ G] hexstrng                         002C
[ G] highadr                          0039
[ G] hldatrv                          0118
[ G] hldrev                           0140
[ G] hldttl                           0168
[ G] hldtylg                          00F0
[ G] holdadr                          0068
[ G] holdline                         0078
[ G] holdname                         00B0
[ G] holdobj                          006D
[SG] HW.Page                          00E0
[ G] I$Attach                         0080
[ G] I$ChgDir                         0086
[ G] I$Close                          008F
[ G] I$Create                         0083
[ G] I$Delete                         0087
[ G] I$DeletX                         0090
[ G] I$Detach                         0081
[ G] I$Dup                            0082
[ G] I$GetStt                         008D
[ G] I$MakDir                         0085
[ G] I$ModDsc                         0091
[ G] I$Open                           0084
[ G] i$os9                            2AAC
[ G] I$Read                           0089
[ G] I$ReadLn                         008B
[ G] I$Seek                           0088
[ G] I$SetStt                         008E
[ G] I$Write                          008A
[ G] I$WritLn                         008C
[ G] ICode                            0002
[ G] ImgChg                           0010
[ G] indirct                          002B
[ G] InDriver                         0020
[ G] indx.10                          22A8
[ G] indx.11                          22B0
[ G] indx.12                          22B8
[ G] indx.13                          22C3
[ G] indx.14                          22CE
[ G] indx.15                          22F0
[ G] indx.2                           221E
[ G] indx.3                           2236
[ G] indx.4                           2254
[ G] indx.5                           227D
[ G] indx.6                           2284
[ G] indx.7                           2288
[ G] indx.8                           2298
[ G] indx.9                           22A0
[ G] indx.E                           228C
[ G] indx.F                           2290
[ G] indx.W                           2294
[ G] indx.Wm                          22DC
[ G] indx010                          22FB
[ G] indx030                          2300
[ G] indx040                          2309
[ G] indx041                          2310
[ G] indx042                          2325
[ G] indx044                          233F
[ G] indx046                          2352
[ G] indx050                          235C
[ G] indx052                          2375
[ G] indx090                          2383
[ G] indx10.1                         22AB
[ G] indx2.1                          222F
[ G] indx3.0                          224B
[ G] indx3.1                          224E
[ G] indx4.1                          2273
[ G] indx5.1                          227F
[ G] indx8.1                          229B
[ G] indxjmp                          2188
[ G] indxregs                         2180
[ G] initsize                         0053
[ G] InitStr                          000E
[ G] InstallName                      001F
[ G] IntMasks                         0050
[ G] IOBASE                           E000
[ G] IOPORTBase                       E0C1
[ G] IRQMask                          0010
[ G] is.e                             2452
[ G] iscc                             2457
[ G] ISIZ.                            0020
[ G] isub010                          238E
[ G] isub020                          2393
[ G] isub025                          2396
[ G] isw                              21CC
[ G] IT.ALF                           0017
[ G] IT.BAU                           0027
[ G] IT.BSE                           0024
[ G] IT.BSO                           0014
[ G] IT.BSP                           001B
[ G] IT.COL                           002C
[ G] IT.CYL                           0017
[ G] IT.D2P                           0028
[ G] IT.DEL                           001C
[ G] IT.DLO                           0015
[ G] IT.DNS                           0016
[ G] IT.DRV                           0013
[ G] IT.DTP                           0012
[ G] IT.DUP                           0020
[ G] IT.DVC                           0012
[ G] IT.EKO                           0016
[ G] IT.EOF                           001E
[ G] IT.EOR                           001D
[ G] IT.Exten                         0022
[ G] IT.ILV                           001F
[ G] IT.INT                           0022
[ G] IT.LLDRV                         0028
[ G] IT.MPI                           002A
[ G] IT.NUL                           0018
[ G] IT.OFS                           0026
[ G] IT.OVF                           0025
[ G] IT.PAG                           001A
[ G] IT.PAR                           0026
[ G] IT.PAU                           0019
[ G] IT.PSC                           0021
[ G] IT.QUT                           0023
[ G] IT.ROW                           002D
[ G] IT.RPR                           001F
[ G] IT.RWC                           0028
[ G] IT.SAS                           0020
[ G] IT.SCT                           001B
[ G] IT.SID                           0019
[ G] IT.SOFF1                         0025
[ G] IT.SOFF2                         0026
[ G] IT.SOFF3                         0027
[ G] IT.SToff                         0024
[ G] IT.STP                           0014
[ G] IT.T0S                           001D
[ G] IT.TFM                           0021
[ G] IT.TYP                           0015
[ G] IT.UPC                           0013
[ G] IT.VFY                           001A
[ G] IT.WPC                           0025
[ G] IT.XOFF                          002B
[ G] IT.XON                           002A
[ G] IT.XTYP                          002E
[ G] labeltab                         01F4
[ G] labladr                          0037
[ G] lang010                          1E63
[ G] LangMask                         000F
[ G] language                         1005
[ G] lbtblend                         1F00
[ G] Level                            0001
[ G] line010                          104C
[ G] line011                          1059
[ G] line020                          105A
[ G] line025                          106A
[ G] line030                          1079
[ G] line040                          1087
[ G] line050                          10D7
[ G] line060                          1104
[ G] line070                          110B
[ G] line080                          111A
[ G] line085                          111C
[ G] line090                          111E
[ G] line100                          1125
[ G] line110                          1135
[ G] line120                          1144
[ G] line130                          1155
[ G] line140                          1166
[ G] line150                          116A
[ G] line160                          1170
[ G] line170                          117F
[ G] line180                          118D
[ G] line181                          119E
[ G] line190                          11AB
[ G] line200                          11B2
[ G] line210                          11CF
[ G] line215                          11DE
[ G] line220                          11FC
[ G] line230                          1200
[ G] line240                          121D
[ G] line250                          1239
[ G] line260                          1252
[ G] line270                          128C
[ G] line280                          157E
[ G] line290                          158D
[ G] line300                          159C
[ G] line310                          15AB
[ G] line320                          15BB
[ G] line330                          15BF
[ G] line340                          15EF
[ G] line350                          15F8
[ G] line360                          1613
[ G] line370                          162F
[ G] line380                          1636
[ G] line390                          1662
[ G] line400                          1686
[ G] line410                          1696
[ G] line420                          16A6
[ G] line430                          16B6
[ G] lineadr                          0016
[ G] linenum                          0060
[ G] ln010sz                          000E
[ G] ln020sz                          0010
[ G] ln025sz                          000F
[ G] ln030sz                          000E
[ G] ln050sz                          002D
[ G] ln060sz                          0007
[ G] ln070sz                          000F
[ G] ln090sz                          0007
[ G] ln100sz                          0010
[ G] ln110sz                          000F
[ G] ln120sz                          0011
[ G] ln130sz                          0011
[ G] ln140sz                          0004
[ G] ln150sz                          0006
[ G] ln160sz                          000F
[ G] ln170sz                          000E
[ G] ln180sz                          0011
[ G] ln181sz                          000D
[ G] ln190sz                          0007
[ G] ln200sz                          001D
[ G] ln210sz                          000F
[ G] ln215sz                          001E
[ G] ln220sz                          0004
[ G] ln230sz                          001D
[ G] ln240sz                          001C
[ G] ln250sz                          0019
[ G] ln260sz                          003A
[ G] ln270sz                          02F2
[ G] ln280sz                          000F
[ G] ln290sz                          000F
[ G] ln300sz                          000F
[ G] ln310sz                          0010
[ G] ln320sz                          0004
[ G] ln330sz                          0030
[ G] ln340sz                          0009
[ G] ln350sz                          001B
[ G] ln360sz                          001C
[ G] ln370sz                          0007
[ G] ln380sz                          002C
[ G] ln390sz                          0024
[ G] ln400sz                          0010
[ G] ln410sz                          0010
[ G] ln420sz                          0010
[ G] ln430sz                          002A
[ G] load10                           2ADA
[ G] load11                           2AD4
[ G] loop10                           2ADE
[ G] LRARAM                           DFD0
[ G] M$DTyp                           0012
[ G] M$Exec                           0009
[ G] M$FMgr                           0009
[ G] M$ID                             0000
[ G] M$ID1                            0087
[ G] M$ID12                           87CD
[ G] M$ID2                            00CD
[ G] M$IDSize                         0009
[ G] M$Mem                            000B
[ G] M$Mode                           000D
[ G] M$Name                           0004
[ G] M$Opt                            0011
[ G] M$Parity                         0008
[ G] M$PDev                           000B
[ G] M$Port                           000E
[ G] M$Revs                           0007
[ G] M$Size                           0002
[ G] M$Type                           0006
[ G] m.opt                            0044
[ G] MASK_CMD                         0080
[ G] MASK_CMD_RDY                     0080
[ G] MASK_MISO                        0001
[ G] MASK_MOSI                        0002
[ G] MASK_PROCEED                     0040
[ G] MASK_SPI                         00FC
[ G] MAX_FILE_HANDLE                  0008
[ G] MAX_FILE_LEN                     0024
[ G] MAX_HOST_LEN                     0020
[ G] MAX_NETWORK_UNITS                0008
[ G] MAX_PATH_LEN                     0100
[ G] MAX_SSID_LEN                     0021
[ G] MAX_SSID_PW_LEN                  0040
[ G] MaxMem                           0009
[ G] MD$ESize                         0004
[ G] MD$Link                          0002
[ G] MD$MPtr                          0000
[SG] mecb                             0001
[SG] MECB.D                           0001
[ G] mem010                           1D71
[ G] mem020                           1D7F
[ G] memmod                           1D71
[ G] mergd010                         2812
[ G] mergdec                          27FC
[ G] mergdesc                         26FA
[ G] merge                            28BF
[ G] merge010                         28C1
[ G] merghex                          27E3
[ G] merghex2                         27F1
[ G] mergline                         28B8
[ G] mgradr                           004C
[SG] MINSEC                           0010
[ G] mname                            000D
[ G] modadr                           000C
[ G] MODE_READ                        0001
[ G] MODE_WRITE                       0002
[ G] modend                           001C
[ G] ModNat                           0020
[ G] ModProt                          0040
[ G] modprot.                         1044
[ G] moveadr                          2923
[ G] moveattr                         1EC2
[ G] movechar                         2980
[ G] movedp                           1F22
[ G] movehdr                          1C88
[ G] movename                         2987
[ G] moveobj                          2865
[ G] moveop                           2A7E
[ G] movereg                          216A
[ G] moverts                          2887
[ G] MSCNT1MHZ                        007A
[ G] MSCNT2MHZ                        00F7
[ G] Multi                            0030
[ G] mvadr010                         292F
[ G] mvadr020                         293D
[ G] mvadr030                         2947
[ G] mvchr001                         295A
[ G] mvchr002                         295E
[ G] mvchr003                         2962
[ G] mvchr004                         2966
[ G] mvchr005                         296A
[ G] mvchr006                         296E
[ G] mvchr007                         2972
[ G] mvchr008                         2976
[ G] mvchr009                         297A
[ G] mvchr010                         297E
[ G] mvreg010                         2176
[ G] nameadr                          001E
[ G] namehold                         00D0
[ G] Negative                         0008
[ G] NET_TRANS_CR                     0001
[ G] NET_TRANS_CRLF                   0003
[ G] NET_TRANS_LF                     0002
[ G] NET_TRANS_NONE                   0000
[ G] NETWORK_ERROR_ACCESS_DENIED      00A7
[ G] NETWORK_ERROR_ADDRESS_IN_USE     00CE
[ G] NETWORK_ERROR_CONNECTION_ABORTED 00D3
[ G] NETWORK_ERROR_CONNECTION_ALREADY_IN_PROGRESS 00CD
[ G] NETWORK_ERROR_CONNECTION_REFUSED 00C8
[ G] NETWORK_ERROR_CONNECTION_RESET   00CC
[ G] NETWORK_ERROR_COULD_NOT_ALLOCATE_BUFFERS 00FF
[ G] NETWORK_ERROR_END_OF_FILE        0088
[ G] NETWORK_ERROR_FILE_EXISTS        0097
[ G] NETWORK_ERROR_FILE_NOT_FOUND     00AA
[ G] NETWORK_ERROR_GENERAL            0090
[ G] NETWORK_ERROR_GENERAL_TIMEOUT    008A
[ G] NETWORK_ERROR_INVALID_COMMAND    0084
[ G] NETWORK_ERROR_INVALID_DEVICESPEC 00A5
[ G] NETWORK_ERROR_INVALID_USERNAME_OR_PASSWORD 00D4
[ G] NETWORK_ERROR_NETWORK_DOWN       00CB
[ G] NETWORK_ERROR_NETWORK_UNREACHABLE 00C9
[ G] NETWORK_ERROR_NO_CONNECTION_WAITING 00D1
[ G] NETWORK_ERROR_NO_SPACE_ON_DEVICE 00A2
[ G] NETWORK_ERROR_NOT_CONNECTED      00CF
[ G] NETWORK_ERROR_NOT_IMPLEMENTED    0092
[ G] NETWORK_ERROR_READ_ONLY          0087
[ G] NETWORK_ERROR_SERVER_NOT_RUNNING 00D0
[ G] NETWORK_ERROR_SERVICE_NOT_AVAILABLE 00D2
[ G] NETWORK_ERROR_SOCKET_TIMEOUT     00CA
[ G] NETWORK_ERROR_SUCCESS            0001
[ G] NETWORK_ERROR_WRITE_ONLY         0083
[ G] NETWORK_STATUS_LEN               0004
[ G] nolink                           2AEB
[ G] normreg                          215E
[ G] normtf                           210C
[SG] NOS9MAJ                          0003
[SG] NOS9MIN                          0000
[SG] NOS9VER                          0003
[ G] notbit                           2388
[ G] notTFM                           212D
[ G] notTFM2                          2150
[ G] notw                             21D0
[ G] nou                              248C
[ G] NUM_HOST_SLOTS                   0008
[ G] numline                          0058
[ G] NumPaths                         0010
[ G] o.opt                            0045
[ G] Obj6309                          0007
[ G] objadr                           0018
[ G] objcnt                           0040
[ G] Objct                            0001
[ G] onebyte                          20A9
[ G] op.cnt                           004A
[ G] open                             1D66
[ G] optable                          08D4
[ G] OPTCNT                           001A
[ G] optest                           1D4D
[ G] OREAD                            0004
[SG] OS9.D                            0001
[ G] os9f$tab                         0016
[ G] os9i$tab                         02B6
[ G] os9ok                            2040
[ G] OSLevel                          0017
[ G] OSMajor                          0019
[ G] OSMinor                          001A
[ G] OSName                           001D
[ G] OSVer                            0018
[ G] OUPDATE                          000C
[ G] OWRITE                           0008
[ G] P$ADDR                           0007
[ G] P$Age                            000C
[ G] P$CHAP                           0006
[ G] P$CID                            0003
[ G] P$DIO                            001A
[ G] P$ID                             0000
[ G] P$IOQN                           0011
[ G] P$IOQP                           0010
[ G] P$NIO                            003B
[ G] P$PagCnt                         0008
[ G] P$PATH                           0026
[ G] P$PID                            0001
[ G] P$PModul                         0012
[ G] P$Prior                          000B
[ G] P$Queue                          000E
[ G] P$SID                            0002
[ G] P$SigDat                         0039
[ G] P$Signal                         0036
[ G] P$SigVec                         0037
[ G] P$Size                           0040
[ G] P$SP                             0004
[ G] P$State                          000D
[ G] P$SWI                            0014
[ G] P$SWI2                           0016
[ G] P$SWI3                           0018
[ G] P$User                           0009
[ G] PAREVEN                          0060
[ G] PARMARK                          00A0
[ G] PARMASK                          00E0
[ G] PARNONE                          0000
[ G] PARODD                           0020
[ G] PARSPACE                         00E0
[ G] pass                             003E
[ G] path                             003D
[ G] pathlist                         0190
[ G] pathok                           1B28
[ G] PCode                            0003
[ G] pcrzero                          0000
[ G] PD.ALF                           0025
[ G] PD.ATT                           0033
[ G] PD.BAU                           0035
[ G] PD.BSE                           0032
[ G] PD.BSO                           0022
[ G] PD.BSP                           0029
[ G] PD.BUF                           0008
[ G] PD.CNT                           0002
[ G] PD.CP                            000B
[ G] PD.CPR                           0005
[ G] PD.CYL                           0025
[ G] PD.D2P                           0036
[ G] PD.DCP                           003A
[ G] PD.DEL                           002A
[ G] PD.DEV                           0003
[ G] PD.DFD                           0037
[ G] PD.DLO                           0023
[ G] PD.DNS                           0024
[ G] PD.DRV                           0021
[ G] PD.DSK                           001C
[ G] PD.DTB                           001E
[ G] PD.DTP                           0020
[ G] PD.DUP                           002E
[ G] PD.DV2                           000A
[ G] PD.DVT                           003E
[ G] PD.EKO                           0024
[ G] PD.EOF                           002C
[ G] PD.EOR                           002B
[ G] PD.ERR                           003A
[ G] PD.Exten                         0030
[ G] PD.FD                            0034
[ G] PD.FST                           000A
[ G] PD.ILV                           002D
[ G] PD.INT                           0030
[ G] PD.MAX                           000D
[ G] PD.MIN                           000F
[ G] PD.MOD                           0001
[ G] PD.NUL                           0026
[ G] PD.OPT                           0020
[ G] PD.OVF                           0033
[ G] PD.PAG                           0028
[ G] PD.PAR                           0034
[ G] PD.PAU                           0027
[ G] PD.PD                            0000
[ G] PD.PLP                           003D
[ G] PD.PSC                           002F
[ G] PD.PST                           003F
[ G] PD.QUT                           0031
[ G] PD.RAW                           000C
[ G] PD.RGS                           0006
[ G] PD.RPR                           002D
[ G] PD.SAS                           002E
[ G] PD.SBL                           0013
[ G] PD.SBP                           0016
[ G] PD.SCT                           0029
[ G] PD.SID                           0027
[ G] PD.SIZ                           000F
[ G] PD.SMF                           000A
[ G] PD.SSZ                           0019
[ G] PD.STM                           0012
[ G] PD.SToff                         0032
[ G] PD.STP                           0022
[ G] PD.STS                           0010
[ G] PD.T0S                           002B
[ G] PD.TBL                           003B
[ G] PD.TFM                           002F
[ G] PD.TYP                           0023
[ G] PD.UPC                           0021
[ G] PD.VFY                           0028
[ G] PD.XOFF                          0039
[ G] PD.XON                           0038
[ G] PDELIM                           002F
[ G] PDIR                             002E
[ G] PDSIZE                           0040
[ G] PENTIR                           0040
[ G] PEXEC.                           0020
[ G] PIA0Base                         E010
[ G] PollCnt                          000C
[ G] POLSIZ                           0009
[ G] PREAD.                           0008
[ G] Prgrm                            0010
[ G] printadr                         0051
[ G] Proc6309                         0002
[ G] Proc6809                         0000
[ G] ProtFlag                         0016
[ G] prterror                         2B0B
[ G] prtmod                           1DE6
[ G] PST.DCD                          0001
[ G] PTM                              E000
[ G] PTMBase                          E000
[ G] PTMCR13                          E000
[ G] PTMCR2                           E001
[ G] PTMSR                            E001
[ G] PTMT1LSB                         E003
[ G] PTMT1MSB                         E002
[ G] PWRIT.                           0010
[ G] Q$FLIP                           0002
[ G] Q$MASK                           0003
[ G] Q$POLL                           0000
[ G] Q$PRTY                           0008
[ G] Q$SERV                           0004
[ G] Q$STAT                           0006
[ G] R$A                              0001
[ G] R$B                              0002
[ G] R$CC                             0000
[ G] R$D                              0001
[ G] R$DP                             0003
[ G] R$PC                             000A
[ G] R$Size                           000C
[ G] R$U                              0008
[ G] R$X                              0004
[ G] R$Y                              0006
[SG] RBF.D                            0001
[ G] rbfprint                         16E0
[ G] RC2014_DEVICEID_CPM              005A
[ G] RC2014_DEVICEID_DISK             0031
[ G] RC2014_DEVICEID_DISK_LAST        003F
[ G] RC2014_DEVICEID_FILE             0061
[ G] RC2014_DEVICEID_FUJINET          0070
[ G] RC2014_DEVICEID_MODEM            0050
[ G] RC2014_DEVICEID_NETWORK          0071
[ G] RC2014_DEVICEID_NETWORK_LAST     0078
[ G] RC2014_DEVICEID_PRINTER          0041
[ G] RC2014_DEVICEID_PRINTER_LAST     0044
[ G] READ.                            0001
[ G] readbuff                         01E0
[ G] readbyte                         1FEA
[ G] readclr                          0027
[ G] readcnt                          0026
[ G] readpos                          0024
[ G] ReEnt                            0080
[ G] reent.                           103E
[ G] register                         0036
[ G] regtab                           0ED5
[ G] reladr.1                         2499
[ G] reladr.2                         24B5
[ G] rest2                            1B74
[ G] rest3                            1B77
[ G] restart                          1B51
[SG] revision                         0001
[ G] revshold                         0043
[ G] RevsMask                         000F
[ G] rladr2.1                         24C3
[ G] rladr2.2                         24CB
[ G] rladr2.3                         24E3
[ G] rladr2.4                         24F3
[ G] rslttab                          2089
[ G] RTCBase                          E0C0
[ G] runtime                          005A
[ G] S$Abort                          0002
[ G] S$Alarm                          0005
[ G] S$HUP                            0004
[ G] S$Intrpt                         0003
[ G] S$Kill                           0000
[ G] S$Wake                           0001
[ G] S$Window                         0004
[ G] S.CharOut                        FFE9
[ G] S.FNexec                         FFE3
[ G] S.Hex2Out                        FFE5
[ G] S.Hex4Out                        FFE7
[ G] s.opt                            0046
[ G] S.StringOut                      FFEB
[ G] s_end                            0010
[ G] s_start                          000E
[ G] Sbrtn                            0020
[SG] SCF.D                            0001
[ G] scfpend                          1B0D
[ G] scfprint                         17EF
[ G] send                             2A55
[ G] send010                          2A62
[ G] SHARE.                           0040
[ G] ShellSub                         0050
[ G] Sign                             0080
[ G] SINBUF                           0002
[ G] size                             0020
[ G] sopt1                            1B79
[ G] sopt2                            1BAC
[ G] sopt3                            1C7D
[ G] sopt4                            1FE3
[ G] SS.AAGBf                         0080
[ G] SS.AlfaS                         001C
[ G] SS.AnPal                         009A
[ G] SS.AScrn                         008B
[ G] SS.Attr                          001C
[ G] SS.BlkRd                         0014
[ G] SS.BlkWr                         0015
[ G] SS.Break                         001D
[ G] SS.CDRel                         009B
[ G] SS.CDSig                         009A
[ G] SS.CDSta                         0099
[ G] SS.Close                         002A
[ G] SS.ComSt                         0028
[ G] SS.Cursr                         0025
[ G] SS.DCmd                          000D
[ G] SS.DevNm                         000E
[ G] SS.DfPal                         0097
[ G] SS.DirEnt                        0020
[ G] SS.DScrn                         008C
[ G] SS.DSize                         0026
[ G] SS.DStat                         0012
[ G] SS.ECC                           00B0
[ G] SS.ELog                          0019
[ G] SS.EOF                           0006
[ G] SS.FBRgs                         0096
[ G] SS.FD                            000F
[ G] SS.FDInf                         0020
[ G] SS.Feed                          0009
[ G] SS.Fill                          00A0
[ G] SS.FndBf                         009B
[ G] SS.Frz                           000A
[ G] SS.FScrn                         008D
[ G] SS.FSig                          002C
[ G] SS.GIP                           0094
[ G] SS.GIP2                          0099
[ G] SS.Hist                          00A1
[ G] SS.HngUp                         002B
[ G] SS.Joy                           0013
[ G] SS.KySns                         0027
[ G] SS.Link                          0007
[ G] SS.Lock                          0011
[ G] SS.MnSel                         0087
[ G] SS.Montr                         0092
[ G] SS.Mount                         0082
[ G] SS.Mouse                         0089
[ G] SS.MpGPB                         0084
[ G] SS.MsSig                         008A
[ G] SS.Open                          0029
[ G] SS.Opt                           0000
[ G] SS.Palet                         0091
[ G] SS.Pos                           0005
[ G] SS.PScrn                         008E
[ G] SS.RdNet                         0083
[ G] SS.Ready                         0001
[ G] SS.Relea                         001B
[ G] SS.Reset                         0003
[ G] SS.Reten                         0016
[ G] SS.RFM                           0018
[ G] SS.RsBit                         001E
[ G] SS.SBar                          0088
[ G] SS.ScInf                         008F
[ G] SS.ScSiz                         0026
[ G] SS.ScTyp                         0093
[ G] SS.SetMF                         0024
[ G] SS.Size                          0002
[ G] SS.SLGBf                         0081
[ G] SS.Slots                         0085
[ G] SS.SPT                           000B
[ G] SS.SQD                           000C
[ G] SS.SSig                          001A
[ G] SS.Ticks                         0010
[ G] SS.Tone                          0098
[ G] SS.ULink                         0008
[ G] SS.UMBar                         0095
[ G] SS.VarSect                       0012
[ G] SS.WFM                           0017
[ G] SS.WnSet                         0086
[ G] SS.WTrk                          0004
[ G] SStack                           23AC
[ G] stackhld                         0000
[ G] stackreg                         0EF5
[ G] start                            1B10
[ G] startadr                         000A
[ G] StdStr                           0012
[ G] STOP1                            0000
[ G] STOP2                            0010
[ G] STP.12ms                         0002
[ G] STP.20ms                         0001
[ G] STP.30ms                         0000
[ G] STP.6ms                          0003
[ G] streg                            21DD
[ G] SVCTNM                           0002
[ G] SVCTSZ                           006E
[ G] SVCVL                            DFCE
[ G] SVCVO                            DFCC
[ G] SysState                         0080
[ G] SysStr                           0010
[ G] Systm                            00C0
[ G] tab0x                            08D5
[ G] tab1x                            0935
[ G] tab2x                            0995
[ G] tab3x                            09F5
[ G] tab4x                            0A55
[ G] tab5x                            0AB5
[ G] tab6x                            0B15
[ G] tab7x                            0B75
[ G] tab8x                            0BD5
[ G] tab9x                            0C35
[ G] tabax                            0C95
[ G] tabbx                            0CF5
[ G] tabcx                            0D55
[ G] tabdx                            0DB5
[ G] tabex                            0E15
[ G] tabfx                            0E75
[ G] temp                             0022
[ G] test10                           2045
[ G] test11                           2054
[ G] testbyte                         0035
[ G] testing                          0000
[ G] testop                           1FED
[ G] TFMFlag                          0029
[ G] time010                          1BB6
[ G] time020                          1BE2
[ G] time025                          1BF7
[ G] TIME_LEN                         0007
[ G] timesplt                         0F15
[ G] TimOut                           0020
[ G] TimSleep                         0040
[ G] title                            0F1B
[SG] TkPerSec                         0032
[ G] Tplus1                           212A
[ G] Tplus2                           214D
[ G] true                             0001
[ G] tryb                             2449
[ G] tst11.1                          2068
[ G] TwosOvfl                         0002
[ G] tylghold                         0041
[SG] typ                              0011
[ G] TYP.256                          0000
[ G] TYP.3                            0001
[ G] TYP.5                            0000
[ G] TYP.512                          0004
[ G] TYP.CCF                          0020
[ G] TYP.FLP                          0000
[ G] TYP.HARD                         0080
[ G] TYP.NCCF                         0000
[ G] TYP.NSF                          0040
[ G] TYP.SBO                          0002
[ G] TYP.SOF                          0000
[ G] type010                          1E2B
[ G] TypeMask                         00F0
[ G] TYPH.1024                        0002
[ G] TYPH.2048                        0003
[ G] TYPH.256                         0000
[ G] TYPH.512                         0001
[ G] TYPH.DRSV                        000C
[ G] TYPH.DSQ                         0010
[ G] TYPH.SSM                         0003
[ G] u$hexin                          271F
[ G] u.opt                            0049
[ G] UARTBase                         E008
[ G] unlink                           259F
[ G] UPDAT.                           0003
[ G] ureghold                         0002
[ G] ustckreg                         0F05
[ G] utabend                          003B
[ G] V$DESC                           0004
[ G] V$DRIV                           0000
[ G] V$FMGR                           0006
[ G] V$STAT                           0002
[ G] V$USRS                           0008
[ G] V.BMapSz                         001C
[ G] V.BMB                            0017
[ G] V.BUSY                           0004
[ G] V.DEV2                           0009
[ G] V.DiskID                         001A
[ G] V.ERR                            000E
[ G] V.FileHd                         0018
[ G] V.INTR                           000B
[ G] V.KANJI                          0011
[ G] V.KBUF                           0012
[ G] V.LINE                           0007
[ G] V.LPRC                           0003
[ G] V.MapSct                         001D
[ G] V.MODADR                         0014
[ G] V.NDRV                           0006
[ G] V.PAGE                           0000
[ G] V.PAUS                           0008
[ G] V.PCHR                           000D
[ G] V.PDLHd                          0016
[ G] V.PORT                           0001
[ G] V.QUIT                           000C
[ G] V.ResBit                         001E
[ G] V.RSV                            0018
[ G] V.SCF                            001D
[ G] V.ScOfst                         0020
[ G] V.ScTkOf                         001F
[ G] V.TkOfst                         0021
[ G] V.TRAK                           0015
[ G] V.TYPE                           0006
[ G] V.USER                           0006
[ G] V.WAKE                           0005
[ G] V.XOFF                           0010
[ G] V.XON                            000F
[ G] VD.OFS                           0061
[ G] VD.STP                           0060
[ G] Vi.Cnt                           0000
[ G] Vi.IFlag                         0001
[ G] Vi.PkSz                          0005
[ G] Vi.Rst                           0002
[ G] Vi.Stat                          0004
[ G] WIFI_CONNECT_FAIL                0004
[ G] WIFI_CONNECTED                   0003
[ G] WIFI_CONNECTION_LOST             0005
[ G] WIFI_DISCONNECTED                0006
[ G] WIFI_IDLE                        0000
[ G] WIFI_NOSSID                      0001
[ G] WIFI_SCAN_COMPLETE               0002
[ G] WORD7                            0020
[ G] WORD8                            0000
[ G] WRITE.                           0002
[ G] writline                         28CA
[ G] wrtln005                         28EF
[ G] wrtln010                         28F8
[ G] wrtln020                         2906
[ G] x.opt                            0047
[ G] xreghold                         0004
[ G] xsave                            0006
[ G] z.opt                            0048
[ G] Zero                             0004
