                      (           f4.asm):00001         
0000 87CD1000000E2100 (           f4.asm):00002         L0000               fcb       $87,$CD,$10,$00,$00,$0E,$21,$00 .M....!.
0008 8A002000000046B4 (           f4.asm):00003         L0008               fcb       $8A,$00,$20,$00,$00,$00,$46,$B4 .. ...F4
0010 0000000000000000 (           f4.asm):00004         L0010               fcb       $00,$00,$00,$00,$00,$00,$00,$00 ........
0018 0000000000000000 (           f4.asm):00005         L0018               fcb       $00,$00,$00,$00,$00,$00,$00,$00 ........
0020 7E4206436F707972 (           f4.asm):00006         L0020               fcb       $7E,$42,$06,$43,$6F,$70,$79,$72 ~B.Copyr
0028 6967687420313938 (           f4.asm):00007         L0028               fcb       $69,$67,$68,$74,$20,$31,$39,$38 ight 198
0030 37207375624C4F47 (           f4.asm):00008         L0030               fcb       $37,$20,$73,$75,$62,$4C,$4F,$47 7 subLOG
0038 49432E20416C6C20 (           f4.asm):00009         L0038               fcb       $49,$43,$2E,$20,$41,$6C,$6C,$20 IC. All
0040 5269676874732052 (           f4.asm):00010         L0040               fcb       $52,$69,$67,$68,$74,$73,$20,$52 Rights R
0048 657365727665642E (           f4.asm):00011         L0048               fcb       $65,$73,$65,$72,$76,$65,$64,$2E eserved.
0050 0C05201B310C3F1B (           f4.asm):00012         L0050               fcb       $0C,$05,$20,$1B,$31,$0C,$3F,$1B .. .1.?.
0058 310D080225202A2A (           f4.asm):00013         L0058               fcb       $31,$0D,$08,$02,$25,$20,$2A,$2A 1...% **
0060 2A2A2A2057415220 (           f4.asm):00014         L0060               fcb       $2A,$2A,$2A,$20,$57,$41,$52,$20 *** WAR
0068 5245504F5254202A (           f4.asm):00015         L0068               fcb       $52,$45,$50,$4F,$52,$54,$20,$2A REPORT *
0070 2A2A2A2A02232245 (           f4.asm):00016         L0070               fcb       $2A,$2A,$2A,$2A,$02,$23,$22,$45 ****.#"E
0078 6E656D7920506C61 (           f4.asm):00017         L0078               fcb       $6E,$65,$6D,$79,$20,$50,$6C,$61 nemy Pla
0080 6E65732053686F74 (           f4.asm):00018         L0080               fcb       $6E,$65,$73,$20,$53,$68,$6F,$74 nes Shot
0088 20446F776E203D20 (           f4.asm):00019         L0088               fcb       $20,$44,$6F,$77,$6E,$20,$3D,$20 Down =
0090 023023426F6D6220 (           f4.asm):00020         L0090               fcb       $02,$30,$23,$42,$6F,$6D,$62,$20 .0#Bomb
0098 48697473203D2002 (           f4.asm):00021         L0098               fcb       $48,$69,$74,$73,$20,$3D,$20,$02 Hits = .
00A0 2124416972637261 (           f4.asm):00022         L00A0               fcb       $21,$24,$41,$69,$72,$63,$72,$61 !$Aircra
00A8 66742044616D6167 (           f4.asm):00023         L00A8               fcb       $66,$74,$20,$44,$61,$6D,$61,$67 ft Damag
00B0 6520627920456E65 (           f4.asm):00024         L00B0               fcb       $65,$20,$62,$79,$20,$45,$6E,$65 e by Ene
00B8 6D79203D20022126 (           f4.asm):00025         L00B8               fcb       $6D,$79,$20,$3D,$20,$02,$21,$26 my = .!&
00C0 456E656D79205374 (           f4.asm):00026         L00C0               fcb       $45,$6E,$65,$6D,$79,$20,$53,$74 Enemy St
00C8 617475733A20303D (           f4.asm):00027         L00C8               fcb       $61,$74,$75,$73,$3A,$20,$30,$3D atus: 0=
00D0 53686F7420446F77 (           f4.asm):00028         L00D0               fcb       $53,$68,$6F,$74,$20,$44,$6F,$77 Shot Dow
00D8 6E2C022127313D52 (           f4.asm):00029         L00D8               fcb       $6E,$2C,$02,$21,$27,$31,$3D,$52 n,.!'1=R
00E0 657475726E696E67 (           f4.asm):00030         L00E0               fcb       $65,$74,$75,$72,$6E,$69,$6E,$67 eturning
00E8 206F7220486F6D65 (           f4.asm):00031         L00E8               fcb       $20,$6F,$72,$20,$48,$6F,$6D,$65 or Home
00F0 2C323D4174746163 (           f4.asm):00032         L00F0               fcb       $2C,$32,$3D,$41,$74,$74,$61,$63 ,2=Attac
00F8 6B696E6702222945 (           f4.asm):00033         L00F8               fcb       $6B,$69,$6E,$67,$02,$22,$29,$45 king.")E
0100 6E656D792031203D (           f4.asm):00034         L0100               fcb       $6E,$65,$6D,$79,$20,$31,$20,$3D nemy 1 =
0108 20023029456E656D (           f4.asm):00035         L0108               fcb       $20,$02,$30,$29,$45,$6E,$65,$6D .0)Enem
0110 792032203D200222 (           f4.asm):00036         L0110               fcb       $79,$20,$32,$20,$3D,$20,$02,$22 y 2 = ."
0118 2B456E656D792033 (           f4.asm):00037         L0118               fcb       $2B,$45,$6E,$65,$6D,$79,$20,$33 +Enemy 3
0120 203D2002302B456E (           f4.asm):00038         L0120               fcb       $20,$3D,$20,$02,$30,$2B,$45,$6E = .0+En
0128 656D792034203D20 (           f4.asm):00039         L0128               fcb       $65,$6D,$79,$20,$34,$20,$3D,$20 emy 4 =
0130 02222D456E656D79 (           f4.asm):00040         L0130               fcb       $02,$22,$2D,$45,$6E,$65,$6D,$79 ."-Enemy
0138 2035203D2002302D (           f4.asm):00041         L0138               fcb       $20,$35,$20,$3D,$20,$02,$30,$2D 5 = .0-
0140 456E656D79203620 (           f4.asm):00042         L0140               fcb       $45,$6E,$65,$6D,$79,$20,$36,$20 Enemy 6
0148 3D2002212F507265 (           f4.asm):00043         L0148               fcb       $3D,$20,$02,$21,$2F,$50,$72,$65 = .!/Pre
0150 737320616E79206B (           f4.asm):00044         L0150               fcb       $73,$73,$20,$61,$6E,$79,$20,$6B ss any k
0158 657920746F207265 (           f4.asm):00045         L0158               fcb       $65,$79,$20,$74,$6F,$20,$72,$65 ey to re
0160 73756D6520626174 (           f4.asm):00046         L0160               fcb       $73,$75,$6D,$65,$20,$62,$61,$74 sume bat
0168 746C657125574152 (           f4.asm):00047         L0168               fcb       $74,$6C,$65,$71,$25,$57,$41,$52 tleq%WAR
0170 2021212121200071 (           f4.asm):00048         L0170               fcb       $20,$21,$21,$21,$21,$20,$00,$71 !!!! .q
0178 25494E2052414E47 (           f4.asm):00049         L0178               fcb       $25,$49,$4E,$20,$52,$41,$4E,$47 %IN RANG
0180 4520007125454E45 (           f4.asm):00050         L0180               fcb       $45,$20,$00,$71,$25,$45,$4E,$45 E .q%ENE
0188 4D59464952450071 (           f4.asm):00051         L0188               fcb       $4D,$59,$46,$49,$52,$45,$00,$71 MYFIRE.q
0190 2520202020202020 (           f4.asm):00052         L0190               fcb       $25,$20,$20,$20,$20,$20,$20,$20 %
0198 202000127A129E12 (           f4.asm):00053         L0198               fcb       $20,$20,$00,$12,$7A,$12,$9E,$12 ..z...
01A0 92128641AD41B641 (           f4.asm):00054         L01A0               fcb       $92,$12,$86,$41,$AD,$41,$B6,$41 ...A-A6A
01A8 BF41CC41DD02FFFF (           f4.asm):00055         L01A8               fcb       $BF,$41,$CC,$41,$DD,$02,$FF,$FF ?ALA]...
01B0 01FFFF01010102FE (           f4.asm):00056         L01B0               fcb       $01,$FF,$FF,$01,$01,$01,$02,$FE ........
01B8 FF02FFFE01020103 (           f4.asm):00057         L01B8               fcb       $FF,$02,$FF,$FE,$01,$02,$01,$03 ........
01C0 FEFE02FEFE020202 (           f4.asm):00058         L01C0               fcb       $FE,$FE,$02,$FE,$FE,$02,$02,$02 ........
01C8 00FE000204FDFE03 (           f4.asm):00059         L01C8               fcb       $00,$FE,$00,$02,$04,$FD,$FE,$03 ........
01D0 FEFD020302FFFE01 (           f4.asm):00060         L01D0               fcb       $FE,$FD,$02,$03,$02,$FF,$FE,$01 ........
01D8 0201FEFF0204FCFD (           f4.asm):00061         L01D8               fcb       $02,$01,$FE,$FF,$02,$04,$FC,$FD ........
01E0 04FDFC030403FEFD (           f4.asm):00062         L01E0               fcb       $04,$FD,$FC,$03,$04,$03,$FE,$FD ........
01E8 020302FDFE034632 (           f4.asm):00063         L01E8               fcb       $02,$03,$02,$FD,$FE,$03,$46,$32 ......F2
01F0 5A32502450624632 (           f4.asm):00064         L01F0               fcb       $5A,$32,$50,$24,$50,$62,$46,$32 Z2P$PbF2
01F8 504050405A325A32 (           f4.asm):00065         L01F8               fcb       $50,$40,$50,$40,$5A,$32,$5A,$32 P@P@Z2Z2
0200 502450244632B602 (           f4.asm):00066         L0200               fcb       $50,$24,$50,$24,$46,$32,$B6,$02 P$P$F26.
0208 2E26187C022EBD48 (           f4.asm):00067         L0208               fcb       $2E,$26,$18,$7C,$02,$2E,$BD,$48 .&.|..=H
0210 7E5FBD47687C020A (           f4.asm):00068         L0210               fcb       $7E,$5F,$BD,$47,$68,$7C,$02,$0A ~_=Gh|..
0218 8635B7129BCC0064 (           f4.asm):00069         L0218               fcb       $86,$35,$B7,$12,$9B,$CC,$00,$64 .57..L.d
0220 FD0814BD45CFBD48 (           f4.asm):00070         L0220               fcb       $FD,$08,$14,$BD,$45,$CF,$BD,$48 ...=EO=H
0228 52BD4670BD471FB6 (           f4.asm):00071         L0228               fcb       $52,$BD,$46,$70,$BD,$47,$1F,$B6 R=Fp=G.6
0230 083B27248E1310BD (           f4.asm):00072         L0230               fcb       $08,$3B,$27,$24,$8E,$13,$10,$BD .;'$...=
0238 42948E132CBD4294 (           f4.asm):00073         L0238               fcb       $42,$94,$8E,$13,$2C,$BD,$42,$94 B...,=B.
0240 8E1348BD42948E13 (           f4.asm):00074         L0240               fcb       $8E,$13,$48,$BD,$42,$94,$8E,$13 ..H=B...
0248 64BD42948E1380BD (           f4.asm):00075         L0248               fcb       $64,$BD,$42,$94,$8E,$13,$80,$BD d=B....=
0250 42948E139CBD4294 (           f4.asm):00076         L0250               fcb       $42,$94,$8E,$13,$9C,$BD,$42,$94 B....=B.
0258 BD4262BD4601BD48 (           f4.asm):00077         L0258               fcb       $BD,$42,$62,$BD,$46,$01,$BD,$48 =Bb=F.=H
0260 EF39B60839262CB6 (           f4.asm):00078         L0260               fcb       $EF,$39,$B6,$08,$39,$26,$2C,$B6 o96.9&,6
0268 0139810127258600 (           f4.asm):00079         L0268               fcb       $01,$39,$81,$01,$27,$25,$86,$00 .9..'%..
0270 7D124527028644BD (           f4.asm):00080         L0270               fcb       $7D,$12,$45,$27,$02,$86,$44,$BD }.E'..D=
0278 AEC8108E41EEAEA1 (           f4.asm):00081         L0278               fcb       $AE,$C8,$10,$8E,$41,$EE,$AE,$A1 .H..An.!
0280 ECA1342010BE0CD9 (           f4.asm):00082         L0280               fcb       $EC,$A1,$34,$20,$10,$BE,$0C,$D9 l!4 .>.Y
0288 BDAF433520108C42 (           f4.asm):00083         L0288               fcb       $BD,$AF,$43,$35,$20,$10,$8C,$42 =/C5 ..B
0290 0625EB39E6881726 (           f4.asm):00084         L0290               fcb       $06,$25,$EB,$39,$E6,$88,$17,$26 .%k9f..&
0298 01395A261FFC0000 (           f4.asm):00085         L0298               fcb       $01,$39,$5A,$26,$1F,$FC,$00,$00 .9Z&....
02A0 10A30B2E0DFC0008 (           f4.asm):00086         L02A0               fcb       $10,$A3,$0B,$2E,$0D,$FC,$00,$08 .#......
02A8 10A30D2D058602A7 (           f4.asm):00087         L02A8               fcb       $10,$A3,$0D,$2D,$05,$86,$02,$A7 .#.-...'
02B0 881710AE881ABD48 (           f4.asm):00088         L02B0               fcb       $88,$17,$10,$AE,$88,$1A,$BD,$48 ......=H
02B8 087E4305FC000010 (           f4.asm):00089         L02B8               fcb       $08,$7E,$43,$05,$FC,$00,$00,$10 .~C.....
02C0 A30F2E09FC000810 (           f4.asm):00090         L02C0               fcb       $A3,$0F,$2E,$09,$FC,$00,$08,$10 #.......
02C8 A388112E068601A7 (           f4.asm):00091         L02C8               fcb       $A3,$88,$11,$2E,$06,$86,$01,$A7 #......'
02D0 881739108E0000BD (           f4.asm):00092         L02D0               fcb       $88,$17,$39,$10,$8E,$00,$00,$BD ..9....=
02D8 4808A6092727BD47 (           f4.asm):00093         L02D8               fcb       $48,$08,$A6,$09,$27,$27,$BD,$47 H.&.''=G
02E0 A0B61239BA123A26 (           f4.asm):00094         L02E0               fcb       $A0,$B6,$12,$39,$BA,$12,$3A,$26 6.9:.:&
02E8 1CB6123BA1881622 (           f4.asm):00095         L02E8               fcb       $1C,$B6,$12,$3B,$A1,$88,$16,$22 .6.;!.."
02F0 148601B71244A688 (           f4.asm):00096         L02F0               fcb       $14,$86,$01,$B7,$12,$44,$A6,$88 ...7.D&.
02F8 19A788187C0209BD (           f4.asm):00097         L02F8               fcb       $19,$A7,$88,$18,$7C,$02,$09,$BD .'..|..=
0300 45F2BD48A0A68818 (           f4.asm):00098         L0300               fcb       $45,$F2,$BD,$48,$A0,$A6,$88,$18 Er=H &..
0308 273D6A88182A29B6 (           f4.asm):00099         L0308               fcb       $27,$3D,$6A,$88,$18,$2A,$29,$B6 '=j..*)6
0310 00408401272E1CFE (           f4.asm):00100         L0310               fcb       $00,$40,$84,$01,$27,$2E,$1C,$FE .@..'...
0318 A6058201A705240C (           f4.asm):00101         L0318               fcb       $A6,$05,$82,$01,$A7,$05,$24,$0C &...'.$.
0320 A6048200A704241C (           f4.asm):00102         L0320               fcb       $A6,$04,$82,$00,$A7,$04,$24,$1C &...'.$.
0328 6A032618AA03AA04 (           f4.asm):00103         L0328               fcb       $6A,$03,$26,$18,$AA,$03,$AA,$04 j.&.*.*.
0330 26128601A705200C (           f4.asm):00104         L0330               fcb       $26,$12,$86,$01,$A7,$05,$20,$0C &...'. .
0338 6C0526086C042604 (           f4.asm):00105         L0338               fcb       $6C,$05,$26,$08,$6C,$04,$26,$04 l.&.l.&.
0340 6C0326007E43C2B6 (           f4.asm):00106         L0340               fcb       $6C,$03,$26,$00,$7E,$43,$C2,$B6 l.&.~CB6
0348 12302B11A602AB88 (           f4.asm):00107         L0348               fcb       $12,$30,$2B,$11,$A6,$02,$AB,$88 .0+.&.+.
0350 13A702241B6C0126 (           f4.asm):00108         L0350               fcb       $13,$A7,$02,$24,$1B,$6C,$01,$26 .'.$.l.&
0358 176C002013A602A0 (           f4.asm):00109         L0358               fcb       $17,$6C,$00,$20,$13,$A6,$02,$A0 .l. .&.
0360 8813A702240AA601 (           f4.asm):00110         L0360               fcb       $88,$13,$A7,$02,$24,$0A,$A6,$01 ..'.$.&.
0368 8200A70124026A00 (           f4.asm):00111         L0368               fcb       $82,$00,$A7,$01,$24,$02,$6A,$00 ..'.$.j.
0370 B612332B11A605AB (           f4.asm):00112         L0370               fcb       $B6,$12,$33,$2B,$11,$A6,$05,$AB 6.3+.&.+
0378 8814A705241B6C04 (           f4.asm):00113         L0378               fcb       $88,$14,$A7,$05,$24,$1B,$6C,$04 ..'.$.l.
0380 26176C032013A605 (           f4.asm):00114         L0380               fcb       $26,$17,$6C,$03,$20,$13,$A6,$05 &.l. .&.
0388 A08814A705240AA6 (           f4.asm):00115         L0388               fcb       $A0,$88,$14,$A7,$05,$24,$0A,$A6 ..'.$.&
0390 048200A70424026A (           f4.asm):00116         L0390               fcb       $04,$82,$00,$A7,$04,$24,$02,$6A ...'.$.j
0398 03B612362B11A608 (           f4.asm):00117         L0398               fcb       $03,$B6,$12,$36,$2B,$11,$A6,$08 .6.6+.&.
03A0 AB8815A708241B6C (           f4.asm):00118         L03A0               fcb       $AB,$88,$15,$A7,$08,$24,$1B,$6C +..'.$.l
03A8 0726176C062013A6 (           f4.asm):00119         L03A8               fcb       $07,$26,$17,$6C,$06,$20,$13,$A6 .&.l. .&
03B0 08A08815A708240A (           f4.asm):00120         L03B0               fcb       $08,$A0,$88,$15,$A7,$08,$24,$0A . ..'.$.
03B8 A6078200A7072402 (           f4.asm):00121         L03B8               fcb       $A6,$07,$82,$00,$A7,$07,$24,$02 &...'.$.
03C0 6A06EC01FD12B3EC (           f4.asm):00122         L03C0               fcb       $6A,$06,$EC,$01,$FD,$12,$B3,$EC j.l...3l
03C8 04FD12B5EC07FD12 (           f4.asm):00123         L03C8               fcb       $04,$FD,$12,$B5,$EC,$07,$FD,$12 ...5l...
03D0 B73410CC12AAFD00 (           f4.asm):00124         L03D0               fcb       $B7,$34,$10,$CC,$12,$AA,$FD,$00 74.L.*..
03D8 7B8688BDAEC8BDC8 (           f4.asm):00125         L03D8               fcb       $7B,$86,$88,$BD,$AE,$C8,$BD,$C8 {..=.H=H
03E0 883510B600BEB712 (           f4.asm):00126         L03E0               fcb       $88,$35,$10,$B6,$00,$BE,$B7,$12 .5.6.>7.
03E8 4EB600BFB7124F10 (           f4.asm):00127         L03E8               fcb       $4E,$B6,$00,$BF,$B7,$12,$4F,$10 N6.?7.O.
03F0 8E0000BD4808BD44 (           f4.asm):00128         L03F0               fcb       $8E,$00,$00,$BD,$48,$08,$BD,$44 ...=H.=D
03F8 D8B600B7840F2670 (           f4.asm):00129         L03F8               fcb       $D8,$B6,$00,$B7,$84,$0F,$26,$70 X6.7..&p
0400 BD47A05F7F124D7D (           f4.asm):00130         L0400               fcb       $BD,$47,$A0,$5F,$7F,$12,$4D,$7D =G _.M}
0408 12392664B6123A81 (           f4.asm):00131         L0408               fcb       $12,$39,$26,$64,$B6,$12,$3A,$81 .9&d6.:.
0410 04245D8102243281 (           f4.asm):00132         L0410               fcb       $04,$24,$5D,$81,$02,$24,$32,$81 .$]..$2.
0418 017C124D2414B612 (           f4.asm):00133         L0418               fcb       $01,$7C,$12,$4D,$24,$14,$B6,$12 .|.M$.6.
0420 3B81807C124D240A (           f4.asm):00134         L0420               fcb       $3B,$81,$80,$7C,$12,$4D,$24,$0A ;..|.M$.
0428 81407C124D24037C (           f4.asm):00135         L0428               fcb       $81,$40,$7C,$12,$4D,$24,$03,$7C .@|.M$.|
0430 124DB6124E815B24 (           f4.asm):00136         L0430               fcb       $12,$4D,$B6,$12,$4E,$81,$5B,$24 .M6.N.[$
0438 108145230CB6124F (           f4.asm):00137         L0438               fcb       $10,$81,$45,$23,$0C,$B6,$12,$4F ..E#.6.O
0440 8141220581232301 (           f4.asm):00138         L0440               fcb       $81,$41,$22,$05,$81,$23,$23,$01 .A"..##.
0448 5C3414BD447B3514 (           f4.asm):00139         L0448               fcb       $5C,$34,$14,$BD,$44,$7B,$35,$14 \4.=D{5.
0450 A68817810126117D (           f4.asm):00140         L0450               fcb       $A6,$88,$17,$81,$01,$26,$11,$7D &....&.}
0458 0004260C7D000526 (           f4.asm):00141         L0458               fcb       $00,$04,$26,$0C,$7D,$00,$05,$26 ..&.}..&
0460 07B6000681012208 (           f4.asm):00142         L0460               fcb       $07,$B6,$00,$06,$81,$01,$22,$08 .6....".
0468 B60839260B5D2603 (           f4.asm):00143         L0468               fcb       $B6,$08,$39,$26,$0B,$5D,$26,$03 6.9&.]&.
0470 4F20058603B71245 (           f4.asm):00144         L0470               fcb       $4F,$20,$05,$86,$03,$B7,$12,$45 O ...7.E
0478 A70A398688BDAEC8 (           f4.asm):00145         L0478               fcb       $A7,$0A,$39,$86,$88,$BD,$AE,$C8 '.9..=.H
0480 B6124E8104255081 (           f4.asm):00146         L0480               fcb       $B6,$12,$4E,$81,$04,$25,$50,$81 6.N..%P.
0488 9B244CB6124F8104 (           f4.asm):00147         L0488               fcb       $9B,$24,$4C,$B6,$12,$4F,$81,$04 .$L6.O..
0490 2545815F2441108E (           f4.asm):00148         L0490               fcb       $25,$45,$81,$5F,$24,$41,$10,$8E %E._$A..
0498 41A3F6124D5810AE (           f4.asm):00149         L0498               fcb       $41,$A3,$F6,$12,$4D,$58,$10,$AE A#v.MX..
04A0 A5E6A0A6A0BB124E (           f4.asm):00150         L04A0               fcb       $A5,$E6,$A0,$A6,$A0,$BB,$12,$4E %f & ;.N
04A8 B700A3A6A0BB124F (           f4.asm):00151         L04A8               fcb       $B7,$00,$A3,$A6,$A0,$BB,$12,$4F 7.#& ;.O
04B0 B700A4A6A0BB124E (           f4.asm):00152         L04B0               fcb       $B7,$00,$A4,$A6,$A0,$BB,$12,$4E 7.$& ;.N
04B8 B700A5A6A0BB124F (           f4.asm):00153         L04B8               fcb       $B7,$00,$A5,$A6,$A0,$BB,$12,$4F 7.%& ;.O
04C0 B700A63424BE00A3 (           f4.asm):00154         L04C0               fcb       $B7,$00,$A6,$34,$24,$BE,$00,$A3 7.&4$>.#
04C8 FC00A510BE0CD9BD (           f4.asm):00155         L04C8               fcb       $FC,$00,$A5,$10,$BE,$0C,$D9,$BD ..%.>.Y=
04D0 AF4335245A26CC39 (           f4.asm):00156         L04D0               fcb       $AF,$43,$35,$24,$5A,$26,$CC,$39 /C5$Z&L9
04D8 B61230B812362707 (           f4.asm):00157         L04D8               fcb       $B6,$12,$30,$B8,$12,$36,$27,$07 6.08.6'.
04E0 88FF27037E45C934 (           f4.asm):00158         L04E0               fcb       $88,$FF,$27,$03,$7E,$45,$C9,$34 ..'.~EI4
04E8 10B60016BDD3AEFD (           f4.asm):00159         L04E8               fcb       $10,$B6,$00,$16,$BD,$D3,$AE,$FD .6..=S..
04F0 00AFFD1240FC1231 (           f4.asm):00160         L04F0               fcb       $00,$AF,$FD,$12,$40,$FC,$12,$31 ./..@..1
04F8 FD00B1BDD283FD12 (           f4.asm):00161         L04F8               fcb       $FD,$00,$B1,$BD,$D2,$83,$FD,$12 ..1=R...
0500 3EFC1240FD00AFFC (           f4.asm):00162         L0500               fcb       $3E,$FC,$12,$40,$FD,$00,$AF,$FC >..@../.
0508 1237FD00B1BDD283 (           f4.asm):00163         L0508               fcb       $12,$37,$FD,$00,$B1,$BD,$D2,$83 .7..1=R.
0510 FD123CB60016BDD3 (           f4.asm):00164         L0510               fcb       $FD,$12,$3C,$B6,$00,$16,$BD,$D3 ..<6..=S
0518 ABFD1242FD00AFFC (           f4.asm):00165         L0518               fcb       $AB,$FD,$12,$42,$FD,$00,$AF,$FC +..B../.
0520 1231FD00B1BDD283 (           f4.asm):00166         L0520               fcb       $12,$31,$FD,$00,$B1,$BD,$D2,$83 .1..1=R.
0528 B3123CFD123CFC12 (           f4.asm):00167         L0528               fcb       $B3,$12,$3C,$FD,$12,$3C,$FC,$12 3.<..<..
0530 42FD00AFFC1237FD (           f4.asm):00168         L0530               fcb       $42,$FD,$00,$AF,$FC,$12,$37,$FD B../..7.
0538 00B1BDD283F3123E (           f4.asm):00169         L0538               fcb       $00,$B1,$BD,$D2,$83,$F3,$12,$3E .1=R.s.>
0540 FD123ECC0176FD00 (           f4.asm):00170         L0540               fcb       $FD,$12,$3E,$CC,$01,$76,$FD,$00 ..>L.v..
0548 AFFC123CFD00B1BD (           f4.asm):00171         L0548               fcb       $AF,$FC,$12,$3C,$FD,$00,$B1,$BD /..<..1=
0550 D2834353C30001C3 (           f4.asm):00172         L0550               fcb       $D2,$83,$43,$53,$C3,$00,$01,$C3 R.CSC..C
0558 00871083009E1022 (           f4.asm):00173         L0558               fcb       $00,$87,$10,$83,$00,$9E,$10,$22 ......."
0560 0067108300701025 (           f4.asm):00174         L0560               fcb       $00,$67,$10,$83,$00,$70,$10,$25 .g...p.%
0568 005FF71240CC01A3 (           f4.asm):00175         L0568               fcb       $00,$5F,$F7,$12,$40,$CC,$01,$A3 ._w.@L.#
0570 FD00AFFC123EFD00 (           f4.asm):00176         L0570               fcb       $FD,$00,$AF,$FC,$12,$3E,$FD,$00 ../..>..
0578 B1BDD283C3004010 (           f4.asm):00177         L0578               fcb       $B1,$BD,$D2,$83,$C3,$00,$40,$10 1=R.C.@.
0580 8300552244108300 (           f4.asm):00178         L0580               fcb       $83,$00,$55,$22,$44,$10,$83,$00 ..U"D...
0588 2A253EF71241B612 (           f4.asm):00179         L0588               fcb       $2A,$25,$3E,$F7,$12,$41,$B6,$12 *%>w.A6.
0590 3510BE12332A0E10 (           f4.asm):00180         L0590               fcb       $35,$10,$BE,$12,$33,$2A,$0E,$10 5.>.3*..
0598 8CFFFF260481E22E (           f4.asm):00181         L0598               fcb       $8C,$FF,$FF,$26,$04,$81,$E2,$2E ...&..b.
05A0 1286662010108C00 (           f4.asm):00182         L05A0               fcb       $12,$86,$66,$20,$10,$10,$8C,$00 ..f ....
05A8 002604811E2D0486 (           f4.asm):00183         L05A8               fcb       $00,$26,$04,$81,$1E,$2D,$04,$86 .&...-..
05B0 44200286FFBDAEC8 (           f4.asm):00184         L05B0               fcb       $44,$20,$02,$86,$FF,$BD,$AE,$C8 D ...=.H
05B8 FC124010BE0CD3BD (           f4.asm):00185         L05B8               fcb       $FC,$12,$40,$10,$BE,$0C,$D3,$BD ..@.>.S=
05C0 AF153510C6FFE709 (           f4.asm):00186         L05C0               fcb       $AF,$15,$35,$10,$C6,$FF,$E7,$09 /.5.F.g.
05C8 394F3510A70939B6 (           f4.asm):00187         L05C8               fcb       $39,$4F,$35,$10,$A7,$09,$39,$B6 9O5.'.96
05D0 020A271DBD4792BD (           f4.asm):00188         L05D0               fcb       $02,$0A,$27,$1D,$BD,$47,$92,$BD ..'.=G.=
05D8 45F27F020A8601B7 (           f4.asm):00189         L05D8               fcb       $45,$F2,$7F,$02,$0A,$86,$01,$B7 Er....7
05E0 1327B71343B7135F (           f4.asm):00190         L05E0               fcb       $13,$27,$B7,$13,$43,$B7,$13,$5F .'7.C7._
05E8 B7137BB71397B713 (           f4.asm):00191         L05E8               fcb       $B7,$13,$7B,$B7,$13,$97,$B7,$13 7.{7..7.
05F0 B3393410F602094F (           f4.asm):00192         L05F0               fcb       $B3,$39,$34,$10,$F6,$02,$09,$4F 394.v..O
05F8 8E128EBDB49E3510 (           f4.asm):00193         L05F8               fcb       $8E,$12,$8E,$BD,$B4,$9E,$35,$10 ...=4.5.
0600 39B6124874124524 (           f4.asm):00194         L0600               fcb       $39,$B6,$12,$48,$74,$12,$45,$24 96.Ht.E$
0608 0E8101272A8601B7 (           f4.asm):00195         L0608               fcb       $0E,$81,$01,$27,$2A,$86,$01,$B7 ...'*..7
0610 12488E4177201D74 (           f4.asm):00196         L0610               fcb       $12,$48,$8E,$41,$77,$20,$1D,$74 .H.Aw .t
0618 1244240E81022717 (           f4.asm):00197         L0618               fcb       $12,$44,$24,$0E,$81,$02,$27,$17 .D$...'.
0620 8602B712488E4183 (           f4.asm):00198         L0620               fcb       $86,$02,$B7,$12,$48,$8E,$41,$83 ..7.H.A.
0628 200A810027097F12 (           f4.asm):00199         L0628               fcb       $20,$0A,$81,$00,$27,$09,$7F,$12 ...'..
0630 488E418FBDB75D7A (           f4.asm):00200         L0630               fcb       $48,$8E,$41,$8F,$BD,$B7,$5D,$7A H.A.=7]z
0638 124626178604B712 (           f4.asm):00201         L0638               fcb       $12,$46,$26,$17,$86,$04,$B7,$12 .F&...7.
0640 467C1247F61247C4 (           f4.asm):00202         L0640               fcb       $46,$7C,$12,$47,$F6,$12,$47,$C4 F|.Gv.GD
0648 03588E419B3AAE84 (           f4.asm):00203         L0648               fcb       $03,$58,$8E,$41,$9B,$3A,$AE,$84 .X.A.:..
0650 BDB75DB6083B8101 (           f4.asm):00204         L0650               fcb       $BD,$B7,$5D,$B6,$08,$3B,$81,$01 =7]6.;..
0658 26158603B7083B8E (           f4.asm):00205         L0658               fcb       $26,$15,$86,$03,$B7,$08,$3B,$8E &...7.;.
0660 416BBDB75D8E0000 (           f4.asm):00206         L0660               fcb       $41,$6B,$BD,$B7,$5D,$8E,$00,$00 Ak=7]...
0668 30018C000026F939 (           f4.asm):00207         L0668               fcb       $30,$01,$8C,$00,$00,$26,$F9,$39 0....&y9
0670 B6082127377A0821 (           f4.asm):00208         L0670               fcb       $B6,$08,$21,$27,$37,$7A,$08,$21 6.!'7z.!
0678 BD47828619B7124B (           f4.asm):00209         L0678               fcb       $BD,$47,$82,$86,$19,$B7,$12,$4B =G...7.K
0680 F6124ACB06C15425 (           f4.asm):00210         L0680               fcb       $F6,$12,$4A,$CB,$06,$C1,$54,$25 v.JK.AT%
0688 015FF7124A8E12BA (           f4.asm):00211         L0688               fcb       $01,$5F,$F7,$12,$4A,$8E,$12,$BA ._w.J..:
0690 3AA680A7817C124C (           f4.asm):00212         L0690               fcb       $3A,$A6,$80,$A7,$81,$7C,$12,$4C :&.'.|.L
0698 B6124C4686272402 (           f4.asm):00213         L0698               fcb       $B6,$12,$4C,$46,$86,$27,$24,$02 6.LF.'$.
06A0 8677A78186632402 (           f4.asm):00214         L06A0               fcb       $86,$77,$A7,$81,$86,$63,$24,$02 .w'..c$.
06A8 8663A7847A124B26 (           f4.asm):00215         L06A8               fcb       $86,$63,$A7,$84,$7A,$12,$4B,$26 .c'.z.K&
06B0 047C124B3986FFBD (           f4.asm):00216         L06B0               fcb       $04,$7C,$12,$4B,$39,$86,$FF,$BD .|.K9..=
06B8 AEC88E12BA3001A6 (           f4.asm):00217         L06B8               fcb       $AE,$C8,$8E,$12,$BA,$30,$01,$A6 .H..:0.&
06C0 842604300520F681 (           f4.asm):00218         L06C0               fcb       $84,$26,$04,$30,$05,$20,$F6,$81 .&.0. v.
06C8 FF2601396A80810B (           f4.asm):00219         L06C8               fcb       $FF,$26,$01,$39,$6A,$80,$81,$0B .&.9j...
06D0 2420108E1310A62A (           f4.asm):00220         L06D0               fcb       $24,$20,$10,$8E,$13,$10,$A6,$2A $ ....&*
06D8 260B31A81C108C13 (           f4.asm):00221         L06D8               fcb       $26,$0B,$31,$A8,$1C,$10,$8C,$13 &.1(....
06E0 B825F3200D6FA817 (           f4.asm):00222         L06E0               fcb       $B8,$25,$F3,$20,$0D,$6F,$A8,$17 8%s .o(.
06E8 6F2AC601BD47687C (           f4.asm):00223         L06E8               fcb       $6F,$2A,$C6,$01,$BD,$47,$68,$7C o*F.=Gh|
06F0 0200C602A680A084 (           f4.asm):00224         L06F0               fcb       $02,$00,$C6,$02,$A6,$80,$A0,$84 ..F.&. .
06F8 4747AB84A7803402 (           f4.asm):00225         L06F8               fcb       $47,$47,$AB,$84,$A7,$80,$34,$02 GG+.'.4.
0700 5A26F135061E897D (           f4.asm):00226         L0700               fcb       $5A,$26,$F1,$35,$06,$1E,$89,$7D Z&q5...}
0708 083926107D013926 (           f4.asm):00227         L0708               fcb       $08,$39,$26,$10,$7D,$01,$39,$26 .9&.}.9&
0710 0B341010BE0CD9BD (           f4.asm):00228         L0710               fcb       $0B,$34,$10,$10,$BE,$0C,$D9,$BD .4..>.Y=
0718 AF1535107E46BD7D (           f4.asm):00229         L0718               fcb       $AF,$15,$35,$10,$7E,$46,$BD,$7D /.5.~F=}
0720 122D271A7F122DFC (           f4.asm):00230         L0720               fcb       $12,$2D,$27,$1A,$7F,$12,$2D,$FC .-'..-.
0728 08162612B6129B81 (           f4.asm):00231         L0728               fcb       $08,$16,$26,$12,$B6,$12,$9B,$81 ..&.6...
0730 30102700327A129B (           f4.asm):00232         L0730               fcb       $30,$10,$27,$00,$32,$7A,$12,$9B 0.'.2z..
0738 FC07F9FD0816FC08 (           f4.asm):00233         L0738               fcb       $FC,$07,$F9,$FD,$08,$16,$FC,$08 ..y.....
0740 1627248300322A16 (           f4.asm):00234         L0740               fcb       $16,$27,$24,$83,$00,$32,$2A,$16 .'$..2*.
0748 FC0174270EBD4768 (           f4.asm):00235         L0748               fcb       $FC,$01,$74,$27,$0E,$BD,$47,$68 ..t'.=Gh
0750 7C12498601BA083B (           f4.asm):00236         L0750               fcb       $7C,$12,$49,$86,$01,$BA,$08,$3B |.I..:.;
0758 B7083BCC0000FD08 (           f4.asm):00237         L0758               fcb       $B7,$08,$3B,$CC,$00,$00,$FD,$08 7.;L....
0760 167F01747F017539 (           f4.asm):00238         L0760               fcb       $16,$7F,$01,$74,$7F,$01,$75,$39 ..t.u9
0768 4FF30228108303E8 (           f4.asm):00239         L0768               fcb       $4F,$F3,$02,$28,$10,$83,$03,$E8 Os.(...h
0770 25024F5FFD022834 (           f4.asm):00240         L0770               fcb       $25,$02,$4F,$5F,$FD,$02,$28,$34 %.O_..(4
0778 108E12A6BDB49E35 (           f4.asm):00241         L0778               fcb       $10,$8E,$12,$A6,$BD,$B4,$9E,$35 ...&=4.5
0780 1039FC0814830001 (           f4.asm):00242         L0780               fcb       $10,$39,$FC,$08,$14,$83,$00,$01 .9......
0788 FD08142A054F5FFD (           f4.asm):00243         L0788               fcb       $FD,$08,$14,$2A,$05,$4F,$5F,$FD ...*.O_.
0790 08143410FC08148E (           f4.asm):00244         L0790               fcb       $08,$14,$34,$10,$FC,$08,$14,$8E ..4.....
0798 1282BDB49E351039 (           f4.asm):00245         L0798               fcb       $12,$82,$BD,$B4,$9E,$35,$10,$39 ..=4.5.9
07A0 3410FC123110BE12 (           f4.asm):00246         L07A0               fcb       $34,$10,$FC,$12,$31,$10,$BE,$12 4...1.>.
07A8 34BD47CC10BE1237 (           f4.asm):00247         L07A8               fcb       $34,$BD,$47,$CC,$10,$BE,$12,$37 4=GL.>.7
07B0 BD47CCFD123AB612 (           f4.asm):00248         L07B0               fcb       $BD,$47,$CC,$FD,$12,$3A,$B6,$12 =GL..:6.
07B8 30B81233B8123627 (           f4.asm):00249         L07B8               fcb       $30,$B8,$12,$33,$B8,$12,$36,$27 08.38.6'
07C0 05432702867FB712 (           f4.asm):00250         L07C0               fcb       $05,$43,$27,$02,$86,$7F,$B7,$12 .C'..7.
07C8 393510394D2A0543 (           f4.asm):00251         L07C8               fcb       $39,$35,$10,$39,$4D,$2A,$05,$43 95.9M*.C
07D0 53C300011F03FF00 (           f4.asm):00252         L07D0               fcb       $53,$C3,$00,$01,$1F,$03,$FF,$00 SC......
07D8 A51F204D2A054353 (           f4.asm):00253         L07D8               fcb       $A5,$1F,$20,$4D,$2A,$05,$43,$53 %. M*.CS
07E0 C3000110B300A522 (           f4.asm):00254         L07E0               fcb       $C3,$00,$01,$10,$B3,$00,$A5,$22 C...3.%"
07E8 051E03FF00A5FD00 (           f4.asm):00255         L07E8               fcb       $05,$1E,$03,$FF,$00,$A5,$FD,$00 .....%..
07F0 A35849FD00B11F30 (           f4.asm):00256         L07F0               fcb       $A3,$58,$49,$FD,$00,$B1,$1F,$30 #XI..1.0
07F8 BDD353FC00A5FD00 (           f4.asm):00257         L07F8               fcb       $BD,$D3,$53,$FC,$00,$A5,$FD,$00 =SS..%..
0800 B1BDD283F300A339 (           f4.asm):00258         L0800               fcb       $B1,$BD,$D2,$83,$F3,$00,$A3,$39 1=R.s.#9
0808 1CFEA622A202B712 (           f4.asm):00259         L0808               fcb       $1C,$FE,$A6,$22,$A2,$02,$B7,$12 ..&"".7.
0810 32A621A201B71231 (           f4.asm):00260         L0810               fcb       $32,$A6,$21,$A2,$01,$B7,$12,$31 2&!".7.1
0818 A620A200B7123031 (           f4.asm):00261         L0818               fcb       $A6,$20,$A2,$00,$B7,$12,$30,$31 & ".7.01
0820 241CFEA622A205B7 (           f4.asm):00262         L0820               fcb       $24,$1C,$FE,$A6,$22,$A2,$05,$B7 $..&"".7
0828 1235A621A204B712 (           f4.asm):00263         L0828               fcb       $12,$35,$A6,$21,$A2,$04,$B7,$12 .5&!".7.
0830 34A620A203B71233 (           f4.asm):00264         L0830               fcb       $34,$A6,$20,$A2,$03,$B7,$12,$33 4& ".7.3
0838 31241CFEA622A208 (           f4.asm):00265         L0838               fcb       $31,$24,$1C,$FE,$A6,$22,$A2,$08 1$..&"".
0840 B71238A621A207B7 (           f4.asm):00266         L0840               fcb       $B7,$12,$38,$A6,$21,$A2,$07,$B7 7.8&!".7
0848 1237A620A206B712 (           f4.asm):00267         L0848               fcb       $12,$37,$A6,$20,$A2,$06,$B7,$12 .7& ".7.
0850 36398600BDAED7CC (           f4.asm):00268         L0850               fcb       $36,$39,$86,$00,$BD,$AE,$D7,$CC 69..=.WL
0858 702A8E9E5510BE0C (           f4.asm):00269         L0858               fcb       $70,$2A,$8E,$9E,$55,$10,$BE,$0C p*..U.>.
0860 D3BDB3EE8690BE0C (           f4.asm):00270         L0860               fcb       $D3,$BD,$B3,$EE,$86,$90,$BE,$0C S=3n..>.
0868 D3A78913F3A78914 (           f4.asm):00271         L0868               fcb       $D3,$A7,$89,$13,$F3,$A7,$89,$14 S'..s'..
0870 938699A789144386 (           f4.asm):00272         L0870               fcb       $93,$86,$99,$A7,$89,$14,$43,$86 ...'..C.
0878 09A789144239B600 (           f4.asm):00273         L0878               fcb       $09,$A7,$89,$14,$42,$39,$B6,$00 .'..B96.
0880 EC847FB700ECB603 (           f4.asm):00274         L0880               fcb       $EC,$84,$7F,$B7,$00,$EC,$B6,$03 l.7.l6.
0888 45847FB703458600 (           f4.asm):00275         L0888               fcb       $45,$84,$7F,$B7,$03,$45,$86,$00 E.7.E..
0890 BDAED7CC70248E9E (           f4.asm):00276         L0890               fcb       $BD,$AE,$D7,$CC,$70,$24,$8E,$9E =.WLp$..
0898 5B10BE0CD37EB3EE (           f4.asm):00277         L0898               fcb       $5B,$10,$BE,$0C,$D3,$7E,$B3,$EE [.>.S~3n
08A0 F60209B602008104 (           f4.asm):00278         L08A0               fcb       $F6,$02,$09,$B6,$02,$00,$81,$04 v..6....
08A8 4F2416C13C2420C1 (           f4.asm):00279         L08A8               fcb       $4F,$24,$16,$C1,$3C,$24,$20,$C1 O$.A<$ A
08B0 28241FC123241DC1 (           f4.asm):00280         L08B0               fcb       $28,$24,$1F,$C1,$23,$24,$1D,$C1 ($.A#$.A
08B8 14241BC107242020 (           f4.asm):00281         L08B8               fcb       $14,$24,$1B,$C1,$07,$24,$20,$20 .$.A.$
08C0 27C114240AC10724 (           f4.asm):00282         L08C0               fcb       $27,$C1,$14,$24,$0A,$C1,$07,$24 'A.$.A.$
08C8 09C101240920197C (           f4.asm):00283         L08C8               fcb       $09,$C1,$01,$24,$09,$20,$19,$7C .A.$. .|
08D0 022B8A018A02F600 (           f4.asm):00284         L08D0               fcb       $02,$2B,$8A,$01,$8A,$02,$F6,$00 .+....v.
08D8 40C13F24028A08F6 (           f4.asm):00285         L08D8               fcb       $40,$C1,$3F,$24,$02,$8A,$08,$F6 @A?$...v
08E0 0040C13F25028A04 (           f4.asm):00286         L08E0               fcb       $00,$40,$C1,$3F,$25,$02,$8A,$04 .@A?%...
08E8 BA072EB7072E397D (           f4.asm):00287         L08E8               fcb       $BA,$07,$2E,$B7,$07,$2E,$39,$7D :..7..9}
08F0 022F1027006D7F02 (           f4.asm):00288         L08F0               fcb       $02,$2F,$10,$27,$00,$6D,$7F,$02 ./.'.m.
08F8 2F4FF602008E1253 (           f4.asm):00289         L08F8               fcb       $2F,$4F,$F6,$02,$00,$8E,$12,$53 /Ov....S
0900 BDB49E4FF612498E (           f4.asm):00290         L0900               fcb       $BD,$B4,$9E,$4F,$F6,$12,$49,$8E =4.Ov.I.
0908 1259BDB49E4FF602 (           f4.asm):00291         L0908               fcb       $12,$59,$BD,$B4,$9E,$4F,$F6,$02 .Y=4.Ov.
0910 098E125FBDB49EB6 (           f4.asm):00292         L0910               fcb       $09,$8E,$12,$5F,$BD,$B4,$9E,$B6 ..._=4.6
0918 13278A30B71265B6 (           f4.asm):00293         L0918               fcb       $13,$27,$8A,$30,$B7,$12,$65,$B6 .'.07.e6
0920 13438A30B71269B6 (           f4.asm):00294         L0920               fcb       $13,$43,$8A,$30,$B7,$12,$69,$B6 .C.07.i6
0928 135F8A30B7126DB6 (           f4.asm):00295         L0928               fcb       $13,$5F,$8A,$30,$B7,$12,$6D,$B6 ._.07.m6
0930 137B8A30B71271B6 (           f4.asm):00296         L0930               fcb       $13,$7B,$8A,$30,$B7,$12,$71,$B6 .{.07.q6
0938 13978A30B71275B6 (           f4.asm):00297         L0938               fcb       $13,$97,$8A,$30,$B7,$12,$75,$B6 ...07.u6
0940 13B38A30B7127934 (           f4.asm):00298         L0940               fcb       $13,$B3,$8A,$30,$B7,$12,$79,$34 .3.07.y4
0948 32B60CD68E405010 (           f4.asm):00299         L0948               fcb       $32,$B6,$0C,$D6,$8E,$40,$50,$10 26.V.@P.
0950 8E011B103F8A3532 (           f4.asm):00300         L0950               fcb       $8E,$01,$1B,$10,$3F,$8A,$35,$32 ....?.52
0958 8E1250108E002A4F (           f4.asm):00301         L0958               fcb       $8E,$12,$50,$10,$8E,$00,$2A,$4F ..P...*O
0960 BDB9B5397F022139 (           f4.asm):00302         L0960               fcb       $BD,$B9,$B5,$39,$7F,$02,$21,$39 =959.!9
0968 0000000000000000 (           f4.asm):00303         L0968               fcb       $00,$00,$00,$00,$00,$00,$00,$00 ........
0970 0000000000000000 (           f4.asm):00304         L0970               fcb       $00,$00,$00,$00,$00,$00,$00,$00 ........
0978 0000000000000000 (           f4.asm):00305         L0978               fcb       $00,$00,$00,$00,$00,$00,$00,$00 ........
0980 0000000000000000 (           f4.asm):00306         L0980               fcb       $00,$00,$00,$00,$00,$00,$00,$00 ........
0988 0000000000000000 (           f4.asm):00307         L0988               fcb       $00,$00,$00,$00,$00,$00,$00,$00 ........
0990 0000000000000000 (           f4.asm):00308         L0990               fcb       $00,$00,$00,$00,$00,$00,$00,$00 ........
0998 0000000000000000 (           f4.asm):00309         L0998               fcb       $00,$00,$00,$00,$00,$00,$00,$00 ........
09A0 0000000000000000 (           f4.asm):00310         L09A0               fcb       $00,$00,$00,$00,$00,$00,$00,$00 ........
09A8 0000000000000000 (           f4.asm):00311         L09A8               fcb       $00,$00,$00,$00,$00,$00,$00,$00 ........
09B0 0000000000000000 (           f4.asm):00312         L09B0               fcb       $00,$00,$00,$00,$00,$00,$00,$00 ........
09B8 0000000000000000 (           f4.asm):00313         L09B8               fcb       $00,$00,$00,$00,$00,$00,$00,$00 ........
09C0 0000000000000000 (           f4.asm):00314         L09C0               fcb       $00,$00,$00,$00,$00,$00,$00,$00 ........
09C8 0000000000000000 (           f4.asm):00315         L09C8               fcb       $00,$00,$00,$00,$00,$00,$00,$00 ........
09D0 0000000000000000 (           f4.asm):00316         L09D0               fcb       $00,$00,$00,$00,$00,$00,$00,$00 ........
09D8 0000000000000000 (           f4.asm):00317         L09D8               fcb       $00,$00,$00,$00,$00,$00,$00,$00 ........
09E0 0000000000000000 (           f4.asm):00318         L09E0               fcb       $00,$00,$00,$00,$00,$00,$00,$00 ........
09E8 0000000000000000 (           f4.asm):00319         L09E8               fcb       $00,$00,$00,$00,$00,$00,$00,$00 ........
09F0 0000000000000000 (           f4.asm):00320         L09F0               fcb       $00,$00,$00,$00,$00,$00,$00,$00 ........
09F8 0000000000000000 (           f4.asm):00321         L09F8               fcb       $00,$00,$00,$00,$00,$00,$00,$00 ........
0A00 0000000000000000 (           f4.asm):00322         L0A00               fcb       $00,$00,$00,$00,$00,$00,$00,$00 ........
0A08 0000000000000000 (           f4.asm):00323         L0A08               fcb       $00,$00,$00,$00,$00,$00,$00,$00 ........
0A10 0000000000000000 (           f4.asm):00324         L0A10               fcb       $00,$00,$00,$00,$00,$00,$00,$00 ........
0A18 0000000000000000 (           f4.asm):00325         L0A18               fcb       $00,$00,$00,$00,$00,$00,$00,$00 ........
0A20 0000000000000000 (           f4.asm):00326         L0A20               fcb       $00,$00,$00,$00,$00,$00,$00,$00 ........
0A28 0000000000000000 (           f4.asm):00327         L0A28               fcb       $00,$00,$00,$00,$00,$00,$00,$00 ........
0A30 0000000000000000 (           f4.asm):00328         L0A30               fcb       $00,$00,$00,$00,$00,$00,$00,$00 ........
0A38 0000000000000000 (           f4.asm):00329         L0A38               fcb       $00,$00,$00,$00,$00,$00,$00,$00 ........
0A40 0000000000000000 (           f4.asm):00330         L0A40               fcb       $00,$00,$00,$00,$00,$00,$00,$00 ........
0A48 0000000000000000 (           f4.asm):00331         L0A48               fcb       $00,$00,$00,$00,$00,$00,$00,$00 ........
0A50 0000000000000000 (           f4.asm):00332         L0A50               fcb       $00,$00,$00,$00,$00,$00,$00,$00 ........
0A58 0000000000000000 (           f4.asm):00333         L0A58               fcb       $00,$00,$00,$00,$00,$00,$00,$00 ........
0A60 0000000000000000 (           f4.asm):00334         L0A60               fcb       $00,$00,$00,$00,$00,$00,$00,$00 ........
0A68 0000000000000000 (           f4.asm):00335         L0A68               fcb       $00,$00,$00,$00,$00,$00,$00,$00 ........
0A70 0000000000000000 (           f4.asm):00336         L0A70               fcb       $00,$00,$00,$00,$00,$00,$00,$00 ........
0A78 0000000000000000 (           f4.asm):00337         L0A78               fcb       $00,$00,$00,$00,$00,$00,$00,$00 ........
0A80 0000000000000000 (           f4.asm):00338         L0A80               fcb       $00,$00,$00,$00,$00,$00,$00,$00 ........
0A88 0000000000000000 (           f4.asm):00339         L0A88               fcb       $00,$00,$00,$00,$00,$00,$00,$00 ........
0A90 0000000000000000 (           f4.asm):00340         L0A90               fcb       $00,$00,$00,$00,$00,$00,$00,$00 ........
0A98 0000000000000000 (           f4.asm):00341         L0A98               fcb       $00,$00,$00,$00,$00,$00,$00,$00 ........
0AA0 0000000000000000 (           f4.asm):00342         L0AA0               fcb       $00,$00,$00,$00,$00,$00,$00,$00 ........
0AA8 0000000000000000 (           f4.asm):00343         L0AA8               fcb       $00,$00,$00,$00,$00,$00,$00,$00 ........
0AB0 0000000000000000 (           f4.asm):00344         L0AB0               fcb       $00,$00,$00,$00,$00,$00,$00,$00 ........
0AB8 0000000000000000 (           f4.asm):00345         L0AB8               fcb       $00,$00,$00,$00,$00,$00,$00,$00 ........
0AC0 0000000000000000 (           f4.asm):00346         L0AC0               fcb       $00,$00,$00,$00,$00,$00,$00,$00 ........
0AC8 0000000000000000 (           f4.asm):00347         L0AC8               fcb       $00,$00,$00,$00,$00,$00,$00,$00 ........
0AD0 0000000000000000 (           f4.asm):00348         L0AD0               fcb       $00,$00,$00,$00,$00,$00,$00,$00 ........
0AD8 0000000000000000 (           f4.asm):00349         L0AD8               fcb       $00,$00,$00,$00,$00,$00,$00,$00 ........
0AE0 0000000000000000 (           f4.asm):00350         L0AE0               fcb       $00,$00,$00,$00,$00,$00,$00,$00 ........
0AE8 0000000000000000 (           f4.asm):00351         L0AE8               fcb       $00,$00,$00,$00,$00,$00,$00,$00 ........
0AF0 0000000000000000 (           f4.asm):00352         L0AF0               fcb       $00,$00,$00,$00,$00,$00,$00,$00 ........
0AF8 0000000000000000 (           f4.asm):00353         L0AF8               fcb       $00,$00,$00,$00,$00,$00,$00,$00 ........
0B00 0000000000000000 (           f4.asm):00354         L0B00               fcb       $00,$00,$00,$00,$00,$00,$00,$00 ........
0B08 0000000000000000 (           f4.asm):00355         L0B08               fcb       $00,$00,$00,$00,$00,$00,$00,$00 ........
0B10 0000000000000000 (           f4.asm):00356         L0B10               fcb       $00,$00,$00,$00,$00,$00,$00,$00 ........
0B18 0000000000000000 (           f4.asm):00357         L0B18               fcb       $00,$00,$00,$00,$00,$00,$00,$00 ........
0B20 0000000000000000 (           f4.asm):00358         L0B20               fcb       $00,$00,$00,$00,$00,$00,$00,$00 ........
0B28 0000000000000000 (           f4.asm):00359         L0B28               fcb       $00,$00,$00,$00,$00,$00,$00,$00 ........
0B30 0000000000000000 (           f4.asm):00360         L0B30               fcb       $00,$00,$00,$00,$00,$00,$00,$00 ........
0B38 0000000000000000 (           f4.asm):00361         L0B38               fcb       $00,$00,$00,$00,$00,$00,$00,$00 ........
0B40 0000000000000000 (           f4.asm):00362         L0B40               fcb       $00,$00,$00,$00,$00,$00,$00,$00 ........
0B48 0000000000000000 (           f4.asm):00363         L0B48               fcb       $00,$00,$00,$00,$00,$00,$00,$00 ........
0B50 0000000000000000 (           f4.asm):00364         L0B50               fcb       $00,$00,$00,$00,$00,$00,$00,$00 ........
0B58 0000000000000000 (           f4.asm):00365         L0B58               fcb       $00,$00,$00,$00,$00,$00,$00,$00 ........
0B60 0000000000000000 (           f4.asm):00366         L0B60               fcb       $00,$00,$00,$00,$00,$00,$00,$00 ........
0B68 0000000000000000 (           f4.asm):00367         L0B68               fcb       $00,$00,$00,$00,$00,$00,$00,$00 ........
0B70 0000000000000000 (           f4.asm):00368         L0B70               fcb       $00,$00,$00,$00,$00,$00,$00,$00 ........
0B78 0000000000000000 (           f4.asm):00369         L0B78               fcb       $00,$00,$00,$00,$00,$00,$00,$00 ........
0B80 0000000000000000 (           f4.asm):00370         L0B80               fcb       $00,$00,$00,$00,$00,$00,$00,$00 ........
0B88 0000000000000000 (           f4.asm):00371         L0B88               fcb       $00,$00,$00,$00,$00,$00,$00,$00 ........
0B90 0000000000000000 (           f4.asm):00372         L0B90               fcb       $00,$00,$00,$00,$00,$00,$00,$00 ........
0B98 0000000000000000 (           f4.asm):00373         L0B98               fcb       $00,$00,$00,$00,$00,$00,$00,$00 ........
0BA0 0000000000000000 (           f4.asm):00374         L0BA0               fcb       $00,$00,$00,$00,$00,$00,$00,$00 ........
0BA8 0000000000000000 (           f4.asm):00375         L0BA8               fcb       $00,$00,$00,$00,$00,$00,$00,$00 ........
0BB0 0000000000000000 (           f4.asm):00376         L0BB0               fcb       $00,$00,$00,$00,$00,$00,$00,$00 ........
0BB8 0000000000000000 (           f4.asm):00377         L0BB8               fcb       $00,$00,$00,$00,$00,$00,$00,$00 ........
0BC0 0000000000000000 (           f4.asm):00378         L0BC0               fcb       $00,$00,$00,$00,$00,$00,$00,$00 ........
0BC8 0000000000000000 (           f4.asm):00379         L0BC8               fcb       $00,$00,$00,$00,$00,$00,$00,$00 ........
0BD0 0000000000000000 (           f4.asm):00380         L0BD0               fcb       $00,$00,$00,$00,$00,$00,$00,$00 ........
0BD8 0000000000000000 (           f4.asm):00381         L0BD8               fcb       $00,$00,$00,$00,$00,$00,$00,$00 ........
0BE0 0000000000000000 (           f4.asm):00382         L0BE0               fcb       $00,$00,$00,$00,$00,$00,$00,$00 ........
0BE8 0000000000000000 (           f4.asm):00383         L0BE8               fcb       $00,$00,$00,$00,$00,$00,$00,$00 ........
0BF0 0000000000000000 (           f4.asm):00384         L0BF0               fcb       $00,$00,$00,$00,$00,$00,$00,$00 ........
0BF8 0000000000000000 (           f4.asm):00385         L0BF8               fcb       $00,$00,$00,$00,$00,$00,$00,$00 ........
0C00 0000000000000000 (           f4.asm):00386         L0C00               fcb       $00,$00,$00,$00,$00,$00,$00,$00 ........
0C08 0000000000000000 (           f4.asm):00387         L0C08               fcb       $00,$00,$00,$00,$00,$00,$00,$00 ........
0C10 0000000000000000 (           f4.asm):00388         L0C10               fcb       $00,$00,$00,$00,$00,$00,$00,$00 ........
0C18 0000000000000000 (           f4.asm):00389         L0C18               fcb       $00,$00,$00,$00,$00,$00,$00,$00 ........
0C20 0000000000000000 (           f4.asm):00390         L0C20               fcb       $00,$00,$00,$00,$00,$00,$00,$00 ........
0C28 0000000000000000 (           f4.asm):00391         L0C28               fcb       $00,$00,$00,$00,$00,$00,$00,$00 ........
0C30 0000000000000000 (           f4.asm):00392         L0C30               fcb       $00,$00,$00,$00,$00,$00,$00,$00 ........
0C38 0000000000000000 (           f4.asm):00393         L0C38               fcb       $00,$00,$00,$00,$00,$00,$00,$00 ........
0C40 0000000000000000 (           f4.asm):00394         L0C40               fcb       $00,$00,$00,$00,$00,$00,$00,$00 ........
0C48 0000000000000000 (           f4.asm):00395         L0C48               fcb       $00,$00,$00,$00,$00,$00,$00,$00 ........
0C50 0000000000000000 (           f4.asm):00396         L0C50               fcb       $00,$00,$00,$00,$00,$00,$00,$00 ........
0C58 0000000000000000 (           f4.asm):00397         L0C58               fcb       $00,$00,$00,$00,$00,$00,$00,$00 ........
0C60 0000000000000000 (           f4.asm):00398         L0C60               fcb       $00,$00,$00,$00,$00,$00,$00,$00 ........
0C68 0000000000000000 (           f4.asm):00399         L0C68               fcb       $00,$00,$00,$00,$00,$00,$00,$00 ........
0C70 0000000000000000 (           f4.asm):00400         L0C70               fcb       $00,$00,$00,$00,$00,$00,$00,$00 ........
0C78 0000000000000000 (           f4.asm):00401         L0C78               fcb       $00,$00,$00,$00,$00,$00,$00,$00 ........
0C80 0000000000000000 (           f4.asm):00402         L0C80               fcb       $00,$00,$00,$00,$00,$00,$00,$00 ........
0C88 0000000000000000 (           f4.asm):00403         L0C88               fcb       $00,$00,$00,$00,$00,$00,$00,$00 ........
0C90 0000000000000000 (           f4.asm):00404         L0C90               fcb       $00,$00,$00,$00,$00,$00,$00,$00 ........
0C98 0000000000000000 (           f4.asm):00405         L0C98               fcb       $00,$00,$00,$00,$00,$00,$00,$00 ........
0CA0 0000000000000000 (           f4.asm):00406         L0CA0               fcb       $00,$00,$00,$00,$00,$00,$00,$00 ........
0CA8 0000000000000000 (           f4.asm):00407         L0CA8               fcb       $00,$00,$00,$00,$00,$00,$00,$00 ........
0CB0 0000000000000000 (           f4.asm):00408         L0CB0               fcb       $00,$00,$00,$00,$00,$00,$00,$00 ........
0CB8 0000000000000000 (           f4.asm):00409         L0CB8               fcb       $00,$00,$00,$00,$00,$00,$00,$00 ........
0CC0 0000000000000000 (           f4.asm):00410         L0CC0               fcb       $00,$00,$00,$00,$00,$00,$00,$00 ........
0CC8 0000000000000000 (           f4.asm):00411         L0CC8               fcb       $00,$00,$00,$00,$00,$00,$00,$00 ........
0CD0 0000000000000000 (           f4.asm):00412         L0CD0               fcb       $00,$00,$00,$00,$00,$00,$00,$00 ........
0CD8 0000000000000000 (           f4.asm):00413         L0CD8               fcb       $00,$00,$00,$00,$00,$00,$00,$00 ........
0CE0 0000000000000000 (           f4.asm):00414         L0CE0               fcb       $00,$00,$00,$00,$00,$00,$00,$00 ........
0CE8 0000000000000000 (           f4.asm):00415         L0CE8               fcb       $00,$00,$00,$00,$00,$00,$00,$00 ........
0CF0 0000000000000000 (           f4.asm):00416         L0CF0               fcb       $00,$00,$00,$00,$00,$00,$00,$00 ........
0CF8 0000000000000000 (           f4.asm):00417         L0CF8               fcb       $00,$00,$00,$00,$00,$00,$00,$00 ........
0D00 0000000000000000 (           f4.asm):00418         L0D00               fcb       $00,$00,$00,$00,$00,$00,$00,$00 ........
0D08 0000000000000000 (           f4.asm):00419         L0D08               fcb       $00,$00,$00,$00,$00,$00,$00,$00 ........
0D10 0000000000000000 (           f4.asm):00420         L0D10               fcb       $00,$00,$00,$00,$00,$00,$00,$00 ........
0D18 0000000000000000 (           f4.asm):00421         L0D18               fcb       $00,$00,$00,$00,$00,$00,$00,$00 ........
0D20 0000000000000000 (           f4.asm):00422         L0D20               fcb       $00,$00,$00,$00,$00,$00,$00,$00 ........
0D28 0000000000000000 (           f4.asm):00423         L0D28               fcb       $00,$00,$00,$00,$00,$00,$00,$00 ........
0D30 0000000000000000 (           f4.asm):00424         L0D30               fcb       $00,$00,$00,$00,$00,$00,$00,$00 ........
0D38 0000000000000000 (           f4.asm):00425         L0D38               fcb       $00,$00,$00,$00,$00,$00,$00,$00 ........
0D40 0000000000000000 (           f4.asm):00426         L0D40               fcb       $00,$00,$00,$00,$00,$00,$00,$00 ........
0D48 0000000000000000 (           f4.asm):00427         L0D48               fcb       $00,$00,$00,$00,$00,$00,$00,$00 ........
0D50 0000000000000000 (           f4.asm):00428         L0D50               fcb       $00,$00,$00,$00,$00,$00,$00,$00 ........
0D58 0000000000000000 (           f4.asm):00429         L0D58               fcb       $00,$00,$00,$00,$00,$00,$00,$00 ........
0D60 0000000000000000 (           f4.asm):00430         L0D60               fcb       $00,$00,$00,$00,$00,$00,$00,$00 ........
0D68 0000000000000000 (           f4.asm):00431         L0D68               fcb       $00,$00,$00,$00,$00,$00,$00,$00 ........
0D70 0000000000000000 (           f4.asm):00432         L0D70               fcb       $00,$00,$00,$00,$00,$00,$00,$00 ........
0D78 0000000000000000 (           f4.asm):00433         L0D78               fcb       $00,$00,$00,$00,$00,$00,$00,$00 ........
0D80 0000000000000000 (           f4.asm):00434         L0D80               fcb       $00,$00,$00,$00,$00,$00,$00,$00 ........
0D88 0000000000000000 (           f4.asm):00435         L0D88               fcb       $00,$00,$00,$00,$00,$00,$00,$00 ........
0D90 0000000000000000 (           f4.asm):00436         L0D90               fcb       $00,$00,$00,$00,$00,$00,$00,$00 ........
0D98 0000000000000000 (           f4.asm):00437         L0D98               fcb       $00,$00,$00,$00,$00,$00,$00,$00 ........
0DA0 0000000000000000 (           f4.asm):00438         L0DA0               fcb       $00,$00,$00,$00,$00,$00,$00,$00 ........
0DA8 0000000000000000 (           f4.asm):00439         L0DA8               fcb       $00,$00,$00,$00,$00,$00,$00,$00 ........
0DB0 0000000000000000 (           f4.asm):00440         L0DB0               fcb       $00,$00,$00,$00,$00,$00,$00,$00 ........
0DB8 0000000000000000 (           f4.asm):00441         L0DB8               fcb       $00,$00,$00,$00,$00,$00,$00,$00 ........
0DC0 0000000000000000 (           f4.asm):00442         L0DC0               fcb       $00,$00,$00,$00,$00,$00,$00,$00 ........
0DC8 0000000000000000 (           f4.asm):00443         L0DC8               fcb       $00,$00,$00,$00,$00,$00,$00,$00 ........
0DD0 0000000000000000 (           f4.asm):00444         L0DD0               fcb       $00,$00,$00,$00,$00,$00,$00,$00 ........
0DD8 0000000000000000 (           f4.asm):00445         L0DD8               fcb       $00,$00,$00,$00,$00,$00,$00,$00 ........
0DE0 0000000000000000 (           f4.asm):00446         L0DE0               fcb       $00,$00,$00,$00,$00,$00,$00,$00 ........
0DE8 0000000000000000 (           f4.asm):00447         L0DE8               fcb       $00,$00,$00,$00,$00,$00,$00,$00 ........
0DF0 0000000000000000 (           f4.asm):00448         L0DF0               fcb       $00,$00,$00,$00,$00,$00,$00,$00 ........
0DF8 0000000000000000 (           f4.asm):00449         L0DF8               fcb       $00,$00,$00,$00,$00,$00,$00,$00 ........
0E00 0000000000000000 (           f4.asm):00450         L0E00               fcb       $00,$00,$00,$00,$00,$00,$00,$00 ........
0E08 0000000000000000 (           f4.asm):00451         L0E08               fcb       $00,$00,$00,$00,$00,$00,$00,$00 ........
0E10 0000000000000000 (           f4.asm):00452         L0E10               fcb       $00,$00,$00,$00,$00,$00,$00,$00 ........
0E18 0000000000000000 (           f4.asm):00453         L0E18               fcb       $00,$00,$00,$00,$00,$00,$00,$00 ........
0E20 0000000000000000 (           f4.asm):00454         L0E20               fcb       $00,$00,$00,$00,$00,$00,$00,$00 ........
0E28 0000000000000000 (           f4.asm):00455         L0E28               fcb       $00,$00,$00,$00,$00,$00,$00,$00 ........
0E30 0000000000000000 (           f4.asm):00456         L0E30               fcb       $00,$00,$00,$00,$00,$00,$00,$00 ........
0E38 0000000000000000 (           f4.asm):00457         L0E38               fcb       $00,$00,$00,$00,$00,$00,$00,$00 ........
0E40 0000000000000000 (           f4.asm):00458         L0E40               fcb       $00,$00,$00,$00,$00,$00,$00,$00 ........
0E48 0000000000000000 (           f4.asm):00459         L0E48               fcb       $00,$00,$00,$00,$00,$00,$00,$00 ........
0E50 0000000000000000 (           f4.asm):00460         L0E50               fcb       $00,$00,$00,$00,$00,$00,$00,$00 ........
0E58 0000000000000000 (           f4.asm):00461         L0E58               fcb       $00,$00,$00,$00,$00,$00,$00,$00 ........
0E60 0000000000000000 (           f4.asm):00462         L0E60               fcb       $00,$00,$00,$00,$00,$00,$00,$00 ........
0E68 0000000000000000 (           f4.asm):00463         L0E68               fcb       $00,$00,$00,$00,$00,$00,$00,$00 ........
0E70 0000000000000000 (           f4.asm):00464         L0E70               fcb       $00,$00,$00,$00,$00,$00,$00,$00 ........
0E78 0000000000000000 (           f4.asm):00465         L0E78               fcb       $00,$00,$00,$00,$00,$00,$00,$00 ........
0E80 0000000000000000 (           f4.asm):00466         L0E80               fcb       $00,$00,$00,$00,$00,$00,$00,$00 ........
0E88 0000000000000000 (           f4.asm):00467         L0E88               fcb       $00,$00,$00,$00,$00,$00,$00,$00 ........
0E90 0000000000000000 (           f4.asm):00468         L0E90               fcb       $00,$00,$00,$00,$00,$00,$00,$00 ........
0E98 0000000000000000 (           f4.asm):00469         L0E98               fcb       $00,$00,$00,$00,$00,$00,$00,$00 ........
0EA0 0000000000000000 (           f4.asm):00470         L0EA0               fcb       $00,$00,$00,$00,$00,$00,$00,$00 ........
0EA8 0000000000000000 (           f4.asm):00471         L0EA8               fcb       $00,$00,$00,$00,$00,$00,$00,$00 ........
0EB0 0000000000000000 (           f4.asm):00472         L0EB0               fcb       $00,$00,$00,$00,$00,$00,$00,$00 ........
0EB8 0000000000000000 (           f4.asm):00473         L0EB8               fcb       $00,$00,$00,$00,$00,$00,$00,$00 ........
0EC0 0000000000000000 (           f4.asm):00474         L0EC0               fcb       $00,$00,$00,$00,$00,$00,$00,$00 ........
0EC8 0000000000000000 (           f4.asm):00475         L0EC8               fcb       $00,$00,$00,$00,$00,$00,$00,$00 ........
0ED0 0000000000000000 (           f4.asm):00476         L0ED0               fcb       $00,$00,$00,$00,$00,$00,$00,$00 ........
0ED8 0000000000000000 (           f4.asm):00477         L0ED8               fcb       $00,$00,$00,$00,$00,$00,$00,$00 ........
0EE0 0000000000000000 (           f4.asm):00478         L0EE0               fcb       $00,$00,$00,$00,$00,$00,$00,$00 ........
0EE8 0000000000000000 (           f4.asm):00479         L0EE8               fcb       $00,$00,$00,$00,$00,$00,$00,$00 ........
0EF0 0000000000000000 (           f4.asm):00480         L0EF0               fcb       $00,$00,$00,$00,$00,$00,$00,$00 ........
0EF8 0000000000000000 (           f4.asm):00481         L0EF8               fcb       $00,$00,$00,$00,$00,$00,$00,$00 ........
0F00 0000000000000000 (           f4.asm):00482         L0F00               fcb       $00,$00,$00,$00,$00,$00,$00,$00 ........
0F08 0000000000000000 (           f4.asm):00483         L0F08               fcb       $00,$00,$00,$00,$00,$00,$00,$00 ........
0F10 0000000000000000 (           f4.asm):00484         L0F10               fcb       $00,$00,$00,$00,$00,$00,$00,$00 ........
0F18 0000000000000000 (           f4.asm):00485         L0F18               fcb       $00,$00,$00,$00,$00,$00,$00,$00 ........
0F20 0000000000000000 (           f4.asm):00486         L0F20               fcb       $00,$00,$00,$00,$00,$00,$00,$00 ........
0F28 0000000000000000 (           f4.asm):00487         L0F28               fcb       $00,$00,$00,$00,$00,$00,$00,$00 ........
0F30 0000000000000000 (           f4.asm):00488         L0F30               fcb       $00,$00,$00,$00,$00,$00,$00,$00 ........
0F38 0000000000000000 (           f4.asm):00489         L0F38               fcb       $00,$00,$00,$00,$00,$00,$00,$00 ........
0F40 0000000000000000 (           f4.asm):00490         L0F40               fcb       $00,$00,$00,$00,$00,$00,$00,$00 ........
0F48 0000000000000000 (           f4.asm):00491         L0F48               fcb       $00,$00,$00,$00,$00,$00,$00,$00 ........
0F50 0000000000000000 (           f4.asm):00492         L0F50               fcb       $00,$00,$00,$00,$00,$00,$00,$00 ........
0F58 0000000000000000 (           f4.asm):00493         L0F58               fcb       $00,$00,$00,$00,$00,$00,$00,$00 ........
0F60 0000000000000000 (           f4.asm):00494         L0F60               fcb       $00,$00,$00,$00,$00,$00,$00,$00 ........
0F68 0000000000000000 (           f4.asm):00495         L0F68               fcb       $00,$00,$00,$00,$00,$00,$00,$00 ........
0F70 0000000000000000 (           f4.asm):00496         L0F70               fcb       $00,$00,$00,$00,$00,$00,$00,$00 ........
0F78 0000000000000000 (           f4.asm):00497         L0F78               fcb       $00,$00,$00,$00,$00,$00,$00,$00 ........
0F80 0000000000000000 (           f4.asm):00498         L0F80               fcb       $00,$00,$00,$00,$00,$00,$00,$00 ........
0F88 0000000000000000 (           f4.asm):00499         L0F88               fcb       $00,$00,$00,$00,$00,$00,$00,$00 ........
0F90 0000000000000000 (           f4.asm):00500         L0F90               fcb       $00,$00,$00,$00,$00,$00,$00,$00 ........
0F98 0000000000000000 (           f4.asm):00501         L0F98               fcb       $00,$00,$00,$00,$00,$00,$00,$00 ........
0FA0 0000000000000000 (           f4.asm):00502         L0FA0               fcb       $00,$00,$00,$00,$00,$00,$00,$00 ........
0FA8 0000000000000000 (           f4.asm):00503         L0FA8               fcb       $00,$00,$00,$00,$00,$00,$00,$00 ........
0FB0 0000000000000000 (           f4.asm):00504         L0FB0               fcb       $00,$00,$00,$00,$00,$00,$00,$00 ........
0FB8 0000000000000000 (           f4.asm):00505         L0FB8               fcb       $00,$00,$00,$00,$00,$00,$00,$00 ........
0FC0 0000000000000000 (           f4.asm):00506         L0FC0               fcb       $00,$00,$00,$00,$00,$00,$00,$00 ........
0FC8 0000000000000000 (           f4.asm):00507         L0FC8               fcb       $00,$00,$00,$00,$00,$00,$00,$00 ........
0FD0 0000000000000000 (           f4.asm):00508         L0FD0               fcb       $00,$00,$00,$00,$00,$00,$00,$00 ........
0FD8 0000000000000000 (           f4.asm):00509         L0FD8               fcb       $00,$00,$00,$00,$00,$00,$00,$00 ........
0FE0 0000000000000000 (           f4.asm):00510         L0FE0               fcb       $00,$00,$00,$00,$00,$00,$00,$00 ........
0FE8 0000000000000000 (           f4.asm):00511         L0FE8               fcb       $00,$00,$00,$00,$00,$00,$00,$00 ........
0FF0 0000000000000000 (           f4.asm):00512         L0FF0               fcb       $00,$00,$00,$00,$00,$00,$00,$00 ........
0FF8 0000000000734C38 (           f4.asm):00513         L0FF8               fcb       $00,$00,$00,$00,$00,$73,$4C,$38 .....sL8
1000 87CD1000000E4000 (           f4.asm):00514         L1000               fcb       $87,$CD,$10,$00,$00,$0E,$40,$00 .M....@.
1008 EB00200000004653 (           f4.asm):00515         L1008               fcb       $EB,$00,$20,$00,$00,$00,$46,$53 k. ...FS
1010 C400000000000000 (           f4.asm):00516         L1010               fcb       $C4,$00,$00,$00,$00,$00,$00,$00 D.......
1018 0000000000000000 (           f4.asm):00517         L1018               fcb       $00,$00,$00,$00,$00,$00,$00,$00 ........
1020 0000000000000000 (           f4.asm):00518         L1020               fcb       $00,$00,$00,$00,$00,$00,$00,$00 ........
1028 0000000000000000 (           f4.asm):00519         L1028               fcb       $00,$00,$00,$00,$00,$00,$00,$00 ........
1030 0000000000000000 (           f4.asm):00520         L1030               fcb       $00,$00,$00,$00,$00,$00,$00,$00 ........
1038 0000000000000000 (           f4.asm):00521         L1038               fcb       $00,$00,$00,$00,$00,$00,$00,$00 ........
1040 0000000000000000 (           f4.asm):00522         L1040               fcb       $00,$00,$00,$00,$00,$00,$00,$00 ........
1048 0000000000000000 (           f4.asm):00523         L1048               fcb       $00,$00,$00,$00,$00,$00,$00,$00 ........
1050 0000000000000000 (           f4.asm):00524         L1050               fcb       $00,$00,$00,$00,$00,$00,$00,$00 ........
1058 0000000000000000 (           f4.asm):00525         L1058               fcb       $00,$00,$00,$00,$00,$00,$00,$00 ........
1060 0000000000000000 (           f4.asm):00526         L1060               fcb       $00,$00,$00,$00,$00,$00,$00,$00 ........
1068 0000000000000000 (           f4.asm):00527         L1068               fcb       $00,$00,$00,$00,$00,$00,$00,$00 ........
1070 0000000000000000 (           f4.asm):00528         L1070               fcb       $00,$00,$00,$00,$00,$00,$00,$00 ........
1078 0000000000000000 (           f4.asm):00529         L1078               fcb       $00,$00,$00,$00,$00,$00,$00,$00 ........
1080 0000000000000000 (           f4.asm):00530         L1080               fcb       $00,$00,$00,$00,$00,$00,$00,$00 ........
1088 0000000000000000 (           f4.asm):00531         L1088               fcb       $00,$00,$00,$00,$00,$00,$00,$00 ........
1090 0000000000000000 (           f4.asm):00532         L1090               fcb       $00,$00,$00,$00,$00,$00,$00,$00 ........
1098 0000000000000000 (           f4.asm):00533         L1098               fcb       $00,$00,$00,$00,$00,$00,$00,$00 ........
10A0 0000000000000000 (           f4.asm):00534         L10A0               fcb       $00,$00,$00,$00,$00,$00,$00,$00 ........
10A8 0000000000000000 (           f4.asm):00535         L10A8               fcb       $00,$00,$00,$00,$00,$00,$00,$00 ........
10B0 0000000000000000 (           f4.asm):00536         L10B0               fcb       $00,$00,$00,$00,$00,$00,$00,$00 ........
10B8 0000000000000000 (           f4.asm):00537         L10B8               fcb       $00,$00,$00,$00,$00,$00,$00,$00 ........
10C0 0000000000000000 (           f4.asm):00538         L10C0               fcb       $00,$00,$00,$00,$00,$00,$00,$00 ........
10C8 0000000000000000 (           f4.asm):00539         L10C8               fcb       $00,$00,$00,$00,$00,$00,$00,$00 ........
10D0 0000000000000000 (           f4.asm):00540         L10D0               fcb       $00,$00,$00,$00,$00,$00,$00,$00 ........
10D8 0000000000000000 (           f4.asm):00541         L10D8               fcb       $00,$00,$00,$00,$00,$00,$00,$00 ........
10E0 0000000000000000 (           f4.asm):00542         L10E0               fcb       $00,$00,$00,$00,$00,$00,$00,$00 ........
10E8 0000000000000000 (           f4.asm):00543         L10E8               fcb       $00,$00,$00,$00,$00,$00,$00,$00 ........
10F0 0000000000000000 (           f4.asm):00544         L10F0               fcb       $00,$00,$00,$00,$00,$00,$00,$00 ........
10F8 0000000000000000 (           f4.asm):00545         L10F8               fcb       $00,$00,$00,$00,$00,$00,$00,$00 ........
1100 0000000000000000 (           f4.asm):00546         L1100               fcb       $00,$00,$00,$00,$00,$00,$00,$00 ........
1108 0000000000000000 (           f4.asm):00547         L1108               fcb       $00,$00,$00,$00,$00,$00,$00,$00 ........
1110 0000000000000000 (           f4.asm):00548         L1110               fcb       $00,$00,$00,$00,$00,$00,$00,$00 ........
1118 0000000000000000 (           f4.asm):00549         L1118               fcb       $00,$00,$00,$00,$00,$00,$00,$00 ........
1120 0000000000000000 (           f4.asm):00550         L1120               fcb       $00,$00,$00,$00,$00,$00,$00,$00 ........
1128 0000000000000000 (           f4.asm):00551         L1128               fcb       $00,$00,$00,$00,$00,$00,$00,$00 ........
1130 0000000000000000 (           f4.asm):00552         L1130               fcb       $00,$00,$00,$00,$00,$00,$00,$00 ........
1138 0000000000000000 (           f4.asm):00553         L1138               fcb       $00,$00,$00,$00,$00,$00,$00,$00 ........
1140 0000000000000000 (           f4.asm):00554         L1140               fcb       $00,$00,$00,$00,$00,$00,$00,$00 ........
1148 0000000000000000 (           f4.asm):00555         L1148               fcb       $00,$00,$00,$00,$00,$00,$00,$00 ........
1150 0000000000000000 (           f4.asm):00556         L1150               fcb       $00,$00,$00,$00,$00,$00,$00,$00 ........
1158 0000000000000000 (           f4.asm):00557         L1158               fcb       $00,$00,$00,$00,$00,$00,$00,$00 ........
1160 0000000000000000 (           f4.asm):00558         L1160               fcb       $00,$00,$00,$00,$00,$00,$00,$00 ........
1168 0000000000000000 (           f4.asm):00559         L1168               fcb       $00,$00,$00,$00,$00,$00,$00,$00 ........
1170 0000000000000000 (           f4.asm):00560         L1170               fcb       $00,$00,$00,$00,$00,$00,$00,$00 ........
1178 0000000000000000 (           f4.asm):00561         L1178               fcb       $00,$00,$00,$00,$00,$00,$00,$00 ........
1180 0000000000000000 (           f4.asm):00562         L1180               fcb       $00,$00,$00,$00,$00,$00,$00,$00 ........
1188 0000000000000000 (           f4.asm):00563         L1188               fcb       $00,$00,$00,$00,$00,$00,$00,$00 ........
1190 0000000000000000 (           f4.asm):00564         L1190               fcb       $00,$00,$00,$00,$00,$00,$00,$00 ........
1198 0000000000000000 (           f4.asm):00565         L1198               fcb       $00,$00,$00,$00,$00,$00,$00,$00 ........
11A0 0000000000000000 (           f4.asm):00566         L11A0               fcb       $00,$00,$00,$00,$00,$00,$00,$00 ........
11A8 0000000000000000 (           f4.asm):00567         L11A8               fcb       $00,$00,$00,$00,$00,$00,$00,$00 ........
11B0 0000000000000000 (           f4.asm):00568         L11B0               fcb       $00,$00,$00,$00,$00,$00,$00,$00 ........
11B8 0000000000000000 (           f4.asm):00569         L11B8               fcb       $00,$00,$00,$00,$00,$00,$00,$00 ........
11C0 0000000000000000 (           f4.asm):00570         L11C0               fcb       $00,$00,$00,$00,$00,$00,$00,$00 ........
11C8 0000000000000000 (           f4.asm):00571         L11C8               fcb       $00,$00,$00,$00,$00,$00,$00,$00 ........
11D0 0000000000000000 (           f4.asm):00572         L11D0               fcb       $00,$00,$00,$00,$00,$00,$00,$00 ........
11D8 0000000000000000 (           f4.asm):00573         L11D8               fcb       $00,$00,$00,$00,$00,$00,$00,$00 ........
11E0 0000000000000000 (           f4.asm):00574         L11E0               fcb       $00,$00,$00,$00,$00,$00,$00,$00 ........
11E8 0000000000000000 (           f4.asm):00575         L11E8               fcb       $00,$00,$00,$00,$00,$00,$00,$00 ........
11F0 0000000000000000 (           f4.asm):00576         L11F0               fcb       $00,$00,$00,$00,$00,$00,$00,$00 ........
11F8 0000000000000000 (           f4.asm):00577         L11F8               fcb       $00,$00,$00,$00,$00,$00,$00,$00 ........
1200 0000000000000000 (           f4.asm):00578         L1200               fcb       $00,$00,$00,$00,$00,$00,$00,$00 ........
1208 0000000000000000 (           f4.asm):00579         L1208               fcb       $00,$00,$00,$00,$00,$00,$00,$00 ........
1210 0000000000000000 (           f4.asm):00580         L1210               fcb       $00,$00,$00,$00,$00,$00,$00,$00 ........
1218 0000000000000000 (           f4.asm):00581         L1218               fcb       $00,$00,$00,$00,$00,$00,$00,$00 ........
1220 0000000000000000 (           f4.asm):00582         L1220               fcb       $00,$00,$00,$00,$00,$00,$00,$00 ........
1228 0000000000000000 (           f4.asm):00583         L1228               fcb       $00,$00,$00,$00,$00,$00,$00,$00 ........
1230 0000000000000000 (           f4.asm):00584         L1230               fcb       $00,$00,$00,$00,$00,$00,$00,$00 ........
1238 0000000000000000 (           f4.asm):00585         L1238               fcb       $00,$00,$00,$00,$00,$00,$00,$00 ........
1240 0000000000000000 (           f4.asm):00586         L1240               fcb       $00,$00,$00,$00,$00,$00,$00,$00 ........
1248 0000000000000000 (           f4.asm):00587         L1248               fcb       $00,$00,$00,$00,$00,$00,$00,$00 ........
1250 0000000000000000 (           f4.asm):00588         L1250               fcb       $00,$00,$00,$00,$00,$00,$00,$00 ........
1258 0000000000000000 (           f4.asm):00589         L1258               fcb       $00,$00,$00,$00,$00,$00,$00,$00 ........
1260 0000000000000000 (           f4.asm):00590         L1260               fcb       $00,$00,$00,$00,$00,$00,$00,$00 ........
1268 0000000000000000 (           f4.asm):00591         L1268               fcb       $00,$00,$00,$00,$00,$00,$00,$00 ........
1270 0000000000000000 (           f4.asm):00592         L1270               fcb       $00,$00,$00,$00,$00,$00,$00,$00 ........
1278 0000000000000000 (           f4.asm):00593         L1278               fcb       $00,$00,$00,$00,$00,$00,$00,$00 ........
1280 0000000000000000 (           f4.asm):00594         L1280               fcb       $00,$00,$00,$00,$00,$00,$00,$00 ........
1288 0000000000000000 (           f4.asm):00595         L1288               fcb       $00,$00,$00,$00,$00,$00,$00,$00 ........
1290 0000000000000000 (           f4.asm):00596         L1290               fcb       $00,$00,$00,$00,$00,$00,$00,$00 ........
1298 0000000000000000 (           f4.asm):00597         L1298               fcb       $00,$00,$00,$00,$00,$00,$00,$00 ........
12A0 0000000000000000 (           f4.asm):00598         L12A0               fcb       $00,$00,$00,$00,$00,$00,$00,$00 ........
12A8 0000000000000000 (           f4.asm):00599         L12A8               fcb       $00,$00,$00,$00,$00,$00,$00,$00 ........
12B0 0000000000000000 (           f4.asm):00600         L12B0               fcb       $00,$00,$00,$00,$00,$00,$00,$00 ........
12B8 0000000000000000 (           f4.asm):00601         L12B8               fcb       $00,$00,$00,$00,$00,$00,$00,$00 ........
12C0 0000000000000000 (           f4.asm):00602         L12C0               fcb       $00,$00,$00,$00,$00,$00,$00,$00 ........
12C8 0000000000000000 (           f4.asm):00603         L12C8               fcb       $00,$00,$00,$00,$00,$00,$00,$00 ........
12D0 0000000000000000 (           f4.asm):00604         L12D0               fcb       $00,$00,$00,$00,$00,$00,$00,$00 ........
12D8 0000000000000000 (           f4.asm):00605         L12D8               fcb       $00,$00,$00,$00,$00,$00,$00,$00 ........
12E0 0000000000000000 (           f4.asm):00606         L12E0               fcb       $00,$00,$00,$00,$00,$00,$00,$00 ........
12E8 0000000000000000 (           f4.asm):00607         L12E8               fcb       $00,$00,$00,$00,$00,$00,$00,$00 ........
12F0 0000000000000000 (           f4.asm):00608         L12F0               fcb       $00,$00,$00,$00,$00,$00,$00,$00 ........
12F8 0000000000000000 (           f4.asm):00609         L12F8               fcb       $00,$00,$00,$00,$00,$00,$00,$00 ........
1300 0000000000000000 (           f4.asm):00610         L1300               fcb       $00,$00,$00,$00,$00,$00,$00,$00 ........
1308 0000000000000000 (           f4.asm):00611         L1308               fcb       $00,$00,$00,$00,$00,$00,$00,$00 ........
1310 0000000000000000 (           f4.asm):00612         L1310               fcb       $00,$00,$00,$00,$00,$00,$00,$00 ........
1318 0000000000000000 (           f4.asm):00613         L1318               fcb       $00,$00,$00,$00,$00,$00,$00,$00 ........
1320 0000000000000000 (           f4.asm):00614         L1320               fcb       $00,$00,$00,$00,$00,$00,$00,$00 ........
1328 0000000000000000 (           f4.asm):00615         L1328               fcb       $00,$00,$00,$00,$00,$00,$00,$00 ........
1330 0000000000000000 (           f4.asm):00616         L1330               fcb       $00,$00,$00,$00,$00,$00,$00,$00 ........
1338 0000000000000000 (           f4.asm):00617         L1338               fcb       $00,$00,$00,$00,$00,$00,$00,$00 ........
1340 0000000000000000 (           f4.asm):00618         L1340               fcb       $00,$00,$00,$00,$00,$00,$00,$00 ........
1348 0000000000000000 (           f4.asm):00619         L1348               fcb       $00,$00,$00,$00,$00,$00,$00,$00 ........
1350 0000000000000000 (           f4.asm):00620         L1350               fcb       $00,$00,$00,$00,$00,$00,$00,$00 ........
1358 0000000000000000 (           f4.asm):00621         L1358               fcb       $00,$00,$00,$00,$00,$00,$00,$00 ........
1360 0000000000000000 (           f4.asm):00622         L1360               fcb       $00,$00,$00,$00,$00,$00,$00,$00 ........
1368 0000000000000000 (           f4.asm):00623         L1368               fcb       $00,$00,$00,$00,$00,$00,$00,$00 ........
1370 0000000000000000 (           f4.asm):00624         L1370               fcb       $00,$00,$00,$00,$00,$00,$00,$00 ........
1378 0000000000000000 (           f4.asm):00625         L1378               fcb       $00,$00,$00,$00,$00,$00,$00,$00 ........
1380 0000000000000000 (           f4.asm):00626         L1380               fcb       $00,$00,$00,$00,$00,$00,$00,$00 ........
1388 0000000000000000 (           f4.asm):00627         L1388               fcb       $00,$00,$00,$00,$00,$00,$00,$00 ........
1390 0000000000000000 (           f4.asm):00628         L1390               fcb       $00,$00,$00,$00,$00,$00,$00,$00 ........
1398 0000000000000000 (           f4.asm):00629         L1398               fcb       $00,$00,$00,$00,$00,$00,$00,$00 ........
13A0 0000000000000000 (           f4.asm):00630         L13A0               fcb       $00,$00,$00,$00,$00,$00,$00,$00 ........
13A8 0000000000000000 (           f4.asm):00631         L13A8               fcb       $00,$00,$00,$00,$00,$00,$00,$00 ........
13B0 0000000000000000 (           f4.asm):00632         L13B0               fcb       $00,$00,$00,$00,$00,$00,$00,$00 ........
13B8 0000000000000000 (           f4.asm):00633         L13B8               fcb       $00,$00,$00,$00,$00,$00,$00,$00 ........
13C0 0000000000000000 (           f4.asm):00634         L13C0               fcb       $00,$00,$00,$00,$00,$00,$00,$00 ........
13C8 0000000000000000 (           f4.asm):00635         L13C8               fcb       $00,$00,$00,$00,$00,$00,$00,$00 ........
13D0 0000000000000000 (           f4.asm):00636         L13D0               fcb       $00,$00,$00,$00,$00,$00,$00,$00 ........
13D8 0000000000000000 (           f4.asm):00637         L13D8               fcb       $00,$00,$00,$00,$00,$00,$00,$00 ........
13E0 0000000000000000 (           f4.asm):00638         L13E0               fcb       $00,$00,$00,$00,$00,$00,$00,$00 ........
13E8 0000000000000000 (           f4.asm):00639         L13E8               fcb       $00,$00,$00,$00,$00,$00,$00,$00 ........
13F0 0000000000000000 (           f4.asm):00640         L13F0               fcb       $00,$00,$00,$00,$00,$00,$00,$00 ........
13F8 0000000000000000 (           f4.asm):00641         L13F8               fcb       $00,$00,$00,$00,$00,$00,$00,$00 ........
1400 0000000000000000 (           f4.asm):00642         L1400               fcb       $00,$00,$00,$00,$00,$00,$00,$00 ........
1408 0000000000000000 (           f4.asm):00643         L1408               fcb       $00,$00,$00,$00,$00,$00,$00,$00 ........
1410 0000000000000000 (           f4.asm):00644         L1410               fcb       $00,$00,$00,$00,$00,$00,$00,$00 ........
1418 0000000000000000 (           f4.asm):00645         L1418               fcb       $00,$00,$00,$00,$00,$00,$00,$00 ........
1420 0000000000000000 (           f4.asm):00646         L1420               fcb       $00,$00,$00,$00,$00,$00,$00,$00 ........
1428 0000000000000000 (           f4.asm):00647         L1428               fcb       $00,$00,$00,$00,$00,$00,$00,$00 ........
1430 0000000000000000 (           f4.asm):00648         L1430               fcb       $00,$00,$00,$00,$00,$00,$00,$00 ........
1438 0000000000000000 (           f4.asm):00649         L1438               fcb       $00,$00,$00,$00,$00,$00,$00,$00 ........
1440 0000000000000000 (           f4.asm):00650         L1440               fcb       $00,$00,$00,$00,$00,$00,$00,$00 ........
1448 0000000000000000 (           f4.asm):00651         L1448               fcb       $00,$00,$00,$00,$00,$00,$00,$00 ........
1450 0000000000000000 (           f4.asm):00652         L1450               fcb       $00,$00,$00,$00,$00,$00,$00,$00 ........
1458 0000000000000000 (           f4.asm):00653         L1458               fcb       $00,$00,$00,$00,$00,$00,$00,$00 ........
1460 0000000000000000 (           f4.asm):00654         L1460               fcb       $00,$00,$00,$00,$00,$00,$00,$00 ........
1468 0000000000000000 (           f4.asm):00655         L1468               fcb       $00,$00,$00,$00,$00,$00,$00,$00 ........
1470 0000000000000000 (           f4.asm):00656         L1470               fcb       $00,$00,$00,$00,$00,$00,$00,$00 ........
1478 0000000000000000 (           f4.asm):00657         L1478               fcb       $00,$00,$00,$00,$00,$00,$00,$00 ........
1480 0000000000000000 (           f4.asm):00658         L1480               fcb       $00,$00,$00,$00,$00,$00,$00,$00 ........
1488 0000000000000000 (           f4.asm):00659         L1488               fcb       $00,$00,$00,$00,$00,$00,$00,$00 ........
1490 0000000000000000 (           f4.asm):00660         L1490               fcb       $00,$00,$00,$00,$00,$00,$00,$00 ........
1498 0000000000000000 (           f4.asm):00661         L1498               fcb       $00,$00,$00,$00,$00,$00,$00,$00 ........
14A0 0000000000000000 (           f4.asm):00662         L14A0               fcb       $00,$00,$00,$00,$00,$00,$00,$00 ........
14A8 0000000000000000 (           f4.asm):00663         L14A8               fcb       $00,$00,$00,$00,$00,$00,$00,$00 ........
14B0 0000000000000000 (           f4.asm):00664         L14B0               fcb       $00,$00,$00,$00,$00,$00,$00,$00 ........
14B8 0000000000000000 (           f4.asm):00665         L14B8               fcb       $00,$00,$00,$00,$00,$00,$00,$00 ........
14C0 0000000000000000 (           f4.asm):00666         L14C0               fcb       $00,$00,$00,$00,$00,$00,$00,$00 ........
14C8 0000000000000000 (           f4.asm):00667         L14C8               fcb       $00,$00,$00,$00,$00,$00,$00,$00 ........
14D0 0000000000000000 (           f4.asm):00668         L14D0               fcb       $00,$00,$00,$00,$00,$00,$00,$00 ........
14D8 0000000000000000 (           f4.asm):00669         L14D8               fcb       $00,$00,$00,$00,$00,$00,$00,$00 ........
14E0 0000000000000000 (           f4.asm):00670         L14E0               fcb       $00,$00,$00,$00,$00,$00,$00,$00 ........
14E8 0000000000000000 (           f4.asm):00671         L14E8               fcb       $00,$00,$00,$00,$00,$00,$00,$00 ........
14F0 0000000000000000 (           f4.asm):00672         L14F0               fcb       $00,$00,$00,$00,$00,$00,$00,$00 ........
14F8 0000000000000000 (           f4.asm):00673         L14F8               fcb       $00,$00,$00,$00,$00,$00,$00,$00 ........
1500 0000000000000000 (           f4.asm):00674         L1500               fcb       $00,$00,$00,$00,$00,$00,$00,$00 ........
1508 0000000000000000 (           f4.asm):00675         L1508               fcb       $00,$00,$00,$00,$00,$00,$00,$00 ........
1510 0000000000000000 (           f4.asm):00676         L1510               fcb       $00,$00,$00,$00,$00,$00,$00,$00 ........
1518 0000000000000000 (           f4.asm):00677         L1518               fcb       $00,$00,$00,$00,$00,$00,$00,$00 ........
1520 0000000000000000 (           f4.asm):00678         L1520               fcb       $00,$00,$00,$00,$00,$00,$00,$00 ........
1528 0000000000000000 (           f4.asm):00679         L1528               fcb       $00,$00,$00,$00,$00,$00,$00,$00 ........
1530 0000000000000000 (           f4.asm):00680         L1530               fcb       $00,$00,$00,$00,$00,$00,$00,$00 ........
1538 0000000000000000 (           f4.asm):00681         L1538               fcb       $00,$00,$00,$00,$00,$00,$00,$00 ........
1540 0000000000000000 (           f4.asm):00682         L1540               fcb       $00,$00,$00,$00,$00,$00,$00,$00 ........
1548 0000000000000000 (           f4.asm):00683         L1548               fcb       $00,$00,$00,$00,$00,$00,$00,$00 ........
1550 0000000000000000 (           f4.asm):00684         L1550               fcb       $00,$00,$00,$00,$00,$00,$00,$00 ........
1558 0000000000000000 (           f4.asm):00685         L1558               fcb       $00,$00,$00,$00,$00,$00,$00,$00 ........
1560 0000000000000000 (           f4.asm):00686         L1560               fcb       $00,$00,$00,$00,$00,$00,$00,$00 ........
1568 0000000000000000 (           f4.asm):00687         L1568               fcb       $00,$00,$00,$00,$00,$00,$00,$00 ........
1570 0000000000000000 (           f4.asm):00688         L1570               fcb       $00,$00,$00,$00,$00,$00,$00,$00 ........
1578 0000000000000000 (           f4.asm):00689         L1578               fcb       $00,$00,$00,$00,$00,$00,$00,$00 ........
1580 0000000000000000 (           f4.asm):00690         L1580               fcb       $00,$00,$00,$00,$00,$00,$00,$00 ........
1588 0000000000000000 (           f4.asm):00691         L1588               fcb       $00,$00,$00,$00,$00,$00,$00,$00 ........
1590 0000000000000000 (           f4.asm):00692         L1590               fcb       $00,$00,$00,$00,$00,$00,$00,$00 ........
1598 0000000000000000 (           f4.asm):00693         L1598               fcb       $00,$00,$00,$00,$00,$00,$00,$00 ........
15A0 0000000000000000 (           f4.asm):00694         L15A0               fcb       $00,$00,$00,$00,$00,$00,$00,$00 ........
15A8 0000000000000000 (           f4.asm):00695         L15A8               fcb       $00,$00,$00,$00,$00,$00,$00,$00 ........
15B0 0000000000000000 (           f4.asm):00696         L15B0               fcb       $00,$00,$00,$00,$00,$00,$00,$00 ........
15B8 0000000000000000 (           f4.asm):00697         L15B8               fcb       $00,$00,$00,$00,$00,$00,$00,$00 ........
15C0 0000000000000000 (           f4.asm):00698         L15C0               fcb       $00,$00,$00,$00,$00,$00,$00,$00 ........
15C8 0000000000000000 (           f4.asm):00699         L15C8               fcb       $00,$00,$00,$00,$00,$00,$00,$00 ........
15D0 0000000000000000 (           f4.asm):00700         L15D0               fcb       $00,$00,$00,$00,$00,$00,$00,$00 ........
15D8 0000000000000000 (           f4.asm):00701         L15D8               fcb       $00,$00,$00,$00,$00,$00,$00,$00 ........
15E0 0000000000000000 (           f4.asm):00702         L15E0               fcb       $00,$00,$00,$00,$00,$00,$00,$00 ........
15E8 0000000000000000 (           f4.asm):00703         L15E8               fcb       $00,$00,$00,$00,$00,$00,$00,$00 ........
15F0 0000000000000000 (           f4.asm):00704         L15F0               fcb       $00,$00,$00,$00,$00,$00,$00,$00 ........
15F8 0000000000000000 (           f4.asm):00705         L15F8               fcb       $00,$00,$00,$00,$00,$00,$00,$00 ........
1600 0000000000000000 (           f4.asm):00706         L1600               fcb       $00,$00,$00,$00,$00,$00,$00,$00 ........
1608 0000000000000000 (           f4.asm):00707         L1608               fcb       $00,$00,$00,$00,$00,$00,$00,$00 ........
1610 0000000000000000 (           f4.asm):00708         L1610               fcb       $00,$00,$00,$00,$00,$00,$00,$00 ........
1618 0000000000000000 (           f4.asm):00709         L1618               fcb       $00,$00,$00,$00,$00,$00,$00,$00 ........
1620 0000000000000000 (           f4.asm):00710         L1620               fcb       $00,$00,$00,$00,$00,$00,$00,$00 ........
1628 0000000000000000 (           f4.asm):00711         L1628               fcb       $00,$00,$00,$00,$00,$00,$00,$00 ........
1630 0000000000000000 (           f4.asm):00712         L1630               fcb       $00,$00,$00,$00,$00,$00,$00,$00 ........
1638 0000000000000000 (           f4.asm):00713         L1638               fcb       $00,$00,$00,$00,$00,$00,$00,$00 ........
1640 0000000000000000 (           f4.asm):00714         L1640               fcb       $00,$00,$00,$00,$00,$00,$00,$00 ........
1648 0000000000000000 (           f4.asm):00715         L1648               fcb       $00,$00,$00,$00,$00,$00,$00,$00 ........
1650 0000000000000000 (           f4.asm):00716         L1650               fcb       $00,$00,$00,$00,$00,$00,$00,$00 ........
1658 0000000000000000 (           f4.asm):00717         L1658               fcb       $00,$00,$00,$00,$00,$00,$00,$00 ........
1660 0000000000000000 (           f4.asm):00718         L1660               fcb       $00,$00,$00,$00,$00,$00,$00,$00 ........
1668 0000000000000000 (           f4.asm):00719         L1668               fcb       $00,$00,$00,$00,$00,$00,$00,$00 ........
1670 0000000000000000 (           f4.asm):00720         L1670               fcb       $00,$00,$00,$00,$00,$00,$00,$00 ........
1678 0000000000000000 (           f4.asm):00721         L1678               fcb       $00,$00,$00,$00,$00,$00,$00,$00 ........
1680 0000000000000000 (           f4.asm):00722         L1680               fcb       $00,$00,$00,$00,$00,$00,$00,$00 ........
1688 0000000000000000 (           f4.asm):00723         L1688               fcb       $00,$00,$00,$00,$00,$00,$00,$00 ........
1690 0000000000000000 (           f4.asm):00724         L1690               fcb       $00,$00,$00,$00,$00,$00,$00,$00 ........
1698 0000000000000000 (           f4.asm):00725         L1698               fcb       $00,$00,$00,$00,$00,$00,$00,$00 ........
16A0 0000000000000000 (           f4.asm):00726         L16A0               fcb       $00,$00,$00,$00,$00,$00,$00,$00 ........
16A8 0000000000000000 (           f4.asm):00727         L16A8               fcb       $00,$00,$00,$00,$00,$00,$00,$00 ........
16B0 0000000000000000 (           f4.asm):00728         L16B0               fcb       $00,$00,$00,$00,$00,$00,$00,$00 ........
16B8 0000000000000000 (           f4.asm):00729         L16B8               fcb       $00,$00,$00,$00,$00,$00,$00,$00 ........
16C0 0000000000000000 (           f4.asm):00730         L16C0               fcb       $00,$00,$00,$00,$00,$00,$00,$00 ........
16C8 0000000000000000 (           f4.asm):00731         L16C8               fcb       $00,$00,$00,$00,$00,$00,$00,$00 ........
16D0 0000000000000000 (           f4.asm):00732         L16D0               fcb       $00,$00,$00,$00,$00,$00,$00,$00 ........
16D8 0000000000000000 (           f4.asm):00733         L16D8               fcb       $00,$00,$00,$00,$00,$00,$00,$00 ........
16E0 0000000000000000 (           f4.asm):00734         L16E0               fcb       $00,$00,$00,$00,$00,$00,$00,$00 ........
16E8 0000000000000000 (           f4.asm):00735         L16E8               fcb       $00,$00,$00,$00,$00,$00,$00,$00 ........
16F0 0000000000000000 (           f4.asm):00736         L16F0               fcb       $00,$00,$00,$00,$00,$00,$00,$00 ........
16F8 0000000000000000 (           f4.asm):00737         L16F8               fcb       $00,$00,$00,$00,$00,$00,$00,$00 ........
1700 0000000000000000 (           f4.asm):00738         L1700               fcb       $00,$00,$00,$00,$00,$00,$00,$00 ........
1708 0000000000000000 (           f4.asm):00739         L1708               fcb       $00,$00,$00,$00,$00,$00,$00,$00 ........
1710 0000000000000000 (           f4.asm):00740         L1710               fcb       $00,$00,$00,$00,$00,$00,$00,$00 ........
1718 0000000000000000 (           f4.asm):00741         L1718               fcb       $00,$00,$00,$00,$00,$00,$00,$00 ........
1720 0000000000000000 (           f4.asm):00742         L1720               fcb       $00,$00,$00,$00,$00,$00,$00,$00 ........
1728 0000000000000000 (           f4.asm):00743         L1728               fcb       $00,$00,$00,$00,$00,$00,$00,$00 ........
1730 0000000000000000 (           f4.asm):00744         L1730               fcb       $00,$00,$00,$00,$00,$00,$00,$00 ........
1738 0000000000000000 (           f4.asm):00745         L1738               fcb       $00,$00,$00,$00,$00,$00,$00,$00 ........
1740 0000000000000000 (           f4.asm):00746         L1740               fcb       $00,$00,$00,$00,$00,$00,$00,$00 ........
1748 0000000000000000 (           f4.asm):00747         L1748               fcb       $00,$00,$00,$00,$00,$00,$00,$00 ........
1750 0000000000000000 (           f4.asm):00748         L1750               fcb       $00,$00,$00,$00,$00,$00,$00,$00 ........
1758 0000000000000000 (           f4.asm):00749         L1758               fcb       $00,$00,$00,$00,$00,$00,$00,$00 ........
1760 0000000000000000 (           f4.asm):00750         L1760               fcb       $00,$00,$00,$00,$00,$00,$00,$00 ........
1768 0000000000000000 (           f4.asm):00751         L1768               fcb       $00,$00,$00,$00,$00,$00,$00,$00 ........
1770 0000000000000000 (           f4.asm):00752         L1770               fcb       $00,$00,$00,$00,$00,$00,$00,$00 ........
1778 0000000000000000 (           f4.asm):00753         L1778               fcb       $00,$00,$00,$00,$00,$00,$00,$00 ........
1780 0000000000000000 (           f4.asm):00754         L1780               fcb       $00,$00,$00,$00,$00,$00,$00,$00 ........
1788 0000000000000000 (           f4.asm):00755         L1788               fcb       $00,$00,$00,$00,$00,$00,$00,$00 ........
1790 0000000000000000 (           f4.asm):00756         L1790               fcb       $00,$00,$00,$00,$00,$00,$00,$00 ........
1798 0000000000000000 (           f4.asm):00757         L1798               fcb       $00,$00,$00,$00,$00,$00,$00,$00 ........
17A0 0000000000000000 (           f4.asm):00758         L17A0               fcb       $00,$00,$00,$00,$00,$00,$00,$00 ........
17A8 0000000000000000 (           f4.asm):00759         L17A8               fcb       $00,$00,$00,$00,$00,$00,$00,$00 ........
17B0 0000000000000000 (           f4.asm):00760         L17B0               fcb       $00,$00,$00,$00,$00,$00,$00,$00 ........
17B8 0000000000000000 (           f4.asm):00761         L17B8               fcb       $00,$00,$00,$00,$00,$00,$00,$00 ........
17C0 0000000000000000 (           f4.asm):00762         L17C0               fcb       $00,$00,$00,$00,$00,$00,$00,$00 ........
17C8 0000000000000000 (           f4.asm):00763         L17C8               fcb       $00,$00,$00,$00,$00,$00,$00,$00 ........
17D0 0000000000000000 (           f4.asm):00764         L17D0               fcb       $00,$00,$00,$00,$00,$00,$00,$00 ........
17D8 0000000000000000 (           f4.asm):00765         L17D8               fcb       $00,$00,$00,$00,$00,$00,$00,$00 ........
17E0 0000000000000000 (           f4.asm):00766         L17E0               fcb       $00,$00,$00,$00,$00,$00,$00,$00 ........
17E8 0000000000000000 (           f4.asm):00767         L17E8               fcb       $00,$00,$00,$00,$00,$00,$00,$00 ........
17F0 0000000000000000 (           f4.asm):00768         L17F0               fcb       $00,$00,$00,$00,$00,$00,$00,$00 ........
17F8 0000000000000000 (           f4.asm):00769         L17F8               fcb       $00,$00,$00,$00,$00,$00,$00,$00 ........
1800 0000000000000000 (           f4.asm):00770         L1800               fcb       $00,$00,$00,$00,$00,$00,$00,$00 ........
1808 0000000000000000 (           f4.asm):00771         L1808               fcb       $00,$00,$00,$00,$00,$00,$00,$00 ........
1810 0000000000000000 (           f4.asm):00772         L1810               fcb       $00,$00,$00,$00,$00,$00,$00,$00 ........
1818 0000000000000000 (           f4.asm):00773         L1818               fcb       $00,$00,$00,$00,$00,$00,$00,$00 ........
1820 0000000000000000 (           f4.asm):00774         L1820               fcb       $00,$00,$00,$00,$00,$00,$00,$00 ........
1828 0000000000000000 (           f4.asm):00775         L1828               fcb       $00,$00,$00,$00,$00,$00,$00,$00 ........
1830 0000000000000000 (           f4.asm):00776         L1830               fcb       $00,$00,$00,$00,$00,$00,$00,$00 ........
1838 0000000000000000 (           f4.asm):00777         L1838               fcb       $00,$00,$00,$00,$00,$00,$00,$00 ........
1840 0000000000000000 (           f4.asm):00778         L1840               fcb       $00,$00,$00,$00,$00,$00,$00,$00 ........
1848 0000000000000000 (           f4.asm):00779         L1848               fcb       $00,$00,$00,$00,$00,$00,$00,$00 ........
1850 0000000000000000 (           f4.asm):00780         L1850               fcb       $00,$00,$00,$00,$00,$00,$00,$00 ........
1858 0000000000000000 (           f4.asm):00781         L1858               fcb       $00,$00,$00,$00,$00,$00,$00,$00 ........
1860 0000000000000000 (           f4.asm):00782         L1860               fcb       $00,$00,$00,$00,$00,$00,$00,$00 ........
1868 0000000000000000 (           f4.asm):00783         L1868               fcb       $00,$00,$00,$00,$00,$00,$00,$00 ........
1870 0000000000000000 (           f4.asm):00784         L1870               fcb       $00,$00,$00,$00,$00,$00,$00,$00 ........
1878 0000000000000000 (           f4.asm):00785         L1878               fcb       $00,$00,$00,$00,$00,$00,$00,$00 ........
1880 0000000000000000 (           f4.asm):00786         L1880               fcb       $00,$00,$00,$00,$00,$00,$00,$00 ........
1888 0000000000000000 (           f4.asm):00787         L1888               fcb       $00,$00,$00,$00,$00,$00,$00,$00 ........
1890 0000000000000000 (           f4.asm):00788         L1890               fcb       $00,$00,$00,$00,$00,$00,$00,$00 ........
1898 0000000000000000 (           f4.asm):00789         L1898               fcb       $00,$00,$00,$00,$00,$00,$00,$00 ........
18A0 0000000000000000 (           f4.asm):00790         L18A0               fcb       $00,$00,$00,$00,$00,$00,$00,$00 ........
18A8 0000000000000000 (           f4.asm):00791         L18A8               fcb       $00,$00,$00,$00,$00,$00,$00,$00 ........
18B0 0000000000000000 (           f4.asm):00792         L18B0               fcb       $00,$00,$00,$00,$00,$00,$00,$00 ........
18B8 0000000000000000 (           f4.asm):00793         L18B8               fcb       $00,$00,$00,$00,$00,$00,$00,$00 ........
18C0 0000000000000000 (           f4.asm):00794         L18C0               fcb       $00,$00,$00,$00,$00,$00,$00,$00 ........
18C8 0000000000000000 (           f4.asm):00795         L18C8               fcb       $00,$00,$00,$00,$00,$00,$00,$00 ........
18D0 0000000000000000 (           f4.asm):00796         L18D0               fcb       $00,$00,$00,$00,$00,$00,$00,$00 ........
18D8 0000000000000000 (           f4.asm):00797         L18D8               fcb       $00,$00,$00,$00,$00,$00,$00,$00 ........
18E0 0000000000000000 (           f4.asm):00798         L18E0               fcb       $00,$00,$00,$00,$00,$00,$00,$00 ........
18E8 0000000000000000 (           f4.asm):00799         L18E8               fcb       $00,$00,$00,$00,$00,$00,$00,$00 ........
18F0 0000000000000000 (           f4.asm):00800         L18F0               fcb       $00,$00,$00,$00,$00,$00,$00,$00 ........
18F8 0000000000000000 (           f4.asm):00801         L18F8               fcb       $00,$00,$00,$00,$00,$00,$00,$00 ........
1900 0000000000000000 (           f4.asm):00802         L1900               fcb       $00,$00,$00,$00,$00,$00,$00,$00 ........
1908 0000000000000000 (           f4.asm):00803         L1908               fcb       $00,$00,$00,$00,$00,$00,$00,$00 ........
1910 0000000000000000 (           f4.asm):00804         L1910               fcb       $00,$00,$00,$00,$00,$00,$00,$00 ........
1918 0000000000000000 (           f4.asm):00805         L1918               fcb       $00,$00,$00,$00,$00,$00,$00,$00 ........
1920 0000000000000000 (           f4.asm):00806         L1920               fcb       $00,$00,$00,$00,$00,$00,$00,$00 ........
1928 0000000000000000 (           f4.asm):00807         L1928               fcb       $00,$00,$00,$00,$00,$00,$00,$00 ........
1930 0000000000000000 (           f4.asm):00808         L1930               fcb       $00,$00,$00,$00,$00,$00,$00,$00 ........
1938 0000000000000000 (           f4.asm):00809         L1938               fcb       $00,$00,$00,$00,$00,$00,$00,$00 ........
1940 0000000000000000 (           f4.asm):00810         L1940               fcb       $00,$00,$00,$00,$00,$00,$00,$00 ........
1948 0000000000000000 (           f4.asm):00811         L1948               fcb       $00,$00,$00,$00,$00,$00,$00,$00 ........
1950 0000000000000000 (           f4.asm):00812         L1950               fcb       $00,$00,$00,$00,$00,$00,$00,$00 ........
1958 0000000000000000 (           f4.asm):00813         L1958               fcb       $00,$00,$00,$00,$00,$00,$00,$00 ........
1960 0000000000000000 (           f4.asm):00814         L1960               fcb       $00,$00,$00,$00,$00,$00,$00,$00 ........
1968 0000000000000000 (           f4.asm):00815         L1968               fcb       $00,$00,$00,$00,$00,$00,$00,$00 ........
1970 0000000000000000 (           f4.asm):00816         L1970               fcb       $00,$00,$00,$00,$00,$00,$00,$00 ........
1978 0000000000000000 (           f4.asm):00817         L1978               fcb       $00,$00,$00,$00,$00,$00,$00,$00 ........
1980 0000000000000000 (           f4.asm):00818         L1980               fcb       $00,$00,$00,$00,$00,$00,$00,$00 ........
1988 0000000000000000 (           f4.asm):00819         L1988               fcb       $00,$00,$00,$00,$00,$00,$00,$00 ........
1990 0000000000000000 (           f4.asm):00820         L1990               fcb       $00,$00,$00,$00,$00,$00,$00,$00 ........
1998 0000000000000000 (           f4.asm):00821         L1998               fcb       $00,$00,$00,$00,$00,$00,$00,$00 ........
19A0 0000000000000000 (           f4.asm):00822         L19A0               fcb       $00,$00,$00,$00,$00,$00,$00,$00 ........
19A8 0000000000000000 (           f4.asm):00823         L19A8               fcb       $00,$00,$00,$00,$00,$00,$00,$00 ........
19B0 0000000000000000 (           f4.asm):00824         L19B0               fcb       $00,$00,$00,$00,$00,$00,$00,$00 ........
19B8 0000000000000000 (           f4.asm):00825         L19B8               fcb       $00,$00,$00,$00,$00,$00,$00,$00 ........
19C0 0000000000000000 (           f4.asm):00826         L19C0               fcb       $00,$00,$00,$00,$00,$00,$00,$00 ........
19C8 0000000000000000 (           f4.asm):00827         L19C8               fcb       $00,$00,$00,$00,$00,$00,$00,$00 ........
19D0 0000000000000000 (           f4.asm):00828         L19D0               fcb       $00,$00,$00,$00,$00,$00,$00,$00 ........
19D8 0000000000000000 (           f4.asm):00829         L19D8               fcb       $00,$00,$00,$00,$00,$00,$00,$00 ........
19E0 0000000000000000 (           f4.asm):00830         L19E0               fcb       $00,$00,$00,$00,$00,$00,$00,$00 ........
19E8 0000000000000000 (           f4.asm):00831         L19E8               fcb       $00,$00,$00,$00,$00,$00,$00,$00 ........
19F0 0000000000000000 (           f4.asm):00832         L19F0               fcb       $00,$00,$00,$00,$00,$00,$00,$00 ........
19F8 0000000000000000 (           f4.asm):00833         L19F8               fcb       $00,$00,$00,$00,$00,$00,$00,$00 ........
1A00 0000000000000000 (           f4.asm):00834         L1A00               fcb       $00,$00,$00,$00,$00,$00,$00,$00 ........
1A08 0000000000000000 (           f4.asm):00835         L1A08               fcb       $00,$00,$00,$00,$00,$00,$00,$00 ........
1A10 0000000000000000 (           f4.asm):00836         L1A10               fcb       $00,$00,$00,$00,$00,$00,$00,$00 ........
1A18 0000000000000000 (           f4.asm):00837         L1A18               fcb       $00,$00,$00,$00,$00,$00,$00,$00 ........
1A20 0000000000000000 (           f4.asm):00838         L1A20               fcb       $00,$00,$00,$00,$00,$00,$00,$00 ........
1A28 0000000000000000 (           f4.asm):00839         L1A28               fcb       $00,$00,$00,$00,$00,$00,$00,$00 ........
1A30 0000000000000000 (           f4.asm):00840         L1A30               fcb       $00,$00,$00,$00,$00,$00,$00,$00 ........
1A38 0000000000000000 (           f4.asm):00841         L1A38               fcb       $00,$00,$00,$00,$00,$00,$00,$00 ........
1A40 0000000000000000 (           f4.asm):00842         L1A40               fcb       $00,$00,$00,$00,$00,$00,$00,$00 ........
1A48 0000000000000000 (           f4.asm):00843         L1A48               fcb       $00,$00,$00,$00,$00,$00,$00,$00 ........
1A50 0000000000000000 (           f4.asm):00844         L1A50               fcb       $00,$00,$00,$00,$00,$00,$00,$00 ........
1A58 0000000000000000 (           f4.asm):00845         L1A58               fcb       $00,$00,$00,$00,$00,$00,$00,$00 ........
1A60 0000000000000000 (           f4.asm):00846         L1A60               fcb       $00,$00,$00,$00,$00,$00,$00,$00 ........
1A68 0000000000000000 (           f4.asm):00847         L1A68               fcb       $00,$00,$00,$00,$00,$00,$00,$00 ........
1A70 0000000000000000 (           f4.asm):00848         L1A70               fcb       $00,$00,$00,$00,$00,$00,$00,$00 ........
1A78 0000000000000000 (           f4.asm):00849         L1A78               fcb       $00,$00,$00,$00,$00,$00,$00,$00 ........
1A80 0000000000000000 (           f4.asm):00850         L1A80               fcb       $00,$00,$00,$00,$00,$00,$00,$00 ........
1A88 0000000000000000 (           f4.asm):00851         L1A88               fcb       $00,$00,$00,$00,$00,$00,$00,$00 ........
1A90 0000000000000000 (           f4.asm):00852         L1A90               fcb       $00,$00,$00,$00,$00,$00,$00,$00 ........
1A98 0000000000000000 (           f4.asm):00853         L1A98               fcb       $00,$00,$00,$00,$00,$00,$00,$00 ........
1AA0 0000000000000000 (           f4.asm):00854         L1AA0               fcb       $00,$00,$00,$00,$00,$00,$00,$00 ........
1AA8 0000000000000000 (           f4.asm):00855         L1AA8               fcb       $00,$00,$00,$00,$00,$00,$00,$00 ........
1AB0 0000000000000000 (           f4.asm):00856         L1AB0               fcb       $00,$00,$00,$00,$00,$00,$00,$00 ........
1AB8 0000000000000000 (           f4.asm):00857         L1AB8               fcb       $00,$00,$00,$00,$00,$00,$00,$00 ........
1AC0 0000000000000000 (           f4.asm):00858         L1AC0               fcb       $00,$00,$00,$00,$00,$00,$00,$00 ........
1AC8 0000000000000000 (           f4.asm):00859         L1AC8               fcb       $00,$00,$00,$00,$00,$00,$00,$00 ........
1AD0 0000000000000000 (           f4.asm):00860         L1AD0               fcb       $00,$00,$00,$00,$00,$00,$00,$00 ........
1AD8 0000000000000000 (           f4.asm):00861         L1AD8               fcb       $00,$00,$00,$00,$00,$00,$00,$00 ........
1AE0 0000000000000000 (           f4.asm):00862         L1AE0               fcb       $00,$00,$00,$00,$00,$00,$00,$00 ........
1AE8 0000000000000000 (           f4.asm):00863         L1AE8               fcb       $00,$00,$00,$00,$00,$00,$00,$00 ........
1AF0 0000000000000000 (           f4.asm):00864         L1AF0               fcb       $00,$00,$00,$00,$00,$00,$00,$00 ........
1AF8 0000000000000000 (           f4.asm):00865         L1AF8               fcb       $00,$00,$00,$00,$00,$00,$00,$00 ........
1B00 0000000000000000 (           f4.asm):00866         L1B00               fcb       $00,$00,$00,$00,$00,$00,$00,$00 ........
1B08 0000000000000000 (           f4.asm):00867         L1B08               fcb       $00,$00,$00,$00,$00,$00,$00,$00 ........
1B10 0000000000000000 (           f4.asm):00868         L1B10               fcb       $00,$00,$00,$00,$00,$00,$00,$00 ........
1B18 0000000000000000 (           f4.asm):00869         L1B18               fcb       $00,$00,$00,$00,$00,$00,$00,$00 ........
1B20 0000000000000000 (           f4.asm):00870         L1B20               fcb       $00,$00,$00,$00,$00,$00,$00,$00 ........
1B28 0000000000000000 (           f4.asm):00871         L1B28               fcb       $00,$00,$00,$00,$00,$00,$00,$00 ........
1B30 0000000000000000 (           f4.asm):00872         L1B30               fcb       $00,$00,$00,$00,$00,$00,$00,$00 ........
1B38 0000000000000000 (           f4.asm):00873         L1B38               fcb       $00,$00,$00,$00,$00,$00,$00,$00 ........
1B40 0000000000000000 (           f4.asm):00874         L1B40               fcb       $00,$00,$00,$00,$00,$00,$00,$00 ........
1B48 0000000000000000 (           f4.asm):00875         L1B48               fcb       $00,$00,$00,$00,$00,$00,$00,$00 ........
1B50 0000000000000000 (           f4.asm):00876         L1B50               fcb       $00,$00,$00,$00,$00,$00,$00,$00 ........
1B58 0000000000000000 (           f4.asm):00877         L1B58               fcb       $00,$00,$00,$00,$00,$00,$00,$00 ........
1B60 0000000000000000 (           f4.asm):00878         L1B60               fcb       $00,$00,$00,$00,$00,$00,$00,$00 ........
1B68 0000000000000000 (           f4.asm):00879         L1B68               fcb       $00,$00,$00,$00,$00,$00,$00,$00 ........
1B70 0000000000000000 (           f4.asm):00880         L1B70               fcb       $00,$00,$00,$00,$00,$00,$00,$00 ........
1B78 0000000000000000 (           f4.asm):00881         L1B78               fcb       $00,$00,$00,$00,$00,$00,$00,$00 ........
1B80 0000000000000000 (           f4.asm):00882         L1B80               fcb       $00,$00,$00,$00,$00,$00,$00,$00 ........
1B88 0000000000000000 (           f4.asm):00883         L1B88               fcb       $00,$00,$00,$00,$00,$00,$00,$00 ........
1B90 0000000000000000 (           f4.asm):00884         L1B90               fcb       $00,$00,$00,$00,$00,$00,$00,$00 ........
1B98 0000000000000000 (           f4.asm):00885         L1B98               fcb       $00,$00,$00,$00,$00,$00,$00,$00 ........
1BA0 0000000000000000 (           f4.asm):00886         L1BA0               fcb       $00,$00,$00,$00,$00,$00,$00,$00 ........
1BA8 0000000000000000 (           f4.asm):00887         L1BA8               fcb       $00,$00,$00,$00,$00,$00,$00,$00 ........
1BB0 0000000000000000 (           f4.asm):00888         L1BB0               fcb       $00,$00,$00,$00,$00,$00,$00,$00 ........
1BB8 0000000000000000 (           f4.asm):00889         L1BB8               fcb       $00,$00,$00,$00,$00,$00,$00,$00 ........
1BC0 0000000000000000 (           f4.asm):00890         L1BC0               fcb       $00,$00,$00,$00,$00,$00,$00,$00 ........
1BC8 0000000000000000 (           f4.asm):00891         L1BC8               fcb       $00,$00,$00,$00,$00,$00,$00,$00 ........
1BD0 0000000000000000 (           f4.asm):00892         L1BD0               fcb       $00,$00,$00,$00,$00,$00,$00,$00 ........
1BD8 0000000000000000 (           f4.asm):00893         L1BD8               fcb       $00,$00,$00,$00,$00,$00,$00,$00 ........
1BE0 0000000000000000 (           f4.asm):00894         L1BE0               fcb       $00,$00,$00,$00,$00,$00,$00,$00 ........
1BE8 0000000000000000 (           f4.asm):00895         L1BE8               fcb       $00,$00,$00,$00,$00,$00,$00,$00 ........
1BF0 0000000000000000 (           f4.asm):00896         L1BF0               fcb       $00,$00,$00,$00,$00,$00,$00,$00 ........
1BF8 0000000000000000 (           f4.asm):00897         L1BF8               fcb       $00,$00,$00,$00,$00,$00,$00,$00 ........
1C00 0000000000000000 (           f4.asm):00898         L1C00               fcb       $00,$00,$00,$00,$00,$00,$00,$00 ........
1C08 0000000000000000 (           f4.asm):00899         L1C08               fcb       $00,$00,$00,$00,$00,$00,$00,$00 ........
1C10 0000000000000000 (           f4.asm):00900         L1C10               fcb       $00,$00,$00,$00,$00,$00,$00,$00 ........
1C18 0000000000000000 (           f4.asm):00901         L1C18               fcb       $00,$00,$00,$00,$00,$00,$00,$00 ........
1C20 0000000000000000 (           f4.asm):00902         L1C20               fcb       $00,$00,$00,$00,$00,$00,$00,$00 ........
1C28 0000000000000000 (           f4.asm):00903         L1C28               fcb       $00,$00,$00,$00,$00,$00,$00,$00 ........
1C30 0000000000000000 (           f4.asm):00904         L1C30               fcb       $00,$00,$00,$00,$00,$00,$00,$00 ........
1C38 0000000000000000 (           f4.asm):00905         L1C38               fcb       $00,$00,$00,$00,$00,$00,$00,$00 ........
1C40 0000000000000000 (           f4.asm):00906         L1C40               fcb       $00,$00,$00,$00,$00,$00,$00,$00 ........
1C48 0000000000000000 (           f4.asm):00907         L1C48               fcb       $00,$00,$00,$00,$00,$00,$00,$00 ........
1C50 0000000000000000 (           f4.asm):00908         L1C50               fcb       $00,$00,$00,$00,$00,$00,$00,$00 ........
1C58 0000000000000000 (           f4.asm):00909         L1C58               fcb       $00,$00,$00,$00,$00,$00,$00,$00 ........
1C60 0000000000000000 (           f4.asm):00910         L1C60               fcb       $00,$00,$00,$00,$00,$00,$00,$00 ........
1C68 0000000000000000 (           f4.asm):00911         L1C68               fcb       $00,$00,$00,$00,$00,$00,$00,$00 ........
1C70 0000000000000000 (           f4.asm):00912         L1C70               fcb       $00,$00,$00,$00,$00,$00,$00,$00 ........
1C78 0000000000000000 (           f4.asm):00913         L1C78               fcb       $00,$00,$00,$00,$00,$00,$00,$00 ........
1C80 0000000000000000 (           f4.asm):00914         L1C80               fcb       $00,$00,$00,$00,$00,$00,$00,$00 ........
1C88 0000000000000000 (           f4.asm):00915         L1C88               fcb       $00,$00,$00,$00,$00,$00,$00,$00 ........
1C90 0000000000000000 (           f4.asm):00916         L1C90               fcb       $00,$00,$00,$00,$00,$00,$00,$00 ........
1C98 0000000000000000 (           f4.asm):00917         L1C98               fcb       $00,$00,$00,$00,$00,$00,$00,$00 ........
1CA0 0000000000000000 (           f4.asm):00918         L1CA0               fcb       $00,$00,$00,$00,$00,$00,$00,$00 ........
1CA8 0000000000000000 (           f4.asm):00919         L1CA8               fcb       $00,$00,$00,$00,$00,$00,$00,$00 ........
1CB0 0000000000000000 (           f4.asm):00920         L1CB0               fcb       $00,$00,$00,$00,$00,$00,$00,$00 ........
1CB8 0000000000000000 (           f4.asm):00921         L1CB8               fcb       $00,$00,$00,$00,$00,$00,$00,$00 ........
1CC0 0000000000000000 (           f4.asm):00922         L1CC0               fcb       $00,$00,$00,$00,$00,$00,$00,$00 ........
1CC8 0000000000000000 (           f4.asm):00923         L1CC8               fcb       $00,$00,$00,$00,$00,$00,$00,$00 ........
1CD0 0000000000000000 (           f4.asm):00924         L1CD0               fcb       $00,$00,$00,$00,$00,$00,$00,$00 ........
1CD8 0000000000000000 (           f4.asm):00925         L1CD8               fcb       $00,$00,$00,$00,$00,$00,$00,$00 ........
1CE0 0000000000000000 (           f4.asm):00926         L1CE0               fcb       $00,$00,$00,$00,$00,$00,$00,$00 ........
1CE8 0000000000000000 (           f4.asm):00927         L1CE8               fcb       $00,$00,$00,$00,$00,$00,$00,$00 ........
1CF0 0000000000000000 (           f4.asm):00928         L1CF0               fcb       $00,$00,$00,$00,$00,$00,$00,$00 ........
1CF8 0000000000000000 (           f4.asm):00929         L1CF8               fcb       $00,$00,$00,$00,$00,$00,$00,$00 ........
1D00 0000000000000000 (           f4.asm):00930         L1D00               fcb       $00,$00,$00,$00,$00,$00,$00,$00 ........
1D08 0000000000000000 (           f4.asm):00931         L1D08               fcb       $00,$00,$00,$00,$00,$00,$00,$00 ........
1D10 0000000000000000 (           f4.asm):00932         L1D10               fcb       $00,$00,$00,$00,$00,$00,$00,$00 ........
1D18 0000000000000000 (           f4.asm):00933         L1D18               fcb       $00,$00,$00,$00,$00,$00,$00,$00 ........
1D20 0000000000000000 (           f4.asm):00934         L1D20               fcb       $00,$00,$00,$00,$00,$00,$00,$00 ........
1D28 0000000000000000 (           f4.asm):00935         L1D28               fcb       $00,$00,$00,$00,$00,$00,$00,$00 ........
1D30 0000000000000000 (           f4.asm):00936         L1D30               fcb       $00,$00,$00,$00,$00,$00,$00,$00 ........
1D38 0000000000000000 (           f4.asm):00937         L1D38               fcb       $00,$00,$00,$00,$00,$00,$00,$00 ........
1D40 0000000000000000 (           f4.asm):00938         L1D40               fcb       $00,$00,$00,$00,$00,$00,$00,$00 ........
1D48 0000000000000000 (           f4.asm):00939         L1D48               fcb       $00,$00,$00,$00,$00,$00,$00,$00 ........
1D50 0000000000000000 (           f4.asm):00940         L1D50               fcb       $00,$00,$00,$00,$00,$00,$00,$00 ........
1D58 0000000000000000 (           f4.asm):00941         L1D58               fcb       $00,$00,$00,$00,$00,$00,$00,$00 ........
1D60 0000000000000000 (           f4.asm):00942         L1D60               fcb       $00,$00,$00,$00,$00,$00,$00,$00 ........
1D68 0000000000000000 (           f4.asm):00943         L1D68               fcb       $00,$00,$00,$00,$00,$00,$00,$00 ........
1D70 0000000000000000 (           f4.asm):00944         L1D70               fcb       $00,$00,$00,$00,$00,$00,$00,$00 ........
1D78 0000000000000000 (           f4.asm):00945         L1D78               fcb       $00,$00,$00,$00,$00,$00,$00,$00 ........
1D80 0000000000000000 (           f4.asm):00946         L1D80               fcb       $00,$00,$00,$00,$00,$00,$00,$00 ........
1D88 0000000000000000 (           f4.asm):00947         L1D88               fcb       $00,$00,$00,$00,$00,$00,$00,$00 ........
1D90 0000000000000000 (           f4.asm):00948         L1D90               fcb       $00,$00,$00,$00,$00,$00,$00,$00 ........
1D98 0000000000000000 (           f4.asm):00949         L1D98               fcb       $00,$00,$00,$00,$00,$00,$00,$00 ........
1DA0 0000000000000000 (           f4.asm):00950         L1DA0               fcb       $00,$00,$00,$00,$00,$00,$00,$00 ........
1DA8 0000000000000000 (           f4.asm):00951         L1DA8               fcb       $00,$00,$00,$00,$00,$00,$00,$00 ........
1DB0 0000000000000000 (           f4.asm):00952         L1DB0               fcb       $00,$00,$00,$00,$00,$00,$00,$00 ........
1DB8 0000000000000000 (           f4.asm):00953         L1DB8               fcb       $00,$00,$00,$00,$00,$00,$00,$00 ........
1DC0 0000000000000000 (           f4.asm):00954         L1DC0               fcb       $00,$00,$00,$00,$00,$00,$00,$00 ........
1DC8 0000000000000000 (           f4.asm):00955         L1DC8               fcb       $00,$00,$00,$00,$00,$00,$00,$00 ........
1DD0 0000000000000000 (           f4.asm):00956         L1DD0               fcb       $00,$00,$00,$00,$00,$00,$00,$00 ........
1DD8 0000000000000000 (           f4.asm):00957         L1DD8               fcb       $00,$00,$00,$00,$00,$00,$00,$00 ........
1DE0 0000000000000000 (           f4.asm):00958         L1DE0               fcb       $00,$00,$00,$00,$00,$00,$00,$00 ........
1DE8 0000000000000000 (           f4.asm):00959         L1DE8               fcb       $00,$00,$00,$00,$00,$00,$00,$00 ........
1DF0 0000000000000000 (           f4.asm):00960         L1DF0               fcb       $00,$00,$00,$00,$00,$00,$00,$00 ........
1DF8 0000000000000000 (           f4.asm):00961         L1DF8               fcb       $00,$00,$00,$00,$00,$00,$00,$00 ........
1E00 0000000000000000 (           f4.asm):00962         L1E00               fcb       $00,$00,$00,$00,$00,$00,$00,$00 ........
1E08 0000000000000000 (           f4.asm):00963         L1E08               fcb       $00,$00,$00,$00,$00,$00,$00,$00 ........
1E10 0000000000000000 (           f4.asm):00964         L1E10               fcb       $00,$00,$00,$00,$00,$00,$00,$00 ........
1E18 0000000000000000 (           f4.asm):00965         L1E18               fcb       $00,$00,$00,$00,$00,$00,$00,$00 ........
1E20 0000000000000000 (           f4.asm):00966         L1E20               fcb       $00,$00,$00,$00,$00,$00,$00,$00 ........
1E28 0000000000000000 (           f4.asm):00967         L1E28               fcb       $00,$00,$00,$00,$00,$00,$00,$00 ........
1E30 0000000000000000 (           f4.asm):00968         L1E30               fcb       $00,$00,$00,$00,$00,$00,$00,$00 ........
1E38 0000000000000000 (           f4.asm):00969         L1E38               fcb       $00,$00,$00,$00,$00,$00,$00,$00 ........
1E40 0000000000000000 (           f4.asm):00970         L1E40               fcb       $00,$00,$00,$00,$00,$00,$00,$00 ........
1E48 0000000000000000 (           f4.asm):00971         L1E48               fcb       $00,$00,$00,$00,$00,$00,$00,$00 ........
1E50 0000000000000000 (           f4.asm):00972         L1E50               fcb       $00,$00,$00,$00,$00,$00,$00,$00 ........
1E58 0000000000000000 (           f4.asm):00973         L1E58               fcb       $00,$00,$00,$00,$00,$00,$00,$00 ........
1E60 0000000000000000 (           f4.asm):00974         L1E60               fcb       $00,$00,$00,$00,$00,$00,$00,$00 ........
1E68 0000000000000000 (           f4.asm):00975         L1E68               fcb       $00,$00,$00,$00,$00,$00,$00,$00 ........
1E70 0000000000000000 (           f4.asm):00976         L1E70               fcb       $00,$00,$00,$00,$00,$00,$00,$00 ........
1E78 0000000000000000 (           f4.asm):00977         L1E78               fcb       $00,$00,$00,$00,$00,$00,$00,$00 ........
1E80 0000000000000000 (           f4.asm):00978         L1E80               fcb       $00,$00,$00,$00,$00,$00,$00,$00 ........
1E88 0000000000000000 (           f4.asm):00979         L1E88               fcb       $00,$00,$00,$00,$00,$00,$00,$00 ........
1E90 0000000000000000 (           f4.asm):00980         L1E90               fcb       $00,$00,$00,$00,$00,$00,$00,$00 ........
1E98 0000000000000000 (           f4.asm):00981         L1E98               fcb       $00,$00,$00,$00,$00,$00,$00,$00 ........
1EA0 0000000000000000 (           f4.asm):00982         L1EA0               fcb       $00,$00,$00,$00,$00,$00,$00,$00 ........
1EA8 0000000000000000 (           f4.asm):00983         L1EA8               fcb       $00,$00,$00,$00,$00,$00,$00,$00 ........
1EB0 0000000000000000 (           f4.asm):00984         L1EB0               fcb       $00,$00,$00,$00,$00,$00,$00,$00 ........
1EB8 0000000000000000 (           f4.asm):00985         L1EB8               fcb       $00,$00,$00,$00,$00,$00,$00,$00 ........
1EC0 0000000000000000 (           f4.asm):00986         L1EC0               fcb       $00,$00,$00,$00,$00,$00,$00,$00 ........
1EC8 0000000000000000 (           f4.asm):00987         L1EC8               fcb       $00,$00,$00,$00,$00,$00,$00,$00 ........
1ED0 0000000000000000 (           f4.asm):00988         L1ED0               fcb       $00,$00,$00,$00,$00,$00,$00,$00 ........
1ED8 0000000000000000 (           f4.asm):00989         L1ED8               fcb       $00,$00,$00,$00,$00,$00,$00,$00 ........
1EE0 0000000000000000 (           f4.asm):00990         L1EE0               fcb       $00,$00,$00,$00,$00,$00,$00,$00 ........
1EE8 0000000000000000 (           f4.asm):00991         L1EE8               fcb       $00,$00,$00,$00,$00,$00,$00,$00 ........
1EF0 0000000000000000 (           f4.asm):00992         L1EF0               fcb       $00,$00,$00,$00,$00,$00,$00,$00 ........
1EF8 0000000000000000 (           f4.asm):00993         L1EF8               fcb       $00,$00,$00,$00,$00,$00,$00,$00 ........
1F00 0000000000000000 (           f4.asm):00994         L1F00               fcb       $00,$00,$00,$00,$00,$00,$00,$00 ........
1F08 0000000000000000 (           f4.asm):00995         L1F08               fcb       $00,$00,$00,$00,$00,$00,$00,$00 ........
1F10 0000000000000000 (           f4.asm):00996         L1F10               fcb       $00,$00,$00,$00,$00,$00,$00,$00 ........
1F18 0000000000000000 (           f4.asm):00997         L1F18               fcb       $00,$00,$00,$00,$00,$00,$00,$00 ........
1F20 0000000000000000 (           f4.asm):00998         L1F20               fcb       $00,$00,$00,$00,$00,$00,$00,$00 ........
1F28 0000000000000000 (           f4.asm):00999         L1F28               fcb       $00,$00,$00,$00,$00,$00,$00,$00 ........
1F30 0000000000000000 (           f4.asm):01000         L1F30               fcb       $00,$00,$00,$00,$00,$00,$00,$00 ........
1F38 0000000000000000 (           f4.asm):01001         L1F38               fcb       $00,$00,$00,$00,$00,$00,$00,$00 ........
1F40 0000000000000000 (           f4.asm):01002         L1F40               fcb       $00,$00,$00,$00,$00,$00,$00,$00 ........
1F48 0000000000000000 (           f4.asm):01003         L1F48               fcb       $00,$00,$00,$00,$00,$00,$00,$00 ........
1F50 0000000000000000 (           f4.asm):01004         L1F50               fcb       $00,$00,$00,$00,$00,$00,$00,$00 ........
1F58 0000000000000000 (           f4.asm):01005         L1F58               fcb       $00,$00,$00,$00,$00,$00,$00,$00 ........
1F60 0000000000000000 (           f4.asm):01006         L1F60               fcb       $00,$00,$00,$00,$00,$00,$00,$00 ........
1F68 0000000000000000 (           f4.asm):01007         L1F68               fcb       $00,$00,$00,$00,$00,$00,$00,$00 ........
1F70 0000000000000000 (           f4.asm):01008         L1F70               fcb       $00,$00,$00,$00,$00,$00,$00,$00 ........
1F78 0000000000000000 (           f4.asm):01009         L1F78               fcb       $00,$00,$00,$00,$00,$00,$00,$00 ........
1F80 0000000000000000 (           f4.asm):01010         L1F80               fcb       $00,$00,$00,$00,$00,$00,$00,$00 ........
1F88 0000000000000000 (           f4.asm):01011         L1F88               fcb       $00,$00,$00,$00,$00,$00,$00,$00 ........
1F90 0000000000000000 (           f4.asm):01012         L1F90               fcb       $00,$00,$00,$00,$00,$00,$00,$00 ........
1F98 0000000000000000 (           f4.asm):01013         L1F98               fcb       $00,$00,$00,$00,$00,$00,$00,$00 ........
1FA0 0000000000000000 (           f4.asm):01014         L1FA0               fcb       $00,$00,$00,$00,$00,$00,$00,$00 ........
1FA8 0000000000000000 (           f4.asm):01015         L1FA8               fcb       $00,$00,$00,$00,$00,$00,$00,$00 ........
1FB0 0000000000000000 (           f4.asm):01016         L1FB0               fcb       $00,$00,$00,$00,$00,$00,$00,$00 ........
1FB8 0000000000000000 (           f4.asm):01017         L1FB8               fcb       $00,$00,$00,$00,$00,$00,$00,$00 ........
1FC0 0000000000000000 (           f4.asm):01018         L1FC0               fcb       $00,$00,$00,$00,$00,$00,$00,$00 ........
1FC8 0000000000000000 (           f4.asm):01019         L1FC8               fcb       $00,$00,$00,$00,$00,$00,$00,$00 ........
1FD0 0000000000000000 (           f4.asm):01020         L1FD0               fcb       $00,$00,$00,$00,$00,$00,$00,$00 ........
1FD8 0000000000000000 (           f4.asm):01021         L1FD8               fcb       $00,$00,$00,$00,$00,$00,$00,$00 ........
1FE0 0000000000000000 (           f4.asm):01022         L1FE0               fcb       $00,$00,$00,$00,$00,$00,$00,$00 ........
1FE8 0000000000000000 (           f4.asm):01023         L1FE8               fcb       $00,$00,$00,$00,$00,$00,$00,$00 ........
1FF0 0000000000000000 (           f4.asm):01024         L1FF0               fcb       $00,$00,$00,$00,$00,$00,$00,$00 ........
1FF8 00000000007D4AFC (           f4.asm):01025         L1FF8               fcb       $00,$00,$00,$00,$00,$7D,$4A,$FC .....}J.

Symbol Table:
[ G] L0000                            0000
[ G] L0008                            0008
[ G] L0010                            0010
[ G] L0018                            0018
[ G] L0020                            0020
[ G] L0028                            0028
[ G] L0030                            0030
[ G] L0038                            0038
[ G] L0040                            0040
[ G] L0048                            0048
[ G] L0050                            0050
[ G] L0058                            0058
[ G] L0060                            0060
[ G] L0068                            0068
[ G] L0070                            0070
[ G] L0078                            0078
[ G] L0080                            0080
[ G] L0088                            0088
[ G] L0090                            0090
[ G] L0098                            0098
[ G] L00A0                            00A0
[ G] L00A8                            00A8
[ G] L00B0                            00B0
[ G] L00B8                            00B8
[ G] L00C0                            00C0
[ G] L00C8                            00C8
[ G] L00D0                            00D0
[ G] L00D8                            00D8
[ G] L00E0                            00E0
[ G] L00E8                            00E8
[ G] L00F0                            00F0
[ G] L00F8                            00F8
[ G] L0100                            0100
[ G] L0108                            0108
[ G] L0110                            0110
[ G] L0118                            0118
[ G] L0120                            0120
[ G] L0128                            0128
[ G] L0130                            0130
[ G] L0138                            0138
[ G] L0140                            0140
[ G] L0148                            0148
[ G] L0150                            0150
[ G] L0158                            0158
[ G] L0160                            0160
[ G] L0168                            0168
[ G] L0170                            0170
[ G] L0178                            0178
[ G] L0180                            0180
[ G] L0188                            0188
[ G] L0190                            0190
[ G] L0198                            0198
[ G] L01A0                            01A0
[ G] L01A8                            01A8
[ G] L01B0                            01B0
[ G] L01B8                            01B8
[ G] L01C0                            01C0
[ G] L01C8                            01C8
[ G] L01D0                            01D0
[ G] L01D8                            01D8
[ G] L01E0                            01E0
[ G] L01E8                            01E8
[ G] L01F0                            01F0
[ G] L01F8                            01F8
[ G] L0200                            0200
[ G] L0208                            0208
[ G] L0210                            0210
[ G] L0218                            0218
[ G] L0220                            0220
[ G] L0228                            0228
[ G] L0230                            0230
[ G] L0238                            0238
[ G] L0240                            0240
[ G] L0248                            0248
[ G] L0250                            0250
[ G] L0258                            0258
[ G] L0260                            0260
[ G] L0268                            0268
[ G] L0270                            0270
[ G] L0278                            0278
[ G] L0280                            0280
[ G] L0288                            0288
[ G] L0290                            0290
[ G] L0298                            0298
[ G] L02A0                            02A0
[ G] L02A8                            02A8
[ G] L02B0                            02B0
[ G] L02B8                            02B8
[ G] L02C0                            02C0
[ G] L02C8                            02C8
[ G] L02D0                            02D0
[ G] L02D8                            02D8
[ G] L02E0                            02E0
[ G] L02E8                            02E8
[ G] L02F0                            02F0
[ G] L02F8                            02F8
[ G] L0300                            0300
[ G] L0308                            0308
[ G] L0310                            0310
[ G] L0318                            0318
[ G] L0320                            0320
[ G] L0328                            0328
[ G] L0330                            0330
[ G] L0338                            0338
[ G] L0340                            0340
[ G] L0348                            0348
[ G] L0350                            0350
[ G] L0358                            0358
[ G] L0360                            0360
[ G] L0368                            0368
[ G] L0370                            0370
[ G] L0378                            0378
[ G] L0380                            0380
[ G] L0388                            0388
[ G] L0390                            0390
[ G] L0398                            0398
[ G] L03A0                            03A0
[ G] L03A8                            03A8
[ G] L03B0                            03B0
[ G] L03B8                            03B8
[ G] L03C0                            03C0
[ G] L03C8                            03C8
[ G] L03D0                            03D0
[ G] L03D8                            03D8
[ G] L03E0                            03E0
[ G] L03E8                            03E8
[ G] L03F0                            03F0
[ G] L03F8                            03F8
[ G] L0400                            0400
[ G] L0408                            0408
[ G] L0410                            0410
[ G] L0418                            0418
[ G] L0420                            0420
[ G] L0428                            0428
[ G] L0430                            0430
[ G] L0438                            0438
[ G] L0440                            0440
[ G] L0448                            0448
[ G] L0450                            0450
[ G] L0458                            0458
[ G] L0460                            0460
[ G] L0468                            0468
[ G] L0470                            0470
[ G] L0478                            0478
[ G] L0480                            0480
[ G] L0488                            0488
[ G] L0490                            0490
[ G] L0498                            0498
[ G] L04A0                            04A0
[ G] L04A8                            04A8
[ G] L04B0                            04B0
[ G] L04B8                            04B8
[ G] L04C0                            04C0
[ G] L04C8                            04C8
[ G] L04D0                            04D0
[ G] L04D8                            04D8
[ G] L04E0                            04E0
[ G] L04E8                            04E8
[ G] L04F0                            04F0
[ G] L04F8                            04F8
[ G] L0500                            0500
[ G] L0508                            0508
[ G] L0510                            0510
[ G] L0518                            0518
[ G] L0520                            0520
[ G] L0528                            0528
[ G] L0530                            0530
[ G] L0538                            0538
[ G] L0540                            0540
[ G] L0548                            0548
[ G] L0550                            0550
[ G] L0558                            0558
[ G] L0560                            0560
[ G] L0568                            0568
[ G] L0570                            0570
[ G] L0578                            0578
[ G] L0580                            0580
[ G] L0588                            0588
[ G] L0590                            0590
[ G] L0598                            0598
[ G] L05A0                            05A0
[ G] L05A8                            05A8
[ G] L05B0                            05B0
[ G] L05B8                            05B8
[ G] L05C0                            05C0
[ G] L05C8                            05C8
[ G] L05D0                            05D0
[ G] L05D8                            05D8
[ G] L05E0                            05E0
[ G] L05E8                            05E8
[ G] L05F0                            05F0
[ G] L05F8                            05F8
[ G] L0600                            0600
[ G] L0608                            0608
[ G] L0610                            0610
[ G] L0618                            0618
[ G] L0620                            0620
[ G] L0628                            0628
[ G] L0630                            0630
[ G] L0638                            0638
[ G] L0640                            0640
[ G] L0648                            0648
[ G] L0650                            0650
[ G] L0658                            0658
[ G] L0660                            0660
[ G] L0668                            0668
[ G] L0670                            0670
[ G] L0678                            0678
[ G] L0680                            0680
[ G] L0688                            0688
[ G] L0690                            0690
[ G] L0698                            0698
[ G] L06A0                            06A0
[ G] L06A8                            06A8
[ G] L06B0                            06B0
[ G] L06B8                            06B8
[ G] L06C0                            06C0
[ G] L06C8                            06C8
[ G] L06D0                            06D0
[ G] L06D8                            06D8
[ G] L06E0                            06E0
[ G] L06E8                            06E8
[ G] L06F0                            06F0
[ G] L06F8                            06F8
[ G] L0700                            0700
[ G] L0708                            0708
[ G] L0710                            0710
[ G] L0718                            0718
[ G] L0720                            0720
[ G] L0728                            0728
[ G] L0730                            0730
[ G] L0738                            0738
[ G] L0740                            0740
[ G] L0748                            0748
[ G] L0750                            0750
[ G] L0758                            0758
[ G] L0760                            0760
[ G] L0768                            0768
[ G] L0770                            0770
[ G] L0778                            0778
[ G] L0780                            0780
[ G] L0788                            0788
[ G] L0790                            0790
[ G] L0798                            0798
[ G] L07A0                            07A0
[ G] L07A8                            07A8
[ G] L07B0                            07B0
[ G] L07B8                            07B8
[ G] L07C0                            07C0
[ G] L07C8                            07C8
[ G] L07D0                            07D0
[ G] L07D8                            07D8
[ G] L07E0                            07E0
[ G] L07E8                            07E8
[ G] L07F0                            07F0
[ G] L07F8                            07F8
[ G] L0800                            0800
[ G] L0808                            0808
[ G] L0810                            0810
[ G] L0818                            0818
[ G] L0820                            0820
[ G] L0828                            0828
[ G] L0830                            0830
[ G] L0838                            0838
[ G] L0840                            0840
[ G] L0848                            0848
[ G] L0850                            0850
[ G] L0858                            0858
[ G] L0860                            0860
[ G] L0868                            0868
[ G] L0870                            0870
[ G] L0878                            0878
[ G] L0880                            0880
[ G] L0888                            0888
[ G] L0890                            0890
[ G] L0898                            0898
[ G] L08A0                            08A0
[ G] L08A8                            08A8
[ G] L08B0                            08B0
[ G] L08B8                            08B8
[ G] L08C0                            08C0
[ G] L08C8                            08C8
[ G] L08D0                            08D0
[ G] L08D8                            08D8
[ G] L08E0                            08E0
[ G] L08E8                            08E8
[ G] L08F0                            08F0
[ G] L08F8                            08F8
[ G] L0900                            0900
[ G] L0908                            0908
[ G] L0910                            0910
[ G] L0918                            0918
[ G] L0920                            0920
[ G] L0928                            0928
[ G] L0930                            0930
[ G] L0938                            0938
[ G] L0940                            0940
[ G] L0948                            0948
[ G] L0950                            0950
[ G] L0958                            0958
[ G] L0960                            0960
[ G] L0968                            0968
[ G] L0970                            0970
[ G] L0978                            0978
[ G] L0980                            0980
[ G] L0988                            0988
[ G] L0990                            0990
[ G] L0998                            0998
[ G] L09A0                            09A0
[ G] L09A8                            09A8
[ G] L09B0                            09B0
[ G] L09B8                            09B8
[ G] L09C0                            09C0
[ G] L09C8                            09C8
[ G] L09D0                            09D0
[ G] L09D8                            09D8
[ G] L09E0                            09E0
[ G] L09E8                            09E8
[ G] L09F0                            09F0
[ G] L09F8                            09F8
[ G] L0A00                            0A00
[ G] L0A08                            0A08
[ G] L0A10                            0A10
[ G] L0A18                            0A18
[ G] L0A20                            0A20
[ G] L0A28                            0A28
[ G] L0A30                            0A30
[ G] L0A38                            0A38
[ G] L0A40                            0A40
[ G] L0A48                            0A48
[ G] L0A50                            0A50
[ G] L0A58                            0A58
[ G] L0A60                            0A60
[ G] L0A68                            0A68
[ G] L0A70                            0A70
[ G] L0A78                            0A78
[ G] L0A80                            0A80
[ G] L0A88                            0A88
[ G] L0A90                            0A90
[ G] L0A98                            0A98
[ G] L0AA0                            0AA0
[ G] L0AA8                            0AA8
[ G] L0AB0                            0AB0
[ G] L0AB8                            0AB8
[ G] L0AC0                            0AC0
[ G] L0AC8                            0AC8
[ G] L0AD0                            0AD0
[ G] L0AD8                            0AD8
[ G] L0AE0                            0AE0
[ G] L0AE8                            0AE8
[ G] L0AF0                            0AF0
[ G] L0AF8                            0AF8
[ G] L0B00                            0B00
[ G] L0B08                            0B08
[ G] L0B10                            0B10
[ G] L0B18                            0B18
[ G] L0B20                            0B20
[ G] L0B28                            0B28
[ G] L0B30                            0B30
[ G] L0B38                            0B38
[ G] L0B40                            0B40
[ G] L0B48                            0B48
[ G] L0B50                            0B50
[ G] L0B58                            0B58
[ G] L0B60                            0B60
[ G] L0B68                            0B68
[ G] L0B70                            0B70
[ G] L0B78                            0B78
[ G] L0B80                            0B80
[ G] L0B88                            0B88
[ G] L0B90                            0B90
[ G] L0B98                            0B98
[ G] L0BA0                            0BA0
[ G] L0BA8                            0BA8
[ G] L0BB0                            0BB0
[ G] L0BB8                            0BB8
[ G] L0BC0                            0BC0
[ G] L0BC8                            0BC8
[ G] L0BD0                            0BD0
[ G] L0BD8                            0BD8
[ G] L0BE0                            0BE0
[ G] L0BE8                            0BE8
[ G] L0BF0                            0BF0
[ G] L0BF8                            0BF8
[ G] L0C00                            0C00
[ G] L0C08                            0C08
[ G] L0C10                            0C10
[ G] L0C18                            0C18
[ G] L0C20                            0C20
[ G] L0C28                            0C28
[ G] L0C30                            0C30
[ G] L0C38                            0C38
[ G] L0C40                            0C40
[ G] L0C48                            0C48
[ G] L0C50                            0C50
[ G] L0C58                            0C58
[ G] L0C60                            0C60
[ G] L0C68                            0C68
[ G] L0C70                            0C70
[ G] L0C78                            0C78
[ G] L0C80                            0C80
[ G] L0C88                            0C88
[ G] L0C90                            0C90
[ G] L0C98                            0C98
[ G] L0CA0                            0CA0
[ G] L0CA8                            0CA8
[ G] L0CB0                            0CB0
[ G] L0CB8                            0CB8
[ G] L0CC0                            0CC0
[ G] L0CC8                            0CC8
[ G] L0CD0                            0CD0
[ G] L0CD8                            0CD8
[ G] L0CE0                            0CE0
[ G] L0CE8                            0CE8
[ G] L0CF0                            0CF0
[ G] L0CF8                            0CF8
[ G] L0D00                            0D00
[ G] L0D08                            0D08
[ G] L0D10                            0D10
[ G] L0D18                            0D18
[ G] L0D20                            0D20
[ G] L0D28                            0D28
[ G] L0D30                            0D30
[ G] L0D38                            0D38
[ G] L0D40                            0D40
[ G] L0D48                            0D48
[ G] L0D50                            0D50
[ G] L0D58                            0D58
[ G] L0D60                            0D60
[ G] L0D68                            0D68
[ G] L0D70                            0D70
[ G] L0D78                            0D78
[ G] L0D80                            0D80
[ G] L0D88                            0D88
[ G] L0D90                            0D90
[ G] L0D98                            0D98
[ G] L0DA0                            0DA0
[ G] L0DA8                            0DA8
[ G] L0DB0                            0DB0
[ G] L0DB8                            0DB8
[ G] L0DC0                            0DC0
[ G] L0DC8                            0DC8
[ G] L0DD0                            0DD0
[ G] L0DD8                            0DD8
[ G] L0DE0                            0DE0
[ G] L0DE8                            0DE8
[ G] L0DF0                            0DF0
[ G] L0DF8                            0DF8
[ G] L0E00                            0E00
[ G] L0E08                            0E08
[ G] L0E10                            0E10
[ G] L0E18                            0E18
[ G] L0E20                            0E20
[ G] L0E28                            0E28
[ G] L0E30                            0E30
[ G] L0E38                            0E38
[ G] L0E40                            0E40
[ G] L0E48                            0E48
[ G] L0E50                            0E50
[ G] L0E58                            0E58
[ G] L0E60                            0E60
[ G] L0E68                            0E68
[ G] L0E70                            0E70
[ G] L0E78                            0E78
[ G] L0E80                            0E80
[ G] L0E88                            0E88
[ G] L0E90                            0E90
[ G] L0E98                            0E98
[ G] L0EA0                            0EA0
[ G] L0EA8                            0EA8
[ G] L0EB0                            0EB0
[ G] L0EB8                            0EB8
[ G] L0EC0                            0EC0
[ G] L0EC8                            0EC8
[ G] L0ED0                            0ED0
[ G] L0ED8                            0ED8
[ G] L0EE0                            0EE0
[ G] L0EE8                            0EE8
[ G] L0EF0                            0EF0
[ G] L0EF8                            0EF8
[ G] L0F00                            0F00
[ G] L0F08                            0F08
[ G] L0F10                            0F10
[ G] L0F18                            0F18
[ G] L0F20                            0F20
[ G] L0F28                            0F28
[ G] L0F30                            0F30
[ G] L0F38                            0F38
[ G] L0F40                            0F40
[ G] L0F48                            0F48
[ G] L0F50                            0F50
[ G] L0F58                            0F58
[ G] L0F60                            0F60
[ G] L0F68                            0F68
[ G] L0F70                            0F70
[ G] L0F78                            0F78
[ G] L0F80                            0F80
[ G] L0F88                            0F88
[ G] L0F90                            0F90
[ G] L0F98                            0F98
[ G] L0FA0                            0FA0
[ G] L0FA8                            0FA8
[ G] L0FB0                            0FB0
[ G] L0FB8                            0FB8
[ G] L0FC0                            0FC0
[ G] L0FC8                            0FC8
[ G] L0FD0                            0FD0
[ G] L0FD8                            0FD8
[ G] L0FE0                            0FE0
[ G] L0FE8                            0FE8
[ G] L0FF0                            0FF0
[ G] L0FF8                            0FF8
[ G] L1000                            1000
[ G] L1008                            1008
[ G] L1010                            1010
[ G] L1018                            1018
[ G] L1020                            1020
[ G] L1028                            1028
[ G] L1030                            1030
[ G] L1038                            1038
[ G] L1040                            1040
[ G] L1048                            1048
[ G] L1050                            1050
[ G] L1058                            1058
[ G] L1060                            1060
[ G] L1068                            1068
[ G] L1070                            1070
[ G] L1078                            1078
[ G] L1080                            1080
[ G] L1088                            1088
[ G] L1090                            1090
[ G] L1098                            1098
[ G] L10A0                            10A0
[ G] L10A8                            10A8
[ G] L10B0                            10B0
[ G] L10B8                            10B8
[ G] L10C0                            10C0
[ G] L10C8                            10C8
[ G] L10D0                            10D0
[ G] L10D8                            10D8
[ G] L10E0                            10E0
[ G] L10E8                            10E8
[ G] L10F0                            10F0
[ G] L10F8                            10F8
[ G] L1100                            1100
[ G] L1108                            1108
[ G] L1110                            1110
[ G] L1118                            1118
[ G] L1120                            1120
[ G] L1128                            1128
[ G] L1130                            1130
[ G] L1138                            1138
[ G] L1140                            1140
[ G] L1148                            1148
[ G] L1150                            1150
[ G] L1158                            1158
[ G] L1160                            1160
[ G] L1168                            1168
[ G] L1170                            1170
[ G] L1178                            1178
[ G] L1180                            1180
[ G] L1188                            1188
[ G] L1190                            1190
[ G] L1198                            1198
[ G] L11A0                            11A0
[ G] L11A8                            11A8
[ G] L11B0                            11B0
[ G] L11B8                            11B8
[ G] L11C0                            11C0
[ G] L11C8                            11C8
[ G] L11D0                            11D0
[ G] L11D8                            11D8
[ G] L11E0                            11E0
[ G] L11E8                            11E8
[ G] L11F0                            11F0
[ G] L11F8                            11F8
[ G] L1200                            1200
[ G] L1208                            1208
[ G] L1210                            1210
[ G] L1218                            1218
[ G] L1220                            1220
[ G] L1228                            1228
[ G] L1230                            1230
[ G] L1238                            1238
[ G] L1240                            1240
[ G] L1248                            1248
[ G] L1250                            1250
[ G] L1258                            1258
[ G] L1260                            1260
[ G] L1268                            1268
[ G] L1270                            1270
[ G] L1278                            1278
[ G] L1280                            1280
[ G] L1288                            1288
[ G] L1290                            1290
[ G] L1298                            1298
[ G] L12A0                            12A0
[ G] L12A8                            12A8
[ G] L12B0                            12B0
[ G] L12B8                            12B8
[ G] L12C0                            12C0
[ G] L12C8                            12C8
[ G] L12D0                            12D0
[ G] L12D8                            12D8
[ G] L12E0                            12E0
[ G] L12E8                            12E8
[ G] L12F0                            12F0
[ G] L12F8                            12F8
[ G] L1300                            1300
[ G] L1308                            1308
[ G] L1310                            1310
[ G] L1318                            1318
[ G] L1320                            1320
[ G] L1328                            1328
[ G] L1330                            1330
[ G] L1338                            1338
[ G] L1340                            1340
[ G] L1348                            1348
[ G] L1350                            1350
[ G] L1358                            1358
[ G] L1360                            1360
[ G] L1368                            1368
[ G] L1370                            1370
[ G] L1378                            1378
[ G] L1380                            1380
[ G] L1388                            1388
[ G] L1390                            1390
[ G] L1398                            1398
[ G] L13A0                            13A0
[ G] L13A8                            13A8
[ G] L13B0                            13B0
[ G] L13B8                            13B8
[ G] L13C0                            13C0
[ G] L13C8                            13C8
[ G] L13D0                            13D0
[ G] L13D8                            13D8
[ G] L13E0                            13E0
[ G] L13E8                            13E8
[ G] L13F0                            13F0
[ G] L13F8                            13F8
[ G] L1400                            1400
[ G] L1408                            1408
[ G] L1410                            1410
[ G] L1418                            1418
[ G] L1420                            1420
[ G] L1428                            1428
[ G] L1430                            1430
[ G] L1438                            1438
[ G] L1440                            1440
[ G] L1448                            1448
[ G] L1450                            1450
[ G] L1458                            1458
[ G] L1460                            1460
[ G] L1468                            1468
[ G] L1470                            1470
[ G] L1478                            1478
[ G] L1480                            1480
[ G] L1488                            1488
[ G] L1490                            1490
[ G] L1498                            1498
[ G] L14A0                            14A0
[ G] L14A8                            14A8
[ G] L14B0                            14B0
[ G] L14B8                            14B8
[ G] L14C0                            14C0
[ G] L14C8                            14C8
[ G] L14D0                            14D0
[ G] L14D8                            14D8
[ G] L14E0                            14E0
[ G] L14E8                            14E8
[ G] L14F0                            14F0
[ G] L14F8                            14F8
[ G] L1500                            1500
[ G] L1508                            1508
[ G] L1510                            1510
[ G] L1518                            1518
[ G] L1520                            1520
[ G] L1528                            1528
[ G] L1530                            1530
[ G] L1538                            1538
[ G] L1540                            1540
[ G] L1548                            1548
[ G] L1550                            1550
[ G] L1558                            1558
[ G] L1560                            1560
[ G] L1568                            1568
[ G] L1570                            1570
[ G] L1578                            1578
[ G] L1580                            1580
[ G] L1588                            1588
[ G] L1590                            1590
[ G] L1598                            1598
[ G] L15A0                            15A0
[ G] L15A8                            15A8
[ G] L15B0                            15B0
[ G] L15B8                            15B8
[ G] L15C0                            15C0
[ G] L15C8                            15C8
[ G] L15D0                            15D0
[ G] L15D8                            15D8
[ G] L15E0                            15E0
[ G] L15E8                            15E8
[ G] L15F0                            15F0
[ G] L15F8                            15F8
[ G] L1600                            1600
[ G] L1608                            1608
[ G] L1610                            1610
[ G] L1618                            1618
[ G] L1620                            1620
[ G] L1628                            1628
[ G] L1630                            1630
[ G] L1638                            1638
[ G] L1640                            1640
[ G] L1648                            1648
[ G] L1650                            1650
[ G] L1658                            1658
[ G] L1660                            1660
[ G] L1668                            1668
[ G] L1670                            1670
[ G] L1678                            1678
[ G] L1680                            1680
[ G] L1688                            1688
[ G] L1690                            1690
[ G] L1698                            1698
[ G] L16A0                            16A0
[ G] L16A8                            16A8
[ G] L16B0                            16B0
[ G] L16B8                            16B8
[ G] L16C0                            16C0
[ G] L16C8                            16C8
[ G] L16D0                            16D0
[ G] L16D8                            16D8
[ G] L16E0                            16E0
[ G] L16E8                            16E8
[ G] L16F0                            16F0
[ G] L16F8                            16F8
[ G] L1700                            1700
[ G] L1708                            1708
[ G] L1710                            1710
[ G] L1718                            1718
[ G] L1720                            1720
[ G] L1728                            1728
[ G] L1730                            1730
[ G] L1738                            1738
[ G] L1740                            1740
[ G] L1748                            1748
[ G] L1750                            1750
[ G] L1758                            1758
[ G] L1760                            1760
[ G] L1768                            1768
[ G] L1770                            1770
[ G] L1778                            1778
[ G] L1780                            1780
[ G] L1788                            1788
[ G] L1790                            1790
[ G] L1798                            1798
[ G] L17A0                            17A0
[ G] L17A8                            17A8
[ G] L17B0                            17B0
[ G] L17B8                            17B8
[ G] L17C0                            17C0
[ G] L17C8                            17C8
[ G] L17D0                            17D0
[ G] L17D8                            17D8
[ G] L17E0                            17E0
[ G] L17E8                            17E8
[ G] L17F0                            17F0
[ G] L17F8                            17F8
[ G] L1800                            1800
[ G] L1808                            1808
[ G] L1810                            1810
[ G] L1818                            1818
[ G] L1820                            1820
[ G] L1828                            1828
[ G] L1830                            1830
[ G] L1838                            1838
[ G] L1840                            1840
[ G] L1848                            1848
[ G] L1850                            1850
[ G] L1858                            1858
[ G] L1860                            1860
[ G] L1868                            1868
[ G] L1870                            1870
[ G] L1878                            1878
[ G] L1880                            1880
[ G] L1888                            1888
[ G] L1890                            1890
[ G] L1898                            1898
[ G] L18A0                            18A0
[ G] L18A8                            18A8
[ G] L18B0                            18B0
[ G] L18B8                            18B8
[ G] L18C0                            18C0
[ G] L18C8                            18C8
[ G] L18D0                            18D0
[ G] L18D8                            18D8
[ G] L18E0                            18E0
[ G] L18E8                            18E8
[ G] L18F0                            18F0
[ G] L18F8                            18F8
[ G] L1900                            1900
[ G] L1908                            1908
[ G] L1910                            1910
[ G] L1918                            1918
[ G] L1920                            1920
[ G] L1928                            1928
[ G] L1930                            1930
[ G] L1938                            1938
[ G] L1940                            1940
[ G] L1948                            1948
[ G] L1950                            1950
[ G] L1958                            1958
[ G] L1960                            1960
[ G] L1968                            1968
[ G] L1970                            1970
[ G] L1978                            1978
[ G] L1980                            1980
[ G] L1988                            1988
[ G] L1990                            1990
[ G] L1998                            1998
[ G] L19A0                            19A0
[ G] L19A8                            19A8
[ G] L19B0                            19B0
[ G] L19B8                            19B8
[ G] L19C0                            19C0
[ G] L19C8                            19C8
[ G] L19D0                            19D0
[ G] L19D8                            19D8
[ G] L19E0                            19E0
[ G] L19E8                            19E8
[ G] L19F0                            19F0
[ G] L19F8                            19F8
[ G] L1A00                            1A00
[ G] L1A08                            1A08
[ G] L1A10                            1A10
[ G] L1A18                            1A18
[ G] L1A20                            1A20
[ G] L1A28                            1A28
[ G] L1A30                            1A30
[ G] L1A38                            1A38
[ G] L1A40                            1A40
[ G] L1A48                            1A48
[ G] L1A50                            1A50
[ G] L1A58                            1A58
[ G] L1A60                            1A60
[ G] L1A68                            1A68
[ G] L1A70                            1A70
[ G] L1A78                            1A78
[ G] L1A80                            1A80
[ G] L1A88                            1A88
[ G] L1A90                            1A90
[ G] L1A98                            1A98
[ G] L1AA0                            1AA0
[ G] L1AA8                            1AA8
[ G] L1AB0                            1AB0
[ G] L1AB8                            1AB8
[ G] L1AC0                            1AC0
[ G] L1AC8                            1AC8
[ G] L1AD0                            1AD0
[ G] L1AD8                            1AD8
[ G] L1AE0                            1AE0
[ G] L1AE8                            1AE8
[ G] L1AF0                            1AF0
[ G] L1AF8                            1AF8
[ G] L1B00                            1B00
[ G] L1B08                            1B08
[ G] L1B10                            1B10
[ G] L1B18                            1B18
[ G] L1B20                            1B20
[ G] L1B28                            1B28
[ G] L1B30                            1B30
[ G] L1B38                            1B38
[ G] L1B40                            1B40
[ G] L1B48                            1B48
[ G] L1B50                            1B50
[ G] L1B58                            1B58
[ G] L1B60                            1B60
[ G] L1B68                            1B68
[ G] L1B70                            1B70
[ G] L1B78                            1B78
[ G] L1B80                            1B80
[ G] L1B88                            1B88
[ G] L1B90                            1B90
[ G] L1B98                            1B98
[ G] L1BA0                            1BA0
[ G] L1BA8                            1BA8
[ G] L1BB0                            1BB0
[ G] L1BB8                            1BB8
[ G] L1BC0                            1BC0
[ G] L1BC8                            1BC8
[ G] L1BD0                            1BD0
[ G] L1BD8                            1BD8
[ G] L1BE0                            1BE0
[ G] L1BE8                            1BE8
[ G] L1BF0                            1BF0
[ G] L1BF8                            1BF8
[ G] L1C00                            1C00
[ G] L1C08                            1C08
[ G] L1C10                            1C10
[ G] L1C18                            1C18
[ G] L1C20                            1C20
[ G] L1C28                            1C28
[ G] L1C30                            1C30
[ G] L1C38                            1C38
[ G] L1C40                            1C40
[ G] L1C48                            1C48
[ G] L1C50                            1C50
[ G] L1C58                            1C58
[ G] L1C60                            1C60
[ G] L1C68                            1C68
[ G] L1C70                            1C70
[ G] L1C78                            1C78
[ G] L1C80                            1C80
[ G] L1C88                            1C88
[ G] L1C90                            1C90
[ G] L1C98                            1C98
[ G] L1CA0                            1CA0
[ G] L1CA8                            1CA8
[ G] L1CB0                            1CB0
[ G] L1CB8                            1CB8
[ G] L1CC0                            1CC0
[ G] L1CC8                            1CC8
[ G] L1CD0                            1CD0
[ G] L1CD8                            1CD8
[ G] L1CE0                            1CE0
[ G] L1CE8                            1CE8
[ G] L1CF0                            1CF0
[ G] L1CF8                            1CF8
[ G] L1D00                            1D00
[ G] L1D08                            1D08
[ G] L1D10                            1D10
[ G] L1D18                            1D18
[ G] L1D20                            1D20
[ G] L1D28                            1D28
[ G] L1D30                            1D30
[ G] L1D38                            1D38
[ G] L1D40                            1D40
[ G] L1D48                            1D48
[ G] L1D50                            1D50
[ G] L1D58                            1D58
[ G] L1D60                            1D60
[ G] L1D68                            1D68
[ G] L1D70                            1D70
[ G] L1D78                            1D78
[ G] L1D80                            1D80
[ G] L1D88                            1D88
[ G] L1D90                            1D90
[ G] L1D98                            1D98
[ G] L1DA0                            1DA0
[ G] L1DA8                            1DA8
[ G] L1DB0                            1DB0
[ G] L1DB8                            1DB8
[ G] L1DC0                            1DC0
[ G] L1DC8                            1DC8
[ G] L1DD0                            1DD0
[ G] L1DD8                            1DD8
[ G] L1DE0                            1DE0
[ G] L1DE8                            1DE8
[ G] L1DF0                            1DF0
[ G] L1DF8                            1DF8
[ G] L1E00                            1E00
[ G] L1E08                            1E08
[ G] L1E10                            1E10
[ G] L1E18                            1E18
[ G] L1E20                            1E20
[ G] L1E28                            1E28
[ G] L1E30                            1E30
[ G] L1E38                            1E38
[ G] L1E40                            1E40
[ G] L1E48                            1E48
[ G] L1E50                            1E50
[ G] L1E58                            1E58
[ G] L1E60                            1E60
[ G] L1E68                            1E68
[ G] L1E70                            1E70
[ G] L1E78                            1E78
[ G] L1E80                            1E80
[ G] L1E88                            1E88
[ G] L1E90                            1E90
[ G] L1E98                            1E98
[ G] L1EA0                            1EA0
[ G] L1EA8                            1EA8
[ G] L1EB0                            1EB0
[ G] L1EB8                            1EB8
[ G] L1EC0                            1EC0
[ G] L1EC8                            1EC8
[ G] L1ED0                            1ED0
[ G] L1ED8                            1ED8
[ G] L1EE0                            1EE0
[ G] L1EE8                            1EE8
[ G] L1EF0                            1EF0
[ G] L1EF8                            1EF8
[ G] L1F00                            1F00
[ G] L1F08                            1F08
[ G] L1F10                            1F10
[ G] L1F18                            1F18
[ G] L1F20                            1F20
[ G] L1F28                            1F28
[ G] L1F30                            1F30
[ G] L1F38                            1F38
[ G] L1F40                            1F40
[ G] L1F48                            1F48
[ G] L1F50                            1F50
[ G] L1F58                            1F58
[ G] L1F60                            1F60
[ G] L1F68                            1F68
[ G] L1F70                            1F70
[ G] L1F78                            1F78
[ G] L1F80                            1F80
[ G] L1F88                            1F88
[ G] L1F90                            1F90
[ G] L1F98                            1F98
[ G] L1FA0                            1FA0
[ G] L1FA8                            1FA8
[ G] L1FB0                            1FB0
[ G] L1FB8                            1FB8
[ G] L1FC0                            1FC0
[ G] L1FC8                            1FC8
[ G] L1FD0                            1FD0
[ G] L1FD8                            1FD8
[ G] L1FE0                            1FE0
[ G] L1FE8                            1FE8
[ G] L1FF0                            1FF0
[ G] L1FF8                            1FF8
[SG] NOS9MAJ                          0003
[SG] NOS9MIN                          0000
[SG] NOS9VER                          0003
