                      (           fs.asm):00001         
0000 87CD5E00000E1180 (           fs.asm):00002         L0000               fcb       $87,$CD,$5E,$00,$00,$0E,$11,$80 .M^.....
0008 74002040000046D3 (           fs.asm):00003         L0008               fcb       $74,$00,$20,$40,$00,$00,$46,$D3 t. @..FS
0010 0000000000000000 (           fs.asm):00004         L0010               fcb       $00,$00,$00,$00,$00,$00,$00,$00 ........
0018 0000000000000000 (           fs.asm):00005         L0018               fcb       $00,$00,$00,$00,$00,$00,$00,$00 ........
0020 7EA07F436F707972 (           fs.asm):00006         L0020               fcb       $7E,$A0,$7F,$43,$6F,$70,$79,$72 ~ Copyr
0028 6967687420313938 (           fs.asm):00007         L0028               fcb       $69,$67,$68,$74,$20,$31,$39,$38 ight 198
0030 37207375624C4F47 (           fs.asm):00008         L0030               fcb       $37,$20,$73,$75,$62,$4C,$4F,$47 7 subLOG
0038 49432E20416C6C20 (           fs.asm):00009         L0038               fcb       $49,$43,$2E,$20,$41,$6C,$6C,$20 IC. All
0040 5269676874732052 (           fs.asm):00010         L0040               fcb       $52,$69,$67,$68,$74,$73,$20,$52 Rights R
0048 657365727665642E (           fs.asm):00011         L0048               fcb       $65,$73,$65,$72,$76,$65,$64,$2E eserved.
0050 66610D66640D6670 (           fs.asm):00012         L0050               fcb       $66,$61,$0D,$66,$64,$0D,$66,$70 fa.fd.fp
0058 0D2F465444440DB6 (           fs.asm):00013         L0058               fcb       $0D,$2F,$46,$54,$44,$44,$0D,$B6 ./FTDD.6
0060 0CD68E0E0E108E00 (           fs.asm):00014         L0060               fcb       $0C,$D6,$8E,$0E,$0E,$10,$8E,$00 .V......
0068 43103F8A398600BD (           fs.asm):00015         L0068               fcb       $43,$10,$3F,$8A,$39,$86,$00,$BD C.?.9..=
0070 AED7CC00008E9F62 (           fs.asm):00016         L0070               fcb       $AE,$D7,$CC,$00,$00,$8E,$9F,$62 .WL....b
0078 10BE0CCF7EB3EECC (           fs.asm):00017         L0078               fcb       $10,$BE,$0C,$CF,$7E,$B3,$EE,$CC .>.O~3nL
0080 6000103F07102501 (           fs.asm):00018         L0080               fcb       $60,$00,$10,$3F,$07,$10,$25,$01 `..?..%.
0088 5EBDAEA71FB8BDA2 (           fs.asm):00019         L0088               fcb       $5E,$BD,$AE,$A7,$1F,$B8,$BD,$A2 ^=.'.8="
0090 5310250152BDA2A1 (           fs.asm):00020         L0090               fcb       $53,$10,$25,$01,$52,$BD,$A2,$A1 S.%.R="!
0098 8600B70CD58601B7 (           fs.asm):00021         L0098               fcb       $86,$00,$B7,$0C,$D5,$86,$01,$B7 ..7.U..7
00A0 0CD68EF543CE1F10 (           fs.asm):00022         L00A0               fcb       $0C,$D6,$8E,$F5,$43,$CE,$1F,$10 .V.uCN..
00A8 103F0986038EA059 (           fs.asm):00023         L00A8               fcb       $10,$3F,$09,$86,$03,$8E,$A0,$59 .?.... Y
00B0 103F8410250130B7 (           fs.asm):00024         L00B0               fcb       $10,$3F,$84,$10,$25,$01,$30,$B7 .?..%.07
00B8 0286B60286C6818E (           fs.asm):00025         L00B8               fcb       $02,$86,$B6,$02,$86,$C6,$81,$8E ..6..F..
00C0 000C108E0001103F (           fs.asm):00026         L00C0               fcb       $00,$0C,$10,$8E,$00,$01,$10,$3F .......?
00C8 8E1025011AB60CD5 (           fs.asm):00027         L00C8               fcb       $8E,$10,$25,$01,$1A,$B6,$0C,$D5 ..%..6.U
00D0 8E0CDBC600103F8D (           fs.asm):00028         L00D0               fcb       $8E,$0C,$DB,$C6,$00,$10,$3F,$8D ..[F..?.
00D8 B60CD58E0CFBC600 (           fs.asm):00029         L00D8               fcb       $B6,$0C,$D5,$8E,$0C,$FB,$C6,$00 6.U...F.
00E0 103F8D4FB70CFFB7 (           fs.asm):00030         L00E0               fcb       $10,$3F,$8D,$4F,$B7,$0C,$FF,$B7 .?.O7..7
00E8 0D00B70D02108E0D (           fs.asm):00031         L00E8               fcb       $0D,$00,$B7,$0D,$02,$10,$8E,$0D ..7.....
00F0 04A7A0108C0D0F25 (           fs.asm):00032         L00F0               fcb       $04,$A7,$A0,$10,$8C,$0D,$0F,$25 .' ....%
00F8 F8B60CD58E0CFBC6 (           fs.asm):00033         L00F8               fcb       $F8,$B6,$0C,$D5,$8E,$0C,$FB,$C6 x6.U...F
0100 00103F8EB60CD6C6 (           fs.asm):00034         L0100               fcb       $00,$10,$3F,$8E,$B6,$0C,$D6,$C6 ..?.6.VF
0108 8B8E0002103F8E24 (           fs.asm):00035         L0108               fcb       $8B,$8E,$00,$02,$10,$3F,$8E,$24 .....?.$
0110 05C650BDB9EDBF0C (           fs.asm):00036         L0110               fcb       $05,$C6,$50,$BD,$B9,$ED,$BF,$0C .FP=9m?.
0118 CF30891EF0BF0CD1 (           fs.asm):00037         L0118               fcb       $CF,$30,$89,$1E,$F0,$BF,$0C,$D1 O0..p?.Q
0120 BF0CD310BF0CCD8E (           fs.asm):00038         L0120               fcb       $BF,$0C,$D3,$10,$BF,$0C,$CD,$8E ?.S.?.M.
0128 2010CC2010FD0CD9 (           fs.asm):00039         L0128               fcb       $20,$10,$CC,$20,$10,$FD,$0C,$D9 .L ...Y
0130 BDA1EA8E0E85108E (           fs.asm):00040         L0130               fcb       $BD,$A1,$EA,$8E,$0E,$85,$10,$8E =!j.....
0138 010C8601BDB9B5C1 (           fs.asm):00041         L0138               fcb       $01,$0C,$86,$01,$BD,$B9,$B5,$C1 ....=95A
0140 032748C4DFC14125 (           fs.asm):00042         L0140               fcb       $03,$27,$48,$C4,$DF,$C1,$41,$25 .'HD_AA%
0148 EAC14322E6830041 (           fs.asm):00043         L0148               fcb       $EA,$C1,$43,$22,$E6,$83,$00,$41 jAC"f..A
0150 4F8E0E82E6851F01 (           fs.asm):00044         L0150               fcb       $4F,$8E,$0E,$82,$E6,$85,$1F,$01 O...f...
0158 B60CD6C692103F8E (           fs.asm):00045         L0158               fcb       $B6,$0C,$D6,$C6,$92,$10,$3F,$8E 6.VF..?.
0160 8E0F91108E00594F (           fs.asm):00046         L0160               fcb       $8E,$0F,$91,$10,$8E,$00,$59,$4F ......YO
0168 BDB9B5C4DFC14125 (           fs.asm):00047         L0168               fcb       $BD,$B9,$B5,$C4,$DF,$C1,$41,$25 =95D_AA%
0170 EFC14222EBC041C8 (           fs.asm):00048         L0170               fcb       $EF,$C1,$42,$22,$EB,$C0,$41,$C8 oAB"k@AH
0178 01F702C7CC4000FD (           fs.asm):00049         L0178               fcb       $01,$F7,$02,$C7,$CC,$40,$00,$FD .w.GL@..
0180 0240CC6000FD0244 (           fs.asm):00050         L0180               fcb       $02,$40,$CC,$60,$00,$FD,$02,$44 .@L`...D
0188 7EA2B68E0FEA108E (           fs.asm):00051         L0188               fcb       $7E,$A2,$B6,$8E,$0F,$EA,$10,$8E ~"6..j..
0190 010A8601BDB9B520 (           fs.asm):00052         L0190               fcb       $01,$0A,$86,$01,$BD,$B9,$B5,$20 ....=95
0198 9AB6022127067F02 (           fs.asm):00053         L0198               fcb       $9A,$B6,$02,$21,$27,$06,$7F,$02 .6.!'..
01A0 21BDB7D7B60CD610 (           fs.asm):00054         L01A0               fcb       $21,$BD,$B7,$D7,$B6,$0C,$D6,$10 !=7W6.V.
01A8 8E0000C68C103F8E (           fs.asm):00055         L01A8               fcb       $8E,$00,$00,$C6,$8C,$10,$3F,$8E ...F..?.
01B0 B60CD610BE0CCDC6 (           fs.asm):00056         L01B0               fcb       $B6,$0C,$D6,$10,$BE,$0C,$CD,$C6 6.V.>.MF
01B8 8D103F8EB60CD68E (           fs.asm):00057         L01B8               fcb       $8D,$10,$3F,$8E,$B6,$0C,$D6,$8E ..?.6.V.
01C0 0E51108E0031103F (           fs.asm):00058         L01C0               fcb       $0E,$51,$10,$8E,$00,$31,$10,$3F .Q...1.?
01C8 8AB60CD58E0CDBC6 (           fs.asm):00059         L01C8               fcb       $8A,$B6,$0C,$D5,$8E,$0C,$DB,$C6 .6.U..[F
01D0 00103F8EB60286C6 (           fs.asm):00060         L01D0               fcb       $00,$10,$3F,$8E,$B6,$02,$86,$C6 ..?.6..F
01D8 81108E0000103F8E (           fs.asm):00061         L01D8               fcb       $81,$10,$8E,$00,$00,$10,$3F,$8E ......?.
01E0 B60286103F8F5F10 (           fs.asm):00062         L01E0               fcb       $B6,$02,$86,$10,$3F,$8F,$5F,$10 6...?._.
01E8 3F068EA056BDA1F6 (           fs.asm):00063         L01E8               fcb       $3F,$06,$8E,$A0,$56,$BD,$A1,$F6 ?.. V=!v
01F0 7EA06D8EA0503410 (           fs.asm):00064         L01F0               fcb       $7E,$A0,$6D,$8E,$A0,$50,$34,$10 ~ m. P4.
01F8 8601103F84B70CD7 (           fs.asm):00065         L01F8               fcb       $86,$01,$10,$3F,$84,$B7,$0C,$D7 ...?.7.W
0200 3510240C34104FBD (           fs.asm):00066         L0200               fcb       $35,$10,$24,$0C,$34,$10,$4F,$BD 5.$.4.O=
0208 B9A5351026E82042 (           fs.asm):00067         L0208               fcb       $B9,$A5,$35,$10,$26,$E8,$20,$42 9%5.&h B
0210 8E0236108E000410 (           fs.asm):00068         L0210               fcb       $8E,$02,$36,$10,$8E,$00,$04,$10 ..6.....
0218 3F892536B60237C6 (           fs.asm):00069         L0218               fcb       $3F,$89,$25,$36,$B6,$02,$37,$C6 ?.%66.7F
0220 503D740236FB0236 (           fs.asm):00070         L0220               fcb       $50,$3D,$74,$02,$36,$FB,$02,$36 P=t.6..6
0228 8900F30CCF1F01F6 (           fs.asm):00071         L0228               fcb       $89,$00,$F3,$0C,$CF,$1F,$01,$F6 ..s.O..v
0230 0238544F1F02B60C (           fs.asm):00072         L0230               fcb       $02,$38,$54,$4F,$1F,$02,$B6,$0C .8TO..6.
0238 D73432103F893532 (           fs.asm):00073         L0238               fcb       $D7,$34,$32,$10,$3F,$89,$35,$32 W42.?.52
0240 25103088507A0239 (           fs.asm):00074         L0240               fcb       $25,$10,$30,$88,$50,$7A,$02,$39 %.0.Pz.9
0248 26EFB60CD7103F8F (           fs.asm):00075         L0248               fcb       $26,$EF,$B6,$0C,$D7,$10,$3F,$8F &o6.W.?.
0250 1CFE398EA0538601 (           fs.asm):00076         L0250               fcb       $1C,$FE,$39,$8E,$A0,$53,$86,$01 ..9. S..
0258 103F842543B72010 (           fs.asm):00077         L0258               fcb       $10,$3F,$84,$25,$43,$B7,$20,$10 .?.%C7 .
0260 B620108E2011108E (           fs.asm):00078         L0260               fcb       $B6,$20,$10,$8E,$20,$11,$10,$8E 6 .. ...
0268 0002103F892527BE (           fs.asm):00079         L0268               fcb       $00,$02,$10,$3F,$89,$25,$27,$BE ...?.%'>
0270 20112720B620108E (           fs.asm):00080         L0270               fcb       $20,$11,$27,$20,$B6,$20,$10,$8E .' 6 ..
0278 2013108E0002103F (           fs.asm):00081         L0278               fcb       $20,$13,$10,$8E,$00,$02,$10,$3F ......?
0280 892513B62010BE20 (           fs.asm):00082         L0280               fcb       $89,$25,$13,$B6,$20,$10,$BE,$20 .%.6 .>
0288 1310BE2011103F89 (           fs.asm):00083         L0288               fcb       $13,$10,$BE,$20,$11,$10,$3F,$89 ..> ..?.
0290 250420CC1CFE3405 (           fs.asm):00084         L0290               fcb       $25,$04,$20,$CC,$1C,$FE,$34,$05 %. L..4.
0298 B62010103F8F3505 (           fs.asm):00085         L0298               fcb       $B6,$20,$10,$10,$3F,$8F,$35,$05 6 ..?.5.
02A0 39860A8E034AC641 (           fs.asm):00086         L02A0               fcb       $39,$86,$0A,$8E,$03,$4A,$C6,$41 9....JFA
02A8 A7808C071924065A (           fs.asm):00087         L02A8               fcb       $A7,$80,$8C,$07,$19,$24,$06,$5A '....$.Z
02B0 26F64C20F139BDA4 (           fs.asm):00088         L02B0               fcb       $26,$F6,$4C,$20,$F1,$39,$BD,$A4 &vL q9=$
02B8 14BDB8B0B6022327 (           fs.asm):00089         L02B8               fcb       $14,$BD,$B8,$B0,$B6,$02,$23,$27 .=806.#'
02C0 19BDA6B1BDA6D227 (           fs.asm):00090         L02C0               fcb       $19,$BD,$A6,$B1,$BD,$A6,$D2,$27 .=&1=&R'
02C8 FBC4DFC15026F57F (           fs.asm):00091         L02C8               fcb       $FB,$C4,$DF,$C1,$50,$26,$F5,$7F .D_AP&u
02D0 0223B60286C68010 (           fs.asm):00092         L02D0               fcb       $02,$23,$B6,$02,$86,$C6,$80,$10 .#6..F..
02D8 3F8DBDBBFCBDBD4C (           fs.asm):00093         L02D8               fcb       $3F,$8D,$BD,$BB,$FC,$BD,$BD,$4C ?.=;.==L
02E0 B603042705BDECBA (           fs.asm):00094         L02E0               fcb       $B6,$03,$04,$27,$05,$BD,$EC,$BA 6..'.=l:
02E8 2003BDF000BDEB8A (           fs.asm):00095         L02E8               fcb       $20,$03,$BD,$F0,$00,$BD,$EB,$8A .=p.=k.
02F0 BDEAF0BDD73CBDC1 (           fs.asm):00096         L02F0               fcb       $BD,$EA,$F0,$BD,$D7,$3C,$BD,$C1 =jp=W<=A
02F8 5EBDB6B6BDC43AFC (           fs.asm):00097         L02F8               fcb       $5E,$BD,$B6,$B6,$BD,$C4,$3A,$FC ^=66=D:.
0300 024010B302442705 (           fs.asm):00098         L0300               fcb       $02,$40,$10,$B3,$02,$44,$27,$05 .@.3.D'.
0308 DD7BBDC888BDB7D7 (           fs.asm):00099         L0308               fcb       $DD,$7B,$BD,$C8,$88,$BD,$B7,$D7 ]{=H.=7W
0310 BDA63ABDE99DBDB7 (           fs.asm):00100         L0310               fcb       $BD,$A6,$3A,$BD,$E9,$9D,$BD,$B7 =&:=i.=7
0318 04BDF61DBDF689BD (           fs.asm):00101         L0318               fcb       $04,$BD,$F6,$1D,$BD,$F6,$89,$BD .=v.=v.=
0320 A4FEBDFA8074089C (           fs.asm):00102         L0320               fcb       $A4,$FE,$BD,$FA,$80,$74,$08,$9C $.=z.t..
0328 2503BDA3BABDA49C (           fs.asm):00103         L0328               fcb       $25,$03,$BD,$A3,$BA,$BD,$A4,$9C %.=#:=$.
0330 BDB44ABDB413BDFB (           fs.asm):00104         L0330               fcb       $BD,$B4,$4A,$BD,$B4,$13,$BD,$FB =4J=4.=.
0338 07BDA6D22705BDA8 (           fs.asm):00105         L0338               fcb       $07,$BD,$A6,$D2,$27,$05,$BD,$A8 .=&R'.=(
0340 8420F6BDA6EF9640 (           fs.asm):00106         L0340               fcb       $84,$20,$F6,$BD,$A6,$EF,$96,$40 . v=&o.@
0348 44253A44252FBDEC (           fs.asm):00107         L0348               fcb       $44,$25,$3A,$44,$25,$2F,$BD,$EC D%:D%/=l
0350 4FBDC6D0BDBB85BD (           fs.asm):00108         L0350               fcb       $4F,$BD,$C6,$D0,$BD,$BB,$85,$BD O=FP=;.=
0358 EBC2BDB61A964084 (           fs.asm):00109         L0358               fcb       $EB,$C2,$BD,$B6,$1A,$96,$40,$84 kB=6..@.
0360 042749BDB511BDB5 (           fs.asm):00110         L0360               fcb       $04,$27,$49,$BD,$B5,$11,$BD,$B5 .'I=5.=5
0368 30BDB6ADB602C727 (           fs.asm):00111         L0368               fcb       $30,$BD,$B6,$AD,$B6,$02,$C7,$27 0=6-6.G'
0370 0AC603F7020CC601 (           fs.asm):00112         L0370               fcb       $0A,$C6,$03,$F7,$02,$0C,$C6,$01 .F.w..F.
0378 F70221202FBDBADC (           fs.asm):00113         L0378               fcb       $F7,$02,$21,$20,$2F,$BD,$BA,$DC w.! /=:\
0380 BDF1DE2027442505 (           fs.asm):00114         L0380               fcb       $BD,$F1,$DE,$20,$27,$44,$25,$05 =q^ 'D%.
0388 BDBBC02006BDBB13 (           fs.asm):00115         L0388               fcb       $BD,$BB,$C0,$20,$06,$BD,$BB,$13 =;@ .=;.
0390 BDF9A5BDF5B2BDF6 (           fs.asm):00116         L0390               fcb       $BD,$F9,$A5,$BD,$F5,$B2,$BD,$F6 =y%=u2=v
0398 08BDBDEABDC0E2FC (           fs.asm):00117         L0398               fcb       $08,$BD,$BD,$EA,$BD,$C0,$E2,$FC .==j=@b.
03A0 01345849C900FD01 (           fs.asm):00118         L03A0               fcb       $01,$34,$58,$49,$C9,$00,$FD,$01 .4XII...
03A8 347EA3B5BDA536BD (           fs.asm):00119         L03A8               fcb       $34,$7E,$A3,$B5,$BD,$A5,$36,$BD 4~#5=%6=
03B0 F25BBDBF5A0C407E (           fs.asm):00120         L03B0               fcb       $F2,$5B,$BD,$BF,$5A,$0C,$40,$7E r[=?Z.@~
03B8 A2BC344110FF00F2 (           fs.asm):00121         L03B8               fcb       $A2,$BC,$34,$41,$10,$FF,$00,$F2 "<4A...r
03C0 1A101A4010CE3F06 (           fs.asm):00122         L03C0               fcb       $1A,$10,$1A,$40,$10,$CE,$3F,$06 ...@.N?.
03C8 FE0CD13274353636 (           fs.asm):00123         L03C8               fcb       $FE,$0C,$D1,$32,$74,$35,$36,$36 ..Q2t566
03D0 3632743536363632 (           fs.asm):00124         L03D0               fcb       $36,$32,$74,$35,$36,$36,$36,$32 62t56662
03D8 7435363636327435 (           fs.asm):00125         L03D8               fcb       $74,$35,$36,$36,$36,$32,$74,$35 t56662t5
03E0 3636363274353636 (           fs.asm):00126         L03E0               fcb       $36,$36,$36,$32,$74,$35,$36,$36 6662t566
03E8 3632743536363632 (           fs.asm):00127         L03E8               fcb       $36,$32,$74,$35,$36,$36,$36,$32 62t56662
03F0 7435363636327435 (           fs.asm):00128         L03F0               fcb       $74,$35,$36,$36,$36,$32,$74,$35 t56662t5
03F8 3636363274353636 (           fs.asm):00129         L03F8               fcb       $36,$36,$36,$32,$74,$35,$36,$36 6662t566
0400 3632743536363611 (           fs.asm):00130         L0400               fcb       $36,$32,$74,$35,$36,$36,$36,$11 62t5666.
0408 B30CCF26BE10FE00 (           fs.asm):00131         L0408               fcb       $B3,$0C,$CF,$26,$BE,$10,$FE,$00 3.O&>...
0410 F2354139BDFB07BD (           fs.asm):00132         L0410               fcb       $F2,$35,$41,$39,$BD,$FB,$07,$BD r5A9=..=
0418 B4FBBDB515BDB53E (           fs.asm):00133         L0418               fcb       $B4,$FB,$BD,$B5,$15,$BD,$B5,$3E 4.=5.=5>
0420 7F02A3BDB6E7BDB5 (           fs.asm):00134         L0420               fcb       $7F,$02,$A3,$BD,$B6,$E7,$BD,$B5 .#=6g=5
0428 5DBDB585BDB5CEBD (           fs.asm):00135         L0428               fcb       $5D,$BD,$B5,$85,$BD,$B5,$CE,$BD ]=5.=5N=
0430 B6B6BDBCEABDBDC4 (           fs.asm):00136         L0430               fcb       $B6,$B6,$BD,$BC,$EA,$BD,$BD,$C4 66=<j==D
0438 BDBE50B603482703 (           fs.asm):00137         L0438               fcb       $BD,$BE,$50,$B6,$03,$48,$27,$03 =>P6.H'.
0440 BDC158BDC0A1BDBF (           fs.asm):00138         L0440               fcb       $BD,$C1,$58,$BD,$C0,$A1,$BD,$BF =AX=@!=?
0448 FCBDC026BDBB35BD (           fs.asm):00139         L0448               fcb       $FC,$BD,$C0,$26,$BD,$BB,$35,$BD .=@&=;5=
0450 BAFEBDBBA9BDBBE4 (           fs.asm):00140         L0450               fcb       $BA,$FE,$BD,$BB,$A9,$BD,$BB,$E4 :.=;)=;d
0458 BDBA7ABDBAA2BDBA (           fs.asm):00141         L0458               fcb       $BD,$BA,$7A,$BD,$BA,$A2,$BD,$BA =:z=:"=:
0460 CABDC6CDBDBFD3BD (           fs.asm):00142         L0460               fcb       $CA,$BD,$C6,$CD,$BD,$BF,$D3,$BD J=FM=?S=
0468 B652BDBB49BDB5EC (           fs.asm):00143         L0468               fcb       $B6,$52,$BD,$BB,$49,$BD,$B5,$EC 6R=;I=5l
0470 B611568B0BB71156 (           fs.asm):00144         L0470               fcb       $B6,$11,$56,$8B,$0B,$B7,$11,$56 6.V..7.V
0478 CCFFFFB7071DB707 (           fs.asm):00145         L0478               fcb       $CC,$FF,$FF,$B7,$07,$1D,$B7,$07 L..7..7.
0480 1FB70721FD09AAB7 (           fs.asm):00146         L0480               fcb       $1F,$B7,$07,$21,$FD,$09,$AA,$B7 .7.!..*7
0488 09ACB70725B70726 (           fs.asm):00147         L0488               fcb       $09,$AC,$B7,$07,$25,$B7,$07,$26 .,7.%7.&
0490 B707278601B7071A (           fs.asm):00148         L0490               fcb       $B7,$07,$27,$86,$01,$B7,$07,$1A 7.'..7..
0498 BDB61A39BE0145F6 (           fs.asm):00149         L0498               fcb       $BD,$B6,$1A,$39,$BE,$01,$45,$F6 =6.9>.Ev
04A0 07BCC10A2403BF07 (           fs.asm):00150         L04A0               fcb       $07,$BC,$C1,$0A,$24,$03,$BF,$07 .<A.$.?.
04A8 F6BDA4ACC601BE01 (           fs.asm):00151         L04A8               fcb       $F6,$BD,$A4,$AC,$C6,$01,$BE,$01 v=$,F.>.
04B0 45BC07F624025A5A (           fs.asm):00152         L04B0               fcb       $45,$BC,$07,$F6,$24,$02,$5A,$5A E<.v$.ZZ
04B8 1D1F02F307F6FD07 (           fs.asm):00153         L04B8               fcb       $1D,$1F,$02,$F3,$07,$F6,$FD,$07 ...s.v..
04C0 F61F204353C30001 (           fs.asm):00154         L04C0               fcb       $F6,$1F,$20,$43,$53,$C3,$00,$01 v. CSC..
04C8 4D2B03CC0001D305 (           fs.asm):00155         L04C8               fcb       $4D,$2B,$03,$CC,$00,$01,$D3,$05 M+.L..S.
04D0 DD052B08260E9606 (           fs.asm):00156         L04D0               fcb       $DD,$05,$2B,$08,$26,$0E,$96,$06 ].+.&...
04D8 8103240886039706 (           fs.asm):00157         L04D8               fcb       $81,$03,$24,$08,$86,$03,$97,$06 ..$.....
04E0 4F5FDD0439143243 (           fs.asm):00158         L04E0               fcb       $4F,$5F,$DD,$04,$39,$14,$32,$43 O_].9.2C
04E8 5241534820212121 (           fs.asm):00159         L04E8               fcb       $52,$41,$53,$48,$20,$21,$21,$21 RASH !!!
04F0 00143253504C4153 (           fs.asm):00160         L04F0               fcb       $00,$14,$32,$53,$50,$4C,$41,$53 ..2SPLAS
04F8 482021212100B603 (           fs.asm):00161         L04F8               fcb       $48,$20,$21,$21,$21,$00,$B6,$03 H !!!.6.
0500 04262FB60137272D (           fs.asm):00162         L0500               fcb       $04,$26,$2F,$B6,$01,$37,$27,$2D .&/6.7'-
0508 8EA4E5810826038E (           fs.asm):00163         L0508               fcb       $8E,$A4,$E5,$81,$08,$26,$03,$8E .$e..&..
0510 A4F13410BDA06DCC (           fs.asm):00164         L0510               fcb       $A4,$F1,$34,$10,$BD,$A0,$6D,$CC $q4.= mL
0518 4444FD02013510FE (           fs.asm):00165         L0518               fcb       $44,$44,$FD,$02,$01,$35,$10,$FE DD...5..
0520 0CCFBDB3D18605BD (           fs.asm):00166         L0520               fcb       $0C,$CF,$BD,$B3,$D1,$86,$05,$BD .O=3Q..=
0528 A569C601F7020CF7 (           fs.asm):00167         L0528               fcb       $A5,$69,$C6,$01,$F7,$02,$0C,$F7 %iF.w..w
0530 02217F013739B607 (           fs.asm):00168         L0530               fcb       $02,$21,$7F,$01,$37,$39,$B6,$07 .!.796.
0538 812728BE0CCF3089 (           fs.asm):00169         L0538               fcb       $81,$27,$28,$BE,$0C,$CF,$30,$89 .'(>.O0.
0540 1E78EC8410832222 (           fs.asm):00170         L0540               fcb       $1E,$78,$EC,$84,$10,$83,$22,$22 .xl...""
0548 2619B608392614FC (           fs.asm):00171         L0548               fcb       $26,$19,$B6,$08,$39,$26,$14,$FC &.6.9&..
0550 0138260FB607F226 (           fs.asm):00172         L0550               fcb       $01,$38,$26,$0F,$B6,$07,$F2,$26 .8&.6.r&
0558 0A7A08A1260A8608 (           fs.asm):00173         L0558               fcb       $0A,$7A,$08,$A1,$26,$0A,$86,$08 .z.!&...
0560 B701378603B708A1 (           fs.asm):00174         L0560               fcb       $B7,$01,$37,$86,$03,$B7,$08,$A1 7.7..7.!
0568 39108E00038E0000 (           fs.asm):00175         L0568               fcb       $39,$10,$8E,$00,$03,$8E,$00,$00 9.......
0570 301F26FC313F26F5 (           fs.asm):00176         L0570               fcb       $30,$1F,$26,$FC,$31,$3F,$26,$F5 0.&.1?&u
0578 4A26EE39FC030DC3 (           fs.asm):00177         L0578               fcb       $4A,$26,$EE,$39,$FC,$03,$0D,$C3 J&n9...C
0580 0009DDAFCC4E0CBD (           fs.asm):00178         L0580               fcb       $00,$09,$DD,$AF,$CC,$4E,$0C,$BD ..]/LN.=
0588 D34BDCB3B307F62B (           fs.asm):00179         L0588               fcb       $D3,$4B,$DC,$B3,$B3,$07,$F6,$2B SK\33.v+
0590 06108300032403CC (           fs.asm):00180         L0590               fcb       $06,$10,$83,$00,$03,$24,$03,$CC .....$.L
0598 0003DD054F970797 (           fs.asm):00181         L0598               fcb       $00,$03,$DD,$05,$4F,$97,$07,$97 ..].O...
05A0 0439A5B8A5B9A5C5 (           fs.asm):00182         L05A0               fcb       $04,$39,$A5,$B8,$A5,$B9,$A5,$C5 .9%8%9%E
05A8 A5D1A5DDA5E9A5F5 (           fs.asm):00183         L05A8               fcb       $A5,$D1,$A5,$DD,$A5,$E9,$A5,$F5 %Q%]%i%u
05B0 A601A60DA60EA61E (           fs.asm):00184         L05B0               fcb       $A6,$01,$A6,$0D,$A6,$0E,$A6,$1E &.&.&.&.
05B8 FF00DD96379F379F (           fs.asm):00185         L05B8               fcb       $FF,$00,$DD,$96,$37,$9F,$37,$9F ..].7.7.
05C0 638763FFFF00DD6E (           fs.asm):00186         L05C0               fcb       $63,$87,$63,$FF,$FF,$00,$DD,$6E c.c...]n
05C8 2D822D96635063FF (           fs.asm):00187         L05C8               fcb       $2D,$82,$2D,$96,$63,$50,$63,$FF -.-.cPc.
05D0 FF00DD76347A347C (           fs.asm):00188         L05D0               fcb       $FF,$00,$DD,$76,$34,$7A,$34,$7C ..]v4z4|
05D8 637463FFFF00DD4E (           fs.asm):00189         L05D8               fcb       $63,$74,$63,$FF,$FF,$00,$DD,$4E ctc...]N
05E0 32523254634C63FF (           fs.asm):00190         L05E0               fcb       $32,$52,$32,$54,$63,$4C,$63,$FF 2R2TcLc.
05E8 FF00DD26342A342C (           fs.asm):00191         L05E8               fcb       $FF,$00,$DD,$26,$34,$2A,$34,$2C ..]&4*4,
05F0 632463FFFF00DD1E (           fs.asm):00192         L05F0               fcb       $63,$24,$63,$FF,$FF,$00,$DD,$1E c$c...].
05F8 2D322D50630A63FF (           fs.asm):00193         L05F8               fcb       $2D,$32,$2D,$50,$63,$0A,$63,$FF -2-Pc.c.
0600 FF00DD00370A3719 (           fs.asm):00194         L0600               fcb       $FF,$00,$DD,$00,$37,$0A,$37,$19 ..].7.7.
0608 630063FFFFFF01DD (           fs.asm):00195         L0608               fcb       $63,$00,$63,$FF,$FF,$FF,$01,$DD c.c....]
0610 4F2F4F344D315131 (           fs.asm):00196         L0610               fcb       $4F,$2F,$4F,$34,$4D,$31,$51,$31 O/O4M1Q1
0618 4E355035FFFF0144 (           fs.asm):00197         L0618               fcb       $4E,$35,$50,$35,$FF,$FF,$01,$44 N5P5...D
0620 4F294F3949315531 (           fs.asm):00198         L0620               fcb       $4F,$29,$4F,$39,$49,$31,$55,$31 O)O9I1U1
0628 4D2951294D2D512D (           fs.asm):00199         L0628               fcb       $4D,$29,$51,$29,$4D,$2D,$51,$2D M)Q)M-Q-
0630 4D3551354D395139 (           fs.asm):00200         L0630               fcb       $4D,$35,$51,$35,$4D,$39,$51,$39 M5Q5M9Q9
0638 FFFF8EA5A2F60839 (           fs.asm):00201         L0638               fcb       $FF,$FF,$8E,$A5,$A2,$F6,$08,$39 ...%"v.9
0640 2A09C610B6030727 (           fs.asm):00202         L0640               fcb       $2A,$09,$C6,$10,$B6,$03,$07,$27 *.F.6..'
0648 02C614B601392702 (           fs.asm):00203         L0648               fcb       $02,$C6,$14,$B6,$01,$39,$27,$02 .F.6.9'.
0650 C6123AAE84A68026 (           fs.asm):00204         L0650               fcb       $C6,$12,$3A,$AE,$84,$A6,$80,$26 F.:..&.&
0658 27A6803410BDAED7 (           fs.asm):00205         L0658               fcb       $27,$A6,$80,$34,$10,$BD,$AE,$D7 '&.4.=.W
0660 3510EC813410BDB1 (           fs.asm):00206         L0660               fcb       $35,$10,$EC,$81,$34,$10,$BD,$B1 5.l.4.=1
0668 703510EC811083FF (           fs.asm):00207         L0668               fcb       $70,$35,$10,$EC,$81,$10,$83,$FF p5.l....
0670 FF27093410BDB186 (           fs.asm):00208         L0670               fcb       $FF,$27,$09,$34,$10,$BD,$B1,$86 .'.4.=1.
0678 351020EFBDB1E139 (           fs.asm):00209         L0678               fcb       $35,$10,$20,$EF,$BD,$B1,$E1,$39 5. o=1a9
0680 4A2623A6803410BD (           fs.asm):00210         L0680               fcb       $4A,$26,$23,$A6,$80,$34,$10,$BD J&#&.4.=
0688 AEC8351010AE8110 (           fs.asm):00211         L0688               fcb       $AE,$C8,$35,$10,$10,$AE,$81,$10 .H5.....
0690 8CFFFF2711EC8134 (           fs.asm):00212         L0690               fcb       $8C,$FF,$FF,$27,$11,$EC,$81,$34 ...'.l.4
0698 101F2110BE0CD9BD (           fs.asm):00213         L0698               fcb       $10,$1F,$21,$10,$BE,$0C,$D9,$BD ..!.>.Y=
06A0 AF43351020E63914 (           fs.asm):00214         L06A0               fcb       $AF,$43,$35,$10,$20,$E6,$39,$14 /C5. f9.
06A8 325041555345442E (           fs.asm):00215         L06A8               fcb       $32,$50,$41,$55,$53,$45,$44,$2E 2PAUSED.
06B0 008600BDAED7CC13 (           fs.asm):00216         L06B0               fcb       $00,$86,$00,$BD,$AE,$D7,$CC,$13 ...=.WL.
06B8 318E303710BE0CCF (           fs.asm):00217         L06B8               fcb       $31,$8E,$30,$37,$10,$BE,$0C,$CF 1.07.>.O
06C0 BDB3EECCFFFFFD02 (           fs.asm):00218         L06C0               fcb       $BD,$B3,$EE,$CC,$FF,$FF,$FD,$02 =3nL....
06C8 01FE0CCF8EA6A77E (           fs.asm):00219         L06C8               fcb       $01,$FE,$0C,$CF,$8E,$A6,$A7,$7E ...O.&'~
06D0 B3D1B60CD5C60110 (           fs.asm):00220         L06D0               fcb       $B3,$D1,$B6,$0C,$D5,$C6,$01,$10 3Q6.UF..
06D8 3F8D24024F39B60C (           fs.asm):00221         L06D8               fcb       $3F,$8D,$24,$02,$4F,$39,$B6,$0C ?.$.O96.
06E0 D5108E00018E009A (           fs.asm):00222         L06E0               fcb       $D5,$10,$8E,$00,$01,$8E,$00,$9A U.......
06E8 103F89F6009A39B6 (           fs.asm):00223         L06E8               fcb       $10,$3F,$89,$F6,$00,$9A,$39,$B6 .?.v..96
06F0 03042605B6088D26 (           fs.asm):00224         L06F0               fcb       $03,$04,$26,$05,$B6,$08,$8D,$26 ..&.6..&
06F8 0139B60CD5C6138E (           fs.asm):00225         L06F8               fcb       $01,$39,$B6,$0C,$D5,$C6,$13,$8E .96.UF..
0700 0000103F8D4D2703 (           fs.asm):00226         L0700               fcb       $00,$00,$10,$3F,$8D,$4D,$27,$03 ...?.M'.
0708 BDABE41F10C11F22 (           fs.asm):00227         L0708               fcb       $BD,$AB,$E4,$1F,$10,$C1,$1F,$22 =+d..A."
0710 015CC12125015A1F (           fs.asm):00228         L0710               fcb       $01,$5C,$C1,$21,$25,$01,$5A,$1F .\A!%.Z.
0718 98B0088F4C810223 (           fs.asm):00229         L0718               fcb       $98,$B0,$08,$8F,$4C,$81,$02,$23 .0..L..#
0720 15F7088F58581F98 (           fs.asm):00230         L0720               fcb       $15,$F7,$08,$8F,$58,$58,$1F,$98 .w..XX..
0728 5F838000FD081234 (           fs.asm):00231         L0728               fcb       $5F,$83,$80,$00,$FD,$08,$12,$34 _......4
0730 20BDAD3E352010BC (           fs.asm):00232         L0730               fcb       $20,$BD,$AD,$3E,$35,$20,$10,$BC =->5 .<
0738 0890271610BF0890 (           fs.asm):00233         L0738               fcb       $08,$90,$27,$16,$10,$BF,$08,$90 ..'..?..
0740 1F20C83F585886A2 (           fs.asm):00234         L0740               fcb       $1F,$20,$C8,$3F,$58,$58,$86,$A2 . H?XX."
0748 3D835000FD081ABD (           fs.asm):00235         L0748               fcb       $3D,$83,$50,$00,$FD,$08,$1A,$BD =.P....=
0750 ACAAB6088D810227 (           fs.asm):00236         L0750               fcb       $AC,$AA,$B6,$08,$8D,$81,$02,$27 ,*6....'
0758 022628B60CD5C613 (           fs.asm):00237         L0758               fcb       $02,$26,$28,$B6,$0C,$D5,$C6,$13 .&(6.UF.
0760 8E0001103F8D4D27 (           fs.asm):00238         L0760               fcb       $8E,$00,$01,$10,$3F,$8D,$4D,$27 ....?.M'
0768 03BDABE410BC0894 (           fs.asm):00239         L0768               fcb       $03,$BD,$AB,$E4,$10,$BC,$08,$94 .=+d.<..
0770 271110BF08941F20 (           fs.asm):00240         L0770               fcb       $27,$11,$10,$BF,$08,$94,$1F,$20 '..?...
0778 585886823DFD0837 (           fs.asm):00241         L0778               fcb       $58,$58,$86,$82,$3D,$FD,$08,$37 XX..=..7
0780 BDAC4539A8ACAE30 (           fs.asm):00242         L0780               fcb       $BD,$AC,$45,$39,$A8,$AC,$AE,$30 =,E9(,.0
0788 ABC5ADFFABCFA8AC (           fs.asm):00243         L0788               fcb       $AB,$C5,$AD,$FF,$AB,$CF,$A8,$AC +E-.+O(,
0790 ADFAA8ACAC32AC0E (           fs.asm):00244         L0790               fcb       $AD,$FA,$A8,$AC,$AC,$32,$AC,$0E -z(,,2,.
0798 A8ACA8ACABDEADF5 (           fs.asm):00245         L0798               fcb       $A8,$AC,$A8,$AC,$AB,$DE,$AD,$F5 (,(,+^-u
07A0 AE18A8ACA8ACA8AC (           fs.asm):00246         L07A0               fcb       $AE,$18,$A8,$AC,$A8,$AC,$A8,$AC ..(,(,(,
07A8 A8ACA8D0AE4BA8AC (           fs.asm):00247         L07A8               fcb       $A8,$AC,$A8,$D0,$AE,$4B,$A8,$AC (,(P.K(,
07B0 AE46A8ACAE4BA8AC (           fs.asm):00248         L07B0               fcb       $AE,$46,$A8,$AC,$AE,$4B,$A8,$AC .F(,.K(,
07B8 A8ACA8ACA8ACA8AC (           fs.asm):00249         L07B8               fcb       $A8,$AC,$A8,$AC,$A8,$AC,$A8,$AC (,(,(,(,
07C0 A8ACA8ACABE4A8AC (           fs.asm):00250         L07C0               fcb       $A8,$AC,$A8,$AC,$AB,$E4,$A8,$AC (,(,+d(,
07C8 A8ACA8ACA8ACA8AC (           fs.asm):00251         L07C8               fcb       $A8,$AC,$A8,$AC,$A8,$AC,$A8,$AC (,(,(,(,
07D0 A8ACA8ACA95CA960 (           fs.asm):00252         L07D0               fcb       $A8,$AC,$A8,$AC,$A9,$5C,$A9,$60 (,(,)\)`
07D8 A8ACA8ACA964A8AC (           fs.asm):00253         L07D8               fcb       $A8,$AC,$A8,$AC,$A9,$64,$A8,$AC (,(,)d(,
07E0 AA8AAC08A8ACA8D8 (           fs.asm):00254         L07E0               fcb       $AA,$8A,$AC,$08,$A8,$AC,$A8,$D8 *.,.(,(X
07E8 A8F9A91AA931A946 (           fs.asm):00255         L07E8               fcb       $A8,$F9,$A9,$1A,$A9,$31,$A9,$46 (y).)1)F
07F0 A8ACA8ACA95CA960 (           fs.asm):00256         L07F0               fcb       $A8,$AC,$A8,$AC,$A9,$5C,$A9,$60 (,(,)\)`
07F8 A8ACA8ACA8ACA8AC (           fs.asm):00257         L07F8               fcb       $A8,$AC,$A8,$AC,$A8,$AC,$A8,$AC (,(,(,(,
0800 A8ACA8ACA8ACA8AC (           fs.asm):00258         L0800               fcb       $A8,$AC,$A8,$AC,$A8,$AC,$A8,$AC (,(,(,(,
0808 ADA8AD64A8ACA8AC (           fs.asm):00259         L0808               fcb       $AD,$A8,$AD,$64,$A8,$AC,$A8,$AC -(-d(,(,
0810 ACDCACF1AD2DA8AC (           fs.asm):00260         L0810               fcb       $AC,$DC,$AC,$F1,$AD,$2D,$A8,$AC ,\,q--(,
0818 A8ACA8ACA8ACAD6E (           fs.asm):00261         L0818               fcb       $A8,$AC,$A8,$AC,$A8,$AC,$AD,$6E (,(,(,-n
0820 ADD0A8ACADECE8FC (           fs.asm):00262         L0820               fcb       $AD,$D0,$A8,$AC,$AD,$EC,$E8,$FC -P(,-lh.
0828 AC5CA8ACAC82A8AC (           fs.asm):00263         L0828               fcb       $AC,$5C,$A8,$AC,$AC,$82,$A8,$AC ,\(,,.(,
0830 AD96AE81AE8AACBE (           fs.asm):00264         L0830               fcb       $AD,$96,$AE,$81,$AE,$8A,$AC,$BE -.....,>
0838 AE90A8ACA8ACA8AC (           fs.asm):00265         L0838               fcb       $AE,$90,$A8,$AC,$A8,$AC,$A8,$AC ..(,(,(,
0840 A8ACA8C5A8ACA8AC (           fs.asm):00266         L0840               fcb       $A8,$AC,$A8,$C5,$A8,$AC,$A8,$AC (,(E(,(,
0848 ADA8AD64A8ACA8AC (           fs.asm):00267         L0848               fcb       $AD,$A8,$AD,$64,$A8,$AC,$A8,$AC -(-d(,(,
0850 ACDCACF1AD2DA8AC (           fs.asm):00268         L0850               fcb       $AC,$DC,$AC,$F1,$AD,$2D,$A8,$AC ,\,q--(,
0858 A8ACA8ACA8ACAD6E (           fs.asm):00269         L0858               fcb       $A8,$AC,$A8,$AC,$A8,$AC,$AD,$6E (,(,(,-n
0860 ADD0A8ACADECE8FC (           fs.asm):00270         L0860               fcb       $AD,$D0,$A8,$AC,$AD,$EC,$E8,$FC -P(,-lh.
0868 AC5CA8ACAC82A8AC (           fs.asm):00271         L0868               fcb       $AC,$5C,$A8,$AC,$AC,$82,$A8,$AC ,\(,,.(,
0870 AD96AE81AE8AACBE (           fs.asm):00272         L0870               fcb       $AD,$96,$AE,$81,$AE,$8A,$AC,$BE -.....,>
0878 AC4DA8ACA8ACA8AC (           fs.asm):00273         L0878               fcb       $AC,$4D,$A8,$AC,$A8,$AC,$A8,$AC ,M(,(,(,
0880 A8ACA8AC5825068E (           fs.asm):00274         L0880               fcb       $A8,$AC,$A8,$AC,$58,$25,$06,$8E (,(,X%..
0888 A7843A6E9456C1B1 (           fs.asm):00275         L0888               fcb       $A7,$84,$3A,$6E,$94,$56,$C1,$B1 '.:n.VA1
0890 10270020C1B21027 (           fs.asm):00276         L0890               fcb       $10,$27,$00,$20,$C1,$B2,$10,$27 .'. A2.'
0898 0020C1B52506C1B9 (           fs.asm):00277         L0898               fcb       $00,$20,$C1,$B5,$25,$06,$C1,$B9 . A5%.A9
08A0 1025000AC1902603 (           fs.asm):00278         L08A0               fcb       $10,$25,$00,$0A,$C1,$90,$26,$03 .%..A.&.
08A8 7EA199585739C0B1 (           fs.asm):00279         L08A8               fcb       $7E,$A1,$99,$58,$57,$39,$C0,$B1 ~!.XW9@1
08B0 F70221398601B702 (           fs.asm):00280         L08B0               fcb       $F7,$02,$21,$39,$86,$01,$B7,$02 w.!9..7.
08B8 2139B60307260586 (           fs.asm):00281         L08B8               fcb       $21,$39,$B6,$03,$07,$26,$05,$86 !96..&..
08C0 02B70221398601B7 (           fs.asm):00282         L08C0               fcb       $02,$B7,$02,$21,$39,$86,$01,$B7 .7.!9..7
08C8 020C8601B7022139 (           fs.asm):00283         L08C8               fcb       $02,$0C,$86,$01,$B7,$02,$21,$39 ....7.!9
08D0 8602F6030727F039 (           fs.asm):00284         L08D0               fcb       $86,$02,$F6,$03,$07,$27,$F0,$39 ..v..'p9
08D8 C60196EA81032605 (           fs.asm):00285         L08D8               fcb       $C6,$01,$96,$EA,$81,$03,$26,$05 F..j..&.
08E0 CC0000203A810627 (           fs.asm):00286         L08E0               fcb       $CC,$00,$00,$20,$3A,$81,$06,$27 L.. :..'
08E8 0481072604F70826 (           fs.asm):00287         L08E8               fcb       $04,$81,$07,$26,$04,$F7,$08,$26 ...&.w.&
08F0 39810C2603F7083A (           fs.asm):00288         L08F0               fcb       $39,$81,$0C,$26,$03,$F7,$08,$3A 9..&.w.:
08F8 39C60296EA810326 (           fs.asm):00289         L08F8               fcb       $39,$C6,$02,$96,$EA,$81,$03,$26 9F..j..&
0900 05CC020120198106 (           fs.asm):00290         L0900               fcb       $05,$CC,$02,$01,$20,$19,$81,$06 .L.. ...
0908 270481072604F708 (           fs.asm):00291         L0908               fcb       $27,$04,$81,$07,$26,$04,$F7,$08 '...&.w.
0910 2639810C2603F708 (           fs.asm):00292         L0910               fcb       $26,$39,$81,$0C,$26,$03,$F7,$08 &9..&.w.
0918 3A39CC010120000F (           fs.asm):00293         L0918               fcb       $3A,$39,$CC,$01,$01,$20,$00,$0F :9L.. ..
0920 EA54F70DCC59C401 (           fs.asm):00294         L0920               fcb       $EA,$54,$F7,$0D,$CC,$59,$C4,$01 jTw.LYD.
0928 F70DCBB708257EB6 (           fs.asm):00295         L0928               fcb       $F7,$0D,$CB,$B7,$08,$25,$7E,$B6 w.K7.%~6
0930 5296EA81032606CC (           fs.asm):00296         L0930               fcb       $52,$96,$EA,$81,$03,$26,$06,$CC R.j..&.L
0938 03037EA91FC602D7 (           fs.asm):00297         L0938               fcb       $03,$03,$7E,$A9,$1F,$C6,$02,$D7 ..~).F.W
0940 EA5AF701393996EA (           fs.asm):00298         L0940               fcb       $EA,$5A,$F7,$01,$39,$39,$96,$EA jZw.99.j
0948 81032606CC04037E (           fs.asm):00299         L0948               fcb       $81,$03,$26,$06,$CC,$04,$03,$7E ..&.L..~
0950 A91FC601B6013926 (           fs.asm):00300         L0950               fcb       $A9,$1F,$C6,$01,$B6,$01,$39,$26 ).F.6.9&
0958 E8D7EA397A083139 (           fs.asm):00301         L0958               fcb       $E8,$D7,$EA,$39,$7A,$08,$31,$39 hWj9z.19
0960 7C083139B6034827 (           fs.asm):00302         L0960               fcb       $7C,$08,$31,$39,$B6,$03,$48,$27 |.196.H'
0968 1F96EA810D251981 (           fs.asm):00303         L0968               fcb       $1F,$96,$EA,$81,$0D,$25,$19,$81 ..j..%..
0970 0F2215800D1F898E (           fs.asm):00304         L0970               fcb       $0F,$22,$15,$80,$0D,$1F,$89,$8E ."......
0978 09C4A68581302602 (           fs.asm):00305         L0978               fcb       $09,$C4,$A6,$85,$81,$30,$26,$02 .D&..0&.
0980 863A4AA7857EB683 (           fs.asm):00306         L0980               fcb       $86,$3A,$4A,$A7,$85,$7E,$B6,$83 .:J'.~6.
0988 96EA7F0289F60307 (           fs.asm):00307         L0988               fcb       $96,$EA,$7F,$02,$89,$F6,$03,$07 .j..v..
0990 26048002261B8110 (           fs.asm):00308         L0990               fcb       $26,$04,$80,$02,$26,$1B,$81,$10 &...&...
0998 2605C6047EAA7A1A (           fs.asm):00309         L0998               fcb       $26,$05,$C6,$04,$7E,$AA,$7A,$1A &.F.~*z.
09A0 0179018C79018BF6 (           fs.asm):00310         L09A0               fcb       $01,$79,$01,$8C,$79,$01,$8B,$F6 .y..y..v
09A8 018A59C47FF7018A (           fs.asm):00311         L09A8               fcb       $01,$8A,$59,$C4,$7F,$F7,$01,$8A ..YDw..
09B0 3980022619FC09CB (           fs.asm):00312         L09B0               fcb       $39,$80,$02,$26,$19,$FC,$09,$CB 9..&...K
09B8 108331382605CC33 (           fs.asm):00313         L09B8               fcb       $10,$83,$31,$38,$26,$05,$CC,$33 ..18&.L3
09C0 3520085AC12F2603 (           fs.asm):00314         L09C0               fcb       $35,$20,$08,$5A,$C1,$2F,$26,$03 5 .ZA/&.
09C8 C6394A7EAAF14A26 (           fs.asm):00315         L09C8               fcb       $C6,$39,$4A,$7E,$AA,$F1,$4A,$26 F9J~*qJ&
09D0 08FC09CD8D377EAB (           fs.asm):00316         L09D0               fcb       $08,$FC,$09,$CD,$8D,$37,$7E,$AB ...M.7~+
09D8 004A2617F60826C1 (           fs.asm):00317         L09D8               fcb       $00,$4A,$26,$17,$F6,$08,$26,$C1 .J&.v.&A
09E0 022708FC09D38D37 (           fs.asm):00318         L09E0               fcb       $02,$27,$08,$FC,$09,$D3,$8D,$37 .'...S.7
09E8 7EAB16FC09DB8D2F (           fs.asm):00319         L09E8               fcb       $7E,$AB,$16,$FC,$09,$DB,$8D,$2F ~+...[./
09F0 7EAB224A263CF608 (           fs.asm):00320         L09F0               fcb       $7E,$AB,$22,$4A,$26,$3C,$F6,$08 ~+"J&<v.
09F8 26C1022708FC09D5 (           fs.asm):00321         L09F8               fcb       $26,$C1,$02,$27,$08,$FC,$09,$D5 &A.'...U
0A00 8D0B7EAB37FC09DD (           fs.asm):00322         L0A00               fcb       $8D,$0B,$7E,$AB,$37,$FC,$09,$DD ..~+7..]
0A08 8D037EAB42C13026 (           fs.asm):00323         L0A08               fcb       $8D,$03,$7E,$AB,$42,$C1,$30,$26 ..~+BA0&
0A10 09C6358130260686 (           fs.asm):00324         L0A10               fcb       $09,$C6,$35,$81,$30,$26,$06,$86 .F5.0&..
0A18 3939C630394A3910 (           fs.asm):00325         L0A18               fcb       $39,$39,$C6,$30,$39,$4A,$39,$10 99F09J9.
0A20 8330382604CC3137 (           fs.asm):00326         L0A20               fcb       $83,$30,$38,$26,$04,$CC,$31,$37 .08&.L17
0A28 395AC12F2603CC30 (           fs.asm):00327         L0A28               fcb       $39,$5A,$C1,$2F,$26,$03,$CC,$30 9ZA/&.L0
0A30 39394A810322131F (           fs.asm):00328         L0A30               fcb       $39,$39,$4A,$81,$03,$22,$13,$1F 99J.."..
0A38 898E09FAA6858130 (           fs.asm):00329         L0A38               fcb       $89,$8E,$09,$FA,$A6,$85,$81,$30 ...z&..0
0A40 260286384AA7857E (           fs.asm):00330         L0A40               fcb       $26,$02,$86,$38,$4A,$A7,$85,$7E &..8J'.~
0A48 B6E780034A262BB6 (           fs.asm):00331         L0A48               fcb       $B6,$E7,$80,$03,$4A,$26,$2B,$B6 6g..J&+6
0A50 083A810227127A09 (           fs.asm):00332         L0A50               fcb       $08,$3A,$81,$02,$27,$12,$7A,$09 .:..'.z.
0A58 A8B609A881FF2605 (           fs.asm):00333         L0A58               fcb       $A8,$B6,$09,$A8,$81,$FF,$26,$05 (6.(..&.
0A60 86B3B709A87EB55D (           fs.asm):00334         L0A60               fcb       $86,$B3,$B7,$09,$A8,$7E,$B5,$5D .37.(~5]
0A68 7A09A9B609A981FF (           fs.asm):00335         L0A68               fcb       $7A,$09,$A9,$B6,$09,$A9,$81,$FF z.)6.)..
0A70 260586B3B709A97E (           fs.asm):00336         L0A70               fcb       $26,$05,$86,$B3,$B7,$09,$A9,$7E &..37.)~
0A78 B5858104260BB607 (           fs.asm):00337         L0A78               fcb       $B5,$85,$81,$04,$26,$0B,$B6,$07 5...&.6.
0A80 3527067A07357EBB (           fs.asm):00338         L0A80               fcb       $35,$27,$06,$7A,$07,$35,$7E,$BB 5'.z.5~;
0A88 4939F60348271DD6 (           fs.asm):00339         L0A88               fcb       $49,$39,$F6,$03,$48,$27,$1D,$D6 I9v.H'.V
0A90 EAC10D2517C10F22 (           fs.asm):00340         L0A90               fcb       $EA,$C1,$0D,$25,$17,$C1,$0F,$22 jA.%.A."
0A98 13C00D8E09C4A685 (           fs.asm):00341         L0A98               fcb       $13,$C0,$0D,$8E,$09,$C4,$A6,$85 .@...D&.
0AA0 81392602862F4CA7 (           fs.asm):00342         L0AA0               fcb       $81,$39,$26,$02,$86,$2F,$4C,$A7 .9&../L'
0AA8 857EB68396EA7F02 (           fs.asm):00343         L0AA8               fcb       $85,$7E,$B6,$83,$96,$EA,$7F,$02 .~6..j.
0AB0 89F6030726048002 (           fs.asm):00344         L0AB0               fcb       $89,$F6,$03,$07,$26,$04,$80,$02 .v..&...
0AB8 261D81102605C604 (           fs.asm):00345         L0AB8               fcb       $26,$1D,$81,$10,$26,$05,$C6,$04 &...&.F.
0AC0 7EAB8E1CFE76018A (           fs.asm):00346         L0AC0               fcb       $7E,$AB,$8E,$1C,$FE,$76,$01,$8A ~+...v..
0AC8 76018B76018C861F (           fs.asm):00347         L0AC8               fcb       $76,$01,$8B,$76,$01,$8C,$86,$1F v..v....
0AD0 BA018CB7018C3980 (           fs.asm):00348         L0AD0               fcb       $BA,$01,$8C,$B7,$01,$8C,$39,$80 :..7..9.
0AD8 02261CFC09CB1083 (           fs.asm):00349         L0AD8               fcb       $02,$26,$1C,$FC,$09,$CB,$10,$83 .&...K..
0AE0 33352605CC313820 (           fs.asm):00350         L0AE0               fcb       $33,$35,$26,$05,$CC,$31,$38,$20 35&.L18
0AE8 085CC13A2603C630 (           fs.asm):00351         L0AE8               fcb       $08,$5C,$C1,$3A,$26,$03,$C6,$30 .\A:&.F0
0AF0 4CFD09CB7EB53E4A (           fs.asm):00352         L0AF0               fcb       $4C,$FD,$09,$CB,$7E,$B5,$3E,$4A L..K~5>J
0AF8 260CFC09CDBDAB9E (           fs.asm):00353         L0AF8               fcb       $26,$0C,$FC,$09,$CD,$BD,$AB,$9E &...M=+.
0B00 FD09CD7EB53E4A26 (           fs.asm):00354         L0B00               fcb       $FD,$09,$CD,$7E,$B5,$3E,$4A,$26 ..M~5>J&
0B08 1FB608268102270C (           fs.asm):00355         L0B08               fcb       $1F,$B6,$08,$26,$81,$02,$27,$0C .6.&..'.
0B10 FC09D3BDABB2FD09 (           fs.asm):00356         L0B10               fcb       $FC,$09,$D3,$BD,$AB,$B2,$FD,$09 ..S=+2..
0B18 D37EB4FBFC09DBBD (           fs.asm):00357         L0B18               fcb       $D3,$7E,$B4,$FB,$FC,$09,$DB,$BD S~4...[=
0B20 ABB2FD09DB7EB515 (           fs.asm):00358         L0B20               fcb       $AB,$B2,$FD,$09,$DB,$7E,$B5,$15 +2..[~5.
0B28 4A261DB608268102 (           fs.asm):00359         L0B28               fcb       $4A,$26,$1D,$B6,$08,$26,$81,$02 J&.6.&..
0B30 270BFC09D58D67FD (           fs.asm):00360         L0B30               fcb       $27,$0B,$FC,$09,$D5,$8D,$67,$FD '...U.g.
0B38 09D57EB4FBFC09DD (           fs.asm):00361         L0B38               fcb       $09,$D5,$7E,$B4,$FB,$FC,$09,$DD .U~4...]
0B40 8D5CFD09DD7EB515 (           fs.asm):00362         L0B40               fcb       $8D,$5C,$FD,$09,$DD,$7E,$B5,$15 .\..]~5.
0B48 4A810322131F898E (           fs.asm):00363         L0B48               fcb       $4A,$81,$03,$22,$13,$1F,$89,$8E J.."....
0B50 09FAA68581372602 (           fs.asm):00364         L0B50               fcb       $09,$FA,$A6,$85,$81,$37,$26,$02 .z&..7&.
0B58 862F4CA7857EB6E7 (           fs.asm):00365         L0B58               fcb       $86,$2F,$4C,$A7,$85,$7E,$B6,$E7 ./L'.~6g
0B60 80034A2629B6083A (           fs.asm):00366         L0B60               fcb       $80,$03,$4A,$26,$29,$B6,$08,$3A ..J&)6.:
0B68 810227117C09A8B6 (           fs.asm):00367         L0B68               fcb       $81,$02,$27,$11,$7C,$09,$A8,$B6 ..'.|.(6
0B70 09A881B426044FB7 (           fs.asm):00368         L0B70               fcb       $09,$A8,$81,$B4,$26,$04,$4F,$B7 .(.4&.O7
0B78 09A87EB55D7C09A9 (           fs.asm):00369         L0B78               fcb       $09,$A8,$7E,$B5,$5D,$7C,$09,$A9 .(~5]|.)
0B80 B609A981B426044F (           fs.asm):00370         L0B80               fcb       $B6,$09,$A9,$81,$B4,$26,$04,$4F 6.).4&.O
0B88 B709A97EB5858104 (           fs.asm):00371         L0B88               fcb       $B7,$09,$A9,$7E,$B5,$85,$81,$04 7.)~5...
0B90 260BB6073526067C (           fs.asm):00372         L0B90               fcb       $26,$0B,$B6,$07,$35,$26,$06,$7C &.6.5&.|
0B98 07357EBB4939C135 (           fs.asm):00373         L0B98               fcb       $07,$35,$7E,$BB,$49,$39,$C1,$35 .5~;I9A5
0BA0 2609C63081392606 (           fs.asm):00374         L0BA0               fcb       $26,$09,$C6,$30,$81,$39,$26,$06 &.F0.9&.
0BA8 863039C63539C630 (           fs.asm):00375         L0BA8               fcb       $86,$30,$39,$C6,$35,$39,$C6,$30 .09F59F0
0BB0 4C39108331372604 (           fs.asm):00376         L0BB0               fcb       $4C,$39,$10,$83,$31,$37,$26,$04 L9..17&.
0BB8 CC3038395CC13A26 (           fs.asm):00377         L0BB8               fcb       $CC,$30,$38,$39,$5C,$C1,$3A,$26 L089\A:&
0BC0 03CC313039CC0000 (           fs.asm):00378         L0BC0               fcb       $03,$CC,$31,$30,$39,$CC,$00,$00 .L109L..
0BC8 FD073DFD073F39FC (           fs.asm):00379         L0BC8               fcb       $FD,$07,$3D,$FD,$07,$3F,$39,$FC ..=..?9.
0BD0 02169316F3014AF3 (           fs.asm):00380         L0BD0               fcb       $02,$16,$93,$16,$F3,$01,$4A,$F3 ....s.Js
0BD8 0148FD0210397308 (           fs.asm):00381         L0BD8               fcb       $01,$48,$FD,$02,$10,$39,$73,$08 .H...9s.
0BE0 247EB652B6078127 (           fs.asm):00382         L0BE0               fcb       $24,$7E,$B6,$52,$B6,$07,$81,$27 $~6R6..'
0BE8 0C7A07BB2A06CC00 (           fs.asm):00383         L0BE8               fcb       $0C,$7A,$07,$BB,$2A,$06,$CC,$00 .z.;*.L.
0BF0 00FD07BB39B60307 (           fs.asm):00384         L0BF0               fcb       $00,$FD,$07,$BB,$39,$B6,$03,$07 ...;96..
0BF8 27FAFC081427F586 (           fs.asm):00385         L0BF8               fcb       $27,$FA,$FC,$08,$14,$27,$F5,$86 'z...'u.
0C00 03B70821B708A939 (           fs.asm):00386         L0C00               fcb       $03,$B7,$08,$21,$B7,$08,$A9,$39 .7.!7.)9
0C08 8601B7022C39B60C (           fs.asm):00387         L0C08               fcb       $86,$01,$B7,$02,$2C,$39,$B6,$0C ..7.,96.
0C10 D5C627103F8D8402 (           fs.asm):00388         L0C10               fcb       $D5,$C6,$27,$10,$3F,$8D,$84,$02 UF'.?...
0C18 27067308187EB652 (           fs.asm):00389         L0C18               fcb       $27,$06,$73,$08,$18,$7E,$B6,$52 '.s..~6R
0C20 7C0833867874022C (           fs.asm):00390         L0C20               fcb       $7C,$08,$33,$86,$78,$74,$02,$2C |.3.xt.,
0C28 2518B608378B082A (           fs.asm):00391         L0C28               fcb       $25,$18,$B6,$08,$37,$8B,$08,$2A %.6.7..*
0C30 11397A08334F7402 (           fs.asm):00392         L0C30               fcb       $11,$39,$7A,$08,$33,$4F,$74,$02 .9z.3Ot.
0C38 2C2507B608378008 (           fs.asm):00393         L0C38               fcb       $2C,$25,$07,$B6,$08,$37,$80,$08 ,%.6.7..
0C40 2BEFB70837B60837 (           fs.asm):00394         L0C40               fcb       $2B,$EF,$B7,$08,$37,$B6,$08,$37 +o7.76.7
0C48 44447EBA67B60304 (           fs.asm):00395         L0C48               fcb       $44,$44,$7E,$BA,$67,$B6,$03,$04 DD~:g6..
0C50 2709CC0000DD12DD (           fs.asm):00396         L0C50               fcb       $27,$09,$CC,$00,$00,$DD,$12,$DD '.L..].]
0C58 14DD1639860E1702 (           fs.asm):00397         L0C58               fcb       $14,$DD,$16,$39,$86,$0E,$17,$02 .].9....
0C60 378601B7022F7C08 (           fs.asm):00398         L0C60               fcb       $37,$86,$01,$B7,$02,$2F,$7C,$08 7..7./|.
0C68 2DB6081C800481AC (           fs.asm):00399         L0C68               fcb       $2D,$B6,$08,$1C,$80,$04,$81,$AC -6.....,
0C70 2703B7081C8650B0 (           fs.asm):00400         L0C70               fcb       $27,$03,$B7,$08,$1C,$86,$50,$B0 '.7...P0
0C78 081C44444444BDBA (           fs.asm):00401         L0C78               fcb       $08,$1C,$44,$44,$44,$44,$BD,$BA ..DDDD=:
0C80 8C394F170212B608 (           fs.asm):00402         L0C80               fcb       $8C,$39,$4F,$17,$02,$12,$B6,$08 .9O...6.
0C88 1A8004F603042607 (           fs.asm):00403         L0C88               fcb       $1A,$80,$04,$F6,$03,$04,$26,$07 ...v..&.
0C90 F602892702800CB7 (           fs.asm):00404         L0C90               fcb       $F6,$02,$89,$27,$02,$80,$0C,$B7 v..'...7
0C98 081A2A0681B02C02 (           fs.asm):00405         L0C98               fcb       $08,$1A,$2A,$06,$81,$B0,$2C,$02 ..*..0,.
0CA0 86B0B7081A8603B7 (           fs.asm):00406         L0CA0               fcb       $86,$B0,$B7,$08,$1A,$86,$03,$B7 .07....7
0CA8 02898650B0081A44 (           fs.asm):00407         L0CA8               fcb       $02,$89,$86,$50,$B0,$08,$1A,$44 ...P0..D
0CB0 4444B10D1B2706B7 (           fs.asm):00408         L0CB0               fcb       $44,$44,$B1,$0D,$1B,$27,$06,$B7 DD1..'.7
0CB8 0D1BBDC08C398602 (           fs.asm):00409         L0CB8               fcb       $0D,$1B,$BD,$C0,$8C,$39,$86,$02 ..=@.9..
0CC0 1701D57A082DB608 (           fs.asm):00410         L0CC0               fcb       $17,$01,$D5,$7A,$08,$2D,$B6,$08 ..Uz.-6.
0CC8 1E80202A014FB708 (           fs.asm):00411         L0CC8               fcb       $1E,$80,$20,$2A,$01,$4F,$B7,$08 .. *.O7.
0CD0 1E44444444BDBAB4 (           fs.asm):00412         L0CD0               fcb       $1E,$44,$44,$44,$44,$BD,$BA,$B4 .DDDD=:4
0CD8 BDF28639860C1701 (           fs.asm):00413         L0CD8               fcb       $BD,$F2,$86,$39,$86,$0C,$17,$01 =r.9....
0CE0 B7B6081280048180 (           fs.asm):00414         L0CE0               fcb       $B7,$B6,$08,$12,$80,$04,$81,$80 76......
0CE8 1027FFD1B7081220 (           fs.asm):00415         L0CE8               fcb       $10,$27,$FF,$D1,$B7,$08,$12,$20 .'.Q7..
0CF0 4D86FF1701A24FF6 (           fs.asm):00416         L0CF0               fcb       $4D,$86,$FF,$17,$01,$A2,$4F,$F6 M...."Ov
0CF8 03042713B7081ABD (           fs.asm):00417         L0CF8               fcb       $03,$04,$27,$13,$B7,$08,$1A,$BD ..'.7..=
0D00 ACAA4FB70831B708 (           fs.asm):00418         L0D00               fcb       $AC,$AA,$4F,$B7,$08,$31,$B7,$08 ,*O7.17.
0D08 2DB7082FB70833B7 (           fs.asm):00419         L0D08               fcb       $2D,$B7,$08,$2F,$B7,$08,$33,$B7 -7./7.37
0D10 0812B7082BB60347 (           fs.asm):00420         L0D10               fcb       $08,$12,$B7,$08,$2B,$B6,$03,$47 ..7.+6.G
0D18 44BB076BB1034725 (           fs.asm):00421         L0D18               fcb       $44,$BB,$07,$6B,$B1,$03,$47,$25 D;.k1.G%
0D20 06FC076BFD08998D (           fs.asm):00422         L0D20               fcb       $06,$FC,$07,$6B,$FD,$08,$99,$8D ...k....
0D28 1516004C398604BD (           fs.asm):00423         L0D28               fcb       $15,$16,$00,$4C,$39,$86,$04,$BD ...L9..=
0D30 AE98B608128B0410 (           fs.asm):00424         L0D30               fcb       $AE,$98,$B6,$08,$12,$8B,$04,$10 ..6.....
0D38 290028B70812B603 (           fs.asm):00425         L0D38               fcb       $29,$00,$28,$B7,$08,$12,$B6,$03 ).(7..6.
0D40 032709FC0812FD08 (           fs.asm):00426         L0D40               fcb       $03,$27,$09,$FC,$08,$12,$FD,$08 .'......
0D48 2BBDAD86B608128B (           fs.asm):00427         L0D48               fcb       $2B,$BD,$AD,$86,$B6,$08,$12,$8B +=-.6...
0D50 7F44444444B10D1C (           fs.asm):00428         L0D50               fcb       $7F,$44,$44,$44,$44,$B1,$0D,$1C DDDD1..
0D58 2706B70D1CBDBFE7 (           fs.asm):00429         L0D58               fcb       $27,$06,$B7,$0D,$1C,$BD,$BF,$E7 '.7..=?g
0D60 BDF2A539B6082B80 (           fs.asm):00430         L0D60               fcb       $BD,$F2,$A5,$39,$B6,$08,$2B,$80 =r%96.+.
0D68 048180260839B608 (           fs.asm):00431         L0D68               fcb       $04,$81,$80,$26,$08,$39,$B6,$08 ...&.96.
0D70 2B8B042920B7082B (           fs.asm):00432         L0D70               fcb       $2B,$8B,$04,$29,$20,$B7,$08,$2B +..) 7.+
0D78 B603032709FC082B (           fs.asm):00433         L0D78               fcb       $B6,$03,$03,$27,$09,$FC,$08,$2B 6..'...+
0D80 FD0812BDAD4CB608 (           fs.asm):00434         L0D80               fcb       $FD,$08,$12,$BD,$AD,$4C,$B6,$08 ...=-L6.
0D88 2B8B7F44444444BD (           fs.asm):00435         L0D88               fcb       $2B,$8B,$7F,$44,$44,$44,$44,$BD +.DDDD=
0D90 C012BDF2BB39860A (           fs.asm):00436         L0D90               fcb       $C0,$12,$BD,$F2,$BB,$39,$86,$0A @.=r;9..
0D98 1700FD7C082FB608 (           fs.asm):00437         L0D98               fcb       $17,$00,$FD,$7C,$08,$2F,$B6,$08 ...|./6.
0DA0 1C8B04815416FEC8 (           fs.asm):00438         L0DA0               fcb       $1C,$8B,$04,$81,$54,$16,$FE,$C8 ....T..H
0DA8 86081700EBB6081A (           fs.asm):00439         L0DA8               fcb       $86,$08,$17,$00,$EB,$B6,$08,$1A ....k6..
0DB0 8B04F603042607F6 (           fs.asm):00440         L0DB0               fcb       $8B,$04,$F6,$03,$04,$26,$07,$F6 ..v..&.v
0DB8 028927028B0CB708 (           fs.asm):00441         L0DB8               fcb       $02,$89,$27,$02,$8B,$0C,$B7,$08 ..'...7.
0DC0 1A102BFEDD815010 (           fs.asm):00442         L0DC0               fcb       $1A,$10,$2B,$FE,$DD,$81,$50,$10 ..+.].P.
0DC8 25FED7865016FED2 (           fs.asm):00443         L0DC8               fcb       $25,$FE,$D7,$86,$50,$16,$FE,$D2 %.W.P..R
0DD0 86061700C37A082F (           fs.asm):00444         L0DD0               fcb       $86,$06,$17,$00,$C3,$7A,$08,$2F ....Cz./
0DD8 B60304260EB6081E (           fs.asm):00445         L0DD8               fcb       $B6,$03,$04,$26,$0E,$B6,$08,$1E 6..&.6..
0DE0 8B20102AFEE88660 (           fs.asm):00446         L0DE0               fcb       $8B,$20,$10,$2A,$FE,$E8,$86,$60 . .*.h.`
0DE8 16FEE339B6022388 (           fs.asm):00447         L0DE8               fcb       $16,$FE,$E3,$39,$B6,$02,$23,$88 ..c96.#.
0DF0 FFB7022339860397 (           fs.asm):00448         L0DF0               fcb       $FF,$B7,$02,$23,$39,$86,$03,$97 .7.#9...
0DF8 EA39861097EA39B6 (           fs.asm):00449         L0DF8               fcb       $EA,$39,$86,$10,$97,$EA,$39,$B6 j9...j96
0E00 0289270996EA8104 (           fs.asm):00450         L0E00               fcb       $02,$89,$27,$09,$96,$EA,$81,$04 ..'..j..
0E08 26030CEA39810526 (           fs.asm):00451         L0E08               fcb       $26,$03,$0C,$EA,$39,$81,$05,$26 &..j9..&
0E10 037C02A386042010 (           fs.asm):00452         L0E10               fcb       $03,$7C,$02,$A3,$86,$04,$20,$10 .|.#.. .
0E18 B60289270996EA81 (           fs.asm):00453         L0E18               fcb       $B6,$02,$89,$27,$09,$96,$EA,$81 6..'..j.
0E20 0626030CEA398606 (           fs.asm):00454         L0E20               fcb       $06,$26,$03,$0C,$EA,$39,$86,$06 .&..j9..
0E28 97EA8614B7028939 (           fs.asm):00455         L0E28               fcb       $97,$EA,$86,$14,$B7,$02,$89,$39 .j..7..9
0E30 B60289270D96EA81 (           fs.asm):00456         L0E30               fcb       $B6,$02,$89,$27,$0D,$96,$EA,$81 6..'..j.
0E38 0D2507810F22034C (           fs.asm):00457         L0E38               fcb       $0D,$25,$07,$81,$0F,$22,$03,$4C .%...".L
0E40 20E6860D20E2860C (           fs.asm):00458         L0E40               fcb       $20,$E6,$86,$0D,$20,$E2,$86,$0C f.. b..
0E48 97EA39B60304271A (           fs.asm):00459         L0E48               fcb       $97,$EA,$39,$B6,$03,$04,$27,$1A .j96..'.
0E50 DC124353C30001FD (           fs.asm):00460         L0E50               fcb       $DC,$12,$43,$53,$C3,$00,$01,$FD \.CSC...
0E58 074DDC144353C300 (           fs.asm):00461         L0E58               fcb       $07,$4D,$DC,$14,$43,$53,$C3,$00 .M\.CSC.
0E60 01FD074FDC16FD07 (           fs.asm):00462         L0E60               fcb       $01,$FD,$07,$4F,$DC,$16,$FD,$07 ...O\...
0E68 8239B60289270E96 (           fs.asm):00463         L0E68               fcb       $82,$39,$B6,$02,$89,$27,$0E,$96 .96..'..
0E70 EA81082508810B22 (           fs.asm):00464         L0E70               fcb       $EA,$81,$08,$25,$08,$81,$0B,$22 j..%..."
0E78 044C16FFAB860820 (           fs.asm):00465         L0E78               fcb       $04,$4C,$16,$FF,$AB,$86,$08,$20 .L..+..
0E80 A78601BA083BB708 (           fs.asm):00466         L0E80               fcb       $A7,$86,$01,$BA,$08,$3B,$B7,$08 '..:.;7.
0E88 3B398601B7122D39 (           fs.asm):00467         L0E88               fcb       $3B,$39,$86,$01,$B7,$12,$2D,$39 ;9..7.-9
0E90 73AEA6397F028939 (           fs.asm):00468         L0E90               fcb       $73,$AE,$A6,$39,$7F,$02,$89,$39 s.&9..9
0E98 D6EAC10126070FEA (           fs.asm):00469         L0E98               fcb       $D6,$EA,$C1,$01,$26,$07,$0F,$EA VjA.&..j
0EA0 B70839326239FF39 (           fs.asm):00470         L0EA0               fcb       $B7,$08,$39,$32,$62,$39,$FF,$39 7.92b9.9
0EA8 0000111122223333 (           fs.asm):00471         L0EA8               fcb       $00,$00,$11,$11,$22,$22,$33,$33 ....""33
0EB0 4444555566667777 (           fs.asm):00472         L0EB0               fcb       $44,$44,$55,$55,$66,$66,$77,$77 DDUUffww
0EB8 88889999AAAABBBB (           fs.asm):00473         L0EB8               fcb       $88,$88,$99,$99,$AA,$AA,$BB,$BB ....**;;
0EC0 CCCCDDDDEEEEFFFF (           fs.asm):00474         L0EC0               fcb       $CC,$CC,$DD,$DD,$EE,$EE,$FF,$FF LL]]nn..
0EC8 108EAEA8840F48EC (           fs.asm):00475         L0EC8               fcb       $10,$8E,$AE,$A8,$84,$0F,$48,$EC ...(..Hl
0ED0 A6DDEE39B6017910 (           fs.asm):00476         L0ED0               fcb       $A6,$DD,$EE,$39,$B6,$01,$79,$10 &]n96.y.
0ED8 8EAEA8840F48ECA6 (           fs.asm):00477         L0ED8               fcb       $8E,$AE,$A8,$84,$0F,$48,$EC,$A6 ..(..Hl&
0EE0 FD017884F097F0C4 (           fs.asm):00478         L0EE0               fcb       $FD,$01,$78,$84,$F0,$97,$F0,$C4 ..x.p.pD
0EE8 0FD7F139D7E797E4 (           fs.asm):00479         L0EE8               fcb       $0F,$D7,$F1,$39,$D7,$E7,$97,$E4 .Wq9Wg.d
0EF0 CC000097E5DDE88E (           fs.asm):00480         L0EF0               fcb       $CC,$00,$00,$97,$E5,$DD,$E8,$8E L...e]h.
0EF8 001008E509E409E9 (           fs.asm):00481         L0EF8               fcb       $00,$10,$08,$E5,$09,$E4,$09,$E9 ...e.d.i
0F00 09E8DCE893E62504 (           fs.asm):00482         L0F00               fcb       $09,$E8,$DC,$E8,$93,$E6,$25,$04 .h\h.f%.
0F08 DDE80CE5301F1026 (           fs.asm):00483         L0F08               fcb       $DD,$E8,$0C,$E5,$30,$1F,$10,$26 ]h.e0..&
0F10 FFE8DCE43934028E (           fs.asm):00484         L0F10               fcb       $FF,$E8,$DC,$E4,$39,$34,$02,$8E .h\d94..
0F18 1538583AEC8430AB (           fs.asm):00485         L0F18               fcb       $15,$38,$58,$3A,$EC,$84,$30,$AB .8X:l.0+
0F20 350244250FE686C4 (           fs.asm):00486         L0F20               fcb       $35,$02,$44,$25,$0F,$E6,$86,$C4 5.D%.f.D
0F28 0FE786D6EEC4F0EA (           fs.asm):00487         L0F28               fcb       $0F,$E7,$86,$D6,$EE,$C4,$F0,$EA .g.VnDpj
0F30 86E78639E686C4F0 (           fs.asm):00488         L0F30               fcb       $86,$E7,$86,$39,$E6,$86,$C4,$F0 .g.9f.Dp
0F38 E786D6EEC40FEA86 (           fs.asm):00489         L0F38               fcb       $E7,$86,$D6,$EE,$C4,$0F,$EA,$86 g.VnD.j.
0F40 E786399F9A919A24 (           fs.asm):00490         L0F40               fcb       $E7,$86,$39,$9F,$9A,$91,$9A,$24 g.9....$
0F48 041E019F9AD19B10 (           fs.asm):00491         L0F48               fcb       $04,$1E,$01,$9F,$9A,$D1,$9B,$10 .....Q..
0F50 27010234061F108E (           fs.asm):00492         L0F50               fcb       $27,$01,$02,$34,$06,$1F,$10,$8E '..4....
0F58 1538583AEC8430AB (           fs.asm):00493         L0F58               fcb       $15,$38,$58,$3A,$EC,$84,$30,$AB .8X:l.0+
0F60 D69A860F543A2402 (           fs.asm):00494         L0F60               fcb       $D6,$9A,$86,$0F,$54,$3A,$24,$02 V...T:$.
0F68 86F0977D4394EE97 (           fs.asm):00495         L0F68               fcb       $86,$F0,$97,$7D,$43,$94,$EE,$97 .p.}C.n.
0F70 7E3506909A102700 (           fs.asm):00496         L0F70               fcb       $7E,$35,$06,$90,$9A,$10,$27,$00 ~5....'.
0F78 FD973BD09BD73C10 (           fs.asm):00497         L0F78               fcb       $FD,$97,$3B,$D0,$9B,$D7,$3C,$10 ..;P.W<.
0F80 2B0068913C102500 (           fs.asm):00498         L0F80               fcb       $2B,$00,$68,$91,$3C,$10,$25,$00 +.h.<.%.
0F88 3397DD0CDD1F8954 (           fs.asm):00499         L0F88               fcb       $33,$97,$DD,$0C,$DD,$1F,$89,$54 3.].]..T
0F90 50A684947D9A7EA7 (           fs.asm):00500         L0F90               fcb       $50,$A6,$84,$94,$7D,$9A,$7E,$A7 P&..}.~'
0F98 840ADD102700B596 (           fs.asm):00501         L0F98               fcb       $84,$0A,$DD,$10,$27,$00,$B5,$96 ..].'.5.
0FA0 7D94EE977E967D43 (           fs.asm):00502         L0FA0               fcb       $7D,$94,$EE,$97,$7E,$96,$7D,$43 }.n.~.}C
0FA8 2B023001977DDB3C (           fs.asm):00503         L0FA8               fcb       $2B,$02,$30,$01,$97,$7D,$DB,$3C +.0..}[<
0FB0 1024FFDD308850D0 (           fs.asm):00504         L0FB0               fcb       $10,$24,$FF,$DD,$30,$88,$50,$D0 .$.]0.PP
0FB8 3B7EAF91D7DD5057 (           fs.asm):00505         L0FB8               fcb       $3B,$7E,$AF,$91,$D7,$DD,$50,$57 ;~/.W]PW
0FC0 A684947D9A7EA784 (           fs.asm):00506         L0FC0               fcb       $A6,$84,$94,$7D,$9A,$7E,$A7,$84 &..}.~'.
0FC8 0ADD102B00863088 (           fs.asm):00507         L0FC8               fcb       $0A,$DD,$10,$2B,$00,$86,$30,$88 .].+..0.
0FD0 50DB3B102BFFE996 (           fs.asm):00508         L0FD0               fcb       $50,$DB,$3B,$10,$2B,$FF,$E9,$96 P[;.+.i.
0FD8 7D94EE977E967D43 (           fs.asm):00509         L0FD8               fcb       $7D,$94,$EE,$97,$7E,$96,$7D,$43 }.n.~.}C
0FE0 2B023001977DD03C (           fs.asm):00510         L0FE0               fcb       $2B,$02,$30,$01,$97,$7D,$D0,$3C +.0..}P<
0FE8 7EAFC050D13B1023 (           fs.asm):00511         L0FE8               fcb       $7E,$AF,$C0,$50,$D1,$3B,$10,$23 ~/@PQ;.#
0FF0 002FD7DD5057A684 (           fs.asm):00512         L0FF0               fcb       $00,$2F,$D7,$DD,$50,$57,$A6,$84 ./W]PW&.
0FF8 947D9A7EA7840ADD (           fs.asm):00513         L0FF8               fcb       $94,$7D,$9A,$7E,$A7,$84,$0A,$DD .}.~'..]
1000 102B00503088B0DB (           fs.asm):00514         L1000               fcb       $10,$2B,$00,$50,$30,$88,$B0,$DB .+.P0.0[
1008 3B102BFFE9967D94 (           fs.asm):00515         L1008               fcb       $3B,$10,$2B,$FF,$E9,$96,$7D,$94 ;.+.i.}.
1010 EE977E967D432B02 (           fs.asm):00516         L1010               fcb       $EE,$97,$7E,$96,$7D,$43,$2B,$02 n.~.}C+.
1018 3001977DDB3C7EAF (           fs.asm):00517         L1018               fcb       $30,$01,$97,$7D,$DB,$3C,$7E,$AF 0..}[<~/
1020 F697DD0CDD1F8954 (           fs.asm):00518         L1020               fcb       $F6,$97,$DD,$0C,$DD,$1F,$89,$54 v.].]..T
1028 50A684947D9A7EA7 (           fs.asm):00519         L1028               fcb       $50,$A6,$84,$94,$7D,$9A,$7E,$A7 P&..}.~'
1030 840ADD1027001D96 (           fs.asm):00520         L1030               fcb       $84,$0A,$DD,$10,$27,$00,$1D,$96 ..].'...
1038 7D94EE977E967D43 (           fs.asm):00521         L1038               fcb       $7D,$94,$EE,$97,$7E,$96,$7D,$43 }.n.~.}C
1040 2B023001977DD03C (           fs.asm):00522         L1040               fcb       $2B,$02,$30,$01,$97,$7D,$D0,$3C +.0..}P<
1048 1025FFDD3088B0D0 (           fs.asm):00523         L1048               fcb       $10,$25,$FF,$DD,$30,$88,$B0,$D0 .%.]0.0P
1050 3B7EB0293934028E (           fs.asm):00524         L1050               fcb       $3B,$7E,$B0,$29,$39,$34,$02,$8E ;~0)94..
1058 1538583AEC8430AB (           fs.asm):00525         L1058               fcb       $15,$38,$58,$3A,$EC,$84,$30,$AB .8X:l.0+
1060 B6017897B196EEBD (           fs.asm):00526         L1060               fcb       $B6,$01,$78,$97,$B1,$96,$EE,$BD 6.x.1.n=
1068 AED73502D69ABDB0 (           fs.asm):00527         L1068               fcb       $AE,$D7,$35,$02,$D6,$9A,$BD,$B0 .W5.V.=0
1070 D496B17EAED7D09B (           fs.asm):00528         L1070               fcb       $D4,$96,$B1,$7E,$AE,$D7,$D0,$9B T.1~.WP.
1078 2512A684947D9A7E (           fs.asm):00529         L1078               fcb       $25,$12,$A6,$84,$94,$7D,$9A,$7E %.&..}.~
1080 A7845A102BFFCD30 (           fs.asm):00530         L1080               fcb       $A7,$84,$5A,$10,$2B,$FF,$CD,$30 '.Z.+.M0
1088 885020EE5AA68494 (           fs.asm):00531         L1088               fcb       $88,$50,$20,$EE,$5A,$A6,$84,$94 .P nZ&..
1090 7D9A7EA7845C1027 (           fs.asm):00532         L1090               fcb       $7D,$9A,$7E,$A7,$84,$5C,$10,$27 }.~'.\.'
1098 FFBA3088B020EE33 (           fs.asm):00533         L1098               fcb       $FF,$BA,$30,$88,$B0,$20,$EE,$33 .:0.0 n3
10A0 885034091A101A40 (           fs.asm):00534         L10A0               fcb       $88,$50,$34,$09,$1A,$10,$1A,$40 .P4....@
10A8 10FF00F2FC0178BE (           fs.asm):00535         L10A8               fcb       $10,$FF,$00,$F2,$FC,$01,$78,$BE ...r..x>
10B0 017810BE017810FE (           fs.asm):00536         L10B0               fcb       $01,$78,$10,$BE,$01,$78,$10,$FE .x.>.x..
10B8 01781F8B367E367E (           fs.asm):00537         L10B8               fcb       $01,$78,$1F,$8B,$36,$7E,$36,$7E .x..6~6~
10C0 367E367E367E367E (           fs.asm):00538         L10C0               fcb       $36,$7E,$36,$7E,$36,$7E,$36,$7E 6~6~6~6~
10C8 367E367E367610FE (           fs.asm):00539         L10C8               fcb       $36,$7E,$36,$7E,$36,$76,$10,$FE 6~6~6v..
10D0 00F2358910839F00 (           fs.asm):00540         L10D0               fcb       $00,$F2,$35,$89,$10,$83,$9F,$00 .r5.....
10D8 1027FFC3979A543A (           fs.asm):00541         L10D8               fcb       $10,$27,$FF,$C3,$97,$9A,$54,$3A .'.C..T:
10E0 24095C86F0A4849A (           fs.asm):00542         L10E0               fcb       $24,$09,$5C,$86,$F0,$A4,$84,$9A $.\.p$..
10E8 F1A780969A443401 (           fs.asm):00543         L10E8               fcb       $F1,$A7,$80,$96,$9A,$44,$34,$01 q'...D4.
10F0 25014A979AD09A5A (           fs.asm):00544         L10F0               fcb       $25,$01,$4A,$97,$9A,$D0,$9A,$5A %.J..P.Z
10F8 C50127065CB60178 (           fs.asm):00545         L10F8               fcb       $C5,$01,$27,$06,$5C,$B6,$01,$78 E.'.\6.x
1100 A780FE0178108EB1 (           fs.asm):00546         L1100               fcb       $A7,$80,$FE,$01,$78,$10,$8E,$B1 '...x..1
1108 636EA5EF81EF81EF (           fs.asm):00547         L1108               fcb       $63,$6E,$A5,$EF,$81,$EF,$81,$EF cn%o.o.o
1110 81EF81EF81EF81EF (           fs.asm):00548         L1110               fcb       $81,$EF,$81,$EF,$81,$EF,$81,$EF .o.o.o.o
1118 81EF81EF81EF81EF (           fs.asm):00549         L1118               fcb       $81,$EF,$81,$EF,$81,$EF,$81,$EF .o.o.o.o
1120 81EF81EF81EF81EF (           fs.asm):00550         L1120               fcb       $81,$EF,$81,$EF,$81,$EF,$81,$EF .o.o.o.o
1128 81EF81EF81EF81EF (           fs.asm):00551         L1128               fcb       $81,$EF,$81,$EF,$81,$EF,$81,$EF .o.o.o.o
1130 81EF81EF81EF81EF (           fs.asm):00552         L1130               fcb       $81,$EF,$81,$EF,$81,$EF,$81,$EF .o.o.o.o
1138 81EF81EF81EF81EF (           fs.asm):00553         L1138               fcb       $81,$EF,$81,$EF,$81,$EF,$81,$EF .o.o.o.o
1140 81EF81EF81EF81EF (           fs.asm):00554         L1140               fcb       $81,$EF,$81,$EF,$81,$EF,$81,$EF .o.o.o.o
1148 81EF81EF81EF81EF (           fs.asm):00555         L1148               fcb       $81,$EF,$81,$EF,$81,$EF,$81,$EF .o.o.o.o
1150 81EF81EF81EF81EF (           fs.asm):00556         L1150               fcb       $81,$EF,$81,$EF,$81,$EF,$81,$EF .o.o.o.o
1158 81EF81EF81EF81EF (           fs.asm):00557         L1158               fcb       $81,$EF,$81,$EF,$81,$EF,$81,$EF .o.o.o.o
1160 81EF8135012508A6 (           fs.asm):00558         L1160               fcb       $81,$EF,$81,$35,$01,$25,$08,$A6 .o.5.%.&
1168 84840F9AF0A78439 (           fs.asm):00559         L1168               fcb       $84,$84,$0F,$9A,$F0,$A7,$84,$39 ....p'.9
1170 FD0AC2FD0AC4D7DB (           fs.asm):00560         L1170               fcb       $FD,$0A,$C2,$FD,$0A,$C4,$D7,$DB ..B..DW[
1178 D7DC108E0AC610BF (           fs.asm):00561         L1178               fcb       $D7,$DC,$10,$8E,$0A,$C6,$10,$BF W\...F.?
1180 0CC67F0CC839D1DB (           fs.asm):00562         L1180               fcb       $0C,$C6,$7F,$0C,$C8,$39,$D1,$DB .F.H9Q[
1188 2A04D7DB2006D1DC (           fs.asm):00563         L1188               fcb       $2A,$04,$D7,$DB,$20,$06,$D1,$DC *.W[ .Q\
1190 2B02D7DC1F01FC0A (           fs.asm):00564         L1190               fcb       $2B,$02,$D7,$DC,$1F,$01,$FC,$0A +.W\....
1198 C4BF0AC4F10AC525 (           fs.asm):00565         L1198               fcb       $C4,$BF,$0A,$C4,$F1,$0A,$C5,$25 D?.Dq.E%
11A0 021E017C0CC810BE (           fs.asm):00566         L11A0               fcb       $02,$1E,$01,$7C,$0C,$C8,$10,$BE ...|.H.>
11A8 0CC6E7A1A722C680 (           fs.asm):00567         L11A8               fcb       $0C,$C6,$E7,$A1,$A7,$22,$C6,$80 .Fg!'"F.
11B0 4456EDA11F10E73D (           fs.asm):00568         L11B0               fcb       $44,$56,$ED,$A1,$1F,$10,$E7,$3D DVm!..g=
11B8 E03C1027001CA0A4 (           fs.asm):00569         L11B8               fcb       $E0,$3C,$10,$27,$00,$1C,$A0,$A4 `<.'.. $
11C0 3401240140BDAEEC (           fs.asm):00570         L11C0               fcb       $34,$01,$24,$01,$40,$BD,$AE,$EC 4.$.@=.l
11C8 350124054353C300 (           fs.asm):00571         L11C8               fcb       $35,$01,$24,$05,$43,$53,$C3,$00 5.$.CSC.
11D0 014756EDA110BF0C (           fs.asm):00572         L11D0               fcb       $01,$47,$56,$ED,$A1,$10,$BF,$0C .GVm!.?.
11D8 C639A7A110BF0CC6 (           fs.asm):00573         L11D8               fcb       $C6,$39,$A7,$A1,$10,$BF,$0C,$C6 F9'!.?.F
11E0 39BE0AC4FC0AC2F1 (           fs.asm):00574         L11E0               fcb       $39,$BE,$0A,$C4,$FC,$0A,$C2,$F1 9>.D..Bq
11E8 0AC525021E01BDB1 (           fs.asm):00575         L11E8               fcb       $0A,$C5,$25,$02,$1E,$01,$BD,$B1 .E%...=1
11F0 A396DC90DBB70CC9 (           fs.asm):00576         L11F0               fcb       $A3,$96,$DC,$90,$DB,$B7,$0C,$C9 #.\.[7.I
11F8 8E1538D6DB583AAE (           fs.asm):00577         L11F8               fcb       $8E,$15,$38,$D6,$DB,$58,$3A,$AE ..8V[X:.
1200 84FC0CD9308BBF0C (           fs.asm):00578         L1200               fcb       $84,$FC,$0C,$D9,$30,$8B,$BF,$0C ...Y0.?.
1208 CB96DB8D11BE0CCB (           fs.asm):00579         L1208               fcb       $CB,$96,$DB,$8D,$11,$BE,$0C,$CB K.[..>.K
1210 308850BF0CCB0CDB (           fs.asm):00580         L1210               fcb       $30,$88,$50,$BF,$0C,$CB,$0C,$DB 0.P?.K.[
1218 7A0CC92AEC39108E (           fs.asm):00581         L1218               fcb       $7A,$0C,$C9,$2A,$EC,$39,$10,$8E z.I*l9..
1220 0AC68E0C46B60CC8 (           fs.asm):00582         L1220               fcb       $0A,$C6,$8E,$0C,$46,$B6,$0C,$C8 .F..F6.H
1228 B70CCAB60CCA96DB (           fs.asm):00583         L1228               fcb       $B7,$0C,$CA,$B6,$0C,$CA,$96,$DB 7.J6.J.[
1230 E6A4A1A02C093125 (           fs.asm):00584         L1230               fcb       $E6,$A4,$A1,$A0,$2C,$09,$31,$25 f$! ,.1%
1238 7A0CCA26EE201BE6 (           fs.asm):00585         L1238               fcb       $7A,$0C,$CA,$26,$EE,$20,$1B,$E6 z.J&n .f
1240 A4A1A0102700ADEC (           fs.asm):00586         L1240               fcb       $A4,$A1,$A0,$10,$27,$00,$AD,$EC $! .'.-l
1248 A45849A780ECA1E3 (           fs.asm):00587         L1248               fcb       $A4,$58,$49,$A7,$80,$EC,$A1,$E3 $XI'.l!c
1250 A1ED3C7A0CCA1026 (           fs.asm):00588         L1250               fcb       $A1,$ED,$3C,$7A,$0C,$CA,$10,$26 !m<z.J.&
1258 FFD11F108E0C4683 (           fs.asm):00589         L1258               fcb       $FF,$D1,$1F,$10,$8E,$0C,$46,$83 .Q....F.
1260 0C462716C104102E (           fs.asm):00590         L1260               fcb       $0C,$46,$27,$16,$C1,$04,$10,$2E .F'.A...
1268 0051270FEC80A180 (           fs.asm):00591         L1268               fcb       $00,$51,$27,$0F,$EC,$80,$A1,$80 .Q'.l.!.
1270 24021E89BE0CCBBD (           fs.asm):00592         L1270               fcb       $24,$02,$1E,$89,$BE,$0C,$CB,$BD $...>.K=
1278 B0D439EC80A18024 (           fs.asm):00593         L1278               fcb       $B0,$D4,$39,$EC,$80,$A1,$80,$24 0T9l.!.$
1280 021E891F02EC80A1 (           fs.asm):00594         L1280               fcb       $02,$1E,$89,$1F,$02,$EC,$80,$A1 .....l.!
1288 8424021E89109FB1 (           fs.asm):00595         L1288               fcb       $84,$24,$02,$1E,$89,$10,$9F,$B1 .$.....1
1290 D1B225051E02109F (           fs.asm):00596         L1290               fcb       $D1,$B2,$25,$05,$1E,$02,$10,$9F Q2%.....
1298 B191B2250A3404D6 (           fs.asm):00597         L1298               fcb       $B1,$91,$B2,$25,$0A,$34,$04,$D6 1.2%.4.V
12A0 B297B21F983504BE (           fs.asm):00598         L12A0               fcb       $B2,$97,$B2,$1F,$98,$35,$04,$BE 2.2..5.>
12A8 0CCBBDB0D4DCB191 (           fs.asm):00599         L12A8               fcb       $0C,$CB,$BD,$B0,$D4,$DC,$B1,$91 .K=0T\1.
12B0 B224021E89BE0CCB (           fs.asm):00600         L12B0               fcb       $B2,$24,$02,$1E,$89,$BE,$0C,$CB 2$...>.K
12B8 7EB0D4D7DD5AD790 (           fs.asm):00601         L12B8               fcb       $7E,$B0,$D4,$D7,$DD,$5A,$D7,$90 ~0TW]ZW.
12C0 3185A6A4D792A1A2 (           fs.asm):00602         L12C0               fcb       $31,$85,$A6,$A4,$D7,$92,$A1,$A2 1.&$W.!"
12C8 2406E6A4A7A41F98 (           fs.asm):00603         L12C8               fcb       $24,$06,$E6,$A4,$A7,$A4,$1F,$98 $.f$'$..
12D0 0A921026FFF0D690 (           fs.asm):00604         L12D0               fcb       $0A,$92,$10,$26,$FF,$F0,$D6,$90 ...&.pV.
12D8 A7855A1026FFDFEC (           fs.asm):00605         L12D8               fcb       $A7,$85,$5A,$10,$26,$FF,$DF,$EC '.Z.&._l
12E0 811E893410BE0CCB (           fs.asm):00606         L12E0               fcb       $81,$1E,$89,$34,$10,$BE,$0C,$CB ...4.>.K
12E8 BDB0D435100ADD0A (           fs.asm):00607         L12E8               fcb       $BD,$B0,$D4,$35,$10,$0A,$DD,$0A =0T5..].
12F0 DD26EC39A13E2737 (           fs.asm):00608         L12F0               fcb       $DD,$26,$EC,$39,$A1,$3E,$27,$37 ]&l9!>'7
12F8 ECA1584931223410 (           fs.asm):00609         L12F8               fcb       $EC,$A1,$58,$49,$31,$22,$34,$10 l!XI1"4.
1300 BE0CCB442511E686 (           fs.asm):00610         L1300               fcb       $BE,$0C,$CB,$44,$25,$11,$E6,$86 >.KD%.f.
1308 C40FE786F60178C4 (           fs.asm):00611         L1308               fcb       $C4,$0F,$E7,$86,$F6,$01,$78,$C4 D.g.v.xD
1310 F0EA86E786200FE6 (           fs.asm):00612         L1310               fcb       $F0,$EA,$86,$E7,$86,$20,$0F,$E6 pj.g. .f
1318 86C4F0E786F60178 (           fs.asm):00613         L1318               fcb       $86,$C4,$F0,$E7,$86,$F6,$01,$78 .Dpg.v.x
1320 C40FEA86E786867F (           fs.asm):00614         L1320               fcb       $C4,$0F,$EA,$86,$E7,$86,$86,$7F D.j.g..
1328 A73A35107EB253EC (           fs.asm):00615         L1328               fcb       $A7,$3A,$35,$10,$7E,$B2,$53,$EC ':5.~2Sl
1330 A15849E6A4A1A124 (           fs.asm):00616         L1330               fcb       $A1,$58,$49,$E6,$A4,$A1,$A1,$24 !XIf$!!$
1338 021E893430BE0CCB (           fs.asm):00617         L1338               fcb       $02,$1E,$89,$34,$30,$BE,$0C,$CB ...40>.K
1340 BDB0D43530867FA7 (           fs.asm):00618         L1340               fcb       $BD,$B0,$D4,$35,$30,$86,$7F,$A7 =0T50.'
1348 3A7EB253398E14C0 (           fs.asm):00619         L1348               fcb       $3A,$7E,$B2,$53,$39,$8E,$14,$C0 :~2S9..@
1350 583AEC848A80DD1E (           fs.asm):00620         L1350               fcb       $58,$3A,$EC,$84,$8A,$80,$DD,$1E X:l...].
1358 1F2034028E153858 (           fs.asm):00621         L1358               fcb       $1F,$20,$34,$02,$8E,$15,$38,$58 . 4...8X
1360 3AAE841F30308B64 (           fs.asm):00622         L1360               fcb       $3A,$AE,$84,$1F,$30,$30,$8B,$64 :...00.d
1368 E42409108EB3B1CC (           fs.asm):00623         L1368               fcb       $E4,$24,$09,$10,$8E,$B3,$B1,$CC d$...31L
1370 F0002007108EB3C1 (           fs.asm):00624         L1370               fcb       $F0,$00,$20,$07,$10,$8E,$B3,$C1 p. ...3A
1378 CC000FDD7D35043A (           fs.asm):00625         L1378               fcb       $CC,$00,$0F,$DD,$7D,$35,$04,$3A L..]}5.:
1380 D61FC40758ECA5B4 (           fs.asm):00626         L1380               fcb       $D6,$1F,$C4,$07,$58,$EC,$A5,$B4 V.D.Xl%4
1388 0201F40201DD9AEC (           fs.asm):00627         L1388               fcb       $02,$01,$F4,$02,$01,$DD,$9A,$EC ..t..].l
1390 84947DD47E9A9ADA (           fs.asm):00628         L1390               fcb       $84,$94,$7D,$D4,$7E,$9A,$9A,$DA ..}T~..Z
1398 9BED84DC1E445644 (           fs.asm):00629         L1398               fcb       $9B,$ED,$84,$DC,$1E,$44,$56,$44 .m.\.DVD
13A0 5644561083000127 (           fs.asm):00630         L13A0               fcb       $56,$44,$56,$10,$83,$00,$01,$27 VDV....'
13A8 07DD1E30885020D2 (           fs.asm):00631         L13A8               fcb       $07,$DD,$1E,$30,$88,$50,$20,$D2 .].0.P R
13B0 390000000F00F000 (           fs.asm):00632         L13B0               fcb       $39,$00,$00,$00,$0F,$00,$F0,$00 9.....p.
13B8 FF0F000F0F0FF00F (           fs.asm):00633         L13B8               fcb       $FF,$0F,$00,$0F,$0F,$0F,$F0,$0F ......p.
13C0 FF000000F00F000F (           fs.asm):00634         L13C0               fcb       $FF,$00,$00,$00,$F0,$0F,$00,$0F ....p...
13C8 F0F000F0F0FF00FF (           fs.asm):00635         L13C8               fcb       $F0,$F0,$00,$F0,$F0,$FF,$00,$FF pp.pp...
13D0 F0EC81DD20109E20 (           fs.asm):00636         L13D0               fcb       $F0,$EC,$81,$DD,$20,$10,$9E,$20 pl.] ..
13D8 E6802711C0203410 (           fs.asm):00637         L13D8               fcb       $E6,$80,$27,$11,$C0,$20,$34,$10 f.'.@ 4.
13E0 BDB34D351086049B (           fs.asm):00638         L13E0               fcb       $BD,$B3,$4D,$35,$10,$86,$04,$9B =3M5....
13E8 20972020E839DD90 (           fs.asm):00639         L13E8               fcb       $20,$97,$20,$20,$E8,$39,$DD,$90 .  h9].
13F0 9F921F989093404C (           fs.asm):00640         L13F0               fcb       $9F,$92,$1F,$98,$90,$93,$40,$4C ......@L
13F8 979386503D30AB96 (           fs.asm):00641         L13F8               fcb       $97,$93,$86,$50,$3D,$30,$AB,$96 ...P=0+.
1400 92D6903416BDB0D4 (           fs.asm):00642         L1400               fcb       $92,$D6,$90,$34,$16,$BD,$B0,$D4 .V.4.=0T
1408 35163088500A9326 (           fs.asm):00643         L1408               fcb       $35,$16,$30,$88,$50,$0A,$93,$26 5.0.P..&
1410 F2393996EC841027 (           fs.asm):00644         L1410               fcb       $F2,$39,$39,$96,$EC,$84,$10,$27 r99.l..'
1418 F9DC16B3014AB301 (           fs.asm):00645         L1418               fcb       $F9,$DC,$16,$B3,$01,$4A,$B3,$01 y\.3.J3.
1420 48DD9AB302164756 (           fs.asm):00646         L1420               fcb       $48,$DD,$9A,$B3,$02,$16,$47,$56 H].3..GV
1428 475647562609DC9A (           fs.asm):00647         L1428               fcb       $47,$56,$47,$56,$26,$09,$DC,$9A GVGV&.\.
1430 20084353C30001F3 (           fs.asm):00648         L1430               fcb       $20,$08,$43,$53,$C3,$00,$01,$F3 .CSC..s
1438 0216FD02168D4D8E (           fs.asm):00649         L1438               fcb       $02,$16,$FD,$02,$16,$8D,$4D,$8E ......M.
1440 09BD8D5A8E09BB7E (           fs.asm):00650         L1440               fcb       $09,$BD,$8D,$5A,$8E,$09,$BB,$7E .=.Z..;~
1448 B75D96EB8404274D (           fs.asm):00651         L1448               fcb       $B7,$5D,$96,$EB,$84,$04,$27,$4D 7].k..'M
1450 DC16F30210B3014A (           fs.asm):00652         L1450               fcb       $DC,$16,$F3,$02,$10,$B3,$01,$4A \.s..3.J
1458 B301481083800026 (           fs.asm):00653         L1458               fcb       $B3,$01,$48,$10,$83,$80,$00,$26 3.H....&
1460 02C6018D2710B309 (           fs.asm):00654         L1460               fcb       $02,$C6,$01,$8D,$27,$10,$B3,$09 .F..'.3.
1468 AA2732FD09AA8E09 (           fs.asm):00655         L1468               fcb       $AA,$27,$32,$FD,$09,$AA,$8E,$09 *'2..*..
1470 B18D2B8E09AFBDB7 (           fs.asm):00656         L1470               fcb       $B1,$8D,$2B,$8E,$09,$AF,$BD,$B7 1.+../=7
1478 58FC09AA8300B48D (           fs.asm):00657         L1478               fcb       $58,$FC,$09,$AA,$83,$00,$B4,$8D X..*..4.
1480 158E09B78D188E09 (           fs.asm):00658         L1480               fcb       $15,$8E,$09,$B7,$8D,$18,$8E,$09 ...7....
1488 B57EB758DDAFCC00 (           fs.asm):00659         L1488               fcb       $B5,$7E,$B7,$58,$DD,$AF,$CC,$00 5~7X]/L.
1490 B4DDB1BDD2838180 (           fs.asm):00660         L1490               fcb       $B4,$DD,$B1,$BD,$D2,$83,$81,$80 4]1=R...
1498 2503C3016839DD9A (           fs.asm):00661         L1498               fcb       $25,$03,$C3,$01,$68,$39,$DD,$9A %.C.h9].
14A0 CC00648D243001CC (           fs.asm):00662         L14A0               fcb       $CC,$00,$64,$8D,$24,$30,$01,$CC L.d.$0.L
14A8 000A8D1D969B8A30 (           fs.asm):00663         L14A8               fcb       $00,$0A,$8D,$1D,$96,$9B,$8A,$30 .......0
14B0 A70139DD9A2009DD (           fs.asm):00664         L14B0               fcb       $A7,$01,$39,$DD,$9A,$20,$09,$DD '.9]. .]
14B8 9ACC27108D0B3001 (           fs.asm):00665         L14B8               fcb       $9A,$CC,$27,$10,$8D,$0B,$30,$01 .L'...0.
14C0 CC03E88D04300120 (           fs.asm):00666         L14C0               fcb       $CC,$03,$E8,$8D,$04,$30,$01,$20 L.h..0.
14C8 D7DD908630A784DC (           fs.asm):00667         L14C8               fcb       $D7,$DD,$90,$86,$30,$A7,$84,$DC W]..0'.\
14D0 9A93902B046C8420 (           fs.asm):00668         L14D0               fcb       $9A,$93,$90,$2B,$04,$6C,$84,$20 ...+.l.
14D8 F8D390DD9A39A680 (           fs.asm):00669         L14D8               fcb       $F8,$D3,$90,$DD,$9A,$39,$A6,$80 xS.].9&.
14E0 48484848979AA680 (           fs.asm):00670         L14E0               fcb       $48,$48,$48,$48,$97,$9A,$A6,$80 HHHH..&.
14E8 840F9A9AE6805858 (           fs.asm):00671         L14E8               fcb       $84,$0F,$9A,$9A,$E6,$80,$58,$58 ....f.XX
14F0 5858D79AE684C40F (           fs.asm):00672         L14F0               fcb       $58,$58,$D7,$9A,$E6,$84,$C4,$0F XXW.f.D.
14F8 DA9A3996EC2A3E8E (           fs.asm):00673         L14F8               fcb       $DA,$9A,$39,$96,$EC,$2A,$3E,$8E Z.9.l*>.
1500 09D0BDB7588E09D3 (           fs.asm):00674         L1500               fcb       $09,$D0,$BD,$B7,$58,$8E,$09,$D3 .P=7X..S
1508 17FFD3FD0291FD01 (           fs.asm):00675         L1508               fcb       $17,$FF,$D3,$FD,$02,$91,$FD,$01 ..S.....
1510 F486FE201D96EC2A (           fs.asm):00676         L1510               fcb       $F4,$86,$FE,$20,$1D,$96,$EC,$2A t.. ..l*
1518 24B60348261F8E09 (           fs.asm):00677         L1518               fcb       $24,$B6,$03,$48,$26,$1F,$8E,$09 $6.H&...
1520 D8BDB7588E09DB17 (           fs.asm):00678         L1520               fcb       $D8,$BD,$B7,$58,$8E,$09,$DB,$17 X=7X..[.
1528 FFB4FD028FFD01F6 (           fs.asm):00679         L1528               fcb       $FF,$B4,$FD,$02,$8F,$FD,$01,$F6 .4.....v
1530 86FDB4028EB7028E (           fs.asm):00680         L1530               fcb       $86,$FD,$B4,$02,$8E,$B7,$02,$8E ..4..7..
1538 8601B7028C3996EC (           fs.asm):00681         L1538               fcb       $86,$01,$B7,$02,$8C,$39,$96,$EC ..7..9.l
1540 2AFB8E09C8BDB758 (           fs.asm):00682         L1540               fcb       $2A,$FB,$8E,$09,$C8,$BD,$B7,$58 *...H=7X
1548 8E09CB17FF90FD02 (           fs.asm):00683         L1548               fcb       $8E,$09,$CB,$17,$FF,$90,$FD,$02 ..K.....
1550 03FD01F28601B702 (           fs.asm):00684         L1550               fcb       $03,$FD,$01,$F2,$86,$01,$B7,$02 ...r..7.
1558 ADB702A33996EB84 (           fs.asm):00685         L1558               fcb       $AD,$B7,$02,$A3,$39,$96,$EB,$84 -7.#9.k.
1560 1427DAB609A88E09 (           fs.asm):00686         L1560               fcb       $14,$27,$DA,$B6,$09,$A8,$8E,$09 .'Z6.(..
1568 E28D49B609A8805A (           fs.asm):00687         L1568               fcb       $E2,$8D,$49,$B6,$09,$A8,$80,$5A b.I6.(.Z
1570 24028BB48E09E88D (           fs.asm):00688         L1570               fcb       $24,$02,$8B,$B4,$8E,$09,$E8,$8D $..4..h.
1578 3B8E09E0BDB75D8E (           fs.asm):00689         L1578               fcb       $3B,$8E,$09,$E0,$BD,$B7,$5D,$8E ;..`=7].
1580 09E67EB76796ED84 (           fs.asm):00690         L1580               fcb       $09,$E6,$7E,$B7,$67,$96,$ED,$84 .f~7g.m.
1588 141027FFB0B60348 (           fs.asm):00691         L1588               fcb       $14,$10,$27,$FF,$B0,$B6,$03,$48 ..'.06.H
1590 26ABB609A98E09EE (           fs.asm):00692         L1590               fcb       $26,$AB,$B6,$09,$A9,$8E,$09,$EE &+6.)..n
1598 8D1AB609A9805A24 (           fs.asm):00693         L1598               fcb       $8D,$1A,$B6,$09,$A9,$80,$5A,$24 ..6.).Z$
15A0 028BB48E09F48D0C (           fs.asm):00694         L15A0               fcb       $02,$8B,$B4,$8E,$09,$F4,$8D,$0C ..4..t..
15A8 8E09ECBDB75D8E09 (           fs.asm):00695         L15A8               fcb       $8E,$09,$EC,$BD,$B7,$5D,$8E,$09 ..l=7]..
15B0 F27EB767C62F5C80 (           fs.asm):00696         L15B0               fcb       $F2,$7E,$B7,$67,$C6,$2F,$5C,$80 r~7gF/\.
15B8 3224FB8B3248E780 (           fs.asm):00697         L15B8               fcb       $32,$24,$FB,$8B,$32,$48,$E7,$80 2$..2Hg.
15C0 C62F5C800A24FBE7 (           fs.asm):00698         L15C0               fcb       $C6,$2F,$5C,$80,$0A,$24,$FB,$E7 F/\..$.g
15C8 808B3AA7843996EC (           fs.asm):00699         L15C8               fcb       $80,$8B,$3A,$A7,$84,$39,$96,$EC ..:'.9.l
15D0 2AFBF60287862F4C (           fs.asm):00700         L15D0               fcb       $2A,$FB,$F6,$02,$87,$86,$2F,$4C *.v.../L
15D8 C00A24FBCB3AFD0A (           fs.asm):00701         L15D8               fcb       $C0,$0A,$24,$FB,$CB,$3A,$FD,$0A @.$.K:..
15E0 128E0A10BDB758B6 (           fs.asm):00702         L15E0               fcb       $12,$8E,$0A,$10,$BD,$B7,$58,$B6 ....=7X6
15E8 028726E196EC2ADD (           fs.asm):00703         L15E8               fcb       $02,$87,$26,$E1,$96,$EC,$2A,$DD ..&a.l*]
15F0 F60322862F4CC00A (           fs.asm):00704         L15F0               fcb       $F6,$03,$22,$86,$2F,$4C,$C0,$0A v."./L@.
15F8 24FBCB3AFD0A0D8E (           fs.asm):00705         L15F8               fcb       $24,$FB,$CB,$3A,$FD,$0A,$0D,$8E $.K:....
1600 0A0BBDB758F60321 (           fs.asm):00706         L1600               fcb       $0A,$0B,$BD,$B7,$58,$F6,$03,$21 ..=7Xv.!
1608 862F4CC00A24FBCB (           fs.asm):00707         L1608               fcb       $86,$2F,$4C,$C0,$0A,$24,$FB,$CB ./L@.$.K
1610 3AFD0A088E0A067E (           fs.asm):00708         L1610               fcb       $3A,$FD,$0A,$08,$8E,$0A,$06,$7E :......~
1618 B75896EC2AAF7407 (           fs.asm):00709         L1618               fcb       $B7,$58,$96,$EC,$2A,$AF,$74,$07 7X.l*/t.
1620 1A1024FFA8B60719 (           fs.asm):00710         L1620               fcb       $1A,$10,$24,$FF,$A8,$B6,$07,$19 ..$.(6..
1628 261DB6071B8B30B7 (           fs.asm):00711         L1628               fcb       $26,$1D,$B6,$07,$1B,$8B,$30,$B7 &.6...07
1630 0A19F6071C862F4C (           fs.asm):00712         L1630               fcb       $0A,$19,$F6,$07,$1C,$86,$2F,$4C ..v.../L
1638 C00A24FBCB3AFD0A (           fs.asm):00713         L1638               fcb       $C0,$0A,$24,$FB,$CB,$3A,$FD,$0A @.$.K:..
1640 178E0A157EB758CC (           fs.asm):00714         L1640               fcb       $17,$8E,$0A,$15,$7E,$B7,$58,$CC ....~7XL
1648 2020FD0A17B70A19 (           fs.asm):00715         L1648               fcb       $20,$20,$FD,$0A,$17,$B7,$0A,$19 ...7..
1650 20EFF6081826088E (           fs.asm):00716         L1650               fcb       $20,$EF,$F6,$08,$18,$26,$08,$8E ov..&..
1658 0A36BDB76220068E (           fs.asm):00717         L1658               fcb       $0A,$36,$BD,$B7,$62,$20,$06,$8E .6=7b ..
1660 0A31BDB75896EC2A (           fs.asm):00718         L1660               fcb       $0A,$31,$BD,$B7,$58,$96,$EC,$2A .1=7X.l*
1668 4C8E0A27F6082426 (           fs.asm):00719         L1668               fcb       $4C,$8E,$0A,$27,$F6,$08,$24,$26 L..'v.$&
1670 038E0A2CBDB75DB6 (           fs.asm):00720         L1670               fcb       $03,$8E,$0A,$2C,$BD,$B7,$5D,$B6 ...,=7]6
1678 0825488EB6FAAE86 (           fs.asm):00721         L1678               fcb       $08,$25,$48,$8E,$B6,$FA,$AE,$86 .%H.6z..
1680 7EB75DB60348272D (           fs.asm):00722         L1680               fcb       $7E,$B7,$5D,$B6,$03,$48,$27,$2D ~7]6.H'-
1688 96EC2A298E09C1BD (           fs.asm):00723         L1688               fcb       $96,$EC,$2A,$29,$8E,$09,$C1,$BD .l*)..A=
1690 B758B609C5484848 (           fs.asm):00724         L1690               fcb       $B7,$58,$B6,$09,$C5,$48,$48,$48 7X6.EHHH
1698 48979AB609C6840F (           fs.asm):00725         L1698               fcb       $48,$97,$9A,$B6,$09,$C6,$84,$0F H..6.F..
16A0 9A9AB709A6B609C4 (           fs.asm):00726         L16A0               fcb       $9A,$9A,$B7,$09,$A6,$B6,$09,$C4 ..7.&6.D
16A8 840FB709A57F09A4 (           fs.asm):00727         L16A8               fcb       $84,$0F,$B7,$09,$A5,$7F,$09,$A4 ..7.%.$
16B0 86FFB7020E3996EB (           fs.asm):00728         L16B0               fcb       $86,$FF,$B7,$02,$0E,$39,$96,$EB ..7..9.k
16B8 844027F996EC2AF5 (           fs.asm):00729         L16B8               fcb       $84,$40,$27,$F9,$96,$EC,$2A,$F5 .@'y.l*u
16C0 F6072CF109AC27ED (           fs.asm):00730         L16C0               fcb       $F6,$07,$2C,$F1,$09,$AC,$27,$ED v.,q.,'m
16C8 F709AC8630542402 (           fs.asm):00731         L16C8               fcb       $F7,$09,$AC,$86,$30,$54,$24,$02 w.,.0T$.
16D0 8635B70A03862F4C (           fs.asm):00732         L16D0               fcb       $86,$35,$B7,$0A,$03,$86,$2F,$4C .57.../L
16D8 C00A24FBCB3AFD0A (           fs.asm):00733         L16D8               fcb       $C0,$0A,$24,$FB,$CB,$3A,$FD,$0A @.$.K:..
16E0 018E09FF7EB7588E (           fs.asm):00734         L16E0               fcb       $01,$8E,$09,$FF,$7E,$B7,$58,$8E ....~7X.
16E8 09FA17FDF1FD01F8 (           fs.asm):00735         L16E8               fcb       $09,$FA,$17,$FD,$F1,$FD,$01,$F8 .z..q..x
16F0 96EC2AC18E09F87E (           fs.asm):00736         L16F0               fcb       $96,$EC,$2A,$C1,$8E,$09,$F8,$7E .l*A..x~
16F8 B7580A6B0A6F0A73 (           fs.asm):00737         L16F8               fcb       $B7,$58,$0A,$6B,$0A,$6F,$0A,$73 7X.k.o.s
1700 0A770A7BB6030427 (           fs.asm):00738         L1700               fcb       $0A,$77,$0A,$7B,$B6,$03,$04,$27 .w.{6..'
1708 448600BDAED7C606 (           fs.asm):00739         L1708               fcb       $44,$86,$00,$BD,$AE,$D7,$C6,$06 D..=.WF.
1710 BE0CD93414CC7C19 (           fs.asm):00740         L1710               fcb       $BE,$0C,$D9,$34,$14,$CC,$7C,$19 >.Y4.L|.
1718 BDB0D43514308850 (           fs.asm):00741         L1718               fcb       $BD,$B0,$D4,$35,$14,$30,$88,$50 =0T5.0.P
1720 5A26F0CCFFFFFD02 (           fs.asm):00742         L1720               fcb       $5A,$26,$F0,$CC,$FF,$FF,$FD,$02 Z&pL....
1728 01FC03098E0DD0BD (           fs.asm):00743         L1728               fcb       $01,$FC,$03,$09,$8E,$0D,$D0,$BD ......P=
1730 B4B78E0DCEFE0CD9 (           fs.asm):00744         L1730               fcb       $B4,$B7,$8E,$0D,$CE,$FE,$0C,$D9 47..N..Y
1738 BDB3D1FC030B8E0D (           fs.asm):00745         L1738               fcb       $BD,$B3,$D1,$FC,$03,$0B,$8E,$0D =3Q.....
1740 DEBDB4B78E0DDCFE (           fs.asm):00746         L1740               fcb       $DE,$BD,$B4,$B7,$8E,$0D,$DC,$FE ^=47..\.
1748 0CD9BDB3D139CC55 (           fs.asm):00747         L1748               fcb       $0C,$D9,$BD,$B3,$D1,$39,$CC,$55 .Y=3Q9LU
1750 552017CC00002012 (           fs.asm):00748         L1750               fcb       $55,$20,$17,$CC,$00,$00,$20,$12 U .L.. .
1758 CC4444200DCCFFFF (           fs.asm):00749         L1758               fcb       $CC,$44,$44,$20,$0D,$CC,$FF,$FF LDD .L..
1760 2008CC66662003CC (           fs.asm):00750         L1760               fcb       $20,$08,$CC,$66,$66,$20,$03,$CC .Lff .L
1768 BBBBFD02013440FE (           fs.asm):00751         L1768               fcb       $BB,$BB,$FD,$02,$01,$34,$40,$FE ;;...4@.
1770 0CD3BDB3D1354039 (           fs.asm):00752         L1770               fcb       $0C,$D3,$BD,$B3,$D1,$35,$40,$39 .S=3Q5@9
1778 B788B78BB78EB791 (           fs.asm):00753         L1778               fcb       $B7,$88,$B7,$8B,$B7,$8E,$B7,$91 7.7.7.7.
1780 B794B797B79AB79D (           fs.asm):00754         L1780               fcb       $B7,$94,$B7,$97,$B7,$9A,$B7,$9D 7.7.7.7.
1788 66320D66330D6634 (           fs.asm):00755         L1788               fcb       $66,$32,$0D,$66,$33,$0D,$66,$34 f2.f3.f4
1790 0D66350D66360D66 (           fs.asm):00756         L1790               fcb       $0D,$66,$35,$0D,$66,$36,$0D,$66 .f5.f6.f
1798 370D66380D66390D (           fs.asm):00757         L1798               fcb       $37,$0D,$66,$38,$0D,$66,$39,$0D 7.f8.f9.
17A0 6673640D1B310C3F (           fs.asm):00758         L17A0               fcb       $66,$73,$64,$0D,$1B,$31,$0C,$3F fsd..1.?
17A8 1B310D240C022727 (           fs.asm):00759         L17A8               fcb       $1B,$31,$0D,$24,$0C,$02,$27,$27 .1.$..''
17B0 466174616C205379 (           fs.asm):00760         L17B0               fcb       $46,$61,$74,$61,$6C,$20,$53,$79 Fatal Sy
17B8 7374656D20457272 (           fs.asm):00761         L17B8               fcb       $73,$74,$65,$6D,$20,$45,$72,$72 stem Err
17C0 6F72202102262941 (           fs.asm):00762         L17C0               fcb       $6F,$72,$20,$21,$02,$26,$29,$41 or !.&)A
17C8 6464726573733D20 (           fs.asm):00763         L17C8               fcb       $64,$64,$72,$65,$73,$73,$3D,$20 ddress=
17D0 20436F64653D20B6 (           fs.asm):00764         L17D0               fcb       $20,$43,$6F,$64,$65,$3D,$20,$B6 Code= 6
17D8 0221B1022226084D (           fs.asm):00765         L17D8               fcb       $02,$21,$B1,$02,$22,$26,$08,$4D .!1."&.M
17E0 2601396E9F021D7D (           fs.asm):00766         L17E0               fcb       $26,$01,$39,$6E,$9F,$02,$1D,$7D &.9n...}
17E8 02222610CC4000FD (           fs.asm):00767         L17E8               fcb       $02,$22,$26,$10,$CC,$40,$00,$FD ."&.L@..
17F0 0244103F07102500 (           fs.asm):00768         L17F0               fcb       $02,$44,$10,$3F,$07,$10,$25,$00 .D.?..%.
17F8 B416003BFE021F10 (           fs.asm):00769         L17F8               fcb       $B4,$16,$00,$3B,$FE,$02,$1F,$10 4..;....
1800 3F02102500A77D02 (           fs.asm):00770         L1800               fcb       $3F,$02,$10,$25,$00,$A7,$7D,$02 ?..%.'}.
1808 42270DFE0242103F (           fs.asm):00771         L1808               fcb       $42,$27,$0D,$FE,$02,$42,$10,$3F B'...B.?
1810 02102500987F0242 (           fs.asm):00772         L1810               fcb       $02,$10,$25,$00,$98,$7F,$02,$42 ..%...B
1818 B60221261AB70222 (           fs.asm):00773         L1818               fcb       $B6,$02,$21,$26,$1A,$B7,$02,$22 6.!&.7."
1820 CC4000FD0240CC60 (           fs.asm):00774         L1820               fcb       $CC,$40,$00,$FD,$02,$40,$CC,$60 L@...@L`
1828 00FD0244103F0710 (           fs.asm):00775         L1828               fcb       $00,$FD,$02,$44,$10,$3F,$07,$10 ...D.?..
1830 25007ABDB8B039B6 (           fs.asm):00776         L1830               fcb       $25,$00,$7A,$BD,$B8,$B0,$39,$B6 %.z=8096
1838 0221B702224A488E (           fs.asm):00777         L1838               fcb       $02,$21,$B7,$02,$22,$4A,$48,$8E .!7."JH.
1840 B778AE86BF00A586 (           fs.asm):00778         L1840               fcb       $B7,$78,$AE,$86,$BF,$00,$A5,$86 7x..?.%.
1848 21BE00A5103F0024 (           fs.asm):00779         L1848               fcb       $21,$BE,$00,$A5,$10,$3F,$00,$24 !>.%.?.$
1850 278621BE00A5103F (           fs.asm):00780         L1850               fcb       $27,$86,$21,$BE,$00,$A5,$10,$3F '.!>.%.?
1858 01241DC1D8270EC1 (           fs.asm):00781         L1858               fcb       $01,$24,$1D,$C1,$D8,$27,$0E,$C1 .$.AX'.A
1860 D6270AC1F12706C1 (           fs.asm):00782         L1860               fcb       $D6,$27,$0A,$C1,$F1,$27,$06,$C1 V'.Aq'.A
1868 F9270220404FBDB9 (           fs.asm):00783         L1868               fcb       $F9,$27,$02,$20,$40,$4F,$BD,$B9 y'. @O=9
1870 A526DE7F022120A5 (           fs.asm):00784         L1870               fcb       $A5,$26,$DE,$7F,$02,$21,$20,$A5 %&^.! %
1878 10BF021DFF021FCC (           fs.asm):00785         L1878               fcb       $10,$BF,$02,$1D,$FF,$02,$1F,$CC .?.....L
1880 4000FD0240FD0244 (           fs.asm):00786         L1880               fcb       $40,$00,$FD,$02,$40,$FD,$02,$44 @...@..D
1888 7F024286408EB7A0 (           fs.asm):00787         L1888               fcb       $7F,$02,$42,$86,$40,$8E,$B7,$A0 .B.@.7
1890 103F00251410BF02 (           fs.asm):00788         L1890               fcb       $10,$3F,$00,$25,$14,$10,$BF,$02 .?.%..?.
1898 40FF02421F30E342 (           fs.asm):00789         L1898               fcb       $40,$FF,$02,$42,$1F,$30,$E3,$42 @..B.0cB
18A0 830003FD0244BDB8 (           fs.asm):00790         L18A0               fcb       $83,$00,$03,$FD,$02,$44,$BD,$B8 .....D=8
18A8 B06E9F021DBDB9ED (           fs.asm):00791         L18A8               fcb       $B0,$6E,$9F,$02,$1D,$BD,$B9,$ED 0n...=9m
18B0 86FFB7024BB7024A (           fs.asm):00792         L18B0               fcb       $86,$FF,$B7,$02,$4B,$B7,$02,$4A ..7.K7.J
18B8 4CB70249FC0240FD (           fs.asm):00793         L18B8               fcb       $4C,$B7,$02,$49,$FC,$02,$40,$FD L7.I..@.
18C0 02478E024CF6024A (           fs.asm):00794         L18C0               fcb       $02,$47,$8E,$02,$4C,$F6,$02,$4A .G..Lv.J
18C8 B60249A185260139 (           fs.asm):00795         L18C8               fcb       $B6,$02,$49,$A1,$85,$26,$01,$39 6.I!.&.9
18D0 A78586FFC1032705 (           fs.asm):00796         L18D0               fcb       $A7,$85,$86,$FF,$C1,$03,$27,$05 '...A.'.
18D8 5CA78520F786018E (           fs.asm):00797         L18D8               fcb       $5C,$A7,$85,$20,$F7,$86,$01,$8E \'. w...
18E0 0250103F842410C1 (           fs.asm):00798         L18E0               fcb       $02,$50,$10,$3F,$84,$24,$10,$C1 .P.?.$.A
18E8 D81026009C4FBDB9 (           fs.asm):00799         L18E8               fcb       $D8,$10,$26,$00,$9C,$4F,$BD,$B9 X.&..O=9
18F0 AE1027009420E6B7 (           fs.asm):00800         L18F0               fcb       $AE,$10,$27,$00,$94,$20,$E6,$B7 ..'.. f7
18F8 0CD7B60CD78E0000 (           fs.asm):00801         L18F8               fcb       $0C,$D7,$B6,$0C,$D7,$8E,$00,$00 .W6.W...
1900 1F13103F88102500 (           fs.asm):00802         L1900               fcb       $1F,$13,$10,$3F,$88,$10,$25,$00 ...?..%.
1908 80B60CD78E023610 (           fs.asm):00803         L1908               fcb       $80,$B6,$0C,$D7,$8E,$02,$36,$10 .6.W..6.
1910 8E000A103F891025 (           fs.asm):00804         L1910               fcb       $8E,$00,$0A,$10,$3F,$89,$10,$25 ....?..%
1918 006FFC02361083DD (           fs.asm):00805         L1918               fcb       $00,$6F,$FC,$02,$36,$10,$83,$DD .o..6..]
1920 0110260064B60249 (           fs.asm):00806         L1920               fcb       $01,$10,$26,$00,$64,$B6,$02,$49 ..&.d6.I
1928 4CB1023F10220059 (           fs.asm):00807         L1928               fcb       $4C,$B1,$02,$3F,$10,$22,$00,$59 L1.?.".Y
1930 4AC6063DC3000A1F (           fs.asm):00808         L1930               fcb       $4A,$C6,$06,$3D,$C3,$00,$0A,$1F JF.=C...
1938 038E0000B60CD710 (           fs.asm):00809         L1938               fcb       $03,$8E,$00,$00,$B6,$0C,$D7,$10 ....6.W.
1940 3F88B60CD78E0236 (           fs.asm):00810         L1940               fcb       $3F,$88,$B6,$0C,$D7,$8E,$02,$36 ?.6.W..6
1948 108E0006103F8910 (           fs.asm):00811         L1948               fcb       $10,$8E,$00,$06,$10,$3F,$89,$10 .....?..
1950 250036B60CD7BE02 (           fs.asm):00812         L1950               fcb       $25,$00,$36,$B6,$0C,$D7,$BE,$02 %.66.W>.
1958 36FE0238103F8810 (           fs.asm):00813         L1958               fcb       $36,$FE,$02,$38,$10,$3F,$88,$10 6..8.?..
1960 250026FC0247F302 (           fs.asm):00814         L1960               fcb       $25,$00,$26,$FC,$02,$47,$F3,$02 %.&..Gs.
1968 3A10B302442418BE (           fs.asm):00815         L1968               fcb       $3A,$10,$B3,$02,$44,$24,$18,$BE :.3.D$.>
1970 024710BE023AB60C (           fs.asm):00816         L1970               fcb       $02,$47,$10,$BE,$02,$3A,$B6,$0C .G.>.:6.
1978 D7103F89250BB60C (           fs.asm):00817         L1978               fcb       $D7,$10,$3F,$89,$25,$0B,$B6,$0C W.?.%.6.
1980 D7103F8F250339C6 (           fs.asm):00818         L1980               fcb       $D7,$10,$3F,$8F,$25,$03,$39,$C6 W.?.%.9F
1988 0B34048E024CF602 (           fs.asm):00819         L1988               fcb       $0B,$34,$04,$8E,$02,$4C,$F6,$02 .4...Lv.
1990 4A86FFA785BE0247 (           fs.asm):00820         L1990               fcb       $4A,$86,$FF,$A7,$85,$BE,$02,$47 J..'.>.G
1998 B60079A780BC0244 (           fs.asm):00821         L1998               fcb       $B6,$00,$79,$A7,$80,$BC,$02,$44 6.y'.<.D
19A0 25F93504398E115C (           fs.asm):00822         L19A0               fcb       $25,$F9,$35,$04,$39,$8E,$11,$5C %y5.9..\
19A8 108E006220078E11 (           fs.asm):00823         L19A8               fcb       $10,$8E,$00,$62,$20,$07,$8E,$11 ...b ...
19B0 BE108E0069340234 (           fs.asm):00824         L19B0               fcb       $BE,$10,$8E,$00,$69,$34,$02,$34 >...i4.4
19B8 30B60CD6108E0000 (           fs.asm):00825         L19B8               fcb       $30,$B6,$0C,$D6,$10,$8E,$00,$00 06.V....
19C0 C68C103F8EB60CD6 (           fs.asm):00826         L19C0               fcb       $C6,$8C,$10,$3F,$8E,$B6,$0C,$D6 F..?.6.V
19C8 3530103F8ABDA6D2 (           fs.asm):00827         L19C8               fcb       $35,$30,$10,$3F,$8A,$BD,$A6,$D2 50.?.=&R
19D0 27FB350234044D26 (           fs.asm):00828         L19D0               fcb       $27,$FB,$35,$02,$34,$04,$4D,$26 '.5.4.M&
19D8 0FBDA05FB60CD610 (           fs.asm):00829         L19D8               fcb       $0F,$BD,$A0,$5F,$B6,$0C,$D6,$10 .= _6.V.
19E0 BE0CCDC68C103F8E (           fs.asm):00830         L19E0               fcb       $BE,$0C,$CD,$C6,$8C,$10,$3F,$8E >.MF..?.
19E8 3504C19039BDBA4F (           fs.asm):00831         L19E8               fcb       $35,$04,$C1,$90,$39,$BD,$BA,$4F 5.A.9=:O
19F0 FD02363504BDBA4F (           fs.asm):00832         L19F0               fcb       $FD,$02,$36,$35,$04,$BD,$BA,$4F ..65.=:O
19F8 FD02383504BDBA4F (           fs.asm):00833         L19F8               fcb       $FD,$02,$38,$35,$04,$BD,$BA,$4F ..85.=:O
1A00 FD023AB60CD68EB7 (           fs.asm):00834         L1A00               fcb       $FD,$02,$3A,$B6,$0C,$D6,$8E,$B7 ..:6.V.7
1A08 A4108E002C103F8A (           fs.asm):00835         L1A08               fcb       $A4,$10,$8E,$00,$2C,$10,$3F,$8A $...,.?.
1A10 B60CD68E0238108E (           fs.asm):00836         L1A10               fcb       $B6,$0C,$D6,$8E,$02,$38,$10,$8E 6.V..8..
1A18 0004103F8AB60CD6 (           fs.asm):00837         L1A18               fcb       $00,$04,$10,$3F,$8A,$B6,$0C,$D6 ...?.6.V
1A20 8EB7D0108E000710 (           fs.asm):00838         L1A20               fcb       $8E,$B7,$D0,$10,$8E,$00,$07,$10 .7P.....
1A28 3F8AB60CD68E0236 (           fs.asm):00839         L1A28               fcb       $3F,$8A,$B6,$0C,$D6,$8E,$02,$36 ?.6.V..6
1A30 108E0002103F8AB6 (           fs.asm):00840         L1A30               fcb       $10,$8E,$00,$02,$10,$3F,$8A,$B6 .....?.6
1A38 0CD6108E0000C68C (           fs.asm):00841         L1A38               fcb       $0C,$D6,$10,$8E,$00,$00,$C6,$8C .V....F.
1A40 103F8EBDA6D227FB (           fs.asm):00842         L1A40               fcb       $10,$3F,$8E,$BD,$A6,$D2,$27,$FB .?.=&R'.
1A48 C19026F77EA1991F (           fs.asm):00843         L1A48               fcb       $C1,$90,$26,$F7,$7E,$A1,$99,$1F A.&w~!..
1A50 9844444444C40FC3 (           fs.asm):00844         L1A50               fcb       $98,$44,$44,$44,$44,$C4,$0F,$C3 .DDDDD.C
1A58 3030813923028B07 (           fs.asm):00845         L1A58               fcb       $30,$30,$81,$39,$23,$02,$8B,$07 00.9#...
1A60 C1392302CB0739F6 (           fs.asm):00846         L1A60               fcb       $C1,$39,$23,$02,$CB,$07,$39,$F6 A9#.K.9v
1A68 0806B70806FD0205 (           fs.asm):00847         L1A68               fcb       $08,$06,$B7,$08,$06,$FD,$02,$05 ..7.....
1A70 CC3651DD2086037E (           fs.asm):00848         L1A70               fcb       $CC,$36,$51,$DD,$20,$86,$03,$7E L6Q] ..~
1A78 C0B38600B70205B7 (           fs.asm):00849         L1A78               fcb       $C0,$B3,$86,$00,$B7,$02,$05,$B7 @3..7..7
1A80 0806CC3651DD2086 (           fs.asm):00850         L1A80               fcb       $08,$06,$CC,$36,$51,$DD,$20,$86 ..L6Q] .
1A88 037EC0C5800A40F6 (           fs.asm):00851         L1A88               fcb       $03,$7E,$C0,$C5,$80,$0A,$40,$F6 .~@E..@v
1A90 0808B70808FD0205 (           fs.asm):00852         L1A90               fcb       $08,$08,$B7,$08,$08,$FD,$02,$05 ..7.....
1A98 CC3624DD2086027E (           fs.asm):00853         L1A98               fcb       $CC,$36,$24,$DD,$20,$86,$02,$7E L6$] ..~
1AA0 C0B38605B70205B7 (           fs.asm):00854         L1AA0               fcb       $C0,$B3,$86,$05,$B7,$02,$05,$B7 @3..7..7
1AA8 0808CC3624DD2086 (           fs.asm):00855         L1AA8               fcb       $08,$08,$CC,$36,$24,$DD,$20,$86 ..L6$] .
1AB0 027EC0C5800640F6 (           fs.asm):00856         L1AB0               fcb       $02,$7E,$C0,$C5,$80,$06,$40,$F6 .~@E..@v
1AB8 0807B70807FD0205 (           fs.asm):00857         L1AB8               fcb       $08,$07,$B7,$08,$07,$FD,$02,$05 ..7.....
1AC0 CC3610DD2086017E (           fs.asm):00858         L1AC0               fcb       $CC,$36,$10,$DD,$20,$86,$01,$7E L6.] ..~
1AC8 C0B38606B70205B7 (           fs.asm):00859         L1AC8               fcb       $C0,$B3,$86,$06,$B7,$02,$05,$B7 @3..7..7
1AD0 0807CC3610DD2086 (           fs.asm):00860         L1AD0               fcb       $08,$07,$CC,$36,$10,$DD,$20,$86 ..L6.] .
1AD8 017EC0C596EC8440 (           fs.asm):00861         L1AD8               fcb       $01,$7E,$C0,$C5,$96,$EC,$84,$40 .~@E.l.@
1AE0 2730B60739B1080C (           fs.asm):00862         L1AE0               fcb       $27,$30,$B6,$07,$39,$B1,$08,$0C '06.91..
1AE8 2728F6080CB7080C (           fs.asm):00863         L1AE8               fcb       $27,$28,$F6,$08,$0C,$B7,$08,$0C '(v..7..
1AF0 FD0205CC4115DD20 (           fs.asm):00864         L1AF0               fcb       $FD,$02,$05,$CC,$41,$15,$DD,$20 ...LA.]
1AF8 86065F7EC03C8600 (           fs.asm):00865         L1AF8               fcb       $86,$06,$5F,$7E,$C0,$3C,$86,$00 .._~@<..
1B00 B70205B7080CCC41 (           fs.asm):00866         L1B00               fcb       $B7,$02,$05,$B7,$08,$0C,$CC,$41 7..7..LA
1B08 15DD2086060FAF16 (           fs.asm):00867         L1B08               fcb       $15,$DD,$20,$86,$06,$0F,$AF,$16 .] .../.
1B10 053F3996EC844027 (           fs.asm):00868         L1B10               fcb       $05,$3F,$39,$96,$EC,$84,$40,$27 .?9.l.@'
1B18 F9B6073BB1080D27 (           fs.asm):00869         L1B18               fcb       $F9,$B6,$07,$3B,$B1,$08,$0D,$27 y6.;1..'
1B20 F1F6080DB7080DFD (           fs.asm):00870         L1B20               fcb       $F1,$F6,$08,$0D,$B7,$08,$0D,$FD qv..7...
1B28 0205CC4915DD2086 (           fs.asm):00871         L1B28               fcb       $02,$05,$CC,$49,$15,$DD,$20,$86 ..LI.] .
1B30 065F7EC03C8600B7 (           fs.asm):00872         L1B30               fcb       $06,$5F,$7E,$C0,$3C,$86,$00,$B7 ._~@<..7
1B38 0205B7080DCC4915 (           fs.asm):00873         L1B38               fcb       $02,$05,$B7,$08,$0D,$CC,$49,$15 ..7..LI.
1B40 DD2086060FAF1605 (           fs.asm):00874         L1B40               fcb       $DD,$20,$86,$06,$0F,$AF,$16,$05 ] .../..
1B48 0896EC842027C3CC (           fs.asm):00875         L1B48               fcb       $08,$96,$EC,$84,$20,$27,$C3,$CC ..l. 'CL
1B50 0000FD0201FE0CD3 (           fs.asm):00876         L1B50               fcb       $00,$00,$FD,$02,$01,$FE,$0C,$D3 .......S
1B58 108E84037D073526 (           fs.asm):00877         L1B58               fcb       $10,$8E,$84,$03,$7D,$07,$35,$26 ....}.5&
1B60 04108E9903C63BBD (           fs.asm):00878         L1B60               fcb       $04,$10,$8E,$99,$03,$C6,$3B,$BD .....F;=
1B68 B34DCC9999FD0201 (           fs.asm):00879         L1B68               fcb       $B3,$4D,$CC,$99,$99,$FD,$02,$01 3ML.....
1B70 FE0CD3108E99037D (           fs.asm):00880         L1B70               fcb       $FE,$0C,$D3,$10,$8E,$99,$03,$7D ..S....}
1B78 07352604108E8403 (           fs.asm):00881         L1B78               fcb       $07,$35,$26,$04,$10,$8E,$84,$03 .5&.....
1B80 C63B7EB34D96EC84 (           fs.asm):00882         L1B80               fcb       $C6,$3B,$7E,$B3,$4D,$96,$EC,$84 F;~3M.l.
1B88 202770B607314747 (           fs.asm):00883         L1B88               fcb       $20,$27,$70,$B6,$07,$31,$47,$47 'p6.1GG
1B90 B1080A2766F6080A (           fs.asm):00884         L1B90               fcb       $B1,$08,$0A,$27,$66,$F6,$08,$0A 1..'fv..
1B98 B7080AFD0205CC42 (           fs.asm):00885         L1B98               fcb       $B7,$08,$0A,$FD,$02,$05,$CC,$42 7.....LB
1BA0 0BDD2086065F7EC0 (           fs.asm):00886         L1BA0               fcb       $0B,$DD,$20,$86,$06,$5F,$7E,$C0 .] .._~@
1BA8 3CB607314444B702 (           fs.asm):00887         L1BA8               fcb       $3C,$B6,$07,$31,$44,$44,$B7,$02 <6.1DD7.
1BB0 05B7080ACC420BDD (           fs.asm):00888         L1BB0               fcb       $05,$B7,$08,$0A,$CC,$42,$0B,$DD .7..LB.]
1BB8 2086060FAF7EC051 (           fs.asm):00889         L1BB8               fcb       $20,$86,$06,$0F,$AF,$7E,$C0,$51 .../~@Q
1BC0 96EC84202735B607 (           fs.asm):00890         L1BC0               fcb       $96,$EC,$84,$20,$27,$35,$B6,$07 .l. '56.
1BC8 344747B1080B272B (           fs.asm):00891         L1BC8               fcb       $34,$47,$47,$B1,$08,$0B,$27,$2B 4GG1..'+
1BD0 F6080BB7080BFD02 (           fs.asm):00892         L1BD0               fcb       $F6,$08,$0B,$B7,$08,$0B,$FD,$02 v..7....
1BD8 05CC4A0BDD208606 (           fs.asm):00893         L1BD8               fcb       $05,$CC,$4A,$0B,$DD,$20,$86,$06 .LJ.] ..
1BE0 5F7EC03CB6073444 (           fs.asm):00894         L1BE0               fcb       $5F,$7E,$C0,$3C,$B6,$07,$34,$44 _~@<6.4D
1BE8 44B70205B7080BCC (           fs.asm):00895         L1BE8               fcb       $44,$B7,$02,$05,$B7,$08,$0B,$CC D7..7..L
1BF0 4A0BDD2086060FAF (           fs.asm):00896         L1BF0               fcb       $4A,$0B,$DD,$20,$86,$06,$0F,$AF J.] .../
1BF8 7EC0513996EB8408 (           fs.asm):00897         L1BF8               fcb       $7E,$C0,$51,$39,$96,$EB,$84,$08 ~@Q9.k..
1C00 27F9DC05FD07F9F3 (           fs.asm):00898         L1C00               fcb       $27,$F9,$DC,$05,$FD,$07,$F9,$F3 'y\...ys
1C08 07F6FD0132F3073D (           fs.asm):00899         L1C08               fcb       $07,$F6,$FD,$01,$32,$F3,$07,$3D .v..2s.=
1C10 DDAFCC24F4DDB1BD (           fs.asm):00900         L1C10               fcb       $DD,$AF,$CC,$24,$F4,$DD,$B1,$BD ]/L$t]1=
1C18 D2830FDD0CDD8303 (           fs.asm):00901         L1C18               fcb       $D2,$83,$0F,$DD,$0C,$DD,$83,$03 R..].]..
1C20 702AF9C30370DD90 (           fs.asm):00902         L1C20               fcb       $70,$2A,$F9,$C3,$03,$70,$DD,$90 p*yC.p].
1C28 DDAF108301B83401 (           fs.asm):00903         L1C28               fcb       $DD,$AF,$10,$83,$01,$B8,$34,$01 ]/...84.
1C30 96DD4A8109230635 (           fs.asm):00904         L1C30               fcb       $96,$DD,$4A,$81,$09,$23,$06,$35 .]J..#.5
1C38 0186132006483501 (           fs.asm):00905         L1C38               fcb       $01,$86,$13,$20,$06,$48,$35,$01 ... .H5.
1C40 2D014CB10D1F270F (           fs.asm):00906         L1C40               fcb       $2D,$01,$4C,$B1,$0D,$1F,$27,$0F -.L1..'.
1C48 F60D1FB70D1FBDBC (           fs.asm):00907         L1C48               fcb       $F6,$0D,$1F,$B7,$0D,$1F,$BD,$BC v..7..=<
1C50 F7F60D1FBDBCF7CC (           fs.asm):00908         L1C50               fcb       $F7,$F6,$0D,$1F,$BD,$BC,$F7,$CC wv..=<wL
1C58 0CCCDDB1BDD28353 (           fs.asm):00909         L1C58               fcb       $0C,$CC,$DD,$B1,$BD,$D2,$83,$53 .L]1=R.S
1C60 CB162A02CB58C158 (           fs.asm):00910         L1C60               fcb       $CB,$16,$2A,$02,$CB,$58,$C1,$58 K.*.KXAX
1C68 25028657D73DDC90 (           fs.asm):00911         L1C68               fcb       $25,$02,$86,$57,$D7,$3D,$DC,$90 %..WW=\.
1C70 8300582AFB53CBBE (           fs.asm):00912         L1C70               fcb       $83,$00,$58,$2A,$FB,$53,$CB,$BE ..X*.SK>
1C78 2A02CB58C1582502 (           fs.asm):00913         L1C78               fcb       $2A,$02,$CB,$58,$C1,$58,$25,$02 *.KXAX%.
1C80 8657D73ECC1E41DD (           fs.asm):00914         L1C80               fcb       $86,$57,$D7,$3E,$CC,$1E,$41,$DD .WW>L.A]
1C88 20B60D1E913E1027 (           fs.asm):00915         L1C88               fcb       $20,$B6,$0D,$1E,$91,$3E,$10,$27 6...>.'
1C90 00648E16B8CEBF26 (           fs.asm):00916         L1C90               fcb       $00,$64,$8E,$16,$B8,$CE,$BF,$26 .d..8N?&
1C98 DF39CE0D3BBDBE5C (           fs.asm):00917         L1C98               fcb       $DF,$39,$CE,$0D,$3B,$BD,$BE,$5C _9N.;=>\
1CA0 CC1E41DD208E16E8 (           fs.asm):00918         L1CA0               fcb       $CC,$1E,$41,$DD,$20,$8E,$16,$E8 L.A] ..h
1CA8 B60D1D913D2723CE (           fs.asm):00919         L1CA8               fcb       $B6,$0D,$1D,$91,$3D,$27,$23,$CE 6...='#N
1CB0 BF26DF39CE0D23BD (           fs.asm):00920         L1CB0               fcb       $BF,$26,$DF,$39,$CE,$0D,$23,$BD ?&_9N.#=
1CB8 BE5CCC1E41DD208E (           fs.asm):00921         L1CB8               fcb       $BE,$5C,$CC,$1E,$41,$DD,$20,$8E >\L.A] .
1CC0 16E8963DB70D1DCE (           fs.asm):00922         L1CC0               fcb       $16,$E8,$96,$3D,$B7,$0D,$1D,$CE .h.=7..N
1CC8 BEDBDF39CE0D23BD (           fs.asm):00923         L1CC8               fcb       $BE,$DB,$DF,$39,$CE,$0D,$23,$BD >[_9N.#=
1CD0 BE5CCC1E41DD208E (           fs.asm):00924         L1CD0               fcb       $BE,$5C,$CC,$1E,$41,$DD,$20,$8E >\L.A] .
1CD8 16B8963EB70D1ECE (           fs.asm):00925         L1CD8               fcb       $16,$B8,$96,$3E,$B7,$0D,$1E,$CE .8.>7..N
1CE0 BEDBDF39CE0D3B7E (           fs.asm):00926         L1CE0               fcb       $BE,$DB,$DF,$39,$CE,$0D,$3B,$7E >[_9N.;~
1CE8 BE5C96EB84082706 (           fs.asm):00927         L1CE8               fcb       $BE,$5C,$96,$EB,$84,$08,$27,$06 >\.k..'.
1CF0 5FBDBCF720C4398E (           fs.asm):00928         L1CF0               fcb       $5F,$BD,$BC,$F7,$20,$C4,$39,$8E _=<w D9.
1CF8 BD24583AA601C650 (           fs.asm):00929         L1CF8               fcb       $BD,$24,$58,$3A,$A6,$01,$C6,$50 =$X:&.FP
1D00 3D10BE0CD331ABA6 (           fs.asm):00930         L1D00               fcb       $3D,$10,$BE,$0C,$D3,$31,$AB,$A6 =.>.S1+&
1D08 8431A6A6A488BBA7 (           fs.asm):00931         L1D08               fcb       $84,$31,$A6,$A6,$A4,$88,$BB,$A7 .1&&$.;'
1D10 A431A850A6A488BB (           fs.asm):00932         L1D10               fcb       $A4,$31,$A8,$50,$A6,$A4,$88,$BB $1(P&$.;
1D18 A7A431A850A6A488 (           fs.asm):00933         L1D18               fcb       $A7,$A4,$31,$A8,$50,$A6,$A4,$88 '$1(P&$.
1D20 BBA7A43921052307 (           fs.asm):00934         L1D20               fcb       $BB,$A7,$A4,$39,$21,$05,$23,$07 ;'$9!.#.
1D28 250B250F2615261C (           fs.asm):00935         L1D28               fcb       $25,$0B,$25,$0F,$26,$15,$26,$1C %.%.&.&.
1D30 26202528242B232F (           fs.asm):00936         L1D30               fcb       $26,$20,$25,$28,$24,$2B,$23,$2F & %($+#/
1D38 212F1E2E1D2B1C26 (           fs.asm):00937         L1D38               fcb       $21,$2F,$1E,$2E,$1D,$2B,$1C,$26 !/...+.&
1D40 1B201B1B1B171C11 (           fs.asm):00938         L1D40               fcb       $1B,$20,$1B,$1B,$1B,$17,$1C,$11 . ......
1D48 1D0C1E0896EB8401 (           fs.asm):00939         L1D48               fcb       $1D,$0C,$1E,$08,$96,$EB,$84,$01 .....k..
1D50 272CF607BBC15A25 (           fs.asm):00940         L1D50               fcb       $27,$2C,$F6,$07,$BB,$C1,$5A,$25 ',v.;AZ%
1D58 02C65AF7009A5454 (           fs.asm):00941         L1D58               fcb       $02,$C6,$5A,$F7,$00,$9A,$54,$54 .FZw..TT
1D60 8EBDD23AE601E084 (           fs.asm):00942         L1D60               fcb       $8E,$BD,$D2,$3A,$E6,$01,$E0,$84 .=R:f.`.
1D68 B607BC49B6009A49 (           fs.asm):00943         L1D68               fcb       $B6,$07,$BC,$49,$B6,$00,$9A,$49 6.<I6..I
1D70 840748484848BDD2 (           fs.asm):00944         L1D70               fcb       $84,$07,$48,$48,$48,$48,$BD,$D2 ..HHHH=R
1D78 63AB84B707F33996 (           fs.asm):00945         L1D78               fcb       $63,$AB,$84,$B7,$07,$F3,$39,$96 c+.7.s9.
1D80 EB4424FACC270DDD (           fs.asm):00946         L1D80               fcb       $EB,$44,$24,$FA,$CC,$27,$0D,$DD kD$zL'.]
1D88 20B60D20B107F327 (           fs.asm):00947         L1D88               fcb       $20,$B6,$0D,$20,$B1,$07,$F3,$27 6. 1.s'
1D90 EDCEBF26DF39BDBD (           fs.asm):00948         L1D90               fcb       $ED,$CE,$BF,$26,$DF,$39,$BD,$BD mN?&_9==
1D98 B5CC270DDD20B607 (           fs.asm):00949         L1D98               fcb       $B5,$CC,$27,$0D,$DD,$20,$B6,$07 5L'.] 6.
1DA0 F3B00D2047472A01 (           fs.asm):00950         L1DA0               fcb       $F3,$B0,$0D,$20,$47,$47,$2A,$01 s0. GG*.
1DA8 4A4CBB0D20B70D20 (           fs.asm):00951         L1DA8               fcb       $4A,$4C,$BB,$0D,$20,$B7,$0D,$20 JL;. 7.
1DB0 CEBEDBDF39815825 (           fs.asm):00952         L1DB0               fcb       $CE,$BE,$DB,$DF,$39,$81,$58,$25 N>[_9.X%
1DB8 0280588E16B8CE0D (           fs.asm):00953         L1DB8               fcb       $02,$80,$58,$8E,$16,$B8,$CE,$0D ..X..8N.
1DC0 627EBE5C96EB8401 (           fs.asm):00954         L1DC0               fcb       $62,$7E,$BE,$5C,$96,$EB,$84,$01 b~>\.k..
1DC8 27B4CC270DDD204F (           fs.asm):00955         L1DC8               fcb       $27,$B4,$CC,$27,$0D,$DD,$20,$4F '4L'.] O
1DD0 20DB6E6C6A686664 (           fs.asm):00956         L1DD0               fcb       $20,$DB,$6E,$6C,$6A,$68,$66,$64 [nljhfd
1DD8 615E5A55504B4743 (           fs.asm):00957         L1DD8               fcb       $61,$5E,$5A,$55,$50,$4B,$47,$43 a^ZUPKGC
1DE0 3E3935312C26221F (           fs.asm):00958         L1DE0               fcb       $3E,$39,$35,$31,$2C,$26,$22,$1F >951,&".
1DE8 1C1A96EB2A24FC07 (           fs.asm):00959         L1DE8               fcb       $1C,$1A,$96,$EB,$2A,$24,$FC,$07 ...k*$..
1DF0 BF2B088109230A86 (           fs.asm):00960         L1DF0               fcb       $BF,$2B,$08,$81,$09,$23,$0A,$86 ?+...#..
1DF8 09200681F7240286 (           fs.asm):00961         L1DF8               fcb       $09,$20,$06,$81,$F7,$24,$02,$86 . ..w$..
1E00 F758495849408B83 (           fs.asm):00962         L1E00               fcb       $F7,$58,$49,$58,$49,$40,$8B,$83 wXIXI@..
1E08 81582504805826F8 (           fs.asm):00963         L1E08               fcb       $81,$58,$25,$04,$80,$58,$26,$F8 .X%..X&x
1E10 973F3996EB2AFBCC (           fs.asm):00964         L1E10               fcb       $97,$3F,$39,$96,$EB,$2A,$FB,$CC .?9.k*.L
1E18 4B42DD20B60D2191 (           fs.asm):00965         L1E18               fcb       $4B,$42,$DD,$20,$B6,$0D,$21,$91 KB] 6.!.
1E20 3F27EF3403CEBF26 (           fs.asm):00966         L1E20               fcb       $3F,$27,$EF,$34,$03,$CE,$BF,$26 ?'o4.N?&
1E28 DF39CE0D898E16E8 (           fs.asm):00967         L1E28               fcb       $DF,$39,$CE,$0D,$89,$8E,$16,$E8 _9N....h
1E30 BDBE5CCC4B42DD20 (           fs.asm):00968         L1E30               fcb       $BD,$BE,$5C,$CC,$4B,$42,$DD,$20 =>\LKB]
1E38 3503250280024CB7 (           fs.asm):00969         L1E38               fcb       $35,$03,$25,$02,$80,$02,$4C,$B7 5.%...L7
1E40 0D21CEBEDBDF39CE (           fs.asm):00970         L1E40               fcb       $0D,$21,$CE,$BE,$DB,$DF,$39,$CE .!N>[_9N
1E48 0D898E16E87EBE5C (           fs.asm):00971         L1E48               fcb       $0D,$89,$8E,$16,$E8,$7E,$BE,$5C ....h~>\
1E50 96EB2ABECC4B42DD (           fs.asm):00972         L1E50               fcb       $96,$EB,$2A,$BE,$CC,$4B,$42,$DD .k*>LKB]
1E58 204F20E3B7009A81 (           fs.asm):00973         L1E58               fcb       $20,$4F,$20,$E3,$B7,$00,$9A,$81 O c7...
1E60 42242D812C241C81 (           fs.asm):00974         L1E60               fcb       $42,$24,$2D,$81,$2C,$24,$1C,$81 B$-.,$..
1E68 16240B17005A1700 (           fs.asm):00975         L1E68               fcb       $16,$24,$0B,$17,$00,$5A,$17,$00 .$...Z..
1E70 52B6009A20251700 (           fs.asm):00976         L1E70               fcb       $52,$B6,$00,$9A,$20,$25,$17,$00 R6.. %..
1E78 52170047862CB000 (           fs.asm):00977         L1E78               fcb       $52,$17,$00,$47,$86,$2C,$B0,$00 R..G.,0.
1E80 9A20181700451700 (           fs.asm):00978         L1E80               fcb       $9A,$20,$18,$17,$00,$45,$17,$00 . ...E..
1E88 28B6009A802C200B (           fs.asm):00979         L1E88               fcb       $28,$B6,$00,$9A,$80,$2C,$20,$0B (6..., .
1E90 17003517001B8658 (           fs.asm):00980         L1E90               fcb       $17,$00,$35,$17,$00,$1B,$86,$58 ..5....X
1E98 B0009A4810AE868E (           fs.asm):00981         L1E98               fcb       $B0,$00,$9A,$48,$10,$AE,$86,$8E 0..H....
1EA0 153896203086AE86 (           fs.asm):00982         L1EA0               fcb       $15,$38,$96,$20,$30,$86,$AE,$86 .8. 0...
1EA8 FC0CD3308B6E9F00 (           fs.asm):00983         L1EA8               fcb       $FC,$0C,$D3,$30,$8B,$6E,$9F,$00 ..S0.n..
1EB0 398650973C0A208C (           fs.asm):00984         L1EB0               fcb       $39,$86,$50,$97,$3C,$0A,$20,$8C 9.P.<. .
1EB8 16E827060A200A20 (           fs.asm):00985         L1EB8               fcb       $16,$E8,$27,$06,$0A,$20,$0A,$20 .h'.. .
1EC0 0A203986B0973C39 (           fs.asm):00986         L1EC0               fcb       $0A,$20,$39,$86,$B0,$97,$3C,$39 . 9.0.<9
1EC8 0F3B3986FF973B0C (           fs.asm):00987         L1EC8               fcb       $0F,$3B,$39,$86,$FF,$97,$3B,$0C .;9...;.
1ED0 218C16E827040C21 (           fs.asm):00988         L1ED0               fcb       $21,$8C,$16,$E8,$27,$04,$0C,$21 !..h'..!
1ED8 0C2139BF009AECA1 (           fs.asm):00989         L1ED8               fcb       $0C,$21,$39,$BF,$00,$9A,$EC,$A1 .!9?..l!
1EE0 0D3B2703AB3F409B (           fs.asm):00990         L1EE0               fcb       $0D,$3B,$27,$03,$AB,$3F,$40,$9B .;'.+?@.
1EE8 21473086240BA684 (           fs.asm):00991         L1EE8               fcb       $21,$47,$30,$86,$24,$0B,$A6,$84 !G0.$.&.
1EF0 A7C084F08A0FA780 (           fs.asm):00992         L1EF0               fcb       $A7,$C0,$84,$F0,$8A,$0F,$A7,$80 '@.p..'.
1EF8 5A57270F3401A684 (           fs.asm):00993         L1EF8               fcb       $5A,$57,$27,$0F,$34,$01,$A6,$84 ZW'.4.&.
1F00 A7C086FFA7805A26 (           fs.asm):00994         L1F00               fcb       $A7,$C0,$86,$FF,$A7,$80,$5A,$26 '@..'.Z&
1F08 F53501240AA684A7 (           fs.asm):00995         L1F08               fcb       $F5,$35,$01,$24,$0A,$A6,$84,$A7 u5.$.&.'
1F10 C0840F8AF0A784BE (           fs.asm):00996         L1F10               fcb       $C0,$84,$0F,$8A,$F0,$A7,$84,$BE @...p'.>
1F18 009A963C3086BF00 (           fs.asm):00997         L1F18               fcb       $00,$9A,$96,$3C,$30,$86,$BF,$00 ...<0.?.
1F20 9AECA12ABB393440 (           fs.asm):00998         L1F20               fcb       $9A,$EC,$A1,$2A,$BB,$39,$34,$40 .l!*;94@
1F28 BF009AECA10D3B27 (           fs.asm):00999         L1F28               fcb       $BF,$00,$9A,$EC,$A1,$0D,$3B,$27 ?..l!.;'
1F30 03AB3F409B214730 (           fs.asm):01000         L1F30               fcb       $03,$AB,$3F,$40,$9B,$21,$47,$30 .+?@.!G0
1F38 8624015C5C572707 (           fs.asm):01001         L1F38               fcb       $86,$24,$01,$5C,$5C,$57,$27,$07 .$.\\W'.
1F40 A6C0A7805A26F9BE (           fs.asm):01002         L1F40               fcb       $A6,$C0,$A7,$80,$5A,$26,$F9,$BE &@'.Z&y>
1F48 009A963C3086BF00 (           fs.asm):01003         L1F48               fcb       $00,$9A,$96,$3C,$30,$86,$BF,$00 ...<0.?.
1F50 9AECA12AD81F30A3 (           fs.asm):01004         L1F50               fcb       $9A,$EC,$A1,$2A,$D8,$1F,$30,$A3 .l!*X.0#
1F58 E13996EB840227F9 (           fs.asm):01005         L1F58               fcb       $E1,$39,$96,$EB,$84,$02,$27,$F9 a9.k..'y
1F60 B607812605B60761 (           fs.asm):01006         L1F60               fcb       $B6,$07,$81,$26,$05,$B6,$07,$61 6..&.6.a
1F68 20094FF607BB2703 (           fs.asm):01007         L1F68               fcb       $20,$09,$4F,$F6,$07,$BB,$27,$03 .Ov.;'.
1F70 B0082B8B7F444480 (           fs.asm):01008         L1F70               fcb       $B0,$08,$2B,$8B,$7F,$44,$44,$80 0.+.DD.
1F78 1F2B088108230A86 (           fs.asm):01009         L1F78               fcb       $1F,$2B,$08,$81,$08,$23,$0A,$86 .+...#..
1F80 08200681F8240286 (           fs.asm):01010         L1F80               fcb       $08,$20,$06,$81,$F8,$24,$02,$86 . ..x$..
1F88 F88B092000B10E0A (           fs.asm):01011         L1F88               fcb       $F8,$8B,$09,$20,$00,$B1,$0E,$0A x.. .1..
1F90 27C7F60E0AB70E0A (           fs.asm):01012         L1F90               fcb       $27,$C7,$F6,$0E,$0A,$B7,$0E,$0A 'Gv..7..
1F98 108E1BF2CE0DB9BE (           fs.asm):01013         L1F98               fcb       $10,$8E,$1B,$F2,$CE,$0D,$B9,$BE ...rN.9>
1FA0 0CD3CB03D721CC19 (           fs.asm):01014         L1FA0               fcb       $0C,$D3,$CB,$03,$D7,$21,$CC,$19 .SK.W!L.
1FA8 50308B0F3B865097 (           fs.asm):01015         L1FA8               fcb       $50,$30,$8B,$0F,$3B,$86,$50,$97 P0..;.P.
1FB0 3CBDBF26F60E0A10 (           fs.asm):01016         L1FB0               fcb       $3C,$BD,$BF,$26,$F6,$0E,$0A,$10 <=?&v...
1FB8 8E1BF2CE0DB9BE0C (           fs.asm):01017         L1FB8               fcb       $8E,$1B,$F2,$CE,$0D,$B9,$BE,$0C ..rN.9>.
1FC0 D3CB03D721CC1950 (           fs.asm):01018         L1FC0               fcb       $D3,$CB,$03,$D7,$21,$CC,$19,$50 SK.W!L.P
1FC8 308B0F3B8650973C (           fs.asm):01019         L1FC8               fcb       $30,$8B,$0F,$3B,$86,$50,$97,$3C 0..;.P.<
1FD0 7EBEDBC600F70E0A (           fs.asm):01020         L1FD0               fcb       $7E,$BE,$DB,$C6,$00,$F7,$0E,$0A ~>[F.w..
1FD8 20DD8E1538583AEC (           fs.asm):01021         L1FD8               fcb       $20,$DD,$8E,$15,$38,$58,$3A,$EC ]..8X:l
1FE0 84F30CD31F0139F6 (           fs.asm):01022         L1FE0               fcb       $84,$F3,$0C,$D3,$1F,$01,$39,$F6 .s.S..9v
1FE8 0E0CB70E0CFD0205 (           fs.asm):01023         L1FE8               fcb       $0E,$0C,$B7,$0E,$0C,$FD,$02,$05 ..7.....
1FF0 CC1636DD208602C6 (           fs.asm):01024         L1FF0               fcb       $CC,$16,$36,$DD,$20,$86,$02,$C6 L.6] ..F
1FF8 FF7EC03C8607B702 (           fs.asm):01025         L1FF8               fcb       $FF,$7E,$C0,$3C,$86,$07,$B7,$02 .~@<..7.
2000 05B70E0CCC1636DD (           fs.asm):01026         L2000               fcb       $05,$B7,$0E,$0C,$CC,$16,$36,$DD .7..L.6]
2008 208602C6FFD7AF7E (           fs.asm):01027         L2008               fcb       $20,$86,$02,$C6,$FF,$D7,$AF,$7E ..F.W/~
2010 C051F60E0DB70E0D (           fs.asm):01028         L2010               fcb       $C0,$51,$F6,$0E,$0D,$B7,$0E,$0D @Qv..7..
2018 FD0205CC165ADD20 (           fs.asm):01029         L2018               fcb       $FD,$02,$05,$CC,$16,$5A,$DD,$20 ...L.Z]
2020 8602C6FF20168607 (           fs.asm):01030         L2020               fcb       $86,$02,$C6,$FF,$20,$16,$86,$07 ..F. ...
2028 B70205B70E0DCC16 (           fs.asm):01031         L2028               fcb       $B7,$02,$05,$B7,$0E,$0D,$CC,$16 7..7..L.
2030 5ADD208602C6FFD7 (           fs.asm):01032         L2030               fcb       $5A,$DD,$20,$86,$02,$C6,$FF,$D7 Z] ..F.W
2038 AF160015B7009A97 (           fs.asm):01033         L2038               fcb       $AF,$16,$00,$15,$B7,$00,$9A,$97 /...7...
2040 DDD7AFD62117FF92 (           fs.asm):01034         L2040               fcb       $DD,$D7,$AF,$D6,$21,$17,$FF,$92 ]W/V!...
2048 B60206BDC05BB600 (           fs.asm):01035         L2048               fcb       $B6,$02,$06,$BD,$C0,$5B,$B6,$00 6..=@[6.
2050 9A97DDD62117FF82 (           fs.asm):01036         L2050               fcb       $9A,$97,$DD,$D6,$21,$17,$FF,$82 ..]V!...
2058 B602054734019B20 (           fs.asm):01037         L2058               fcb       $B6,$02,$05,$47,$34,$01,$9B,$20 6..G4..
2060 3086CC0FF00DAF26 (           fs.asm):01038         L2060               fcb       $30,$86,$CC,$0F,$F0,$0D,$AF,$26 0.L.p./&
2068 03CC0F003501240A (           fs.asm):01039         L2068               fcb       $03,$CC,$0F,$00,$35,$01,$24,$0A .L..5.$.
2070 CC00FF0DAF2603CC (           fs.asm):01040         L2070               fcb       $CC,$00,$FF,$0D,$AF,$26,$03,$CC L.../&.L
2078 00F0DDB1A884E801 (           fs.asm):01041         L2078               fcb       $00,$F0,$DD,$B1,$A8,$84,$E8,$01 .p]1(.h.
2080 ED84DCB13088500A (           fs.asm):01042         L2080               fcb       $ED,$84,$DC,$B1,$30,$88,$50,$0A m.\10.P.
2088 DD26F139801440F6 (           fs.asm):01043         L2088               fcb       $DD,$26,$F1,$39,$80,$14,$40,$F6 ]&q9..@v
2090 0E0BB70E0BFD0205 (           fs.asm):01044         L2090               fcb       $0E,$0B,$B7,$0E,$0B,$FD,$02,$05 ..7.....
2098 CC1A4EDD20860320 (           fs.asm):01045         L2098               fcb       $CC,$1A,$4E,$DD,$20,$86,$03,$20 L.N] ..
20A0 12860AB70205B70E (           fs.asm):01046         L20A0               fcb       $12,$86,$0A,$B7,$02,$05,$B7,$0E ...7..7.
20A8 0BCC1A4EDD208603 (           fs.asm):01047         L20A8               fcb       $0B,$CC,$1A,$4E,$DD,$20,$86,$03 .L.N] ..
20B0 160012B7009A97DD (           fs.asm):01048         L20B0               fcb       $16,$00,$12,$B7,$00,$9A,$97,$DD ...7...]
20B8 D621F0020617FF1A (           fs.asm):01049         L20B8               fcb       $D6,$21,$F0,$02,$06,$17,$FF,$1A V!p.....
20C0 8D0DB6009A97DDD6 (           fs.asm):01050         L20C0               fcb       $8D,$0D,$B6,$00,$9A,$97,$DD,$D6 ..6...]V
20C8 21F0020517FF0BD6 (           fs.asm):01051         L20C8               fcb       $21,$F0,$02,$05,$17,$FF,$0B,$D6 !p.....V
20D0 203085A68488F0A7 (           fs.asm):01052         L20D0               fcb       $20,$30,$85,$A6,$84,$88,$F0,$A7 0.&..p'
20D8 843088500ADD26F3 (           fs.asm):01053         L20D8               fcb       $84,$30,$88,$50,$0A,$DD,$26,$F3 .0.P.]&s
20E0 3939B60348102700 (           fs.asm):01054         L20E0               fcb       $39,$39,$B6,$03,$48,$10,$27,$00 996.H.'.
20E8 74B600ED84081027 (           fs.asm):01055         L20E8               fcb       $74,$B6,$00,$ED,$84,$08,$10,$27 t6.m...'
20F0 006BCCC0007D09A4 (           fs.asm):01056         L20F0               fcb       $00,$6B,$CC,$C0,$00,$7D,$09,$A4 .kL@.}.$
20F8 27138E0293BDF6FA (           fs.asm):01057         L20F8               fcb       $27,$13,$8E,$02,$93,$BD,$F6,$FA '....=vz
2100 DCA39316C34000F3 (           fs.asm):01058         L2100               fcb       $DC,$A3,$93,$16,$C3,$40,$00,$F3 \#..C@.s
2108 014AF301484456DD (           fs.asm):01059         L2108               fcb       $01,$4A,$F3,$01,$48,$44,$56,$DD .Js.HDV]
2110 AFDDABCC0057BDD2 (           fs.asm):01060         L2110               fcb       $AF,$DD,$AB,$CC,$00,$57,$BD,$D2 /]+L.W=R
2118 8153CB58F109A710 (           fs.asm):01061         L2118               fcb       $81,$53,$CB,$58,$F1,$09,$A7,$10 .SKXq.'.
2120 27003AB609A7F709 (           fs.asm):01062         L2120               fcb       $27,$00,$3A,$B6,$09,$A7,$F7,$09 '.:6.'w.
2128 A7B7009ACC495DDD (           fs.asm):01063         L2128               fcb       $A7,$B7,$00,$9A,$CC,$49,$5D,$DD '7..LI]]
2130 208E16E8CEBF26DF (           fs.asm):01064         L2130               fcb       $20,$8E,$16,$E8,$CE,$BF,$26,$DF ..hN?&_
2138 39CE0DA1B6009ABD (           fs.asm):01065         L2138               fcb       $39,$CE,$0D,$A1,$B6,$00,$9A,$BD 9N.!6..=
2140 BE5CCC495DDD208E (           fs.asm):01066         L2140               fcb       $BE,$5C,$CC,$49,$5D,$DD,$20,$8E >\LI]] .
2148 16E8B609A7CEBEDB (           fs.asm):01067         L2148               fcb       $16,$E8,$B6,$09,$A7,$CE,$BE,$DB .h6.'N>[
2150 DF39CE0DA17EBE5C (           fs.asm):01068         L2150               fcb       $DF,$39,$CE,$0D,$A1,$7E,$BE,$5C _9N.!~>\
2158 7F09A720E539DC7B (           fs.asm):01069         L2158               fcb       $7F,$09,$A7,$20,$E5,$39,$DC,$7B .' e9\{
2160 DD5386FF97D4961C (           fs.asm):01070         L2160               fcb       $DD,$53,$86,$FF,$97,$D4,$96,$1C ]S...T..
2168 80353402BDD3AEFD (           fs.asm):01071         L2168               fcb       $80,$35,$34,$02,$BD,$D3,$AE,$FD .54.=S..
2170 0A803502BDD3ABFD (           fs.asm):01072         L2170               fcb       $0A,$80,$35,$02,$BD,$D3,$AB,$FD ..5.=S+.
2178 0A82961C8B353402 (           fs.asm):01073         L2178               fcb       $0A,$82,$96,$1C,$8B,$35,$34,$02 .....54.
2180 BDD3AEFD0A853502 (           fs.asm):01074         L2180               fcb       $BD,$D3,$AE,$FD,$0A,$85,$35,$02 =S....5.
2188 BDD3ABFD0A87CC0A (           fs.asm):01075         L2188               fcb       $BD,$D3,$AB,$FD,$0A,$87,$CC,$0A =S+...L.
2190 7FDD7BDC0CDD23DC (           fs.asm):01076         L2190               fcb       $7F,$DD,$7B,$DC,$0C,$DD,$23,$DC ]{\.]#\
2198 10DD25CC0000DD0C (           fs.asm):01077         L2198               fcb       $10,$DD,$25,$CC,$00,$00,$DD,$0C .]%L..].
21A0 DD10DD42DD44DD46 (           fs.asm):01078         L21A0               fcb       $DD,$10,$DD,$42,$DD,$44,$DD,$46 ].]B]D]F
21A8 DD48974A86FFB60A (           fs.asm):01079         L21A8               fcb       $DD,$48,$97,$4A,$86,$FF,$B6,$0A ]H.J..6.
21B0 7F847FB70A7FBDC8 (           fs.asm):01080         L21B0               fcb       $7F,$84,$7F,$B7,$0A,$7F,$BD,$C8 .7.=H
21B8 9A0F22DC23DD0CDC (           fs.asm):01081         L21B8               fcb       $9A,$0F,$22,$DC,$23,$DD,$0C,$DC .."\#].\
21C0 25DD10DC53DD7BFE (           fs.asm):01082         L21C0               fcb       $25,$DD,$10,$DC,$53,$DD,$7B,$FE %].\S]{.
21C8 0CD933C91EF0B601 (           fs.asm):01083         L21C8               fcb       $0C,$D9,$33,$C9,$1E,$F0,$B6,$01 .Y3I.p6.
21D0 84108EAEA8840F48 (           fs.asm):01084         L21D0               fcb       $84,$10,$8E,$AE,$A8,$84,$0F,$48 ....(..H
21D8 ECA6DDD7B6018284 (           fs.asm):01085         L21D8               fcb       $EC,$A6,$DD,$D7,$B6,$01,$82,$84 l&]W6...
21E0 0F48ECA6DDD90FDC (           fs.asm):01086         L21E0               fcb       $0F,$48,$EC,$A6,$DD,$D9,$0F,$DC .Hl&]Y.\
21E8 866397DB96D42A24 (           fs.asm):01087         L21E8               fcb       $86,$63,$97,$DB,$96,$D4,$2A,$24 .c.[.T*$
21F0 CC0000FD01920ADC (           fs.asm):01088         L21F0               fcb       $CC,$00,$00,$FD,$01,$92,$0A,$DC L......\
21F8 96182A03BDC28B86 (           fs.asm):01089         L21F8               fcb       $96,$18,$2A,$03,$BD,$C2,$8B,$86 ..*.=B..
2200 6397DD7EC29491DB (           fs.asm):01090         L2200               fcb       $63,$97,$DD,$7E,$C2,$94,$91,$DB c.]~B..[
2208 240297DB91DC2502 (           fs.asm):01091         L2208               fcb       $24,$02,$97,$DB,$91,$DC,$25,$02 $..[.\%.
2210 97DC3919CC0A7FFD (           fs.asm):01092         L2210               fcb       $97,$DC,$39,$19,$CC,$0A,$7F,$FD .\9.L..
2218 0192C600D7DCC662 (           fs.asm):01093         L2218               fcb       $01,$92,$C6,$00,$D7,$DC,$C6,$62 ..F.W\Fb
2220 D7DB96D4BDC20696 (           fs.asm):01094         L2220               fcb       $D7,$DB,$96,$D4,$BD,$C2,$06,$96 W[.T=B..
2228 D596D6BDC20696D3 (           fs.asm):01095         L2228               fcb       $D5,$96,$D6,$BD,$C2,$06,$96,$D3 U.V=B..S
2230 2711D6D4270691D5 (           fs.asm):01096         L2230               fcb       $27,$11,$D6,$D4,$27,$06,$91,$D5 '.VT'..U
2238 2509200491D52503 (           fs.asm):01097         L2238               fcb       $25,$09,$20,$04,$91,$D5,$25,$03 %. ..U%.
2240 BDC28B866290DC27 (           fs.asm):01098         L2240               fcb       $BD,$C2,$8B,$86,$62,$90,$DC,$27 =B..b.\'
2248 0597DDBDC29496D3 (           fs.asm):01099         L2248               fcb       $05,$97,$DD,$BD,$C2,$94,$96,$D3 ..]=B..S
2250 91D52508D6D4D1D6 (           fs.asm):01100         L2250               fcb       $91,$D5,$25,$08,$D6,$D4,$D1,$D6 .U%.VTQV
2258 220B2006D6D6D1D4 (           fs.asm):01101         L2258               fcb       $22,$0B,$20,$06,$D6,$D6,$D1,$D4 ". .VVQT
2260 2203BDC28BBDC2A1 (           fs.asm):01102         L2260               fcb       $22,$03,$BD,$C2,$8B,$BD,$C2,$A1 ".=B.=B!
2268 96DB271E96D391D5 (           fs.asm):01103         L2268               fcb       $96,$DB,$27,$1E,$96,$D3,$91,$D5 .['..S.U
2270 2508D6D4D1D6230B (           fs.asm):01104         L2270               fcb       $25,$08,$D6,$D4,$D1,$D6,$23,$0B %.VTQV#.
2278 2006D6D6D1D42303 (           fs.asm):01105         L2278               fcb       $20,$06,$D6,$D6,$D1,$D4,$23,$03 .VVQT#.
2280 BDC28BD6DBD7DDBD (           fs.asm):01106         L2280               fcb       $BD,$C2,$8B,$D6,$DB,$D7,$DD,$BD =B.V[W]=
2288 C29439DCD79ED99F (           fs.asm):01107         L2288               fcb       $C2,$94,$39,$DC,$D7,$9E,$D9,$9F B.9\W.Y.
2290 D7DDD939DCD7FD01 (           fs.asm):01108         L2290               fcb       $D7,$DD,$D9,$39,$DC,$D7,$FD,$01 W]Y9\W..
2298 78BDB0A20ADD26F9 (           fs.asm):01109         L2298               fcb       $78,$BD,$B0,$A2,$0A,$DD,$26,$F9 x=0".]&y
22A0 39DCD3D1D6274524 (           fs.asm):01110         L22A0               fcb       $39,$DC,$D3,$D1,$D6,$27,$45,$24 9\SQV'E$
22A8 0F5F96D54456DDDE (           fs.asm):01111         L22A8               fcb       $0F,$5F,$96,$D5,$44,$56,$DD,$DE ._.UDV]^
22B0 DCD5D0D490D3200B (           fs.asm):01112         L22B0               fcb       $DC,$D5,$D0,$D4,$90,$D3,$20,$0B \UPT.S .
22B8 5F4456DDDEDCD3D0 (           fs.asm):01113         L22B8               fcb       $5F,$44,$56,$DD,$DE,$DC,$D3,$D0 _DV]^\SP
22C0 D690D53401240140 (           fs.asm):01114         L22C0               fcb       $D6,$90,$D5,$34,$01,$24,$01,$40 V.U4.$.@
22C8 D7DDBDAEEC350124 (           fs.asm):01115         L22C8               fcb       $D7,$DD,$BD,$AE,$EC,$35,$01,$24 W]=.l5.$
22D0 054353C300014756 (           fs.asm):01116         L22D0               fcb       $05,$43,$53,$C3,$00,$01,$47,$56 .CSC..GV
22D8 DDE0DCDE5849BDC2 (           fs.asm):01117         L22D8               fcb       $DD,$E0,$DC,$DE,$58,$49,$BD,$C2 ]`\^XI=B
22E0 F3DCDE93E0DDDE0A (           fs.asm):01118         L22E0               fcb       $F3,$DC,$DE,$93,$E0,$DD,$DE,$0A s\^.`]^.
22E8 DD2AF139DCD7DDEE (           fs.asm):01119         L22E8               fcb       $DD,$2A,$F1,$39,$DC,$D7,$DD,$EE ]*q9\W]n
22F0 7EB0A21F894484FE (           fs.asm):01120         L22F0               fcb       $7E,$B0,$A2,$1F,$89,$44,$84,$FE ~0"..D..
22F8 804E108EC35C9ED9 (           fs.asm):01121         L22F8               fcb       $80,$4E,$10,$8E,$C3,$5C,$9E,$D9 .N..C\.Y
2300 6EA6361036103610 (           fs.asm):01122         L2300               fcb       $6E,$A6,$36,$10,$36,$10,$36,$10 n&6.6.6.
2308 3610361036103610 (           fs.asm):01123         L2308               fcb       $36,$10,$36,$10,$36,$10,$36,$10 6.6.6.6.
2310 3610361036103610 (           fs.asm):01124         L2310               fcb       $36,$10,$36,$10,$36,$10,$36,$10 6.6.6.6.
2318 3610361036103610 (           fs.asm):01125         L2318               fcb       $36,$10,$36,$10,$36,$10,$36,$10 6.6.6.6.
2320 3610361036103610 (           fs.asm):01126         L2320               fcb       $36,$10,$36,$10,$36,$10,$36,$10 6.6.6.6.
2328 3610361036103610 (           fs.asm):01127         L2328               fcb       $36,$10,$36,$10,$36,$10,$36,$10 6.6.6.6.
2330 3610361036103610 (           fs.asm):01128         L2330               fcb       $36,$10,$36,$10,$36,$10,$36,$10 6.6.6.6.
2338 3610361036103610 (           fs.asm):01129         L2338               fcb       $36,$10,$36,$10,$36,$10,$36,$10 6.6.6.6.
2340 3610361036103610 (           fs.asm):01130         L2340               fcb       $36,$10,$36,$10,$36,$10,$36,$10 6.6.6.6.
2348 3610361036103610 (           fs.asm):01131         L2348               fcb       $36,$10,$36,$10,$36,$10,$36,$10 6.6.6.6.
2350 3610361036103610 (           fs.asm):01132         L2350               fcb       $36,$10,$36,$10,$36,$10,$36,$10 6.6.6.6.
2358 361036103402C403 (           fs.asm):01133         L2358               fcb       $36,$10,$36,$10,$34,$02,$C4,$03 6.6.4.D.
2360 588EC38B10AE858E (           fs.asm):01134         L2360               fcb       $58,$8E,$C3,$8B,$10,$AE,$85,$8E X.C.....
2368 C393EC8594D9D4DA (           fs.asm):01135         L2368               fcb       $C3,$93,$EC,$85,$94,$D9,$D4,$DA C.l..YTZ
2370 DD9A1F2094D7D4D8 (           fs.asm):01136         L2370               fcb       $DD,$9A,$1F,$20,$94,$D7,$D4,$D8 ].. .WTX
2378 9A9ADA9B36063502 (           fs.asm):01137         L2378               fcb       $9A,$9A,$DA,$9B,$36,$06,$35,$02 ..Z.6.5.
2380 8B4E409ED7108EC3 (           fs.asm):01138         L2380               fcb       $8B,$4E,$40,$9E,$D7,$10,$8E,$C3 .N@.W..C
2388 F56EA6F000FF00FF (           fs.asm):01139         L2388               fcb       $F5,$6E,$A6,$F0,$00,$FF,$00,$FF un&p....
2390 F0FFFF0FFF00FF00 (           fs.asm):01140         L2390               fcb       $F0,$FF,$FF,$0F,$FF,$00,$FF,$00 p.......
2398 0F00003610361036 (           fs.asm):01141         L2398               fcb       $0F,$00,$00,$36,$10,$36,$10,$36 ...6.6.6
23A0 1036103610361036 (           fs.asm):01142         L23A0               fcb       $10,$36,$10,$36,$10,$36,$10,$36 .6.6.6.6
23A8 1036103610361036 (           fs.asm):01143         L23A8               fcb       $10,$36,$10,$36,$10,$36,$10,$36 .6.6.6.6
23B0 1036103610361036 (           fs.asm):01144         L23B0               fcb       $10,$36,$10,$36,$10,$36,$10,$36 .6.6.6.6
23B8 1036103610361036 (           fs.asm):01145         L23B8               fcb       $10,$36,$10,$36,$10,$36,$10,$36 .6.6.6.6
23C0 1036103610361036 (           fs.asm):01146         L23C0               fcb       $10,$36,$10,$36,$10,$36,$10,$36 .6.6.6.6
23C8 1036103610361036 (           fs.asm):01147         L23C8               fcb       $10,$36,$10,$36,$10,$36,$10,$36 .6.6.6.6
23D0 1036103610361036 (           fs.asm):01148         L23D0               fcb       $10,$36,$10,$36,$10,$36,$10,$36 .6.6.6.6
23D8 1036103610361036 (           fs.asm):01149         L23D8               fcb       $10,$36,$10,$36,$10,$36,$10,$36 .6.6.6.6
23E0 1036103610361036 (           fs.asm):01150         L23E0               fcb       $10,$36,$10,$36,$10,$36,$10,$36 .6.6.6.6
23E8 1036103610361036 (           fs.asm):01151         L23E8               fcb       $10,$36,$10,$36,$10,$36,$10,$36 .6.6.6.6
23F0 103610361039C1CF (           fs.asm):01152         L23F0               fcb       $10,$36,$10,$36,$10,$39,$C1,$CF .6.6.9AO
23F8 D4D9DDE1E4E7EAED (           fs.asm):01153         L23F8               fcb       $D4,$D9,$DD,$E1,$E4,$E7,$EA,$ED TY]adgjm
2400 EFF2F4F7F9FCFE00 (           fs.asm):01154         L2400               fcb       $EF,$F2,$F4,$F7,$F9,$FC,$FE,$00 ortwy...
2408 0205070A0C0F1215 (           fs.asm):01155         L2408               fcb       $02,$05,$07,$0A,$0C,$0F,$12,$15 ........
2410 181B1E22262B3140 (           fs.asm):01156         L2410               fcb       $18,$1B,$1E,$22,$26,$2B,$31,$40 ..."&+1@
2418 4D2A09405D2A0950 (           fs.asm):01157         L2418               fcb       $4D,$2A,$09,$40,$5D,$2A,$09,$50 M*.@]*.P
2420 3D8900395D2AF950 (           fs.asm):01158         L2420               fcb       $3D,$89,$00,$39,$5D,$2A,$F9,$50 =..9]*yP
2428 3D89004039B6115B (           fs.asm):01159         L2428               fcb       $3D,$89,$00,$40,$39,$B6,$11,$5B =..@96.[
2430 F6115AB7115AF711 (           fs.asm):01160         L2430               fcb       $F6,$11,$5A,$B7,$11,$5A,$F7,$11 v.Z7.Zw.
2438 5B3996EB8410271A (           fs.asm):01161         L2438               fcb       $5B,$39,$96,$EB,$84,$10,$27,$1A [9.k..'.
2440 9614B0115784FE27 (           fs.asm):01162         L2440               fcb       $96,$14,$B0,$11,$57,$84,$FE,$27 ..0.W..'
2448 0481FE260E9612B0 (           fs.asm):01163         L2448               fcb       $04,$81,$FE,$26,$0E,$96,$12,$B0 ...&...0
2450 115684FE270481FE (           fs.asm):01164         L2450               fcb       $11,$56,$84,$FE,$27,$04,$81,$FE .V..'...
2458 2601399612B71156 (           fs.asm):01165         L2458               fcb       $26,$01,$39,$96,$12,$B7,$11,$56 &.9..7.V
2460 9614B711578677D6 (           fs.asm):01166         L2460               fcb       $96,$14,$B7,$11,$57,$86,$77,$D6 ..7.W.wV
2468 12CB202B06C14025 (           fs.asm):01167         L2468               fcb       $12,$CB,$20,$2B,$06,$C1,$40,$25 .K +.A@%
2470 1F8688BDAED7108E (           fs.asm):01168         L2470               fcb       $1F,$86,$88,$BD,$AE,$D7,$10,$8E ...=.W..
2478 C6848E1538C60D58 (           fs.asm):01169         L2478               fcb       $C6,$84,$8E,$15,$38,$C6,$0D,$58 F...8F.X
2480 3AAE84FC0CD3308B (           fs.asm):01170         L2480               fcb       $3A,$AE,$84,$FC,$0C,$D3,$30,$8B :....S0.
2488 C620BDC5B27EC556 (           fs.asm):01171         L2488               fcb       $C6,$20,$BD,$C5,$B2,$7E,$C5,$56 F =E2~EV
2490 8677B7115B8688B7 (           fs.asm):01172         L2490               fcb       $86,$77,$B7,$11,$5B,$86,$88,$B7 .w7.[..7
2498 115AD614F71157CB (           fs.asm):01173         L2498               fcb       $11,$5A,$D6,$14,$F7,$11,$57,$CB .ZV.w.WK
24A0 402A03BDC42D9612 (           fs.asm):01174         L24A0               fcb       $40,$2A,$03,$BD,$C4,$2D,$96,$12 @*.=D-..
24A8 8B20448EC3F6A686 (           fs.asm):01175         L24A8               fcb       $8B,$20,$44,$8E,$C3,$F6,$A6,$86 . D.Cv&.
24B0 9790901440979ABD (           fs.asm):01176         L24B0               fcb       $97,$90,$90,$14,$40,$97,$9A,$BD ....@..=
24B8 D3ABC63C17FF598B (           fs.asm):01177         L24B8               fcb       $D3,$AB,$C6,$3C,$17,$FF,$59,$8B S+F<..Y.
24C0 2797D3969ABDD3AE (           fs.asm):01178         L24C0               fcb       $27,$97,$D3,$96,$9A,$BD,$D3,$AE '.S..=S.
24C8 4747478B1D97D496 (           fs.asm):01179         L24C8               fcb       $47,$47,$47,$8B,$1D,$97,$D4,$96 GGG...T.
24D0 1488809B90979ABD (           fs.asm):01180         L24D0               fcb       $14,$88,$80,$9B,$90,$97,$9A,$BD .......=
24D8 D3ABC63C17FF398B (           fs.asm):01181         L24D8               fcb       $D3,$AB,$C6,$3C,$17,$FF,$39,$8B S+F<..9.
24E0 2797D5969ABDD3AE (           fs.asm):01182         L24E0               fcb       $27,$97,$D5,$96,$9A,$BD,$D3,$AE '.U..=S.
24E8 4747478B1D97D6DC (           fs.asm):01183         L24E8               fcb       $47,$47,$47,$8B,$1D,$97,$D6,$DC GGG...V\
24F0 D3D1D62308109ED5 (           fs.asm):01184         L24F0               fcb       $D3,$D1,$D6,$23,$08,$10,$9E,$D5 SQV#...U
24F8 DDD5109FD3B6115B (           fs.asm):01185         L24F8               fcb       $DD,$D5,$10,$9F,$D3,$B6,$11,$5B ]U..S6.[
2500 BDAED7108EC6848E (           fs.asm):01186         L2500               fcb       $BD,$AE,$D7,$10,$8E,$C6,$84,$8E =.W..F..
2508 1538C60D583AAE84 (           fs.asm):01187         L2508               fcb       $15,$38,$C6,$0D,$58,$3A,$AE,$84 .8F.X:..
2510 FC0CD3308BD6D4C0 (           fs.asm):01188         L2510               fcb       $FC,$0C,$D3,$30,$8B,$D6,$D4,$C0 ..S0.VT@
2518 0D2703BDC5B296D3 (           fs.asm):01189         L2518               fcb       $0D,$27,$03,$BD,$C5,$B2,$96,$D3 .'.=E2.S
2520 91D5250EB6115AB7 (           fs.asm):01190         L2520               fcb       $91,$D5,$25,$0E,$B6,$11,$5A,$B7 .U%.6.Z7
2528 00D9B6115BB700D7 (           fs.asm):01191         L2528               fcb       $00,$D9,$B6,$11,$5B,$B7,$00,$D7 .Y6.[7.W
2530 200CB6115BB700D9 (           fs.asm):01192         L2530               fcb       $20,$0C,$B6,$11,$5B,$B7,$00,$D9 .6.[7.Y
2538 B6115AB700D7BDC5 (           fs.asm):01193         L2538               fcb       $B6,$11,$5A,$B7,$00,$D7,$BD,$C5 6.Z7.W=E
2540 C33420B6115ABDAE (           fs.asm):01194         L2540               fcb       $C3,$34,$20,$B6,$11,$5A,$BD,$AE C4 6.Z=.
2548 D73520C62CD0D627 (           fs.asm):01195         L2548               fcb       $D7,$35,$20,$C6,$2C,$D0,$D6,$27 W5 F,PV'
2550 05BDC5B22000CC04 (           fs.asm):01196         L2550               fcb       $05,$BD,$C5,$B2,$20,$00,$CC,$04 .=E2 .L.
2558 23F30CD31F01108E (           fs.asm):01197         L2558               fcb       $23,$F3,$0C,$D3,$1F,$01,$10,$8E #s.S....
2560 C589ECA12B22308B (           fs.asm):01198         L2560               fcb       $C5,$89,$EC,$A1,$2B,$22,$30,$8B E.l!+"0.
2568 A68484F08A0FA780 (           fs.asm):01199         L2568               fcb       $A6,$84,$84,$F0,$8A,$0F,$A7,$80 &..p..'.
2570 E6A0270AD7DD86FF (           fs.asm):01200         L2570               fcb       $E6,$A0,$27,$0A,$D7,$DD,$86,$FF f '.W]..
2578 A7800ADD26FAA684 (           fs.asm):01201         L2578               fcb       $A7,$80,$0A,$DD,$26,$FA,$A6,$84 '..]&z&.
2580 840F8AF0A78020DA (           fs.asm):01202         L2580               fcb       $84,$0F,$8A,$F0,$A7,$80,$20,$DA ...p'. Z
2588 39000000004E0000 (           fs.asm):01203         L2588               fcb       $39,$00,$00,$00,$00,$4E,$00,$00 9....N..
2590 4D0202CC0200EC02 (           fs.asm):01204         L2590               fcb       $4D,$02,$02,$CC,$02,$00,$EC,$02 M..L..l.
2598 00EA010000000000 (           fs.asm):01205         L2598               fcb       $00,$EA,$01,$00,$00,$00,$00,$00 .j......
25A0 0100EA0200EC0202 (           fs.asm):01206         L25A0               fcb       $01,$00,$EA,$02,$00,$EC,$02,$02 ..j..l..
25A8 2D00004D02004C02 (           fs.asm):01207         L25A8               fcb       $2D,$00,$00,$4D,$02,$00,$4C,$02 -..M..L.
25B0 FFFFD7DD3410BDC6 (           fs.asm):01208         L25B0               fcb       $FF,$FF,$D7,$DD,$34,$10,$BD,$C6 ..W]4.=F
25B8 2C35103088500ADD (           fs.asm):01209         L25B8               fcb       $2C,$35,$10,$30,$88,$50,$0A,$DD ,5.0.P.]
25C0 26F239DCD3D1D620 (           fs.asm):01210         L25C0               fcb       $26,$F2,$39,$DC,$D3,$D1,$D6,$20 &r9\SQV
25C8 11230F5F96D34456 (           fs.asm):01211         L25C8               fcb       $11,$23,$0F,$5F,$96,$D3,$44,$56 .#._.SDV
25D0 DDDEDCD5D0D490D3 (           fs.asm):01212         L25D0               fcb       $DD,$DE,$DC,$D5,$D0,$D4,$90,$D3 ]^\UPT.S
25D8 200B5F4456DDDEDC (           fs.asm):01213         L25D8               fcb       $20,$0B,$5F,$44,$56,$DD,$DE,$DC ._DV]^\
25E0 D5D0D490D3340124 (           fs.asm):01214         L25E0               fcb       $D5,$D0,$D4,$90,$D3,$34,$01,$24 UPT.S4.$
25E8 0140D7DD3410BDAE (           fs.asm):01215         L25E8               fcb       $01,$40,$D7,$DD,$34,$10,$BD,$AE .@W]4.=.
25F0 EC35103501240543 (           fs.asm):01216         L25F0               fcb       $EC,$35,$10,$35,$01,$24,$05,$43 l5.5.$.C
25F8 53C300014756DDE0 (           fs.asm):01217         L25F8               fcb       $53,$C3,$00,$01,$47,$56,$DD,$E0 SC..GV]`
2600 DCDE58493410BDC6 (           fs.asm):01218         L2600               fcb       $DC,$DE,$58,$49,$34,$10,$BD,$C6 \^XI4.=F
2608 353510308850DCDE (           fs.asm):01219         L2608               fcb       $35,$35,$10,$30,$88,$50,$DC,$DE 55.0.P\^
2610 D3E0DDDE0ADD2AEA (           fs.asm):01220         L2610               fcb       $D3,$E0,$DD,$DE,$0A,$DD,$2A,$EA S`]^.]*j
2618 3934108D0F351030 (           fs.asm):01221         L2618               fcb       $39,$34,$10,$8D,$0F,$35,$10,$30 94...5.0
2620 885039FC00D7BDAE (           fs.asm):01222         L2620               fcb       $88,$50,$39,$FC,$00,$D7,$BD,$AE .P9..W=.
2628 D77EC62CECA13420 (           fs.asm):01223         L2628               fcb       $D7,$7E,$C6,$2C,$EC,$A1,$34,$20 W~F,l!4
2630 BDB0D435A0A12124 (           fs.asm):01224         L2630               fcb       $BD,$B0,$D4,$35,$A0,$A1,$21,$24 =0T5 !!$
2638 0CB600D93420BDAE (           fs.asm):01225         L2638               fcb       $0C,$B6,$00,$D9,$34,$20,$BD,$AE .6.Y4 =.
2640 D7352020E7A1A423 (           fs.asm):01226         L2640               fcb       $D7,$35,$20,$20,$E7,$A1,$A4,$23 W5  g!$#
2648 0CB600D73420BDAE (           fs.asm):01227         L2648               fcb       $0C,$B6,$00,$D7,$34,$20,$BD,$AE .6.W4 =.
2650 D7352020D73402E6 (           fs.asm):01228         L2650               fcb       $D7,$35,$20,$20,$D7,$34,$02,$E6 W5  W4.f
2658 21342034103406B6 (           fs.asm):01229         L2658               fcb       $21,$34,$20,$34,$10,$34,$06,$B6 !4 4.4.6
2660 00D7BDAED73506BD (           fs.asm):01230         L2660               fcb       $00,$D7,$BD,$AE,$D7,$35,$06,$BD .W=.W5.=
2668 B0D4351035203504 (           fs.asm):01231         L2668               fcb       $B0,$D4,$35,$10,$35,$20,$35,$04 0T5.5 5.
2670 A6A134203406B600 (           fs.asm):01232         L2670               fcb       $A6,$A1,$34,$20,$34,$06,$B6,$00 &!4 4.6.
2678 D9BDAED73506BDB0 (           fs.asm):01233         L2678               fcb       $D9,$BD,$AE,$D7,$35,$06,$BD,$B0 Y=.W5.=0
2680 D43520392B242C23 (           fs.asm):01234         L2680               fcb       $D4,$35,$20,$39,$2B,$24,$2C,$23 T5 9+$,#
2688 2D222D222E212E21 (           fs.asm):01235         L2688               fcb       $2D,$22,$2D,$22,$2E,$21,$2E,$21 -"-".!.!
2690 2E212F202F202F20 (           fs.asm):01236         L2690               fcb       $2E,$21,$2F,$20,$2F,$20,$2F,$20 .!/ / /
2698 2F202F20301F301F (           fs.asm):01237         L2698               fcb       $2F,$20,$2F,$20,$30,$1F,$30,$1F / / 0.0.
26A0 301F301F301F301F (           fs.asm):01238         L26A0               fcb       $30,$1F,$30,$1F,$30,$1F,$30,$1F 0.0.0.0.
26A8 301F301F2F202F20 (           fs.asm):01239         L26A8               fcb       $30,$1F,$30,$1F,$2F,$20,$2F,$20 0.0./ /
26B0 2F202F202F202E21 (           fs.asm):01240         L26B0               fcb       $2F,$20,$2F,$20,$2F,$20,$2E,$21 / / / .!
26B8 2E212E212D222D22 (           fs.asm):01241         L26B8               fcb       $2E,$21,$2E,$21,$2D,$22,$2D,$22 .!.!-"-"
26C0 2D222C232C232B24 (           fs.asm):01242         L26C0               fcb       $2D,$22,$2C,$23,$2C,$23,$2B,$24 -",#,#+$
26C8 29262827394F2030 (           fs.asm):01243         L26C8               fcb       $29,$26,$28,$27,$39,$4F,$20,$30 )&('9O 0
26D0 96EB840227F6FC07 (           fs.asm):01244         L26D0               fcb       $96,$EB,$84,$02,$27,$F6,$FC,$07 .k..'v..
26D8 6D5849DD905849D3 (           fs.asm):01245         L26D8               fcb       $6D,$58,$49,$DD,$90,$58,$49,$D3 mXI].XIS
26E0 908B082B08810F23 (           fs.asm):01246         L26E0               fcb       $90,$8B,$08,$2B,$08,$81,$0F,$23 ...+...#
26E8 05860F20014F9790 (           fs.asm):01247         L26E8               fcb       $05,$86,$0F,$20,$01,$4F,$97,$90 ... .O..
26F0 8600BDAEC8B60800 (           fs.asm):01248         L26F0               fcb       $86,$00,$BD,$AE,$C8,$B6,$08,$00 ..=.H6..
26F8 919027D08D0D9690 (           fs.asm):01249         L26F8               fcb       $91,$90,$27,$D0,$8D,$0D,$96,$90 ..'P....
2700 B7080086FFBDAEC8 (           fs.asm):01250         L2700               fcb       $B7,$08,$00,$86,$FF,$BD,$AE,$C8 7....=.H
2708 B60800484834028E (           fs.asm):01251         L2708               fcb       $B6,$08,$00,$48,$48,$34,$02,$8E 6..HH4..
2710 C7483086A6848B0D (           fs.asm):01252         L2710               fcb       $C7,$48,$30,$86,$A6,$84,$8B,$0D GH0.&...
2718 E601CB47DD9A860D (           fs.asm):01253         L2718               fcb       $E6,$01,$CB,$47,$DD,$9A,$86,$0D f.KG]...
2720 A084C647E0019E9A (           fs.asm):01254         L2720               fcb       $A0,$84,$C6,$47,$E0,$01,$9E,$9A .FG`...
2728 10BE0CD3BDAF438E (           fs.asm):01255         L2728               fcb       $10,$BE,$0C,$D3,$BD,$AF,$43,$8E .>.S=/C.
2730 C74835023086860D (           fs.asm):01256         L2730               fcb       $C7,$48,$35,$02,$30,$86,$86,$0D GH5.0...
2738 AB02C647EB038E0D (           fs.asm):01257         L2738               fcb       $AB,$02,$C6,$47,$EB,$03,$8E,$0D +.FGk...
2740 4710BE0CD37EAF43 (           fs.asm):01258         L2740               fcb       $47,$10,$BE,$0C,$D3,$7E,$AF,$43 G.>.S~/C
2748 03FBFFFD03FBFFFD (           fs.asm):01259         L2748               fcb       $03,$FB,$FF,$FD,$03,$FB,$FF,$FD ........
2750 03FCFFFD03FDFFFD (           fs.asm):01260         L2750               fcb       $03,$FC,$FF,$FD,$03,$FD,$FF,$FD ........
2758 04FE00FC04FE00FC (           fs.asm):01261         L2758               fcb       $04,$FE,$00,$FC,$04,$FE,$00,$FC ........
2760 04FF00FC04FF00FC (           fs.asm):01262         L2760               fcb       $04,$FF,$00,$FC,$04,$FF,$00,$FC ........
2768 040000FC040100FC (           fs.asm):01263         L2768               fcb       $04,$00,$00,$FC,$04,$01,$00,$FC ........
2770 040100FC040200FC (           fs.asm):01264         L2770               fcb       $04,$01,$00,$FC,$04,$02,$00,$FC ........
2778 040200FC040301FD (           fs.asm):01265         L2778               fcb       $04,$02,$00,$FC,$04,$03,$01,$FD ........
2780 030401FD030501FD (           fs.asm):01266         L2780               fcb       $03,$04,$01,$FD,$03,$05,$01,$FD ........
2788 C995C9A5CA9AC8C2 (           fs.asm):01267         L2788               fcb       $C9,$95,$C9,$A5,$CA,$9A,$C8,$C2 I.I%J.HB
2790 C8C2C8C2C8C2C8C2 (           fs.asm):01268         L2790               fcb       $C8,$C2,$C8,$C2,$C8,$C2,$C8,$C2 HBHBHBHB
2798 C8C2C8C2C8C2C8C2 (           fs.asm):01269         L2798               fcb       $C8,$C2,$C8,$C2,$C8,$C2,$C8,$C2 HBHBHBHB
27A0 C8C2C8C2C8C2C8C2 (           fs.asm):01270         L27A0               fcb       $C8,$C2,$C8,$C2,$C8,$C2,$C8,$C2 HBHBHBHB
27A8 C8C2C8C2C8C2C8C2 (           fs.asm):01271         L27A8               fcb       $C8,$C2,$C8,$C2,$C8,$C2,$C8,$C2 HBHBHBHB
27B0 C8C2C8C2C8C2C8C2 (           fs.asm):01272         L27B0               fcb       $C8,$C2,$C8,$C2,$C8,$C2,$C8,$C2 HBHBHBHB
27B8 C8C2C8C2C8C2C8C2 (           fs.asm):01273         L27B8               fcb       $C8,$C2,$C8,$C2,$C8,$C2,$C8,$C2 HBHBHBHB
27C0 C8C2C8C2C8C2C8C2 (           fs.asm):01274         L27C0               fcb       $C8,$C2,$C8,$C2,$C8,$C2,$C8,$C2 HBHBHBHB
27C8 C8C2C8C2C8C2C8C2 (           fs.asm):01275         L27C8               fcb       $C8,$C2,$C8,$C2,$C8,$C2,$C8,$C2 HBHBHBHB
27D0 C8C2C8C2C8C2C8C2 (           fs.asm):01276         L27D0               fcb       $C8,$C2,$C8,$C2,$C8,$C2,$C8,$C2 HBHBHBHB
27D8 C8C2C8C2C8C2C8C2 (           fs.asm):01277         L27D8               fcb       $C8,$C2,$C8,$C2,$C8,$C2,$C8,$C2 HBHBHBHB
27E0 C8C2C8C2C8C2C8C2 (           fs.asm):01278         L27E0               fcb       $C8,$C2,$C8,$C2,$C8,$C2,$C8,$C2 HBHBHBHB
27E8 C8C2C8C2C8C2C8C2 (           fs.asm):01279         L27E8               fcb       $C8,$C2,$C8,$C2,$C8,$C2,$C8,$C2 HBHBHBHB
27F0 C8C2C8C2C8C2C8C2 (           fs.asm):01280         L27F0               fcb       $C8,$C2,$C8,$C2,$C8,$C2,$C8,$C2 HBHBHBHB
27F8 C8C2C8B6C8C2C8C2 (           fs.asm):01281         L27F8               fcb       $C8,$C2,$C8,$B6,$C8,$C2,$C8,$C2 HBH6HBHB
2800 C8C2C8C2C8C2C8C2 (           fs.asm):01282         L2800               fcb       $C8,$C2,$C8,$C2,$C8,$C2,$C8,$C2 HBHBHBHB
2808 CB3CC98FC99FD0B8 (           fs.asm):01283         L2808               fcb       $CB,$3C,$C9,$8F,$C9,$9F,$D0,$B8 K<I.I.P8
2810 CFBCD1A0CCA3CE8A (           fs.asm):01284         L2810               fcb       $CF,$BC,$D1,$A0,$CC,$A3,$CE,$8A O<Q L#N.
2818 C8C2C8DFC8C2CFA5 (           fs.asm):01285         L2818               fcb       $C8,$C2,$C8,$DF,$C8,$C2,$CF,$A5 HBH_HBO%
2820 C8C2D183C8C2C8C2 (           fs.asm):01286         L2820               fcb       $C8,$C2,$D1,$83,$C8,$C2,$C8,$C2 HBQ.HBHB
2828 C8C2C8A2D0B0CFEE (           fs.asm):01287         L2828               fcb       $C8,$C2,$C8,$A2,$D0,$B0,$CF,$EE HBH"P0On
2830 CFF4C8C2C8C2C8C2 (           fs.asm):01288         L2830               fcb       $CF,$F4,$C8,$C2,$C8,$C2,$C8,$C2 OtHBHBHB
2838 C8C9C8F5CFAED16C (           fs.asm):01289         L2838               fcb       $C8,$C9,$C8,$F5,$CF,$AE,$D1,$6C HIHuO.Ql
2840 D174D1CED227C8C2 (           fs.asm):01290         L2840               fcb       $D1,$74,$D1,$CE,$D2,$27,$C8,$C2 QtQNR'HB
2848 D039D045D054D077 (           fs.asm):01291         L2848               fcb       $D0,$39,$D0,$45,$D0,$54,$D0,$77 P9PEPTPw
2850 CD16CFB5C8C2C8C2 (           fs.asm):01292         L2850               fcb       $CD,$16,$CF,$B5,$C8,$C2,$C8,$C2 M.O5HBHB
2858 D08EC8FFC8C2CB58 (           fs.asm):01293         L2858               fcb       $D0,$8E,$C8,$FF,$C8,$C2,$CB,$58 P.H.HBKX
2860 C8C2C8C2C8C2C8F6 (           fs.asm):01294         L2860               fcb       $C8,$C2,$C8,$C2,$C8,$C2,$C8,$F6 HBHBHBHv
2868 C8C2CA74C9B8C9FF (           fs.asm):01295         L2868               fcb       $C8,$C2,$CA,$74,$C9,$B8,$C9,$FF HBJtI8I.
2870 C8C2CB12C8C2C8C2 (           fs.asm):01296         L2870               fcb       $C8,$C2,$CB,$12,$C8,$C2,$C8,$C2 HBK.HBHB
2878 C8C2C8C2C8C2C8C2 (           fs.asm):01297         L2878               fcb       $C8,$C2,$C8,$C2,$C8,$C2,$C8,$C2 HBHBHBHB
2880 C8C2C8C2C8C2C8C2 (           fs.asm):01298         L2880               fcb       $C8,$C2,$C8,$C2,$C8,$C2,$C8,$C2 HBHBHBHB
2888 B6028CB7028DB602 (           fs.asm):01299         L2888               fcb       $B6,$02,$8C,$B7,$02,$8D,$B6,$02 6..7..6.
2890 A3B702A4B6020EB7 (           fs.asm):01300         L2890               fcb       $A3,$B7,$02,$A4,$B6,$02,$0E,$B7 #7.$6..7
2898 020F4FB70282977A (           fs.asm):01301         L2898               fcb       $02,$0F,$4F,$B7,$02,$82,$97,$7A ..O7...z
28A0 DE7BDF7BB6089627 (           fs.asm):01302         L28A0               fcb       $DE,$7B,$DF,$7B,$B6,$08,$96,$27 ^{_{6..'
28A8 03BDF557DE7BE6C0 (           fs.asm):01303         L28A8               fcb       $03,$BD,$F5,$57,$DE,$7B,$E6,$C0 .=uW^{f@
28B0 8EC808586E958600 (           fs.asm):01304         L28B0               fcb       $8E,$C8,$08,$58,$6E,$95,$86,$00 .H.Xn...
28B8 B702A4B7028DB702 (           fs.asm):01305         L28B8               fcb       $B7,$02,$A4,$B7,$02,$8D,$B7,$02 7.$7..7.
28C0 0F39C69034407EB9 (           fs.asm):01306         L28C0               fcb       $0F,$39,$C6,$90,$34,$40,$7E,$B9 .9F.4@~9
28C8 ED3706D37BDD7B34 (           fs.asm):01307         L28C8               fcb       $ED,$37,$06,$D3,$7B,$DD,$7B,$34 m7.S{]{4
28D0 407C0270BDC8A47A (           fs.asm):01308         L28D0               fcb       $40,$7C,$02,$70,$BD,$C8,$A4,$7A @|.p=H$z
28D8 027035407EC8A2AE (           fs.asm):01309         L28D8               fcb       $02,$70,$35,$40,$7E,$C8,$A2,$AE .p5@~H".
28E0 D19F7B344027097C (           fs.asm):01310         L28E0               fcb       $D1,$9F,$7B,$34,$40,$27,$09,$7C Q.{4@'.|
28E8 0270BDC8A47A0270 (           fs.asm):01311         L28E8               fcb       $02,$70,$BD,$C8,$A4,$7A,$02,$70 .p=H$z.p
28F0 35407EC8A23986FF (           fs.asm):01312         L28F0               fcb       $35,$40,$7E,$C8,$A2,$39,$86,$FF 5@~H"9..
28F8 97410FC07EC8A2BD (           fs.asm):01313         L28F8               fcb       $97,$41,$0F,$C0,$7E,$C8,$A2,$BD .A.@~H"=
2900 AED4DF7B96412621 (           fs.asm):01314         L2900               fcb       $AE,$D4,$DF,$7B,$96,$41,$26,$21 .T_{.A&!
2908 8E0029108E00C0EC (           fs.asm):01315         L2908               fcb       $8E,$00,$29,$10,$8E,$00,$C0,$EC ..)...@l
2910 81EDA1EC81EDA1EC (           fs.asm):01316         L2910               fcb       $81,$ED,$A1,$EC,$81,$ED,$A1,$EC .m!l.m!l
2918 81EDA1EC81EDA1A6 (           fs.asm):01317         L2918               fcb       $81,$ED,$A1,$EC,$81,$ED,$A1,$A6 .m!l.m!&
2920 84A7A4BDCC047EC8 (           fs.asm):01318         L2920               fcb       $84,$A7,$A4,$BD,$CC,$04,$7E,$C8 .'$=L.~H
2928 A496C02B03BDE49E (           fs.asm):01319         L2928               fcb       $A4,$96,$C0,$2B,$03,$BD,$E4,$9E $.@+.=d.
2930 0F417EC8A478797A (           fs.asm):01320         L2930               fcb       $0F,$41,$7E,$C8,$A4,$78,$79,$7A .A~H$xyz
2938 798E00B8ADA49641 (           fs.asm):01321         L2938               fcb       $79,$8E,$00,$B8,$AD,$A4,$96,$41 y..8-$.A
2940 2709BDE25996BC97 (           fs.asm):01322         L2940               fcb       $27,$09,$BD,$E2,$59,$96,$BC,$97 '.=bY.<.
2948 C0200ABDE5E096B7 (           fs.asm):01323         L2948               fcb       $C0,$20,$0A,$BD,$E5,$E0,$96,$B7 @ .=e`.7
2950 2603BDD55D8E00B7 (           fs.asm):01324         L2950               fcb       $26,$03,$BD,$D5,$5D,$8E,$00,$B7 &.=U]..7
2958 108E0029EC81EDA1 (           fs.asm):01325         L2958               fcb       $10,$8E,$00,$29,$EC,$81,$ED,$A1 ...)l.m!
2960 EC81EDA1EC81EDA1 (           fs.asm):01326         L2960               fcb       $EC,$81,$ED,$A1,$EC,$81,$ED,$A1 l.m!l.m!
2968 EC81EDA1A684A7A4 (           fs.asm):01327         L2968               fcb       $EC,$81,$ED,$A1,$A6,$84,$A7,$A4 l.m!&.'$
2970 398E00C1ADA49641 (           fs.asm):01328         L2970               fcb       $39,$8E,$00,$C1,$AD,$A4,$96,$41 9..A-$.A
2978 270A96C594C097C0 (           fs.asm):01329         L2978               fcb       $27,$0A,$96,$C5,$94,$C0,$97,$C0 '..E.@.@
2980 BDE32839BDE61B96 (           fs.asm):01330         L2980               fcb       $BD,$E3,$28,$39,$BD,$E6,$1B,$96 =c(9=f..
2988 C02603BDD56D3910 (           fs.asm):01331         L2988               fcb       $C0,$26,$03,$BD,$D5,$6D,$39,$10 @&.=Um9.
2990 8EDBDC2004108ED9 (           fs.asm):01332         L2990               fcb       $8E,$DB,$DC,$20,$04,$10,$8E,$D9 .[\ ...Y
2998 C5BDC9397EC8A410 (           fs.asm):01333         L2998               fcb       $C5,$BD,$C9,$39,$7E,$C8,$A4,$10 E=I9~H$.
29A0 8EDBDC2004108ED9 (           fs.asm):01334         L29A0               fcb       $8E,$DB,$DC,$20,$04,$10,$8E,$D9 .[\ ...Y
29A8 C5BDC97196411026 (           fs.asm):01335         L29A8               fcb       $C5,$BD,$C9,$71,$96,$41,$10,$26 E=Iq.A.&
29B0 FEF2BDCC047EC8A4 (           fs.asm):01336         L29B0               fcb       $FE,$F2,$BD,$CC,$04,$7E,$C8,$A4 .r=L.~H$
29B8 3704DF7BBDCAFF0F (           fs.asm):01337         L29B8               fcb       $37,$04,$DF,$7B,$BD,$CA,$FF,$0F 7._{=J..
29C0 B70F299E4B108E00 (           fs.asm):01338         L29C0               fcb       $B7,$0F,$29,$9E,$4B,$10,$8E,$00 7.).K...
29C8 B8CE002AEC81EDA1 (           fs.asm):01339         L29C8               fcb       $B8,$CE,$00,$2A,$EC,$81,$ED,$A1 8N.*l.m!
29D0 EDC1EC81EDA1EDC1 (           fs.asm):01340         L29D0               fcb       $ED,$C1,$EC,$81,$ED,$A1,$ED,$C1 mAl.m!mA
29D8 EC81EDA1EDC1EC84 (           fs.asm):01341         L29D8               fcb       $EC,$81,$ED,$A1,$ED,$C1,$EC,$84 l.m!mAl.
29E0 EDA4EDC49641260D (           fs.asm):01342         L29E0               fcb       $ED,$A4,$ED,$C4,$96,$41,$26,$0D m$mD.A&.
29E8 96BF2A0696BE97B7 (           fs.asm):01343         L29E8               fcb       $96,$BF,$2A,$06,$96,$BE,$97,$B7 .?*..>.7
29F0 97297EC8A496C597 (           fs.asm):01344         L29F0               fcb       $97,$29,$7E,$C8,$A4,$96,$C5,$97 .)~H$.E.
29F8 C0BDE2597EC8A437 (           fs.asm):01345         L29F8               fcb       $C0,$BD,$E2,$59,$7E,$C8,$A4,$37 @=bY~H$7
2A00 04DF7BBDCAFF9641 (           fs.asm):01346         L2A00               fcb       $04,$DF,$7B,$BD,$CA,$FF,$96,$41 ._{=J..A
2A08 26260FC09E4B108E (           fs.asm):01347         L2A08               fcb       $26,$26,$0F,$C0,$9E,$4B,$10,$8E &&.@.K..
2A10 00C1EC81EDA1EC81 (           fs.asm):01348         L2A10               fcb       $00,$C1,$EC,$81,$ED,$A1,$EC,$81 .Al.m!l.
2A18 EDA1EC81EDA1EC81 (           fs.asm):01349         L2A18               fcb       $ED,$A1,$EC,$81,$ED,$A1,$EC,$81 m!l.m!l.
2A20 EDA196C82A0496C7 (           fs.asm):01350         L2A20               fcb       $ED,$A1,$96,$C8,$2A,$04,$96,$C7 m!.H*..G
2A28 97C0BDCC047EC8A4 (           fs.asm):01351         L2A28               fcb       $97,$C0,$BD,$CC,$04,$7E,$C8,$A4 .@=L.~H$
2A30 9E4B108E00C1EC81 (           fs.asm):01352         L2A30               fcb       $9E,$4B,$10,$8E,$00,$C1,$EC,$81 .K...Al.
2A38 EDA1EC81EDA1EC81 (           fs.asm):01353         L2A38               fcb       $ED,$A1,$EC,$81,$ED,$A1,$EC,$81 m!l.m!l.
2A40 EDA196C594C097C0 (           fs.asm):01354         L2A40               fcb       $ED,$A1,$96,$C5,$94,$C0,$97,$C0 m!.E.@.@
2A48 BDE3287EC8A4BDE5 (           fs.asm):01355         L2A48               fcb       $BD,$E3,$28,$7E,$C8,$A4,$BD,$E5 =c(~H$=e
2A50 E096B72603BDD55D (           fs.asm):01356         L2A50               fcb       $E0,$96,$B7,$26,$03,$BD,$D5,$5D `.7&.=U]
2A58 8E00B7108E0029EC (           fs.asm):01357         L2A58               fcb       $8E,$00,$B7,$10,$8E,$00,$29,$EC ..7...)l
2A60 81EDA1EC81EDA1EC (           fs.asm):01358         L2A60               fcb       $81,$ED,$A1,$EC,$81,$ED,$A1,$EC .m!l.m!l
2A68 81EDA1EC81EDA1A6 (           fs.asm):01359         L2A68               fcb       $81,$ED,$A1,$EC,$81,$ED,$A1,$A6 .m!l.m!&
2A70 84A7A4393704BDCA (           fs.asm):01360         L2A70               fcb       $84,$A7,$A4,$39,$37,$04,$BD,$CA .'$97.=J
2A78 FF8E00C0108E00C9 (           fs.asm):01361         L2A78               fcb       $FF,$8E,$00,$C0,$10,$8E,$00,$C9 ...@...I
2A80 EC81EDA1EC81EDA1 (           fs.asm):01362         L2A80               fcb       $EC,$81,$ED,$A1,$EC,$81,$ED,$A1 l.m!l.m!
2A88 EC81EDA1EC81EDA1 (           fs.asm):01363         L2A88               fcb       $EC,$81,$ED,$A1,$EC,$81,$ED,$A1 l.m!l.m!
2A90 A684A7A4108EDBDC (           fs.asm):01364         L2A90               fcb       $A6,$84,$A7,$A4,$10,$8E,$DB,$DC &.'$..[\
2A98 20243704BDCAFF8E (           fs.asm):01365         L2A98               fcb       $20,$24,$37,$04,$BD,$CA,$FF,$8E $7.=J..
2AA0 00C0108E00C9EC81 (           fs.asm):01366         L2AA0               fcb       $00,$C0,$10,$8E,$00,$C9,$EC,$81 .@...Il.
2AA8 EDA1EC81EDA1EC81 (           fs.asm):01367         L2AA8               fcb       $ED,$A1,$EC,$81,$ED,$A1,$EC,$81 m!l.m!l.
2AB0 EDA1EC81EDA1A684 (           fs.asm):01368         L2AB0               fcb       $ED,$A1,$EC,$81,$ED,$A1,$A6,$84 m!l.m!&.
2AB8 A7A4108ED9C586FF (           fs.asm):01369         L2AB8               fcb       $A7,$A4,$10,$8E,$D9,$C5,$86,$FF '$..YE..
2AC0 97C8BDC97196C027 (           fs.asm):01370         L2AC0               fcb       $97,$C8,$BD,$C9,$71,$96,$C0,$27 .H=Iq.@'
2AC8 0297C78E00C1109E (           fs.asm):01371         L2AC8               fcb       $02,$97,$C7,$8E,$00,$C1,$10,$9E ..G..A..
2AD0 4BEC81EDA1EC81ED (           fs.asm):01372         L2AD0               fcb       $4B,$EC,$81,$ED,$A1,$EC,$81,$ED Kl.m!l.m
2AD8 A1EC81EDA1EC81ED (           fs.asm):01373         L2AD8               fcb       $A1,$EC,$81,$ED,$A1,$EC,$81,$ED !l.m!l.m
2AE0 A18E00C9108E00C0 (           fs.asm):01374         L2AE0               fcb       $A1,$8E,$00,$C9,$10,$8E,$00,$C0 !..I...@
2AE8 EC81EDA1EC81EDA1 (           fs.asm):01375         L2AE8               fcb       $EC,$81,$ED,$A1,$EC,$81,$ED,$A1 l.m!l.m!
2AF0 EC81EDA1EC81EDA1 (           fs.asm):01376         L2AF0               fcb       $EC,$81,$ED,$A1,$EC,$81,$ED,$A1 l.m!l.m!
2AF8 A684A7A47EC8A44F (           fs.asm):01377         L2AF8               fcb       $A6,$84,$A7,$A4,$7E,$C8,$A4,$4F &.'$~H$O
2B00 C11E2302C61D5849 (           fs.asm):01378         L2B00               fcb       $C1,$1E,$23,$02,$C6,$1D,$58,$49 A.#.F.XI
2B08 58495849C308B3DD (           fs.asm):01379         L2B08               fcb       $58,$49,$58,$49,$C3,$08,$B3,$DD XIXIC.3]
2B10 4B393704DF7BBDCA (           fs.asm):01380         L2B10               fcb       $4B,$39,$37,$04,$DF,$7B,$BD,$CA K97._{=J
2B18 FF0FB79E4B108E00 (           fs.asm):01381         L2B18               fcb       $FF,$0F,$B7,$9E,$4B,$10,$8E,$00 ..7.K...
2B20 B8EC81EDA1EC81ED (           fs.asm):01382         L2B20               fcb       $B8,$EC,$81,$ED,$A1,$EC,$81,$ED 8l.m!l.m
2B28 A1EC81EDA1EC81ED (           fs.asm):01383         L2B28               fcb       $A1,$EC,$81,$ED,$A1,$EC,$81,$ED !l.m!l.m
2B30 A196BF2A0E96BE97 (           fs.asm):01384         L2B30               fcb       $A1,$96,$BF,$2A,$0E,$96,$BE,$97 !.?*..>.
2B38 B77ECB43108EDBDC (           fs.asm):01385         L2B38               fcb       $B7,$7E,$CB,$43,$10,$8E,$DB,$DC 7~KC..[\
2B40 BDC93996B71026FD (           fs.asm):01386         L2B40               fcb       $BD,$C9,$39,$96,$B7,$10,$26,$FD =I9.7.&.
2B48 5BBDD55DDCBE10BE (           fs.asm):01387         L2B48               fcb       $5B,$BD,$D5,$5D,$DC,$BE,$10,$BE [=U]\>.>
2B50 0CD9BDAF157EC8A4 (           fs.asm):01388         L2B50               fcb       $0C,$D9,$BD,$AF,$15,$7E,$C8,$A4 .Y=/.~H$
2B58 108ED9C5BDC939DE (           fs.asm):01389         L2B58               fcb       $10,$8E,$D9,$C5,$BD,$C9,$39,$DE ..YE=I9^
2B60 7B108ED9C5BDC971 (           fs.asm):01390         L2B60               fcb       $7B,$10,$8E,$D9,$C5,$BD,$C9,$71 {..YE=Iq
2B68 96B794C026E7964D (           fs.asm):01391         L2B68               fcb       $96,$B7,$94,$C0,$26,$E7,$96,$4D .7.@&g.M
2B70 B102712717240B8E (           fs.asm):01392         L2B70               fcb       $B1,$02,$71,$27,$17,$24,$0B,$8E 1.q'.$..
2B78 00B8BDCBF77A0271 (           fs.asm):01393         L2B78               fcb       $00,$B8,$BD,$CB,$F7,$7A,$02,$71 .8=Kwz.q
2B80 20EC8E00C1BDCBF7 (           fs.asm):01394         L2B80               fcb       $20,$EC,$8E,$00,$C1,$BD,$CB,$F7 l..A=Kw
2B88 0A4D20E2DCC193B8 (           fs.asm):01395         L2B88               fcb       $0A,$4D,$20,$E2,$DC,$C1,$93,$B8 .M b\A.8
2B90 DD89DCC393BADD8B (           fs.asm):01396         L2B90               fcb       $DD,$89,$DC,$C3,$93,$BA,$DD,$8B ].\C.:].
2B98 DCC593BCDD8D8E00 (           fs.asm):01397         L2B98               fcb       $DC,$C5,$93,$BC,$DD,$8D,$8E,$00 \E.<]...
2BA0 89BDCBF7BDCBF7BD (           fs.asm):01398         L2BA0               fcb       $89,$BD,$CB,$F7,$BD,$CB,$F7,$BD .=Kw=Kw=
2BA8 CBF7BDCBF78608B7 (           fs.asm):01399         L2BA8               fcb       $CB,$F7,$BD,$CB,$F7,$86,$08,$B7 Kw=Kw..7
2BB0 0810BDE5E096B726 (           fs.asm):01400         L2BB0               fcb       $08,$10,$BD,$E5,$E0,$96,$B7,$26 ..=e`.7&
2BB8 03BDD55DDCB8D389 (           fs.asm):01401         L2BB8               fcb       $03,$BD,$D5,$5D,$DC,$B8,$D3,$89 .=U]\8S.
2BC0 DDC1DCBAD38BDDC3 (           fs.asm):01402         L2BC0               fcb       $DD,$C1,$DC,$BA,$D3,$8B,$DD,$C3 ]A\:S.]C
2BC8 DCBCD38DDDC5BDE6 (           fs.asm):01403         L2BC8               fcb       $DC,$BC,$D3,$8D,$DD,$C5,$BD,$E6 \<S.]E=f
2BD0 1B96C02603BDD56D (           fs.asm):01404         L2BD0               fcb       $1B,$96,$C0,$26,$03,$BD,$D5,$6D ..@&.=Um
2BD8 BDCC04DCB8D389DD (           fs.asm):01405         L2BD8               fcb       $BD,$CC,$04,$DC,$B8,$D3,$89,$DD =L.\8S.]
2BE0 B8DCBAD38BDDBADC (           fs.asm):01406         L2BE0               fcb       $B8,$DC,$BA,$D3,$8B,$DD,$BA,$DC 8\:S.]:\
2BE8 BCD38DDDBC7A0810 (           fs.asm):01407         L2BE8               fcb       $BC,$D3,$8D,$DD,$BC,$7A,$08,$10 <S.]<z..
2BF0 1026FFBE7EC8A467 (           fs.asm):01408         L2BF0               fcb       $10,$26,$FF,$BE,$7E,$C8,$A4,$67 .&.>~H$g
2BF8 0066016702660367 (           fs.asm):01409         L2BF8               fcb       $00,$66,$01,$67,$02,$66,$03,$67 .f.g.f.g
2C00 0466053996B794C0 (           fs.asm):01410         L2C00               fcb       $04,$66,$05,$39,$96,$B7,$94,$C0 .f.9.7.@
2C08 1026005696B71027 (           fs.asm):01411         L2C08               fcb       $10,$26,$00,$56,$96,$B7,$10,$27 .&.V.7.'
2C10 000CBDE6567C0282 (           fs.asm):01412         L2C10               fcb       $00,$0C,$BD,$E6,$56,$7C,$02,$82 ..=fV|..
2C18 96B71026004496C0 (           fs.asm):01413         L2C18               fcb       $96,$B7,$10,$26,$00,$44,$96,$C0 .7.&.D.@
2C20 102700208E00C010 (           fs.asm):01414         L2C20               fcb       $10,$27,$00,$20,$8E,$00,$C0,$10 .'. ..@.
2C28 8E00C9EC81EDA1EC (           fs.asm):01415         L2C28               fcb       $8E,$00,$C9,$EC,$81,$ED,$A1,$EC ..Il.m!l
2C30 81EDA1EC81EDA1A6 (           fs.asm):01416         L2C30               fcb       $81,$ED,$A1,$EC,$81,$ED,$A1,$A6 .m!l.m!&
2C38 84A7A4BDE69A0C7A (           fs.asm):01417         L2C38               fcb       $84,$A7,$A4,$BD,$E6,$9A,$0C,$7A .'$=f..z
2C40 96C0261EB6028227 (           fs.asm):01418         L2C40               fcb       $96,$C0,$26,$1E,$B6,$02,$82,$27 .@&.6..'
2C48 03BDD55D967A2703 (           fs.asm):01419         L2C48               fcb       $03,$BD,$D5,$5D,$96,$7A,$27,$03 .=U].z'.
2C50 BDD56DDCBEDDD39E (           fs.asm):01420         L2C50               fcb       $BD,$D5,$6D,$DC,$BE,$DD,$D3,$9E =Um\>]S.
2C58 C79FD510BE0CD9BD (           fs.asm):01421         L2C58               fcb       $C7,$9F,$D5,$10,$BE,$0C,$D9,$BD G.U.>.Y=
2C60 AF43967A10270019 (           fs.asm):01422         L2C60               fcb       $AF,$43,$96,$7A,$10,$27,$00,$19 /C.z.'..
2C68 8E00C9108E00B7EC (           fs.asm):01423         L2C68               fcb       $8E,$00,$C9,$10,$8E,$00,$B7,$EC ..I...7l
2C70 81EDA1EC81EDA1EC (           fs.asm):01424         L2C70               fcb       $81,$ED,$A1,$EC,$81,$ED,$A1,$EC .m!l.m!l
2C78 81EDA1A684A7A420 (           fs.asm):01425         L2C78               fcb       $81,$ED,$A1,$A6,$84,$A7,$A4,$20 .m!&.'$
2C80 1B8E00C0108E00B7 (           fs.asm):01426         L2C80               fcb       $1B,$8E,$00,$C0,$10,$8E,$00,$B7 ...@...7
2C88 EC81EDA1EC81EDA1 (           fs.asm):01427         L2C88               fcb       $EC,$81,$ED,$A1,$EC,$81,$ED,$A1 l.m!l.m!
2C90 EC81EDA1EC81EDA1 (           fs.asm):01428         L2C90               fcb       $EC,$81,$ED,$A1,$EC,$81,$ED,$A1 l.m!l.m!
2C98 A684A7A44F977AB7 (           fs.asm):01429         L2C98               fcb       $A6,$84,$A7,$A4,$4F,$97,$7A,$B7 &.'$O.z7
2CA0 0282393716DF7B10 (           fs.asm):01430         L2CA0               fcb       $02,$82,$39,$37,$16,$DF,$7B,$10 ..97._{.
2CA8 BE0CD9BDAF437EC8 (           fs.asm):01431         L2CA8               fcb       $BE,$0C,$D9,$BD,$AF,$43,$7E,$C8 >.Y=/C~H
2CB0 A4D601A3C1D70CDC (           fs.asm):01432         L2CB0               fcb       $A4,$D6,$01,$A3,$C1,$D7,$0C,$DC $V.#AW.\
2CB8 025849090C584909 (           fs.asm):01433         L2CB8               fcb       $02,$58,$49,$09,$0C,$58,$49,$09 .XI..XI.
2CC0 0C5849090C584909 (           fs.asm):01434         L2CC0               fcb       $0C,$58,$49,$09,$0C,$58,$49,$09 .XI..XI.
2CC8 0C970D7D01392705 (           fs.asm):01435         L2CC8               fcb       $0C,$97,$0D,$7D,$01,$39,$27,$05 ...}.9'.
2CD0 F6018B2002D605A3 (           fs.asm):01436         L2CD0               fcb       $F6,$01,$8B,$20,$02,$D6,$05,$A3 v.. .V.#
2CD8 C1D70E7D01392705 (           fs.asm):01437         L2CD8               fcb       $C1,$D7,$0E,$7D,$01,$39,$27,$05 AW.}.9'.
2CE0 FC018C2002DC0658 (           fs.asm):01438         L2CE0               fcb       $FC,$01,$8C,$20,$02,$DC,$06,$58 ... .\.X
2CE8 49090E5849090E58 (           fs.asm):01439         L2CE8               fcb       $49,$09,$0E,$58,$49,$09,$0E,$58 I..XI..X
2CF0 49090E5849090E97 (           fs.asm):01440         L2CF0               fcb       $49,$09,$0E,$58,$49,$09,$0E,$97 I..XI...
2CF8 0FD609A3C1D710DC (           fs.asm):01441         L2CF8               fcb       $0F,$D6,$09,$A3,$C1,$D7,$10,$DC .V.#AW.\
2D00 0A58490910584909 (           fs.asm):01442         L2D00               fcb       $0A,$58,$49,$09,$10,$58,$49,$09 .XI..XI.
2D08 1058490910584909 (           fs.asm):01443         L2D08               fcb       $10,$58,$49,$09,$10,$58,$49,$09 .XI..XI.
2D10 1097111600823702 (           fs.asm):01444         L2D10               fcb       $10,$97,$11,$16,$00,$82,$37,$02 ......7.
2D18 1027002F8004102B (           fs.asm):01445         L2D18               fcb       $10,$27,$00,$2F,$80,$04,$10,$2B .'./...+
2D20 FF8F102700408102 (           fs.asm):01446         L2D20               fcb       $FF,$8F,$10,$27,$00,$40,$81,$02 ...'.@..
2D28 1027007FDC00A3C1 (           fs.asm):01447         L2D28               fcb       $10,$27,$00,$7F,$DC,$00,$A3,$C1 .'.\.#A
2D30 DD0C7D01392705FC (           fs.asm):01448         L2D30               fcb       $DD,$0C,$7D,$01,$39,$27,$05,$FC ].}.9'..
2D38 018A2002DC04A3C1 (           fs.asm):01449         L2D38               fcb       $01,$8A,$20,$02,$DC,$04,$A3,$C1 .. .\.#A
2D40 DD0EDC08A3C1DD10 (           fs.asm):01450         L2D40               fcb       $DD,$0E,$DC,$08,$A3,$C1,$DD,$10 ].\.#A].
2D48 16004DDC02DD0C7D (           fs.asm):01451         L2D48               fcb       $16,$00,$4D,$DC,$02,$DD,$0C,$7D ..M\.].}
2D50 01392705FC018C20 (           fs.asm):01452         L2D50               fcb       $01,$39,$27,$05,$FC,$01,$8C,$20 .9'....
2D58 02DC06DD0EDC0ADD (           fs.asm):01453         L2D58               fcb       $02,$DC,$06,$DD,$0E,$DC,$0A,$DD .\.].\.]
2D60 103346160032D601 (           fs.asm):01454         L2D60               fcb       $10,$33,$46,$16,$00,$32,$D6,$01 .3F..2V.
2D68 A3C1D70C9602970D (           fs.asm):01455         L2D68               fcb       $A3,$C1,$D7,$0C,$96,$02,$97,$0D #AW.....
2D70 7D01392705F6018B (           fs.asm):01456         L2D70               fcb       $7D,$01,$39,$27,$05,$F6,$01,$8B }.9'.v..
2D78 2002D605A3C1D70E (           fs.asm):01457         L2D78               fcb       $20,$02,$D6,$05,$A3,$C1,$D7,$0E .V.#AW.
2D80 7D01392705B6018C (           fs.asm):01458         L2D80               fcb       $7D,$01,$39,$27,$05,$B6,$01,$8C }.9'.6..
2D88 20029606970FD609 (           fs.asm):01459         L2D88               fcb       $20,$02,$96,$06,$97,$0F,$D6,$09 .....V.
2D90 A3C1D710960A9711 (           fs.asm):01460         L2D90               fcb       $A3,$C1,$D7,$10,$96,$0A,$97,$11 #AW.....
2D98 DC0E26020C0F1093 (           fs.asm):01461         L2D98               fcb       $DC,$0E,$26,$02,$0C,$0F,$10,$93 \.&.....
2DA0 532705DD53BDD94A (           fs.asm):01462         L2DA0               fcb       $53,$27,$05,$DD,$53,$BD,$D9,$4A S'.]S=YJ
2DA8 7EC8A2DC00A3C1DD (           fs.asm):01463         L2DA8               fcb       $7E,$C8,$A2,$DC,$00,$A3,$C1,$DD ~H"\.#A]
2DB0 0C960DD602584909 (           fs.asm):01464         L2DB0               fcb       $0C,$96,$0D,$D6,$02,$58,$49,$09 ...V.XI.
2DB8 0C5849090C584909 (           fs.asm):01465         L2DB8               fcb       $0C,$58,$49,$09,$0C,$58,$49,$09 .XI..XI.
2DC0 0C5849090C970D7D (           fs.asm):01466         L2DC0               fcb       $0C,$58,$49,$09,$0C,$97,$0D,$7D .XI....}
2DC8 01392705FC018A20 (           fs.asm):01467         L2DC8               fcb       $01,$39,$27,$05,$FC,$01,$8A,$20 .9'....
2DD0 02DC04A3C1DD0E96 (           fs.asm):01468         L2DD0               fcb       $02,$DC,$04,$A3,$C1,$DD,$0E,$96 .\.#A]..
2DD8 0F7D01392705F601 (           fs.asm):01469         L2DD8               fcb       $0F,$7D,$01,$39,$27,$05,$F6,$01 .}.9'.v.
2DE0 8C2002D606584909 (           fs.asm):01470         L2DE0               fcb       $8C,$20,$02,$D6,$06,$58,$49,$09 . .V.XI.
2DE8 0E5849090E584909 (           fs.asm):01471         L2DE8               fcb       $0E,$58,$49,$09,$0E,$58,$49,$09 .XI..XI.
2DF0 0E5849090E970FDC (           fs.asm):01472         L2DF0               fcb       $0E,$58,$49,$09,$0E,$97,$0F,$DC .XI....\
2DF8 08A3C1DD109611D6 (           fs.asm):01473         L2DF8               fcb       $08,$A3,$C1,$DD,$10,$96,$11,$D6 .#A]...V
2E00 0A58490910584909 (           fs.asm):01474         L2E00               fcb       $0A,$58,$49,$09,$10,$58,$49,$09 .XI..XI.
2E08 1058490910584909 (           fs.asm):01475         L2E08               fcb       $10,$58,$49,$09,$10,$58,$49,$09 .XI..XI.
2E10 10971116FF82DC02 (           fs.asm):01476         L2E10               fcb       $10,$97,$11,$16,$FF,$82,$DC,$02 ......\.
2E18 A3C4DD0CD601E243 (           fs.asm):01477         L2E18               fcb       $A3,$C4,$DD,$0C,$D6,$01,$E2,$43 #D].V.bC
2E20 57060C060D57060C (           fs.asm):01478         L2E20               fcb       $57,$06,$0C,$06,$0D,$57,$06,$0C W....W..
2E28 060D57060C060D57 (           fs.asm):01479         L2E28               fcb       $06,$0D,$57,$06,$0C,$06,$0D,$57 ..W....W
2E30 060C060D3344B601 (           fs.asm):01480         L2E30               fcb       $06,$0C,$06,$0D,$33,$44,$B6,$01 ....3D6.
2E38 39270CFC018CA3C4 (           fs.asm):01481         L2E38               fcb       $39,$27,$0C,$FC,$01,$8C,$A3,$C4 9'....#D
2E40 DD0EF6018B2008DC (           fs.asm):01482         L2E40               fcb       $DD,$0E,$F6,$01,$8B,$20,$08,$DC ].v.. .\
2E48 06A3C4DD0ED605E2 (           fs.asm):01483         L2E48               fcb       $06,$A3,$C4,$DD,$0E,$D6,$05,$E2 .#D].V.b
2E50 4357060E060F5706 (           fs.asm):01484         L2E50               fcb       $43,$57,$06,$0E,$06,$0F,$57,$06 CW....W.
2E58 0E060F57060E060F (           fs.asm):01485         L2E58               fcb       $0E,$06,$0F,$57,$06,$0E,$06,$0F ...W....
2E60 57060E060F3344DC (           fs.asm):01486         L2E60               fcb       $57,$06,$0E,$06,$0F,$33,$44,$DC W....3D\
2E68 0AA3C4DD10D609E2 (           fs.asm):01487         L2E68               fcb       $0A,$A3,$C4,$DD,$10,$D6,$09,$E2 .#D].V.b
2E70 4357061006115706 (           fs.asm):01488         L2E70               fcb       $43,$57,$06,$10,$06,$11,$57,$06 CW....W.
2E78 1006115706100611 (           fs.asm):01489         L2E78               fcb       $10,$06,$11,$57,$06,$10,$06,$11 ...W....
2E80 5706100611334416 (           fs.asm):01490         L2E80               fcb       $57,$06,$10,$06,$11,$33,$44,$16 W....3D.
2E88 FF0E370210270046 (           fs.asm):01491         L2E88               fcb       $FF,$0E,$37,$02,$10,$27,$00,$46 ..7..'.F
2E90 8004102BFF801027 (           fs.asm):01492         L2E90               fcb       $80,$04,$10,$2B,$FF,$80,$10,$27 ...+...'
2E98 0061810210270097 (           fs.asm):01493         L2E98               fcb       $00,$61,$81,$02,$10,$27,$00,$97 .a...'..
2EA0 DC02A3C1DC00E241 (           fs.asm):01494         L2EA0               fcb       $DC,$02,$A3,$C1,$DC,$00,$E2,$41 \.#A\.bA
2EA8 A2C1DD0CB6013927 (           fs.asm):01495         L2EA8               fcb       $A2,$C1,$DD,$0C,$B6,$01,$39,$27 "A].6.9'
2EB0 0AFC018CA3C1FC01 (           fs.asm):01496         L2EB0               fcb       $0A,$FC,$01,$8C,$A3,$C1,$FC,$01 ....#A..
2EB8 8A2006DC06A3C1DC (           fs.asm):01497         L2EB8               fcb       $8A,$20,$06,$DC,$06,$A3,$C1,$DC . .\.#A\
2EC0 04E241A2C1DD0EDC (           fs.asm):01498         L2EC0               fcb       $04,$E2,$41,$A2,$C1,$DD,$0E,$DC .bA"A].\
2EC8 0AA3C1DC08E241A2 (           fs.asm):01499         L2EC8               fcb       $0A,$A3,$C1,$DC,$08,$E2,$41,$A2 .#A\.bA"
2ED0 C1DD1016FEC2DC02 (           fs.asm):01500         L2ED0               fcb       $C1,$DD,$10,$16,$FE,$C2,$DC,$02 A]...B\.
2ED8 A3C1DD0C33427D01 (           fs.asm):01501         L2ED8               fcb       $A3,$C1,$DD,$0C,$33,$42,$7D,$01 #A].3B}.
2EE0 392705FC018C2002 (           fs.asm):01502         L2EE0               fcb       $39,$27,$05,$FC,$01,$8C,$20,$02 9'.... .
2EE8 DC06A3C1DD0E3342 (           fs.asm):01503         L2EE8               fcb       $DC,$06,$A3,$C1,$DD,$0E,$33,$42 \.#A].3B
2EF0 DC0AA3C1DD103342 (           fs.asm):01504         L2EF0               fcb       $DC,$0A,$A3,$C1,$DD,$10,$33,$42 \.#A].3B
2EF8 16FE9D9603A041DC (           fs.asm):01505         L2EF8               fcb       $16,$FE,$9D,$96,$03,$A0,$41,$DC ..... A\
2F00 01E2C4A243DD0C33 (           fs.asm):01506         L2F00               fcb       $01,$E2,$C4,$A2,$43,$DD,$0C,$33 .bD"C].3
2F08 44B60139270AB601 (           fs.asm):01507         L2F08               fcb       $44,$B6,$01,$39,$27,$0A,$B6,$01 D6.9'.6.
2F10 8DA041FC018B2006 (           fs.asm):01508         L2F10               fcb       $8D,$A0,$41,$FC,$01,$8B,$20,$06 . A... .
2F18 9607A041DC05E2C4 (           fs.asm):01509         L2F18               fcb       $96,$07,$A0,$41,$DC,$05,$E2,$C4 .. A\.bD
2F20 A243DD0E3344960B (           fs.asm):01510         L2F20               fcb       $A2,$43,$DD,$0E,$33,$44,$96,$0B "C].3D..
2F28 A041DC09E2C4A243 (           fs.asm):01511         L2F28               fcb       $A0,$41,$DC,$09,$E2,$C4,$A2,$43 A\.bD"C
2F30 DD1033447ECD98DC (           fs.asm):01512         L2F30               fcb       $DD,$10,$33,$44,$7E,$CD,$98,$DC ].3D~M.\
2F38 02A3C1970DDC00E2 (           fs.asm):01513         L2F38               fcb       $02,$A3,$C1,$97,$0D,$DC,$00,$E2 .#A..\.b
2F40 41A2C14756060D47 (           fs.asm):01514         L2F40               fcb       $41,$A2,$C1,$47,$56,$06,$0D,$47 A"AGV..G
2F48 56060D4756060D47 (           fs.asm):01515         L2F48               fcb       $56,$06,$0D,$47,$56,$06,$0D,$47 V..GV..G
2F50 56060DD70CB60139 (           fs.asm):01516         L2F50               fcb       $56,$06,$0D,$D7,$0C,$B6,$01,$39 V..W.6.9
2F58 270CFC018CA3C197 (           fs.asm):01517         L2F58               fcb       $27,$0C,$FC,$01,$8C,$A3,$C1,$97 '....#A.
2F60 0FFC018A2008DC06 (           fs.asm):01518         L2F60               fcb       $0F,$FC,$01,$8A,$20,$08,$DC,$06 .... .\.
2F68 A3C1970FDC04E241 (           fs.asm):01519         L2F68               fcb       $A3,$C1,$97,$0F,$DC,$04,$E2,$41 #A..\.bA
2F70 A2C14756060F4756 (           fs.asm):01520         L2F70               fcb       $A2,$C1,$47,$56,$06,$0F,$47,$56 "AGV..GV
2F78 060F4756060F4756 (           fs.asm):01521         L2F78               fcb       $06,$0F,$47,$56,$06,$0F,$47,$56 ..GV..GV
2F80 060FD70EDC0AA3C1 (           fs.asm):01522         L2F80               fcb       $06,$0F,$D7,$0E,$DC,$0A,$A3,$C1 ..W.\.#A
2F88 9711DC08E241A2C1 (           fs.asm):01523         L2F88               fcb       $97,$11,$DC,$08,$E2,$41,$A2,$C1 ..\.bA"A
2F90 4756061147560611 (           fs.asm):01524         L2F90               fcb       $47,$56,$06,$11,$47,$56,$06,$11 GV..GV..
2F98 4756061147560611 (           fs.asm):01525         L2F98               fcb       $47,$56,$06,$11,$47,$56,$06,$11 GV..GV..
2FA0 D71016FDF33706D3 (           fs.asm):01526         L2FA0               fcb       $D7,$10,$16,$FD,$F3,$37,$06,$D3 W...s7.S
2FA8 7BDD7B7EC8A4ECD1 (           fs.asm):01527         L2FA8               fcb       $7B,$DD,$7B,$7E,$C8,$A4,$EC,$D1 {]{~H$lQ
2FB0 EDD17EC8A23716ED (           fs.asm):01528         L2FB0               fcb       $ED,$D1,$7E,$C8,$A2,$37,$16,$ED mQ~H"7.m
2FB8 847EC8A23706D37B (           fs.asm):01529         L2FB8               fcb       $84,$7E,$C8,$A2,$37,$06,$D3,$7B .~H"7.S{
2FC0 DD7B86F897C9E6C0 (           fs.asm):01530         L2FC0               fcb       $DD,$7B,$86,$F8,$97,$C9,$E6,$C0 ]{.x.If@
2FC8 102B0019BDCAFF9E (           fs.asm):01531         L2FC8               fcb       $10,$2B,$00,$19,$BD,$CA,$FF,$9E .+..=J..
2FD0 4BA6072B07A6C02A (           fs.asm):01532         L2FD0               fcb       $4B,$A6,$07,$2B,$07,$A6,$C0,$2A K&.+.&@*
2FD8 FC7EC8A2A60694C9 (           fs.asm):01533         L2FD8               fcb       $FC,$7E,$C8,$A2,$A6,$06,$94,$C9 .~H"&..I
2FE0 97C916FFE196C910 (           fs.asm):01534         L2FE0               fcb       $97,$C9,$16,$FF,$E1,$96,$C9,$10 .I..a.I.
2FE8 27F8B77EC8A4BDD0 (           fs.asm):01535         L2FE8               fcb       $27,$F8,$B7,$7E,$C8,$A4,$BD,$D0 'x7~H$=P
2FF0 0D7EC8A2BDD00DB6 (           fs.asm):01536         L2FF0               fcb       $0D,$7E,$C8,$A2,$BD,$D0,$0D,$B6 .~H"=P.6
2FF8 01392705FC018A20 (           fs.asm):01537         L2FF8               fcb       $01,$39,$27,$05,$FC,$01,$8A,$20 .9'....
3000 02DC0410A35E102A (           fs.asm):01538         L3000               fcb       $02,$DC,$04,$10,$A3,$5E,$10,$2A .\..#^.*
3008 F89A7EC8A23706D3 (           fs.asm):01539         L3008               fcb       $F8,$9A,$7E,$C8,$A2,$37,$06,$D3 x.~H"7.S
3010 7BDD7B370693082A (           fs.asm):01540         L3010               fcb       $7B,$DD,$7B,$37,$06,$93,$08,$2A {]{7...*
3018 054353C3000110A3 (           fs.asm):01541         L3018               fcb       $05,$43,$53,$C3,$00,$01,$10,$A3 .CSC...#
3020 422A11370693002A (           fs.asm):01542         L3020               fcb       $42,$2A,$11,$37,$06,$93,$00,$2A B*.7...*
3028 054353C3000110A3 (           fs.asm):01543         L3028               fcb       $05,$43,$53,$C3,$00,$01,$10,$A3 .CSC...#
3030 C12A013932627EC8 (           fs.asm):01544         L3030               fcb       $C1,$2A,$01,$39,$32,$62,$7E,$C8 A*.92b~H
3038 A43706D37BDD7BBD (           fs.asm):01545         L3038               fcb       $A4,$37,$06,$D3,$7B,$DD,$7B,$BD $7.S{]{=
3040 D0667EC8A23706D3 (           fs.asm):01546         L3040               fcb       $D0,$66,$7E,$C8,$A2,$37,$06,$D3 Pf~H"7.S
3048 7BDD7BBDD066BDD0 (           fs.asm):01547         L3048               fcb       $7B,$DD,$7B,$BD,$D0,$66,$BD,$D0 {]{=Pf=P
3050 667EC8A23706D37B (           fs.asm):01548         L3050               fcb       $66,$7E,$C8,$A2,$37,$06,$D3,$7B f~H"7.S{
3058 DD7BBDD066BDD066 (           fs.asm):01549         L3058               fcb       $DD,$7B,$BD,$D0,$66,$BD,$D0,$66 ]{=Pf=Pf
3060 BDD0667EC8A2ECD1 (           fs.asm):01550         L3060               fcb       $BD,$D0,$66,$7E,$C8,$A2,$EC,$D1 =Pf~H"lQ
3068 10A3C1102DFFC510 (           fs.asm):01551         L3068               fcb       $10,$A3,$C1,$10,$2D,$FF,$C5,$10 .#A.-.E.
3070 A3C1102EFFBE3937 (           fs.asm):01552         L3070               fcb       $A3,$C1,$10,$2E,$FF,$BE,$39,$37 #A...>97
3078 06D37BDD7BECD1A4 (           fs.asm):01553         L3078               fcb       $06,$D3,$7B,$DD,$7B,$EC,$D1,$A4 .S{]{lQ$
3080 C11026F81DE45F10 (           fs.asm):01554         L3080               fcb       $C1,$10,$26,$F8,$1D,$E4,$5F,$10 A.&x.d_.
3088 27F8197EC8A28ED0 (           fs.asm):01555         L3088               fcb       $27,$F8,$19,$7E,$C8,$A2,$8E,$D0 'x.~H".P
3090 AA3702EC86FDD0A3 (           fs.asm):01556         L3090               fcb       $AA,$37,$02,$EC,$86,$FD,$D0,$A3 *7.l..P#
3098 3706D37BDD7BECD1 (           fs.asm):01557         L3098               fcb       $37,$06,$D3,$7B,$DD,$7B,$EC,$D1 7.S{]{lQ
30A0 10A3D11021F7FD7E (           fs.asm):01558         L30A0               fcb       $10,$A3,$D1,$10,$21,$F7,$FD,$7E .#Q.!w.~
30A8 C8A21027102E102D (           fs.asm):01559         L30A8               fcb       $C8,$A2,$10,$27,$10,$2E,$10,$2D H".'...-
30B0 3702BDAEC87EC8A2 (           fs.asm):01560         L30B0               fcb       $37,$02,$BD,$AE,$C8,$7E,$C8,$A2 7.=.H~H"
30B8 3702BB014ABB0148 (           fs.asm):01561         L30B8               fcb       $37,$02,$BB,$01,$4A,$BB,$01,$48 7.;.J;.H
30C0 438B4197E2BDD3AB (           fs.asm):01562         L30C0               fcb       $43,$8B,$41,$97,$E2,$BD,$D3,$AB C.A.b=S+
30C8 DD9496E2BDD3AEDD (           fs.asm):01563         L30C8               fcb       $DD,$94,$96,$E2,$BD,$D3,$AE,$DD ]..b=S.]
30D0 ABDDB13706DD57DD (           fs.asm):01564         L30D0               fcb       $AB,$DD,$B1,$37,$06,$DD,$57,$DD +]17.]W]
30D8 AFBDD283DD5DFD0E (           fs.asm):01565         L30D8               fcb       $AF,$BD,$D2,$83,$DD,$5D,$FD,$0E /=R.]]..
30E0 034353C30001FD0E (           fs.asm):01566         L30E0               fcb       $03,$43,$53,$C3,$00,$01,$FD,$0E .CSC....
30E8 07DC94DDB1DC57DD (           fs.asm):01567         L30E8               fcb       $07,$DC,$94,$DD,$B1,$DC,$57,$DD .\.]1\W]
30F0 AFBDD283DD60FD0E (           fs.asm):01568         L30F0               fcb       $AF,$BD,$D2,$83,$DD,$60,$FD,$0E /=R.]`..
30F8 014353C30001FD0E (           fs.asm):01569         L30F8               fcb       $01,$43,$53,$C3,$00,$01,$FD,$0E .CSC....
3100 053706DD85DDAFDC (           fs.asm):01570         L3100               fcb       $05,$37,$06,$DD,$85,$DD,$AF,$DC .7.].]/\
3108 ABDDB1BDD283DD63 (           fs.asm):01571         L3108               fcb       $AB,$DD,$B1,$BD,$D2,$83,$DD,$63 +]1=R.]c
3110 DC85DDAFDC94DDB1 (           fs.asm):01572         L3110               fcb       $DC,$85,$DD,$AF,$DC,$94,$DD,$B1 \.]/\.]1
3118 BDD283DD94D35DFD (           fs.asm):01573         L3118               fcb       $BD,$D2,$83,$DD,$94,$D3,$5D,$FD =R.].S].
3120 0DED4353C30001FD (           fs.asm):01574         L3120               fcb       $0D,$ED,$43,$53,$C3,$00,$01,$FD .mCSC...
3128 0DF7DC60D363FD0D (           fs.asm):01575         L3128               fcb       $0D,$F7,$DC,$60,$D3,$63,$FD,$0D .w\`Sc..
3130 F04353C30001FD0D (           fs.asm):01576         L3130               fcb       $F0,$43,$53,$C3,$00,$01,$FD,$0D pCSC....
3138 FADC609363FD0DEB (           fs.asm):01577         L3138               fcb       $FA,$DC,$60,$93,$63,$FD,$0D,$EB z\`.c..k
3140 4353C30001FD0DF5 (           fs.asm):01578         L3140               fcb       $43,$53,$C3,$00,$01,$FD,$0D,$F5 CSC....u
3148 DC5D9394FD0DF243 (           fs.asm):01579         L3148               fcb       $DC,$5D,$93,$94,$FD,$0D,$F2,$43 \]....rC
3150 53C30001FD0DFC34 (           fs.asm):01580         L3150               fcb       $53,$C3,$00,$01,$FD,$0D,$FC,$34 SC.....4
3158 40CC0DE9DD7BCC00 (           fs.asm):01581         L3158               fcb       $40,$CC,$0D,$E9,$DD,$7B,$CC,$00 @L.i]{L.
3160 00FD0178BDC88835 (           fs.asm):01582         L3160               fcb       $00,$FD,$01,$78,$BD,$C8,$88,$35 ...x=H.5
3168 407EC8A286FFBDAE (           fs.asm):01583         L3168               fcb       $40,$7E,$C8,$A2,$86,$FF,$BD,$AE @~H"..=.
3170 C87EC8A2B6013F84 (           fs.asm):01584         L3170               fcb       $C8,$7E,$C8,$A2,$B6,$01,$3F,$84 H~H"6.?.
3178 01260586EEBDAEC8 (           fs.asm):01585         L3178               fcb       $01,$26,$05,$86,$EE,$BD,$AE,$C8 .&..n=.H
3180 7EC8A21F313702B7 (           fs.asm):01586         L3180               fcb       $7E,$C8,$A2,$1F,$31,$37,$02,$B7 ~H".17.7
3188 02493706D37BFD02 (           fs.asm):01587         L3188               fcb       $02,$49,$37,$06,$D3,$7B,$FD,$02 .I7.S{..
3190 473706F7024A3440 (           fs.asm):01588         L3190               fcb       $47,$37,$06,$F7,$02,$4A,$34,$40 G7.w.J4@
3198 BDB8C235407EC8A2 (           fs.asm):01589         L3198               fcb       $BD,$B8,$C2,$35,$40,$7E,$C8,$A2 =8B5@~H"
31A0 30489F7BB6020F27 (           fs.asm):01590         L31A0               fcb       $30,$48,$9F,$7B,$B6,$02,$0F,$27 0H.{6..'
31A8 227F020E370610B3 (           fs.asm):01591         L31A8               fcb       $22,$7F,$02,$0E,$37,$06,$10,$B3 "..7..3
31B0 09A526178E02935F (           fs.asm):01592         L31B0               fcb       $09,$A5,$26,$17,$8E,$02,$93,$5F .%&...._
31B8 3722ED8110AF8137 (           fs.asm):01593         L31B8               fcb       $37,$22,$ED,$81,$10,$AF,$81,$37 7"m../.7
31C0 22ED8110AF818601 (           fs.asm):01594         L31C0               fcb       $22,$ED,$81,$10,$AF,$81,$86,$01 "m../...
31C8 B709A47EC8A4304A (           fs.asm):01595         L31C8               fcb       $B7,$09,$A4,$7E,$C8,$A4,$30,$4A 7.$~H$0J
31D0 9F7BB6028D274D7F (           fs.asm):01596         L31D0               fcb       $9F,$7B,$B6,$02,$8D,$27,$4D,$7F .{6..'M
31D8 028C3440370610B3 (           fs.asm):01597         L31D8               fcb       $02,$8C,$34,$40,$37,$06,$10,$B3 ..4@7..3
31E0 029126198E029B37 (           fs.asm):01598         L31E0               fcb       $02,$91,$26,$19,$8E,$02,$9B,$37 ..&....7
31E8 26ED8110AF813726 (           fs.asm):01599         L31E8               fcb       $26,$ED,$81,$10,$AF,$81,$37,$26 &m../.7&
31F0 ED8110AF818601BA (           fs.asm):01600         L31F0               fcb       $ED,$81,$10,$AF,$81,$86,$01,$BA m../...:
31F8 028EB7028E354034 (           fs.asm):01601         L31F8               fcb       $02,$8E,$B7,$02,$8E,$35,$40,$34 ..7..5@4
3200 40370610B3028F26 (           fs.asm):01602         L3200               fcb       $40,$37,$06,$10,$B3,$02,$8F,$26 @7..3..&
3208 198E02933726ED81 (           fs.asm):01603         L3208               fcb       $19,$8E,$02,$93,$37,$26,$ED,$81 ....7&m.
3210 10AF813726ED8110 (           fs.asm):01604         L3210               fcb       $10,$AF,$81,$37,$26,$ED,$81,$10 ./.7&m..
3218 AF818602BA028EB7 (           fs.asm):01605         L3218               fcb       $AF,$81,$86,$02,$BA,$02,$8E,$B7 /...:..7
3220 028E35407EC8A437 (           fs.asm):01606         L3220               fcb       $02,$8E,$35,$40,$7E,$C8,$A4,$37 ..5@~H$7
3228 06D37BDD7BB602A4 (           fs.asm):01607         L3228               fcb       $06,$D3,$7B,$DD,$7B,$B6,$02,$A4 .S{]{6.$
3230 272E7F02A3ECC110 (           fs.asm):01608         L3230               fcb       $27,$2E,$7F,$02,$A3,$EC,$C1,$10 '..#lA.
3238 83FFFF2603FD0203 (           fs.asm):01609         L3238               fcb       $83,$FF,$FF,$26,$03,$FD,$02,$03 ...&....
3240 10B30203261A8E02 (           fs.asm):01610         L3240               fcb       $10,$B3,$02,$03,$26,$1A,$8E,$02 .3..&...
3248 A53726ED8110AF81 (           fs.asm):01611         L3248               fcb       $A5,$37,$26,$ED,$81,$10,$AF,$81 %7&m../.
3250 3726ED8110AF81FF (           fs.asm):01612         L3250               fcb       $37,$26,$ED,$81,$10,$AF,$81,$FF 7&m../..
3258 02C47F02ADBDEA51 (           fs.asm):01613         L3258               fcb       $02,$C4,$7F,$02,$AD,$BD,$EA,$51 .D.-=jQ
3260 7EC89A4D2A08405D (           fs.asm):01614         L3260               fcb       $7E,$C8,$9A,$4D,$2A,$08,$40,$5D ~H.M*.@]
3268 2A08503D200A5D2A (           fs.asm):01615         L3268               fcb       $2A,$08,$50,$3D,$20,$0A,$5D,$2A *.P= .]*
3270 FA503D4353C30001 (           fs.asm):01616         L3270               fcb       $FA,$50,$3D,$43,$53,$C3,$00,$01 zP=CSC..
3278 39DDB1BDD283DDAF (           fs.asm):01617         L3278               fcb       $39,$DD,$B1,$BD,$D2,$83,$DD,$AF 9]1=R.]/
3280 39DDB1DCAF2A4E43 (           fs.asm):01618         L3280               fcb       $39,$DD,$B1,$DC,$AF,$2A,$4E,$43 9]1\/*NC
3288 53C30001DDAFDCB1 (           fs.asm):01619         L3288               fcb       $53,$C3,$00,$01,$DD,$AF,$DC,$B1 SC..]/\1
3290 2A4E4353C30001DD (           fs.asm):01620         L3290               fcb       $2A,$4E,$43,$53,$C3,$00,$01,$DD *NCSC..]
3298 B196AFD6B13DDD9A (           fs.asm):01621         L3298               fcb       $B1,$96,$AF,$D6,$B1,$3D,$DD,$9A 1./V1=].
32A0 96AFD6B23D9B9BDD (           fs.asm):01622         L32A0               fcb       $96,$AF,$D6,$B2,$3D,$9B,$9B,$DD ./V2=..]
32A8 9B24020C9A96B0D6 (           fs.asm):01623         L32A8               fcb       $9B,$24,$02,$0C,$9A,$96,$B0,$D6 .$....0V
32B0 B13DD39BDD9B2402 (           fs.asm):01624         L32B0               fcb       $B1,$3D,$D3,$9B,$DD,$9B,$24,$02 1=S.].$.
32B8 0C9A96B0D6B23D99 (           fs.asm):01625         L32B8               fcb       $0C,$9A,$96,$B0,$D6,$B2,$3D,$99 ...0V2=.
32C0 9C979CDC9AC90089 (           fs.asm):01626         L32C0               fcb       $9C,$97,$9C,$DC,$9A,$C9,$00,$89 ...\.I..
32C8 00099C5949099CC9 (           fs.asm):01627         L32C8               fcb       $00,$09,$9C,$59,$49,$09,$9C,$C9 ...YI..I
32D0 008900204ADCB12A (           fs.asm):01628         L32D0               fcb       $00,$89,$00,$20,$4A,$DC,$B1,$2A ... J\1*
32D8 C04353C30001DDB1 (           fs.asm):01629         L32D8               fcb       $C0,$43,$53,$C3,$00,$01,$DD,$B1 @CSC..]1
32E0 96AFD6B13DDD9A96 (           fs.asm):01630         L32E0               fcb       $96,$AF,$D6,$B1,$3D,$DD,$9A,$96 ./V1=]..
32E8 AFD6B23D9B9BDD9B (           fs.asm):01631         L32E8               fcb       $AF,$D6,$B2,$3D,$9B,$9B,$DD,$9B /V2=..].
32F0 24020C9A96B0D6B1 (           fs.asm):01632         L32F0               fcb       $24,$02,$0C,$9A,$96,$B0,$D6,$B1 $....0V1
32F8 3DD39BDD9B24020C (           fs.asm):01633         L32F8               fcb       $3D,$D3,$9B,$DD,$9B,$24,$02,$0C =S.].$..
3300 9A96B0D6B23D999C (           fs.asm):01634         L3300               fcb       $9A,$96,$B0,$D6,$B2,$3D,$99,$9C ..0V2=..
3308 979CDC9AC9008900 (           fs.asm):01635         L3308               fcb       $97,$9C,$DC,$9A,$C9,$00,$89,$00 ..\.I...
3310 099C5949099CC900 (           fs.asm):01636         L3310               fcb       $09,$9C,$59,$49,$09,$9C,$C9,$00 ..YI..I.
3318 89004353C3000139 (           fs.asm):01637         L3318               fcb       $89,$00,$43,$53,$C3,$00,$01,$39 ..CSC..9
3320 D6B096B23DDDB596 (           fs.asm):01638         L3320               fcb       $D6,$B0,$96,$B2,$3D,$DD,$B5,$96 V0.2=]5.
3328 B1D6B03DDBB58900 (           fs.asm):01639         L3328               fcb       $B1,$D6,$B0,$3D,$DB,$B5,$89,$00 1V0=[5..
3330 DDB496B2D6AF3D0F (           fs.asm):01640         L3330               fcb       $DD,$B4,$96,$B2,$D6,$AF,$3D,$0F ]4.2V/=.
3338 B3D3B4DDB424020C (           fs.asm):01641         L3338               fcb       $B3,$D3,$B4,$DD,$B4,$24,$02,$0C 3S4]4$..
3340 B396B1D6AF3DD3B3 (           fs.asm):01642         L3340               fcb       $B3,$96,$B1,$D6,$AF,$3D,$D3,$B3 3.1V/=S3
3348 DDB339DDB1BDD320 (           fs.asm):01643         L3348               fcb       $DD,$B3,$39,$DD,$B1,$BD,$D3,$20 ]39]1=S
3350 DCB439DDAF2A1743 (           fs.asm):01644         L3350               fcb       $DC,$B4,$39,$DD,$AF,$2A,$17,$43 \49]/*.C
3358 53C30001DDAFDCB1 (           fs.asm):01645         L3358               fcb       $53,$C3,$00,$01,$DD,$AF,$DC,$B1 SC..]/\1
3360 2A174353C30001DD (           fs.asm):01646         L3360               fcb       $2A,$17,$43,$53,$C3,$00,$01,$DD *.CSC..]
3368 B14F979A200FDCB1 (           fs.asm):01647         L3368               fcb       $B1,$4F,$97,$9A,$20,$0F,$DC,$B1 1O.. .\1
3370 2AF74353C30001DD (           fs.asm):01648         L3370               fcb       $2A,$F7,$43,$53,$C3,$00,$01,$DD *wCSC..]
3378 B186FF979A860F97 (           fs.asm):01649         L3378               fcb       $B1,$86,$FF,$97,$9A,$86,$0F,$97 1.......
3380 DDDCAF1093B12B02 (           fs.asm):01650         L3380               fcb       $DD,$DC,$AF,$10,$93,$B1,$2B,$02 ]\/..1+.
3388 93B109B009AF5849 (           fs.asm):01651         L3388               fcb       $93,$B1,$09,$B0,$09,$AF,$58,$49 .1.0./XI
3390 0ADD26EFDCAF4353 (           fs.asm):01652         L3390               fcb       $0A,$DD,$26,$EF,$DC,$AF,$43,$53 .]&o\/CS
3398 58492A03CC7FFF0D (           fs.asm):01653         L3398               fcb       $58,$49,$2A,$03,$CC,$7F,$FF,$0D XI*.L..
33A0 9A2A054353C30001 (           fs.asm):01654         L33A0               fcb       $9A,$2A,$05,$43,$53,$C3,$00,$01 .*.CSC..
33A8 DDAF395F200D5F20 (           fs.asm):01655         L33A8               fcb       $DD,$AF,$39,$5F,$20,$0D,$5F,$20 ]/9_ ._
33B0 08C4802006C48020 (           fs.asm):01656         L33B0               fcb       $08,$C4,$80,$20,$06,$C4,$80,$20 .D. .D.
33B8 0080408ED4B44D2B (           fs.asm):01657         L33B8               fcb       $00,$80,$40,$8E,$D4,$B4,$4D,$2B ..@.T4M+
33C0 1481402B1C838000 (           fs.asm):01658         L33C0               fcb       $14,$81,$40,$2B,$1C,$83,$80,$00 ..@+....
33C8 4353C300018D1243 (           fs.asm):01659         L33C8               fcb       $43,$53,$C3,$00,$01,$8D,$12,$43 CSC....C
33D0 53C30001394353C3 (           fs.asm):01660         L33D0               fcb       $53,$C3,$00,$01,$39,$43,$53,$C3 SC..9CSC
33D8 00012AE5CC7FFF20 (           fs.asm):01661         L33D8               fcb       $00,$01,$2A,$E5,$CC,$7F,$FF,$20 ..*eL.
33E0 E05D2716C47F1026 (           fs.asm):01662         L33E0               fcb       $E0,$5D,$27,$16,$C4,$7F,$10,$26 `]'.D.&
33E8 001A482B093086EC (           fs.asm):01663         L33E8               fcb       $00,$1A,$48,$2B,$09,$30,$86,$EC ..H+.0.l
33F0 81E384445639CCFE (           fs.asm):01664         L33F0               fcb       $81,$E3,$84,$44,$56,$39,$CC,$FE .c.DV9L.
33F8 6E39482B03EC8639 (           fs.asm):01665         L33F8               fcb       $6E,$39,$48,$2B,$03,$EC,$86,$39 n9H+.l.9
3400 CC00003934063504 (           fs.asm):01666         L3400               fcb       $CC,$00,$00,$39,$34,$06,$35,$04 L..94.5.
3408 583AEC02A384DDAF (           fs.asm):01667         L3408               fcb       $58,$3A,$EC,$02,$A3,$84,$DD,$AF X:l.#.]/
3410 35025FDDB1DCAF2A (           fs.asm):01668         L3410               fcb       $35,$02,$5F,$DD,$B1,$DC,$AF,$2A 5._]1\/*
3418 4E4353C30001DDAF (           fs.asm):01669         L3418               fcb       $4E,$43,$53,$C3,$00,$01,$DD,$AF NCSC..]/
3420 DCB12A4E4353C300 (           fs.asm):01670         L3420               fcb       $DC,$B1,$2A,$4E,$43,$53,$C3,$00 \1*NCSC.
3428 01DDB196AFD6B13D (           fs.asm):01671         L3428               fcb       $01,$DD,$B1,$96,$AF,$D6,$B1,$3D .]1./V1=
3430 DD9A96AFD6B23D9B (           fs.asm):01672         L3430               fcb       $DD,$9A,$96,$AF,$D6,$B2,$3D,$9B ]../V2=.
3438 9BDD9B24020C9A96 (           fs.asm):01673         L3438               fcb       $9B,$DD,$9B,$24,$02,$0C,$9A,$96 .].$....
3440 B0D6B13DD39BDD9B (           fs.asm):01674         L3440               fcb       $B0,$D6,$B1,$3D,$D3,$9B,$DD,$9B 0V1=S.].
3448 24020C9A96B0D6B2 (           fs.asm):01675         L3448               fcb       $24,$02,$0C,$9A,$96,$B0,$D6,$B2 $....0V2
3450 3D999C979CDC9AC9 (           fs.asm):01676         L3450               fcb       $3D,$99,$9C,$97,$9C,$DC,$9A,$C9 =....\.I
3458 008900099C594909 (           fs.asm):01677         L3458               fcb       $00,$89,$00,$09,$9C,$59,$49,$09 .....YI.
3460 9CC9008900204ADC (           fs.asm):01678         L3460               fcb       $9C,$C9,$00,$89,$00,$20,$4A,$DC .I... J\
3468 B12AC04353C30001 (           fs.asm):01679         L3468               fcb       $B1,$2A,$C0,$43,$53,$C3,$00,$01 1*@CSC..
3470 DDB196AFD6B13DDD (           fs.asm):01680         L3470               fcb       $DD,$B1,$96,$AF,$D6,$B1,$3D,$DD ]1./V1=]
3478 9A96AFD6B23D9B9B (           fs.asm):01681         L3478               fcb       $9A,$96,$AF,$D6,$B2,$3D,$9B,$9B ../V2=..
3480 DD9B24020C9A96B0 (           fs.asm):01682         L3480               fcb       $DD,$9B,$24,$02,$0C,$9A,$96,$B0 ].$....0
3488 D6B13DD39BDD9B24 (           fs.asm):01683         L3488               fcb       $D6,$B1,$3D,$D3,$9B,$DD,$9B,$24 V1=S.].$
3490 020C9A96B0D6B23D (           fs.asm):01684         L3490               fcb       $02,$0C,$9A,$96,$B0,$D6,$B2,$3D ....0V2=
3498 999C979CDC9AC900 (           fs.asm):01685         L3498               fcb       $99,$9C,$97,$9C,$DC,$9A,$C9,$00 ....\.I.
34A0 8900099C5949099C (           fs.asm):01686         L34A0               fcb       $89,$00,$09,$9C,$59,$49,$09,$9C ....YI..
34A8 C90089004353C300 (           fs.asm):01687         L34A8               fcb       $C9,$00,$89,$00,$43,$53,$C3,$00 I...CSC.
34B0 01E384397FFF7FF5 (           fs.asm):01688         L34B0               fcb       $01,$E3,$84,$39,$7F,$FF,$7F,$F5 .c.9.u
34B8 7FD87FA67F617F09 (           fs.asm):01689         L34B8               fcb       $7F,$D8,$7F,$A6,$7F,$61,$7F,$09 X&a.
34C0 7E9C7E1D7D897CE3 (           fs.asm):01690         L34C0               fcb       $7E,$9C,$7E,$1D,$7D,$89,$7C,$E3 ~.~.}.|c
34C8 7C297B5C7A7C7989 (           fs.asm):01691         L34C8               fcb       $7C,$29,$7B,$5C,$7A,$7C,$79,$89 |){\z|y.
34D0 7884776B76417504 (           fs.asm):01692         L34D0               fcb       $78,$84,$77,$6B,$76,$41,$75,$04 x.wkvAu.
34D8 73B5725470E26F5E (           fs.asm):01693         L34D8               fcb       $73,$B5,$72,$54,$70,$E2,$6F,$5E s5rTpbo^
34E0 6DC96C236A6D68A6 (           fs.asm):01694         L34E0               fcb       $6D,$C9,$6C,$23,$6A,$6D,$68,$A6 mIl#jmh&
34E8 66CF64E862F160EB (           fs.asm):01695         L34E8               fcb       $66,$CF,$64,$E8,$62,$F1,$60,$EB fOdhbq`k
34F0 5ED75CB35A825842 (           fs.asm):01696         L34F0               fcb       $5E,$D7,$5C,$B3,$5A,$82,$58,$42 ^W\3Z.XB
34F8 55F5539B51334EBF (           fs.asm):01697         L34F8               fcb       $55,$F5,$53,$9B,$51,$33,$4E,$BF UuS.Q3N?
3500 4C3F49B4471C447A (           fs.asm):01698         L3500               fcb       $4C,$3F,$49,$B4,$47,$1C,$44,$7A L?I4G.Dz
3508 41CE3F173C56398C (           fs.asm):01699         L3508               fcb       $41,$CE,$3F,$17,$3C,$56,$39,$8C AN?.<V9.
3510 36BA33DF30FB2E11 (           fs.asm):01700         L3510               fcb       $36,$BA,$33,$DF,$30,$FB,$2E,$11 6:3_0...
3518 2B1F282625282223 (           fs.asm):01701         L3518               fcb       $2B,$1F,$28,$26,$25,$28,$22,$23 +.(&%("#
3520 1F1A1C0B18F915E2 (           fs.asm):01702         L3520               fcb       $1F,$1A,$1C,$0B,$18,$F9,$15,$E2 .....y.b
3528 12C80FAB0C8C096B (           fs.asm):01703         L3528               fcb       $12,$C8,$0F,$AB,$0C,$8C,$09,$6B .H.+...k
3530 064803240000FCDC (           fs.asm):01704         L3530               fcb       $06,$48,$03,$24,$00,$00,$FC,$DC .H.$...\
3538 B607BB1F89840F48 (           fs.asm):01705         L3538               fcb       $B6,$07,$BB,$1F,$89,$84,$0F,$48 6.;....H
3540 4848340254545454 (           fs.asm):01706         L3540               fcb       $48,$48,$34,$02,$54,$54,$54,$54 HH4.TTTT
3548 3AA68097A9A68490 (           fs.asm):01707         L3548               fcb       $3A,$A6,$80,$97,$A9,$A6,$84,$90 :&..)&..
3550 A93504BDD2635849 (           fs.asm):01708         L3550               fcb       $A9,$35,$04,$BD,$D2,$63,$58,$49 )5.=RcXI
3558 9BA9DDAF39DCB8DD (           fs.asm):01709         L3558               fcb       $9B,$A9,$DD,$AF,$39,$DC,$B8,$DD .)]/9\8]
3560 AFDCBCDDB1DCBABD (           fs.asm):01710         L3560               fcb       $AF,$DC,$BC,$DD,$B1,$DC,$BA,$BD /\<]1\:=
3568 D58BDDBE39DCC1DD (           fs.asm):01711         L3568               fcb       $D5,$8B,$DD,$BE,$39,$DC,$C1,$DD U.]>9\A]
3570 AFDCC5DDB1DCC38D (           fs.asm):01712         L3570               fcb       $AF,$DC,$C5,$DD,$B1,$DC,$C3,$8D /\E]1\C.
3578 12DDC739EC01DDAF (           fs.asm):01713         L3578               fcb       $12,$DD,$C7,$39,$EC,$01,$DD,$AF .]G9l.]/
3580 EC05DDB1EC038D03 (           fs.asm):01714         L3580               fcb       $EC,$05,$DD,$B1,$EC,$03,$8D,$03 l.]1l...
3588 ED07398ED6BC8D15 (           fs.asm):01715         L3588               fcb       $ED,$07,$39,$8E,$D6,$BC,$8D,$15 m.9.V<..
3590 4D2A014C80314097 (           fs.asm):01716         L3590               fcb       $4D,$2A,$01,$4C,$80,$31,$40,$97 M*.L.1@.
3598 9A8ED63BDCAF8D05 (           fs.asm):01717         L3598               fcb       $9A,$8E,$D6,$3B,$DC,$AF,$8D,$05 ..V;\/..
35A0 8B50D69A390F90DE (           fs.asm):01718         L35A0               fcb       $8B,$50,$D6,$9A,$39,$0F,$90,$DE .PV.9..^
35A8 B127141093B12607 (           fs.asm):01719         L35A8               fcb       $B1,$27,$14,$10,$93,$B1,$26,$07 1'...1&.
35B0 867F0F927ED62E34 (           fs.asm):01720         L35B0               fcb       $86,$7F,$0F,$92,$7E,$D6,$2E,$34 ...~V.4
35B8 06D3B1260A3506CC (           fs.asm):01721         L35B8               fcb       $06,$D3,$B1,$26,$0A,$35,$06,$CC .S1&.5.L
35C0 7FFFD7927ED62E35 (           fs.asm):01722         L35C0               fcb       $7F,$FF,$D7,$92,$7E,$D6,$2E,$35 .W.~V.5
35C8 0697922A054353C3 (           fs.asm):01723         L35C8               fcb       $06,$97,$92,$2A,$05,$43,$53,$C3 ...*.CSC
35D0 000158491093B12B (           fs.asm):01724         L35D0               fcb       $00,$01,$58,$49,$10,$93,$B1,$2B ..XI..1+
35D8 0293B10990584910 (           fs.asm):01725         L35D8               fcb       $02,$93,$B1,$09,$90,$58,$49,$10 ..1..XI.
35E0 93B12B0293B10990 (           fs.asm):01726         L35E0               fcb       $93,$B1,$2B,$02,$93,$B1,$09,$90 .1+..1..
35E8 58491093B12B0293 (           fs.asm):01727         L35E8               fcb       $58,$49,$10,$93,$B1,$2B,$02,$93 XI..1+..
35F0 B1099058491093B1 (           fs.asm):01728         L35F0               fcb       $B1,$09,$90,$58,$49,$10,$93,$B1 1..XI..1
35F8 2B0293B109905849 (           fs.asm):01729         L35F8               fcb       $2B,$02,$93,$B1,$09,$90,$58,$49 +..1..XI
3600 1093B12B0293B109 (           fs.asm):01730         L3600               fcb       $10,$93,$B1,$2B,$02,$93,$B1,$09 ..1+..1.
3608 9058491093B12B02 (           fs.asm):01731         L3608               fcb       $90,$58,$49,$10,$93,$B1,$2B,$02 .XI..1+.
3610 93B1099058491093 (           fs.asm):01732         L3610               fcb       $93,$B1,$09,$90,$58,$49,$10,$93 .1..XI..
3618 B12B0293B1099058 (           fs.asm):01733         L3618               fcb       $B1,$2B,$02,$93,$B1,$09,$90,$58 1+..1..X
3620 491093B12B0293B1 (           fs.asm):01734         L3620               fcb       $49,$10,$93,$B1,$2B,$02,$93,$B1 I..1+..1
3628 0990969043444D2A (           fs.asm):01735         L3628               fcb       $09,$90,$96,$90,$43,$44,$4D,$2A ....CDM*
3630 02867FA686D6922A (           fs.asm):01736         L3630               fcb       $02,$86,$7F,$A6,$86,$D6,$92,$2A ..&.V.*
3638 0143390000010102 (           fs.asm):01737         L3638               fcb       $01,$43,$39,$00,$00,$01,$01,$02 .C9.....
3640 0303040505060607 (           fs.asm):01738         L3640               fcb       $03,$03,$04,$05,$05,$06,$06,$07 ........
3648 0808090A0A0B0B0C (           fs.asm):01739         L3648               fcb       $08,$08,$09,$0A,$0A,$0B,$0B,$0C ........
3650 0D0D0E0F0F101011 (           fs.asm):01740         L3650               fcb       $0D,$0D,$0E,$0F,$0F,$10,$10,$11 ........
3658 1212131414151516 (           fs.asm):01741         L3658               fcb       $12,$12,$13,$14,$14,$15,$15,$16 ........
3660 17171819191A1A1B (           fs.asm):01742         L3660               fcb       $17,$17,$18,$19,$19,$1A,$1A,$1B ........
3668 1C1C1D1E1E1F1F20 (           fs.asm):01743         L3668               fcb       $1C,$1C,$1D,$1E,$1E,$1F,$1F,$20 .......
3670 2121222323242425 (           fs.asm):01744         L3670               fcb       $21,$21,$22,$23,$23,$24,$24,$25 !!"##$$%
3678 262627282829292A (           fs.asm):01745         L3678               fcb       $26,$26,$27,$28,$28,$29,$29,$2A &&'(())*
3680 2B2B2C2D2D2E2E2F (           fs.asm):01746         L3680               fcb       $2B,$2B,$2C,$2D,$2D,$2E,$2E,$2F ++,--../
3688 3030313232333334 (           fs.asm):01747         L3688               fcb       $30,$30,$31,$32,$32,$33,$33,$34 00122334
3690 3535363737383839 (           fs.asm):01748         L3690               fcb       $35,$35,$36,$37,$37,$38,$38,$39 55677889
3698 3A3A3B3C3C3D3D3E (           fs.asm):01749         L3698               fcb       $3A,$3A,$3B,$3C,$3C,$3D,$3D,$3E ::;<<==>
36A0 3F3F404141424243 (           fs.asm):01750         L36A0               fcb       $3F,$3F,$40,$41,$41,$42,$42,$43 ??@AABBC
36A8 4444454646474748 (           fs.asm):01751         L36A8               fcb       $44,$44,$45,$46,$46,$47,$47,$48 DDEFFGGH
36B0 49494A4B4B4C4C4D (           fs.asm):01752         L36B0               fcb       $49,$49,$4A,$4B,$4B,$4C,$4C,$4D IIJKKLLM
36B8 4E4E4F4F00010102 (           fs.asm):01753         L36B8               fcb       $4E,$4E,$4F,$4F,$00,$01,$01,$02 NNOO....
36C0 0202030303040405 (           fs.asm):01754         L36C0               fcb       $02,$02,$03,$03,$03,$04,$04,$05 ........
36C8 0505060607070708 (           fs.asm):01755         L36C8               fcb       $05,$05,$06,$06,$07,$07,$07,$08 ........
36D0 080809090A0A0A0B (           fs.asm):01756         L36D0               fcb       $08,$08,$09,$09,$0A,$0A,$0A,$0B ........
36D8 0B0B0C0C0D0D0D0E (           fs.asm):01757         L36D8               fcb       $0B,$0B,$0C,$0C,$0D,$0D,$0D,$0E ........
36E0 0E0F0F0F10101011 (           fs.asm):01758         L36E0               fcb       $0E,$0F,$0F,$0F,$10,$10,$10,$11 ........
36E8 1112121213131414 (           fs.asm):01759         L36E8               fcb       $11,$12,$12,$12,$13,$13,$14,$14 ........
36F0 1415151516161717 (           fs.asm):01760         L36F0               fcb       $14,$15,$15,$15,$16,$16,$17,$17 ........
36F8 1718181919191A1A (           fs.asm):01761         L36F8               fcb       $17,$18,$18,$19,$19,$19,$1A,$1A ........
3700 1A1B1B1C1C1C1D1D (           fs.asm):01762         L3700               fcb       $1A,$1B,$1B,$1C,$1C,$1C,$1D,$1D ........
3708 1D1E1E1F1F1F2020 (           fs.asm):01763         L3708               fcb       $1D,$1E,$1E,$1F,$1F,$1F,$20,$20 ......
3710 2121212222222323 (           fs.asm):01764         L3710               fcb       $21,$21,$21,$22,$22,$22,$23,$23 !!!"""##
3718 2424242525262626 (           fs.asm):01765         L3718               fcb       $24,$24,$24,$25,$25,$26,$26,$26 $$$%%&&&
3720 2727272828292929 (           fs.asm):01766         L3720               fcb       $27,$27,$27,$28,$28,$29,$29,$29 '''(()))
3728 2A2A2A2B2B2C2C2C (           fs.asm):01767         L3728               fcb       $2A,$2A,$2A,$2B,$2B,$2C,$2C,$2C ***++,,,
3730 2D2D2E2E2E2F2F2F (           fs.asm):01768         L3730               fcb       $2D,$2D,$2E,$2E,$2E,$2F,$2F,$2F --...///
3738 30303131B6013927 (           fs.asm):01769         L3738               fcb       $30,$30,$31,$31,$B6,$01,$39,$27 00116.9'
3740 16CC4000DD18CC00 (           fs.asm):01770         L3740               fcb       $16,$CC,$40,$00,$DD,$18,$CC,$00 .L@.].L.
3748 00DD1CDC164353C3 (           fs.asm):01771         L3748               fcb       $00,$DD,$1C,$DC,$16,$43,$53,$C3 .].\.CSC
3750 0001DD1A7ED7EAB6 (           fs.asm):01772         L3750               fcb       $00,$01,$DD,$1A,$7E,$D7,$EA,$B6 ..].~Wj6
3758 08392A17DC164353 (           fs.asm):01773         L3758               fcb       $08,$39,$2A,$17,$DC,$16,$43,$53 .9*.\.CS
3760 C30001DD1ACC0000 (           fs.asm):01774         L3760               fcb       $C3,$00,$01,$DD,$1A,$CC,$00,$00 C..].L..
3768 DD1CDC128B40DD18 (           fs.asm):01775         L3768               fcb       $DD,$1C,$DC,$12,$8B,$40,$DD,$18 ].\..@].
3770 7ED7EA4848484897 (           fs.asm):01776         L3770               fcb       $7E,$D7,$EA,$48,$48,$48,$48,$97 ~WjHHHH.
3778 57DC14DDA3DC12DD (           fs.asm):01777         L3778               fcb       $57,$DC,$14,$DD,$A3,$DC,$12,$DD W\.]#\.]
3780 AD9616975696A38B (           fs.asm):01778         L3780               fcb       $AD,$96,$16,$97,$56,$96,$A3,$8B -...V.#.
3788 402A13CC800093AD (           fs.asm):01779         L3788               fcb       $40,$2A,$13,$CC,$80,$00,$93,$AD @*.L...-
3790 DDAD96A3888097A3 (           fs.asm):01780         L3790               fcb       $DD,$AD,$96,$A3,$88,$80,$97,$A3 ]-.#...#
3798 9656888097569656 (           fs.asm):01781         L3798               fcb       $96,$56,$88,$80,$97,$56,$96,$56 .V...V.V
37A0 9B57971C9657BDD3 (           fs.asm):01782         L37A0               fcb       $9B,$57,$97,$1C,$96,$57,$BD,$D3 .W...W=S
37A8 ABDDA79657BDD3AE (           fs.asm):01783         L37A8               fcb       $AB,$DD,$A7,$96,$57,$BD,$D3,$AE +]'.W=S.
37B0 DDABDCA3DDAFDCAB (           fs.asm):01784         L37B0               fcb       $DD,$AB,$DC,$A3,$DD,$AF,$DC,$AB ]+\#]/\+
37B8 DDB1BDD283DD18DC (           fs.asm):01785         L37B8               fcb       $DD,$B1,$BD,$D2,$83,$DD,$18,$DC ]1=R.].\
37C0 ADDDAFDCA7DDB1BD (           fs.asm):01786         L37C0               fcb       $AD,$DD,$AF,$DC,$A7,$DD,$B1,$BD -]/\']1=
37C8 D2839318DD18DCA3 (           fs.asm):01787         L37C8               fcb       $D2,$83,$93,$18,$DD,$18,$DC,$A3 R...].\#
37D0 DDAFDCA7DDB1BDD2 (           fs.asm):01788         L37D0               fcb       $DD,$AF,$DC,$A7,$DD,$B1,$BD,$D2 ]/\']1=R
37D8 83DD1ADCADDDAFDC (           fs.asm):01789         L37D8               fcb       $83,$DD,$1A,$DC,$AD,$DD,$AF,$DC .].\-]/\
37E0 ABDDB1BDD283D31A (           fs.asm):01790         L37E0               fcb       $AB,$DD,$B1,$BD,$D2,$83,$D3,$1A +]1=R.S.
37E8 DD1A961881C02A13 (           fs.asm):01791         L37E8               fcb       $DD,$1A,$96,$18,$81,$C0,$2A,$13 ]....@*.
37F0 CC80009318DD1896 (           fs.asm):01792         L37F0               fcb       $CC,$80,$00,$93,$18,$DD,$18,$96 L....]..
37F8 1A8880971A961C88 (           fs.asm):01793         L37F8               fcb       $1A,$88,$80,$97,$1A,$96,$1C,$88 ........
3800 80971CDC18BDD3B5 (           fs.asm):01794         L3800               fcb       $80,$97,$1C,$DC,$18,$BD,$D3,$B5 ...\.=S5
3808 DDB8DC1ABDD3B5DD (           fs.asm):01795         L3808               fcb       $DD,$B8,$DC,$1A,$BD,$D3,$B5,$DD ]8\.=S5]
3810 BADC1CBDD3B5DDBC (           fs.asm):01796         L3810               fcb       $BA,$DC,$1C,$BD,$D3,$B5,$DD,$BC :\.=S5]<
3818 DC18BDD3B1DD5DDC (           fs.asm):01797         L3818               fcb       $DC,$18,$BD,$D3,$B1,$DD,$5D,$DC \.=S1]]\
3820 1ABDD3B1DDC1DC1C (           fs.asm):01798         L3820               fcb       $1A,$BD,$D3,$B1,$DD,$C1,$DC,$1C .=S1]A\.
3828 BDD3B1DDC3DCC3DD (           fs.asm):01799         L3828               fcb       $BD,$D3,$B1,$DD,$C3,$DC,$C3,$DD =S1]C\C]
3830 AFDCC1DDB1BDD283 (           fs.asm):01800         L3830               fcb       $AF,$DC,$C1,$DD,$B1,$BD,$D2,$83 /\A]1=R.
3838 DDC5DCBCDDAFDCBA (           fs.asm):01801         L3838               fcb       $DD,$C5,$DC,$BC,$DD,$AF,$DC,$BA ]E\<]/\:
3840 DDB1BDD283DD60DC (           fs.asm):01802         L3840               fcb       $DD,$B1,$BD,$D2,$83,$DD,$60,$DC ]1=R.]`\
3848 C3DDAFDCBADDB1BD (           fs.asm):01803         L3848               fcb       $C3,$DD,$AF,$DC,$BA,$DD,$B1,$BD C]/\:]1=
3850 D283DDCADCBCDDAF (           fs.asm):01804         L3850               fcb       $D2,$83,$DD,$CA,$DC,$BC,$DD,$AF R.]J\<]/
3858 DCC1DDB1BDD283DD (           fs.asm):01805         L3858               fcb       $DC,$C1,$DD,$B1,$BD,$D2,$83,$DD \A]1=R.]
3860 CCDCB8DDAFDC60DD (           fs.asm):01806         L3860               fcb       $CC,$DC,$B8,$DD,$AF,$DC,$60,$DD L\8]/\`]
3868 B1BDD283DDCEDCB8 (           fs.asm):01807         L3868               fcb       $B1,$BD,$D2,$83,$DD,$CE,$DC,$B8 1=R.]N\8
3870 DDAFDCCCDDB1BDD2 (           fs.asm):01808         L3870               fcb       $DD,$AF,$DC,$CC,$DD,$B1,$BD,$D2 ]/\L]1=R
3878 83DD63DCCADDAFDC (           fs.asm):01809         L3878               fcb       $83,$DD,$63,$DC,$CA,$DD,$AF,$DC .]c\J]/\
3880 B8DDB1BDD283DD42 (           fs.asm):01810         L3880               fcb       $B8,$DD,$B1,$BD,$D2,$83,$DD,$42 8]1=R.]B
3888 DCB8DDAFDCC5DDB1 (           fs.asm):01811         L3888               fcb       $DC,$B8,$DD,$AF,$DC,$C5,$DD,$B1 \8]/\E]1
3890 BDD283DD45DCC5D3 (           fs.asm):01812         L3890               fcb       $BD,$D2,$83,$DD,$45,$DC,$C5,$D3 =R.]E\ES
3898 CEDD68DC6393CADD (           fs.asm):01813         L3898               fcb       $CE,$DD,$68,$DC,$63,$93,$CA,$DD N]h\c.J]
38A0 6ADCBCDDAFDC5DDD (           fs.asm):01814         L38A0               fcb       $6A,$DC,$BC,$DD,$AF,$DC,$5D,$DD j\<]/\]]
38A8 B1BDD283DD6CDCBA (           fs.asm):01815         L38A8               fcb       $B1,$BD,$D2,$83,$DD,$6C,$DC,$BA 1=R.]l\:
38B0 DDAFDC5DDDB1BDD2 (           fs.asm):01816         L38B0               fcb       $DD,$AF,$DC,$5D,$DD,$B1,$BD,$D2 ]/\]]1=R
38B8 83DD6EDC5DDDAFDC (           fs.asm):01817         L38B8               fcb       $83,$DD,$6E,$DC,$5D,$DD,$AF,$DC .]n\]]/\
38C0 C1DDB1BDD283DD70 (           fs.asm):01818         L38C0               fcb       $C1,$DD,$B1,$BD,$D2,$83,$DD,$70 A]1=R.]p
38C8 DCB84353C30001DD (           fs.asm):01819         L38C8               fcb       $DC,$B8,$43,$53,$C3,$00,$01,$DD \8CSC..]
38D0 72DC4293CCDD74DC (           fs.asm):01820         L38D0               fcb       $72,$DC,$42,$93,$CC,$DD,$74,$DC r\B.L]t\
38D8 60D345DD76DCC3DD (           fs.asm):01821         L38D8               fcb       $60,$D3,$45,$DD,$76,$DC,$C3,$DD `SE]v\C]
38E0 AFDC5DDDB1BDD283 (           fs.asm):01822         L38E0               fcb       $AF,$DC,$5D,$DD,$B1,$BD,$D2,$83 /\]]1=R.
38E8 DD788E0068EC0047 (           fs.asm):01823         L38E8               fcb       $DD,$78,$8E,$00,$68,$EC,$00,$47 ]x..hl.G
38F0 564756ED00EC0647 (           fs.asm):01824         L38F0               fcb       $56,$47,$56,$ED,$00,$EC,$06,$47 VGVm.l.G
38F8 564756ED06EC0C47 (           fs.asm):01825         L38F8               fcb       $56,$47,$56,$ED,$06,$EC,$0C,$47 VGVm.l.G
3900 564756ED0CEC02DD (           fs.asm):01826         L3900               fcb       $56,$47,$56,$ED,$0C,$EC,$02,$DD VGVm.l.]
3908 B1CC5555DDAFBDD2 (           fs.asm):01827         L3908               fcb       $B1,$CC,$55,$55,$DD,$AF,$BD,$D2 1LUU]/=R
3910 83ED02EC08DDB1CC (           fs.asm):01828         L3910               fcb       $83,$ED,$02,$EC,$08,$DD,$B1,$CC .m.l.]1L
3918 5555DDAFBDD283ED (           fs.asm):01829         L3918               fcb       $55,$55,$DD,$AF,$BD,$D2,$83,$ED UU]/=R.m
3920 08EC0EDDB1CC5555 (           fs.asm):01830         L3920               fcb       $08,$EC,$0E,$DD,$B1,$CC,$55,$55 .l.]1LUU
3928 DDAFBDD283ED0EEC (           fs.asm):01831         L3928               fcb       $DD,$AF,$BD,$D2,$83,$ED,$0E,$EC ]/=R.m.l
3930 0447564756ED04EC (           fs.asm):01832         L3930               fcb       $04,$47,$56,$47,$56,$ED,$04,$EC .GVGVm.l
3938 0A47564756ED0AEC (           fs.asm):01833         L3938               fcb       $0A,$47,$56,$47,$56,$ED,$0A,$EC .GVGVm.l
3940 881047564756ED88 (           fs.asm):01834         L3940               fcb       $88,$10,$47,$56,$47,$56,$ED,$88 ..GVGVm.
3948 1039DC6EDDAFBDD9 (           fs.asm):01835         L3948               fcb       $10,$39,$DC,$6E,$DD,$AF,$BD,$D9 .9\n]/=Y
3950 7EDCB3FD004296B5 (           fs.asm):01836         L3950               fcb       $7E,$DC,$B3,$FD,$00,$42,$96,$B5 ~\3..B.5
3958 B70044DC70DDAFBD (           fs.asm):01837         L3958               fcb       $B7,$00,$44,$DC,$70,$DD,$AF,$BD 7.D\p]/=
3960 D97EDCB3FD004596 (           fs.asm):01838         L3960               fcb       $D9,$7E,$DC,$B3,$FD,$00,$45,$96 Y~\3..E.
3968 B5B70047DC72DDAF (           fs.asm):01839         L3968               fcb       $B5,$B7,$00,$47,$DC,$72,$DD,$AF 57.G\r]/
3970 BDD97EDCB3FD0048 (           fs.asm):01840         L3970               fcb       $BD,$D9,$7E,$DC,$B3,$FD,$00,$48 =Y~\3..H
3978 96B5B7004A392A2E (           fs.asm):01841         L3978               fcb       $96,$B5,$B7,$00,$4A,$39,$2A,$2E .57.J9*.
3980 4353C30001DDAFDC (           fs.asm):01842         L3980               fcb       $43,$53,$C3,$00,$01,$DD,$AF,$DC CSC..]/\
3988 0E2A2C4353C30001 (           fs.asm):01843         L3988               fcb       $0E,$2A,$2C,$43,$53,$C3,$00,$01 .*,CSC..
3990 DDB1BDD32008B609 (           fs.asm):01844         L3990               fcb       $DD,$B1,$BD,$D3,$20,$08,$B6,$09 ]1=S .6.
3998 B509B409B303B503 (           fs.asm):01845         L3998               fcb       $B5,$09,$B4,$09,$B3,$03,$B5,$03 5.4.3.5.
39A0 B403B30CB526060C (           fs.asm):01846         L39A0               fcb       $B4,$03,$B3,$0C,$B5,$26,$06,$0C 4.3.5&..
39A8 B426020CB339DC0E (           fs.asm):01847         L39A8               fcb       $B4,$26,$02,$0C,$B3,$39,$DC,$0E 4&..39\.
39B0 2ADE4353C30001DD (           fs.asm):01848         L39B0               fcb       $2A,$DE,$43,$53,$C3,$00,$01,$DD *^CSC..]
39B8 B1BDD32008B609B5 (           fs.asm):01849         L39B8               fcb       $B1,$BD,$D3,$20,$08,$B6,$09,$B5 1=S .6.5
39C0 09B409B339314410 (           fs.asm):01850         L39C0               fcb       $09,$B4,$09,$B3,$39,$31,$44,$10 .4.391D.
39C8 9F7BDC42DD5D9644 (           fs.asm):01851         L39C8               fcb       $9F,$7B,$DC,$42,$DD,$5D,$96,$44 .{\B]].D
39D0 975FDC45DD609647 (           fs.asm):01852         L39D0               fcb       $97,$5F,$DC,$45,$DD,$60,$96,$47 ._\E]`.G
39D8 9762DC48DD63964A (           fs.asm):01853         L39D8               fcb       $97,$62,$DC,$48,$DD,$63,$96,$4A .b\H]c.J
39E0 9765964DB7027186 (           fs.asm):01854         L39E0               fcb       $97,$65,$96,$4D,$B7,$02,$71,$86 .e.M7.q.
39E8 40974D3706930C10 (           fs.asm):01855         L39E8               fcb       $40,$97,$4D,$37,$06,$93,$0C,$10 @.M7....
39F0 290060DD89370693 (           fs.asm):01856         L39F0               fcb       $29,$00,$60,$DD,$89,$37,$06,$93 ).`].7..
39F8 1010290049DD8D96 (           fs.asm):01857         L39F8               fcb       $10,$10,$29,$00,$49,$DD,$8D,$96 ..).I]..
3A00 898B40102B007296 (           fs.asm):01858         L3A00               fcb       $89,$8B,$40,$10,$2B,$00,$72,$96 ..@.+.r.
3A08 8D8B40102B006A96 (           fs.asm):01859         L3A08               fcb       $8D,$8B,$40,$10,$2B,$00,$6A,$96 ..@.+.j.
3A10 5D8B40102B006296 (           fs.asm):01860         L3A10               fcb       $5D,$8B,$40,$10,$2B,$00,$62,$96 ].@.+.b.
3A18 608B40102B005A96 (           fs.asm):01861         L3A18               fcb       $60,$8B,$40,$10,$2B,$00,$5A,$96 `.@.+.Z.
3A20 638B40102B00520C (           fs.asm):01862         L3A20               fcb       $63,$8B,$40,$10,$2B,$00,$52,$0C c.@.+.R.
3A28 4D088A0989088E09 (           fs.asm):01863         L3A28               fcb       $4D,$08,$8A,$09,$89,$08,$8E,$09 M.......
3A30 8D085F095E095D08 (           fs.asm):01864         L3A30               fcb       $8D,$08,$5F,$09,$5E,$09,$5D,$08 .._.^.].
3A38 6209610960086509 (           fs.asm):01865         L3A38               fcb       $62,$09,$61,$09,$60,$08,$65,$09 b.a.`.e.
3A40 64096316FFB94656 (           fs.asm):01866         L3A40               fcb       $64,$09,$63,$16,$FF,$B9,$46,$56 d.c..9FV
3A48 8880DD8D0789068A (           fs.asm):01867         L3A48               fcb       $88,$80,$DD,$8D,$07,$89,$06,$8A ..].....
3A50 7EDA6B46568880DD (           fs.asm):01868         L3A50               fcb       $7E,$DA,$6B,$46,$56,$88,$80,$DD ~ZkFV..]
3A58 8937069310290647 (           fs.asm):01869         L3A58               fcb       $89,$37,$06,$93,$10,$29,$06,$47 .7...).G
3A60 56DD8D2006465688 (           fs.asm):01870         L3A60               fcb       $56,$DD,$8D,$20,$06,$46,$56,$88 V]. .FV.
3A68 80DD8D075D065E07 (           fs.asm):01871         L3A68               fcb       $80,$DD,$8D,$07,$5D,$06,$5E,$07 .]..].^.
3A70 600661076306640A (           fs.asm):01872         L3A70               fcb       $60,$06,$61,$07,$63,$06,$64,$0A `.a.c.d.
3A78 4D9689D6684D2A0A (           fs.asm):01873         L3A78               fcb       $4D,$96,$89,$D6,$68,$4D,$2A,$0A M..VhM*.
3A80 405D2A0A503D5849 (           fs.asm):01874         L3A80               fcb       $40,$5D,$2A,$0A,$50,$3D,$58,$49 @]*.P=XI
3A88 200C5D2AF8503D43 (           fs.asm):01875         L3A88               fcb       $20,$0C,$5D,$2A,$F8,$50,$3D,$43 .]*xP=C
3A90 53C300015849D35D (           fs.asm):01876         L3A90               fcb       $53,$C3,$00,$01,$58,$49,$D3,$5D SC..XIS]
3A98 3401DD5D1F891D35 (           fs.asm):01877         L3A98               fcb       $34,$01,$DD,$5D,$1F,$89,$1D,$35 4.]]...5
3AA0 01280143975F968D (           fs.asm):01878         L3AA0               fcb       $01,$28,$01,$43,$97,$5F,$96,$8D .(.C._..
3AA8 D6744D2A0A405D2A (           fs.asm):01879         L3AA8               fcb       $D6,$74,$4D,$2A,$0A,$40,$5D,$2A VtM*.@]*
3AB0 0A503D5849200C5D (           fs.asm):01880         L3AB0               fcb       $0A,$50,$3D,$58,$49,$20,$0C,$5D .P=XI .]
3AB8 2AF8503D4353C300 (           fs.asm):01881         L3AB8               fcb       $2A,$F8,$50,$3D,$43,$53,$C3,$00 *xP=CSC.
3AC0 0158493402D35DDD (           fs.asm):01882         L3AC0               fcb       $01,$58,$49,$34,$02,$D3,$5D,$DD .XI4.S]]
3AC8 5D35041D995F975F (           fs.asm):01883         L3AC8               fcb       $5D,$35,$04,$1D,$99,$5F,$97,$5F ]5..._._
3AD0 9689D66A4D2A0A40 (           fs.asm):01884         L3AD0               fcb       $96,$89,$D6,$6A,$4D,$2A,$0A,$40 ..VjM*.@
3AD8 5D2A0A503D584920 (           fs.asm):01885         L3AD8               fcb       $5D,$2A,$0A,$50,$3D,$58,$49,$20 ]*.P=XI
3AE0 0C5D2AF8503D4353 (           fs.asm):01886         L3AE0               fcb       $0C,$5D,$2A,$F8,$50,$3D,$43,$53 .]*xP=CS
3AE8 C300015849D36034 (           fs.asm):01887         L3AE8               fcb       $C3,$00,$01,$58,$49,$D3,$60,$34 C..XIS`4
3AF0 01DD601F891D3501 (           fs.asm):01888         L3AF0               fcb       $01,$DD,$60,$1F,$89,$1D,$35,$01 .]`...5.
3AF8 2801439762968DD6 (           fs.asm):01889         L3AF8               fcb       $28,$01,$43,$97,$62,$96,$8D,$D6 (.C.b..V
3B00 764D2A0A405D2A0A (           fs.asm):01890         L3B00               fcb       $76,$4D,$2A,$0A,$40,$5D,$2A,$0A vM*.@]*.
3B08 503D5849200C5D2A (           fs.asm):01891         L3B08               fcb       $50,$3D,$58,$49,$20,$0C,$5D,$2A P=XI .]*
3B10 F8503D4353C30001 (           fs.asm):01892         L3B10               fcb       $F8,$50,$3D,$43,$53,$C3,$00,$01 xP=CSC..
3B18 58493402D360DD60 (           fs.asm):01893         L3B18               fcb       $58,$49,$34,$02,$D3,$60,$DD,$60 XI4.S`]`
3B20 35041D9962976296 (           fs.asm):01894         L3B20               fcb       $35,$04,$1D,$99,$62,$97,$62,$96 5...b.b.
3B28 89D66C4D2A0A405D (           fs.asm):01895         L3B28               fcb       $89,$D6,$6C,$4D,$2A,$0A,$40,$5D .VlM*.@]
3B30 2A0A503D5849200C (           fs.asm):01896         L3B30               fcb       $2A,$0A,$50,$3D,$58,$49,$20,$0C *.P=XI .
3B38 5D2AF8503D4353C3 (           fs.asm):01897         L3B38               fcb       $5D,$2A,$F8,$50,$3D,$43,$53,$C3 ]*xP=CSC
3B40 00015849D3633401 (           fs.asm):01898         L3B40               fcb       $00,$01,$58,$49,$D3,$63,$34,$01 ..XISc4.
3B48 DD631F891D350128 (           fs.asm):01899         L3B48               fcb       $DD,$63,$1F,$89,$1D,$35,$01,$28 ]c...5.(
3B50 01439765968DD678 (           fs.asm):01900         L3B50               fcb       $01,$43,$97,$65,$96,$8D,$D6,$78 .C.e..Vx
3B58 4D2A0A405D2A0A50 (           fs.asm):01901         L3B58               fcb       $4D,$2A,$0A,$40,$5D,$2A,$0A,$50 M*.@]*.P
3B60 3D5849200C5D2AF8 (           fs.asm):01902         L3B60               fcb       $3D,$58,$49,$20,$0C,$5D,$2A,$F8 =XI .]*x
3B68 503D4353C3000158 (           fs.asm):01903         L3B68               fcb       $50,$3D,$43,$53,$C3,$00,$01,$58 P=CSC..X
3B70 493402D363DD6335 (           fs.asm):01904         L3B70               fcb       $49,$34,$02,$D3,$63,$DD,$63,$35 I4.Sc]c5
3B78 041D99659765965F (           fs.asm):01905         L3B78               fcb       $04,$1D,$99,$65,$97,$65,$96,$5F ...e.e._
3B80 98629865270481FF (           fs.asm):01906         L3B80               fcb       $98,$62,$98,$65,$27,$04,$81,$FF .b.e'...
3B88 2614965F985D2B10 (           fs.asm):01907         L3B88               fcb       $26,$14,$96,$5F,$98,$5D,$2B,$10 &.._.]+.
3B90 966298602B0A9665 (           fs.asm):01908         L3B90               fcb       $96,$62,$98,$60,$2B,$0A,$96,$65 .b.`+..e
3B98 98632B0420088D27 (           fs.asm):01909         L3B98               fcb       $98,$63,$2B,$04,$20,$08,$8D,$27 .c+. ..'
3BA0 8D258D232014965D (           fs.asm):01910         L3BA0               fcb       $8D,$25,$8D,$23,$20,$14,$96,$5D .%.# ..]
3BA8 8B402B0C96608B40 (           fs.asm):01911         L3BA8               fcb       $8B,$40,$2B,$0C,$96,$60,$8B,$40 .@+..`.@
3BB0 2B0696638B402A02 (           fs.asm):01912         L3BB0               fcb       $2B,$06,$96,$63,$8B,$40,$2A,$02 +..c.@*.
3BB8 8D0DDC5DED81DC60 (           fs.asm):01913         L3BB8               fcb       $8D,$0D,$DC,$5D,$ED,$81,$DC,$60 ..\]m.\`
3BC0 ED81DC63ED843904 (           fs.asm):01914         L3BC0               fcb       $ED,$81,$DC,$63,$ED,$84,$39,$04 m.\cm.9.
3BC8 5F065D065E046206 (           fs.asm):01915         L3BC8               fcb       $5F,$06,$5D,$06,$5E,$04,$62,$06 _.].^.b.
3BD0 6006610465066306 (           fs.asm):01916         L3BD0               fcb       $60,$06,$61,$04,$65,$06,$63,$06 `.a.e.c.
3BD8 640A4D393146109F (           fs.asm):01917         L3BD8               fcb       $64,$0A,$4D,$39,$31,$46,$10,$9F d.M91F..
3BE0 7B3706930C102906 (           fs.asm):01918         L3BE0               fcb       $7B,$37,$06,$93,$0C,$10,$29,$06 {7....).
3BE8 2CDD893706930E10 (           fs.asm):01919         L3BE8               fcb       $2C,$DD,$89,$37,$06,$93,$0E,$10 ,].7....
3BF0 29064DDD8B370693 (           fs.asm):01920         L3BF0               fcb       $29,$06,$4D,$DD,$8B,$37,$06,$93 ).M].7..
3BF8 101029064DDD8D96 (           fs.asm):01921         L3BF8               fcb       $10,$10,$29,$06,$4D,$DD,$8D,$96 ..).M]..
3C00 898B402B0C968B8B (           fs.asm):01922         L3C00               fcb       $89,$8B,$40,$2B,$0C,$96,$8B,$8B ..@+....
3C08 402B06968D8B402A (           fs.asm):01923         L3C08               fcb       $40,$2B,$06,$96,$8D,$8B,$40,$2A @+....@*
3C10 0C0789068A078B06 (           fs.asm):01924         L3C10               fcb       $0C,$07,$89,$06,$8A,$07,$8B,$06 ........
3C18 8C078D068E4F974D (           fs.asm):01925         L3C18               fcb       $8C,$07,$8D,$06,$8E,$4F,$97,$4D .....O.M
3C20 974EDC89DDAFDC68 (           fs.asm):01926         L3C20               fcb       $97,$4E,$DC,$89,$DD,$AF,$DC,$68 .N\.]/\h
3C28 DDB1DCAF2A4E4353 (           fs.asm):01927         L3C28               fcb       $DD,$B1,$DC,$AF,$2A,$4E,$43,$53 ]1\/*NCS
3C30 C30001DDAFDCB12A (           fs.asm):01928         L3C30               fcb       $C3,$00,$01,$DD,$AF,$DC,$B1,$2A C..]/\1*
3C38 4E4353C30001DDB1 (           fs.asm):01929         L3C38               fcb       $4E,$43,$53,$C3,$00,$01,$DD,$B1 NCSC..]1
3C40 96AFD6B13DDD9A96 (           fs.asm):01930         L3C40               fcb       $96,$AF,$D6,$B1,$3D,$DD,$9A,$96 ./V1=]..
3C48 AFD6B23D9B9BDD9B (           fs.asm):01931         L3C48               fcb       $AF,$D6,$B2,$3D,$9B,$9B,$DD,$9B /V2=..].
3C50 24020C9A96B0D6B1 (           fs.asm):01932         L3C50               fcb       $24,$02,$0C,$9A,$96,$B0,$D6,$B1 $....0V1
3C58 3DD39BDD9B24020C (           fs.asm):01933         L3C58               fcb       $3D,$D3,$9B,$DD,$9B,$24,$02,$0C =S.].$..
3C60 9A96B0D6B23D999C (           fs.asm):01934         L3C60               fcb       $9A,$96,$B0,$D6,$B2,$3D,$99,$9C ..0V2=..
3C68 979CDC9AC9008900 (           fs.asm):01935         L3C68               fcb       $97,$9C,$DC,$9A,$C9,$00,$89,$00 ..\.I...
3C70 099C5949099CC900 (           fs.asm):01936         L3C70               fcb       $09,$9C,$59,$49,$09,$9C,$C9,$00 ..YI..I.
3C78 8900204ADCB12AC0 (           fs.asm):01937         L3C78               fcb       $89,$00,$20,$4A,$DC,$B1,$2A,$C0 .. J\1*@
3C80 4353C30001DDB196 (           fs.asm):01938         L3C80               fcb       $43,$53,$C3,$00,$01,$DD,$B1,$96 CSC..]1.
3C88 AFD6B13DDD9A96AF (           fs.asm):01939         L3C88               fcb       $AF,$D6,$B1,$3D,$DD,$9A,$96,$AF /V1=]../
3C90 D6B23D9B9BDD9B24 (           fs.asm):01940         L3C90               fcb       $D6,$B2,$3D,$9B,$9B,$DD,$9B,$24 V2=..].$
3C98 020C9A96B0D6B13D (           fs.asm):01941         L3C98               fcb       $02,$0C,$9A,$96,$B0,$D6,$B1,$3D ....0V1=
3CA0 D39BDD9B24020C9A (           fs.asm):01942         L3CA0               fcb       $D3,$9B,$DD,$9B,$24,$02,$0C,$9A S.].$...
3CA8 96B0D6B23D999C97 (           fs.asm):01943         L3CA8               fcb       $96,$B0,$D6,$B2,$3D,$99,$9C,$97 .0V2=...
3CB0 9CDC9AC900890009 (           fs.asm):01944         L3CB0               fcb       $9C,$DC,$9A,$C9,$00,$89,$00,$09 .\.I....
3CB8 9C5949099CC90089 (           fs.asm):01945         L3CB8               fcb       $9C,$59,$49,$09,$9C,$C9,$00,$89 .YI..I..
3CC0 004353C30001ED84 (           fs.asm):01946         L3CC0               fcb       $00,$43,$53,$C3,$00,$01,$ED,$84 .CSC..m.
3CC8 DC8BDDAFDC6EDDB1 (           fs.asm):01947         L3CC8               fcb       $DC,$8B,$DD,$AF,$DC,$6E,$DD,$B1 \.]/\n]1
3CD0 DCAF2A4E4353C300 (           fs.asm):01948         L3CD0               fcb       $DC,$AF,$2A,$4E,$43,$53,$C3,$00 \/*NCSC.
3CD8 01DDAFDCB12A4E43 (           fs.asm):01949         L3CD8               fcb       $01,$DD,$AF,$DC,$B1,$2A,$4E,$43 .]/\1*NC
3CE0 53C30001DDB196AF (           fs.asm):01950         L3CE0               fcb       $53,$C3,$00,$01,$DD,$B1,$96,$AF SC..]1./
3CE8 D6B13DDD9A96AFD6 (           fs.asm):01951         L3CE8               fcb       $D6,$B1,$3D,$DD,$9A,$96,$AF,$D6 V1=]../V
3CF0 B23D9B9BDD9B2402 (           fs.asm):01952         L3CF0               fcb       $B2,$3D,$9B,$9B,$DD,$9B,$24,$02 2=..].$.
3CF8 0C9A96B0D6B13DD3 (           fs.asm):01953         L3CF8               fcb       $0C,$9A,$96,$B0,$D6,$B1,$3D,$D3 ...0V1=S
3D00 9BDD9B24020C9A96 (           fs.asm):01954         L3D00               fcb       $9B,$DD,$9B,$24,$02,$0C,$9A,$96 .].$....
3D08 B0D6B23D999C979C (           fs.asm):01955         L3D08               fcb       $B0,$D6,$B2,$3D,$99,$9C,$97,$9C 0V2=....
3D10 DC9AC9008900099C (           fs.asm):01956         L3D10               fcb       $DC,$9A,$C9,$00,$89,$00,$09,$9C \.I.....
3D18 5949099CC9008900 (           fs.asm):01957         L3D18               fcb       $59,$49,$09,$9C,$C9,$00,$89,$00 YI..I...
3D20 204ADCB12AC04353 (           fs.asm):01958         L3D20               fcb       $20,$4A,$DC,$B1,$2A,$C0,$43,$53 J\1*@CS
3D28 C30001DDB196AFD6 (           fs.asm):01959         L3D28               fcb       $C3,$00,$01,$DD,$B1,$96,$AF,$D6 C..]1./V
3D30 B13DDD9A96AFD6B2 (           fs.asm):01960         L3D30               fcb       $B1,$3D,$DD,$9A,$96,$AF,$D6,$B2 1=]../V2
3D38 3D9B9BDD9B24020C (           fs.asm):01961         L3D38               fcb       $3D,$9B,$9B,$DD,$9B,$24,$02,$0C =..].$..
3D40 9A96B0D6B13DD39B (           fs.asm):01962         L3D40               fcb       $9A,$96,$B0,$D6,$B1,$3D,$D3,$9B ..0V1=S.
3D48 DD9B24020C9A96B0 (           fs.asm):01963         L3D48               fcb       $DD,$9B,$24,$02,$0C,$9A,$96,$B0 ].$....0
3D50 D6B23D999C979CDC (           fs.asm):01964         L3D50               fcb       $D6,$B2,$3D,$99,$9C,$97,$9C,$DC V2=....\
3D58 9AC9008900099C59 (           fs.asm):01965         L3D58               fcb       $9A,$C9,$00,$89,$00,$09,$9C,$59 .I.....Y
3D60 49099CC900890043 (           fs.asm):01966         L3D60               fcb       $49,$09,$9C,$C9,$00,$89,$00,$43 I..I...C
3D68 53C30001E384ED84 (           fs.asm):01967         L3D68               fcb       $53,$C3,$00,$01,$E3,$84,$ED,$84 SC..c.m.
3D70 DC8DDDAFDC74DDB1 (           fs.asm):01968         L3D70               fcb       $DC,$8D,$DD,$AF,$DC,$74,$DD,$B1 \.]/\t]1
3D78 DCAF2A4E4353C300 (           fs.asm):01969         L3D78               fcb       $DC,$AF,$2A,$4E,$43,$53,$C3,$00 \/*NCSC.
3D80 01DDAFDCB12A4E43 (           fs.asm):01970         L3D80               fcb       $01,$DD,$AF,$DC,$B1,$2A,$4E,$43 .]/\1*NC
3D88 53C30001DDB196AF (           fs.asm):01971         L3D88               fcb       $53,$C3,$00,$01,$DD,$B1,$96,$AF SC..]1./
3D90 D6B13DDD9A96AFD6 (           fs.asm):01972         L3D90               fcb       $D6,$B1,$3D,$DD,$9A,$96,$AF,$D6 V1=]../V
3D98 B23D9B9BDD9B2402 (           fs.asm):01973         L3D98               fcb       $B2,$3D,$9B,$9B,$DD,$9B,$24,$02 2=..].$.
3DA0 0C9A96B0D6B13DD3 (           fs.asm):01974         L3DA0               fcb       $0C,$9A,$96,$B0,$D6,$B1,$3D,$D3 ...0V1=S
3DA8 9BDD9B24020C9A96 (           fs.asm):01975         L3DA8               fcb       $9B,$DD,$9B,$24,$02,$0C,$9A,$96 .].$....
3DB0 B0D6B23D999C979C (           fs.asm):01976         L3DB0               fcb       $B0,$D6,$B2,$3D,$99,$9C,$97,$9C 0V2=....
3DB8 DC9AC9008900099C (           fs.asm):01977         L3DB8               fcb       $DC,$9A,$C9,$00,$89,$00,$09,$9C \.I.....
3DC0 5949099CC9008900 (           fs.asm):01978         L3DC0               fcb       $59,$49,$09,$9C,$C9,$00,$89,$00 YI..I...
3DC8 204ADCB12AC04353 (           fs.asm):01979         L3DC8               fcb       $20,$4A,$DC,$B1,$2A,$C0,$43,$53 J\1*@CS
3DD0 C30001DDB196AFD6 (           fs.asm):01980         L3DD0               fcb       $C3,$00,$01,$DD,$B1,$96,$AF,$D6 C..]1./V
3DD8 B13DDD9A96AFD6B2 (           fs.asm):01981         L3DD8               fcb       $B1,$3D,$DD,$9A,$96,$AF,$D6,$B2 1=]../V2
3DE0 3D9B9BDD9B24020C (           fs.asm):01982         L3DE0               fcb       $3D,$9B,$9B,$DD,$9B,$24,$02,$0C =..].$..
3DE8 9A96B0D6B13DD39B (           fs.asm):01983         L3DE8               fcb       $9A,$96,$B0,$D6,$B1,$3D,$D3,$9B ..0V1=S.
3DF0 DD9B24020C9A96B0 (           fs.asm):01984         L3DF0               fcb       $DD,$9B,$24,$02,$0C,$9A,$96,$B0 ].$....0
3DF8 D6B23D999C979CDC (           fs.asm):01985         L3DF8               fcb       $D6,$B2,$3D,$99,$9C,$97,$9C,$DC V2=....\
3E00 9AC9008900099C59 (           fs.asm):01986         L3E00               fcb       $9A,$C9,$00,$89,$00,$09,$9C,$59 .I.....Y
3E08 49099CC900890043 (           fs.asm):01987         L3E08               fcb       $49,$09,$9C,$C9,$00,$89,$00,$43 I..I...C
3E10 53C30001E384ED81 (           fs.asm):01988         L3E10               fcb       $53,$C3,$00,$01,$E3,$84,$ED,$81 SC..c.m.
3E18 DC89DDAFDC6ADDB1 (           fs.asm):01989         L3E18               fcb       $DC,$89,$DD,$AF,$DC,$6A,$DD,$B1 \.]/\j]1
3E20 DCAF2A4E4353C300 (           fs.asm):01990         L3E20               fcb       $DC,$AF,$2A,$4E,$43,$53,$C3,$00 \/*NCSC.
3E28 01DDAFDCB12A4E43 (           fs.asm):01991         L3E28               fcb       $01,$DD,$AF,$DC,$B1,$2A,$4E,$43 .]/\1*NC
3E30 53C30001DDB196AF (           fs.asm):01992         L3E30               fcb       $53,$C3,$00,$01,$DD,$B1,$96,$AF SC..]1./
3E38 D6B13DDD9A96AFD6 (           fs.asm):01993         L3E38               fcb       $D6,$B1,$3D,$DD,$9A,$96,$AF,$D6 V1=]../V
3E40 B23D9B9BDD9B2402 (           fs.asm):01994         L3E40               fcb       $B2,$3D,$9B,$9B,$DD,$9B,$24,$02 2=..].$.
3E48 0C9A96B0D6B13DD3 (           fs.asm):01995         L3E48               fcb       $0C,$9A,$96,$B0,$D6,$B1,$3D,$D3 ...0V1=S
3E50 9BDD9B24020C9A96 (           fs.asm):01996         L3E50               fcb       $9B,$DD,$9B,$24,$02,$0C,$9A,$96 .].$....
3E58 B0D6B23D999C979C (           fs.asm):01997         L3E58               fcb       $B0,$D6,$B2,$3D,$99,$9C,$97,$9C 0V2=....
3E60 DC9AC9008900099C (           fs.asm):01998         L3E60               fcb       $DC,$9A,$C9,$00,$89,$00,$09,$9C \.I.....
3E68 5949099CC9008900 (           fs.asm):01999         L3E68               fcb       $59,$49,$09,$9C,$C9,$00,$89,$00 YI..I...
3E70 204ADCB12AC04353 (           fs.asm):02000         L3E70               fcb       $20,$4A,$DC,$B1,$2A,$C0,$43,$53 J\1*@CS
3E78 C30001DDB196AFD6 (           fs.asm):02001         L3E78               fcb       $C3,$00,$01,$DD,$B1,$96,$AF,$D6 C..]1./V
3E80 B13DDD9A96AFD6B2 (           fs.asm):02002         L3E80               fcb       $B1,$3D,$DD,$9A,$96,$AF,$D6,$B2 1=]../V2
3E88 3D9B9BDD9B24020C (           fs.asm):02003         L3E88               fcb       $3D,$9B,$9B,$DD,$9B,$24,$02,$0C =..].$..
3E90 9A96B0D6B13DD39B (           fs.asm):02004         L3E90               fcb       $9A,$96,$B0,$D6,$B1,$3D,$D3,$9B ..0V1=S.
3E98 DD9B24020C9A96B0 (           fs.asm):02005         L3E98               fcb       $DD,$9B,$24,$02,$0C,$9A,$96,$B0 ].$....0
3EA0 D6B23D999C979CDC (           fs.asm):02006         L3EA0               fcb       $D6,$B2,$3D,$99,$9C,$97,$9C,$DC V2=....\
3EA8 9AC9008900099C59 (           fs.asm):02007         L3EA8               fcb       $9A,$C9,$00,$89,$00,$09,$9C,$59 .I.....Y
3EB0 49099CC900890043 (           fs.asm):02008         L3EB0               fcb       $49,$09,$9C,$C9,$00,$89,$00,$43 I..I...C
3EB8 53C30001ED84DC8B (           fs.asm):02009         L3EB8               fcb       $53,$C3,$00,$01,$ED,$84,$DC,$8B SC..m.\.
3EC0 DDAFDC70DDB1DCAF (           fs.asm):02010         L3EC0               fcb       $DD,$AF,$DC,$70,$DD,$B1,$DC,$AF ]/\p]1\/
3EC8 2A4E4353C30001DD (           fs.asm):02011         L3EC8               fcb       $2A,$4E,$43,$53,$C3,$00,$01,$DD *NCSC..]
3ED0 AFDCB12A4E4353C3 (           fs.asm):02012         L3ED0               fcb       $AF,$DC,$B1,$2A,$4E,$43,$53,$C3 /\1*NCSC
3ED8 0001DDB196AFD6B1 (           fs.asm):02013         L3ED8               fcb       $00,$01,$DD,$B1,$96,$AF,$D6,$B1 ..]1./V1
3EE0 3DDD9A96AFD6B23D (           fs.asm):02014         L3EE0               fcb       $3D,$DD,$9A,$96,$AF,$D6,$B2,$3D =]../V2=
3EE8 9B9BDD9B24020C9A (           fs.asm):02015         L3EE8               fcb       $9B,$9B,$DD,$9B,$24,$02,$0C,$9A ..].$...
3EF0 96B0D6B13DD39BDD (           fs.asm):02016         L3EF0               fcb       $96,$B0,$D6,$B1,$3D,$D3,$9B,$DD .0V1=S.]
3EF8 9B24020C9A96B0D6 (           fs.asm):02017         L3EF8               fcb       $9B,$24,$02,$0C,$9A,$96,$B0,$D6 .$....0V
3F00 B23D999C979CDC9A (           fs.asm):02018         L3F00               fcb       $B2,$3D,$99,$9C,$97,$9C,$DC,$9A 2=....\.
3F08 C9008900099C5949 (           fs.asm):02019         L3F08               fcb       $C9,$00,$89,$00,$09,$9C,$59,$49 I.....YI
3F10 099CC9008900204A (           fs.asm):02020         L3F10               fcb       $09,$9C,$C9,$00,$89,$00,$20,$4A ..I... J
3F18 DCB12AC04353C300 (           fs.asm):02021         L3F18               fcb       $DC,$B1,$2A,$C0,$43,$53,$C3,$00 \1*@CSC.
3F20 01DDB196AFD6B13D (           fs.asm):02022         L3F20               fcb       $01,$DD,$B1,$96,$AF,$D6,$B1,$3D .]1./V1=
3F28 DD9A96AFD6B23D9B (           fs.asm):02023         L3F28               fcb       $DD,$9A,$96,$AF,$D6,$B2,$3D,$9B ]../V2=.
3F30 9BDD9B24020C9A96 (           fs.asm):02024         L3F30               fcb       $9B,$DD,$9B,$24,$02,$0C,$9A,$96 .].$....
3F38 B0D6B13DD39BDD9B (           fs.asm):02025         L3F38               fcb       $B0,$D6,$B1,$3D,$D3,$9B,$DD,$9B 0V1=S.].
3F40 24020C9A96B0D6B2 (           fs.asm):02026         L3F40               fcb       $24,$02,$0C,$9A,$96,$B0,$D6,$B2 $....0V2
3F48 3D999C979CDC9AC9 (           fs.asm):02027         L3F48               fcb       $3D,$99,$9C,$97,$9C,$DC,$9A,$C9 =....\.I
3F50 008900099C594909 (           fs.asm):02028         L3F50               fcb       $00,$89,$00,$09,$9C,$59,$49,$09 .....YI.
3F58 9CC90089004353C3 (           fs.asm):02029         L3F58               fcb       $9C,$C9,$00,$89,$00,$43,$53,$C3 .I...CSC
3F60 0001E384ED84DC8D (           fs.asm):02030         L3F60               fcb       $00,$01,$E3,$84,$ED,$84,$DC,$8D ..c.m.\.
3F68 DDAFDC76DDB1DCAF (           fs.asm):02031         L3F68               fcb       $DD,$AF,$DC,$76,$DD,$B1,$DC,$AF ]/\v]1\/
3F70 2A4E4353C30001DD (           fs.asm):02032         L3F70               fcb       $2A,$4E,$43,$53,$C3,$00,$01,$DD *NCSC..]
3F78 AFDCB12A4E4353C3 (           fs.asm):02033         L3F78               fcb       $AF,$DC,$B1,$2A,$4E,$43,$53,$C3 /\1*NCSC
3F80 0001DDB196AFD6B1 (           fs.asm):02034         L3F80               fcb       $00,$01,$DD,$B1,$96,$AF,$D6,$B1 ..]1./V1
3F88 3DDD9A96AFD6B23D (           fs.asm):02035         L3F88               fcb       $3D,$DD,$9A,$96,$AF,$D6,$B2,$3D =]../V2=
3F90 9B9BDD9B24020C9A (           fs.asm):02036         L3F90               fcb       $9B,$9B,$DD,$9B,$24,$02,$0C,$9A ..].$...
3F98 96B0D6B13DD39BDD (           fs.asm):02037         L3F98               fcb       $96,$B0,$D6,$B1,$3D,$D3,$9B,$DD .0V1=S.]
3FA0 9B24020C9A96B0D6 (           fs.asm):02038         L3FA0               fcb       $9B,$24,$02,$0C,$9A,$96,$B0,$D6 .$....0V
3FA8 B23D999C979CDC9A (           fs.asm):02039         L3FA8               fcb       $B2,$3D,$99,$9C,$97,$9C,$DC,$9A 2=....\.
3FB0 C9008900099C5949 (           fs.asm):02040         L3FB0               fcb       $C9,$00,$89,$00,$09,$9C,$59,$49 I.....YI
3FB8 099CC9008900204A (           fs.asm):02041         L3FB8               fcb       $09,$9C,$C9,$00,$89,$00,$20,$4A ..I... J
3FC0 DCB12AC04353C300 (           fs.asm):02042         L3FC0               fcb       $DC,$B1,$2A,$C0,$43,$53,$C3,$00 \1*@CSC.
3FC8 01DDB196AFD6B13D (           fs.asm):02043         L3FC8               fcb       $01,$DD,$B1,$96,$AF,$D6,$B1,$3D .]1./V1=
3FD0 DD9A96AFD6B23D9B (           fs.asm):02044         L3FD0               fcb       $DD,$9A,$96,$AF,$D6,$B2,$3D,$9B ]../V2=.
3FD8 9BDD9B24020C9A96 (           fs.asm):02045         L3FD8               fcb       $9B,$DD,$9B,$24,$02,$0C,$9A,$96 .].$....
3FE0 B0D6B13DD39BDD9B (           fs.asm):02046         L3FE0               fcb       $B0,$D6,$B1,$3D,$D3,$9B,$DD,$9B 0V1=S.].
3FE8 24020C9A96B0D6B2 (           fs.asm):02047         L3FE8               fcb       $24,$02,$0C,$9A,$96,$B0,$D6,$B2 $....0V2
3FF0 3D999C979CDC9AC9 (           fs.asm):02048         L3FF0               fcb       $3D,$99,$9C,$97,$9C,$DC,$9A,$C9 =....\.I
3FF8 008900099C594909 (           fs.asm):02049         L3FF8               fcb       $00,$89,$00,$09,$9C,$59,$49,$09 .....YI.
4000 9CC90089004353C3 (           fs.asm):02050         L4000               fcb       $9C,$C9,$00,$89,$00,$43,$53,$C3 .I...CSC
4008 0001E384ED81DC89 (           fs.asm):02051         L4008               fcb       $00,$01,$E3,$84,$ED,$81,$DC,$89 ..c.m.\.
4010 DDAFDC6CDDB1DCAF (           fs.asm):02052         L4010               fcb       $DD,$AF,$DC,$6C,$DD,$B1,$DC,$AF ]/\l]1\/
4018 2A4E4353C30001DD (           fs.asm):02053         L4018               fcb       $2A,$4E,$43,$53,$C3,$00,$01,$DD *NCSC..]
4020 AFDCB12A4E4353C3 (           fs.asm):02054         L4020               fcb       $AF,$DC,$B1,$2A,$4E,$43,$53,$C3 /\1*NCSC
4028 0001DDB196AFD6B1 (           fs.asm):02055         L4028               fcb       $00,$01,$DD,$B1,$96,$AF,$D6,$B1 ..]1./V1
4030 3DDD9A96AFD6B23D (           fs.asm):02056         L4030               fcb       $3D,$DD,$9A,$96,$AF,$D6,$B2,$3D =]../V2=
4038 9B9BDD9B24020C9A (           fs.asm):02057         L4038               fcb       $9B,$9B,$DD,$9B,$24,$02,$0C,$9A ..].$...
4040 96B0D6B13DD39BDD (           fs.asm):02058         L4040               fcb       $96,$B0,$D6,$B1,$3D,$D3,$9B,$DD .0V1=S.]
4048 9B24020C9A96B0D6 (           fs.asm):02059         L4048               fcb       $9B,$24,$02,$0C,$9A,$96,$B0,$D6 .$....0V
4050 B23D999C979CDC9A (           fs.asm):02060         L4050               fcb       $B2,$3D,$99,$9C,$97,$9C,$DC,$9A 2=....\.
4058 C9008900099C5949 (           fs.asm):02061         L4058               fcb       $C9,$00,$89,$00,$09,$9C,$59,$49 I.....YI
4060 099CC9008900204A (           fs.asm):02062         L4060               fcb       $09,$9C,$C9,$00,$89,$00,$20,$4A ..I... J
4068 DCB12AC04353C300 (           fs.asm):02063         L4068               fcb       $DC,$B1,$2A,$C0,$43,$53,$C3,$00 \1*@CSC.
4070 01DDB196AFD6B13D (           fs.asm):02064         L4070               fcb       $01,$DD,$B1,$96,$AF,$D6,$B1,$3D .]1./V1=
4078 DD9A96AFD6B23D9B (           fs.asm):02065         L4078               fcb       $DD,$9A,$96,$AF,$D6,$B2,$3D,$9B ]../V2=.
4080 9BDD9B24020C9A96 (           fs.asm):02066         L4080               fcb       $9B,$DD,$9B,$24,$02,$0C,$9A,$96 .].$....
4088 B0D6B13DD39BDD9B (           fs.asm):02067         L4088               fcb       $B0,$D6,$B1,$3D,$D3,$9B,$DD,$9B 0V1=S.].
4090 24020C9A96B0D6B2 (           fs.asm):02068         L4090               fcb       $24,$02,$0C,$9A,$96,$B0,$D6,$B2 $....0V2
4098 3D999C979CDC9AC9 (           fs.asm):02069         L4098               fcb       $3D,$99,$9C,$97,$9C,$DC,$9A,$C9 =....\.I
40A0 008900099C594909 (           fs.asm):02070         L40A0               fcb       $00,$89,$00,$09,$9C,$59,$49,$09 .....YI.
40A8 9CC90089004353C3 (           fs.asm):02071         L40A8               fcb       $9C,$C9,$00,$89,$00,$43,$53,$C3 .I...CSC
40B0 0001ED84DC8BDDAF (           fs.asm):02072         L40B0               fcb       $00,$01,$ED,$84,$DC,$8B,$DD,$AF ..m.\.]/
40B8 DC72DDB1DCAF2A4E (           fs.asm):02073         L40B8               fcb       $DC,$72,$DD,$B1,$DC,$AF,$2A,$4E \r]1\/*N
40C0 4353C30001DDAFDC (           fs.asm):02074         L40C0               fcb       $43,$53,$C3,$00,$01,$DD,$AF,$DC CSC..]/\
40C8 B12A4E4353C30001 (           fs.asm):02075         L40C8               fcb       $B1,$2A,$4E,$43,$53,$C3,$00,$01 1*NCSC..
40D0 DDB196AFD6B13DDD (           fs.asm):02076         L40D0               fcb       $DD,$B1,$96,$AF,$D6,$B1,$3D,$DD ]1./V1=]
40D8 9A96AFD6B23D9B9B (           fs.asm):02077         L40D8               fcb       $9A,$96,$AF,$D6,$B2,$3D,$9B,$9B ../V2=..
40E0 DD9B24020C9A96B0 (           fs.asm):02078         L40E0               fcb       $DD,$9B,$24,$02,$0C,$9A,$96,$B0 ].$....0
40E8 D6B13DD39BDD9B24 (           fs.asm):02079         L40E8               fcb       $D6,$B1,$3D,$D3,$9B,$DD,$9B,$24 V1=S.].$
40F0 020C9A96B0D6B23D (           fs.asm):02080         L40F0               fcb       $02,$0C,$9A,$96,$B0,$D6,$B2,$3D ....0V2=
40F8 999C979CDC9AC900 (           fs.asm):02081         L40F8               fcb       $99,$9C,$97,$9C,$DC,$9A,$C9,$00 ....\.I.
4100 8900099C5949099C (           fs.asm):02082         L4100               fcb       $89,$00,$09,$9C,$59,$49,$09,$9C ....YI..
4108 C9008900204ADCB1 (           fs.asm):02083         L4108               fcb       $C9,$00,$89,$00,$20,$4A,$DC,$B1 I... J\1
4110 2AC04353C30001DD (           fs.asm):02084         L4110               fcb       $2A,$C0,$43,$53,$C3,$00,$01,$DD *@CSC..]
4118 B196AFD6B13DDD9A (           fs.asm):02085         L4118               fcb       $B1,$96,$AF,$D6,$B1,$3D,$DD,$9A 1./V1=].
4120 96AFD6B23D9B9BDD (           fs.asm):02086         L4120               fcb       $96,$AF,$D6,$B2,$3D,$9B,$9B,$DD ./V2=..]
4128 9B24020C9A96B0D6 (           fs.asm):02087         L4128               fcb       $9B,$24,$02,$0C,$9A,$96,$B0,$D6 .$....0V
4130 B13DD39BDD9B2402 (           fs.asm):02088         L4130               fcb       $B1,$3D,$D3,$9B,$DD,$9B,$24,$02 1=S.].$.
4138 0C9A96B0D6B23D99 (           fs.asm):02089         L4138               fcb       $0C,$9A,$96,$B0,$D6,$B2,$3D,$99 ...0V2=.
4140 9C979CDC9AC90089 (           fs.asm):02090         L4140               fcb       $9C,$97,$9C,$DC,$9A,$C9,$00,$89 ...\.I..
4148 00099C5949099CC9 (           fs.asm):02091         L4148               fcb       $00,$09,$9C,$59,$49,$09,$9C,$C9 ...YI..I
4150 0089004353C30001 (           fs.asm):02092         L4150               fcb       $00,$89,$00,$43,$53,$C3,$00,$01 ...CSC..
4158 E384ED84DC8DDDAF (           fs.asm):02093         L4158               fcb       $E3,$84,$ED,$84,$DC,$8D,$DD,$AF c.m.\.]/
4160 DC78DDB1DCAF2A4E (           fs.asm):02094         L4160               fcb       $DC,$78,$DD,$B1,$DC,$AF,$2A,$4E \x]1\/*N
4168 4353C30001DDAFDC (           fs.asm):02095         L4168               fcb       $43,$53,$C3,$00,$01,$DD,$AF,$DC CSC..]/\
4170 B12A4E4353C30001 (           fs.asm):02096         L4170               fcb       $B1,$2A,$4E,$43,$53,$C3,$00,$01 1*NCSC..
4178 DDB196AFD6B13DDD (           fs.asm):02097         L4178               fcb       $DD,$B1,$96,$AF,$D6,$B1,$3D,$DD ]1./V1=]
4180 9A96AFD6B23D9B9B (           fs.asm):02098         L4180               fcb       $9A,$96,$AF,$D6,$B2,$3D,$9B,$9B ../V2=..
4188 DD9B24020C9A96B0 (           fs.asm):02099         L4188               fcb       $DD,$9B,$24,$02,$0C,$9A,$96,$B0 ].$....0
4190 D6B13DD39BDD9B24 (           fs.asm):02100         L4190               fcb       $D6,$B1,$3D,$D3,$9B,$DD,$9B,$24 V1=S.].$
4198 020C9A96B0D6B23D (           fs.asm):02101         L4198               fcb       $02,$0C,$9A,$96,$B0,$D6,$B2,$3D ....0V2=
41A0 999C979CDC9AC900 (           fs.asm):02102         L41A0               fcb       $99,$9C,$97,$9C,$DC,$9A,$C9,$00 ....\.I.
41A8 8900099C5949099C (           fs.asm):02103         L41A8               fcb       $89,$00,$09,$9C,$59,$49,$09,$9C ....YI..
41B0 C9008900204ADCB1 (           fs.asm):02104         L41B0               fcb       $C9,$00,$89,$00,$20,$4A,$DC,$B1 I... J\1
41B8 2AC04353C30001DD (           fs.asm):02105         L41B8               fcb       $2A,$C0,$43,$53,$C3,$00,$01,$DD *@CSC..]
41C0 B196AFD6B13DDD9A (           fs.asm):02106         L41C0               fcb       $B1,$96,$AF,$D6,$B1,$3D,$DD,$9A 1./V1=].
41C8 96AFD6B23D9B9BDD (           fs.asm):02107         L41C8               fcb       $96,$AF,$D6,$B2,$3D,$9B,$9B,$DD ./V2=..]
41D0 9B24020C9A96B0D6 (           fs.asm):02108         L41D0               fcb       $9B,$24,$02,$0C,$9A,$96,$B0,$D6 .$....0V
41D8 B13DD39BDD9B2402 (           fs.asm):02109         L41D8               fcb       $B1,$3D,$D3,$9B,$DD,$9B,$24,$02 1=S.].$.
41E0 0C9A96B0D6B23D99 (           fs.asm):02110         L41E0               fcb       $0C,$9A,$96,$B0,$D6,$B2,$3D,$99 ...0V2=.
41E8 9C979CDC9AC90089 (           fs.asm):02111         L41E8               fcb       $9C,$97,$9C,$DC,$9A,$C9,$00,$89 ...\.I..
41F0 00099C5949099CC9 (           fs.asm):02112         L41F0               fcb       $00,$09,$9C,$59,$49,$09,$9C,$C9 ...YI..I
41F8 0089004353C30001 (           fs.asm):02113         L41F8               fcb       $00,$89,$00,$43,$53,$C3,$00,$01 ...CSC..
4200 E384ED81964E270C (           fs.asm):02114         L4200               fcb       $E3,$84,$ED,$81,$96,$4E,$27,$0C c.m..N'.
4208 671E661F671C661D (           fs.asm):02115         L4208               fcb       $67,$1E,$66,$1F,$67,$1C,$66,$1D g.f.g.f.
4210 671A661B394656DD (           fs.asm):02116         L4210               fcb       $67,$1A,$66,$1B,$39,$46,$56,$DD g.f.9FV]
4218 893706930E102900 (           fs.asm):02117         L4218               fcb       $89,$37,$06,$93,$0E,$10,$29,$00 .7....).
4220 06DD8B4756200259 (           fs.asm):02118         L4220               fcb       $06,$DD,$8B,$47,$56,$20,$02,$59 .].GV .Y
4228 49DD8B3706931010 (           fs.asm):02119         L4228               fcb       $49,$DD,$8B,$37,$06,$93,$10,$10 I].7....
4230 290006DD8D475620 (           fs.asm):02120         L4230               fcb       $29,$00,$06,$DD,$8D,$47,$56,$20 )..].GV
4238 024656DD8D7EDBFF (           fs.asm):02121         L4238               fcb       $02,$46,$56,$DD,$8D,$7E,$DB,$FF .FV].~[.
4240 4656DD8B0789068A (           fs.asm):02122         L4240               fcb       $46,$56,$DD,$8B,$07,$89,$06,$8A FV].....
4248 20E14656DD8D078B (           fs.asm):02123         L4248               fcb       $20,$E1,$46,$56,$DD,$8D,$07,$8B aFV]...
4250 068C0789068A7EDB (           fs.asm):02124         L4250               fcb       $06,$8C,$07,$89,$06,$8A,$7E,$DB ......~[
4258 FFDCB8DDC1DCBADD (           fs.asm):02125         L4258               fcb       $FF,$DC,$B8,$DD,$C1,$DC,$BA,$DD .\8]A\:]
4260 C3DCBCDDC586FFB7 (           fs.asm):02126         L4260               fcb       $C3,$DC,$BC,$DD,$C5,$86,$FF,$B7 C\<]E..7
4268 0ABAB70ABDB70ABC (           fs.asm):02127         L4268               fcb       $0A,$BA,$B7,$0A,$BD,$B7,$0A,$BC .:7.=7.<
4270 86FF97F4DCC1FD0A (           fs.asm):02128         L4270               fcb       $86,$FF,$97,$F4,$DC,$C1,$FD,$0A ...t\A..
4278 8ADCC3FD0A8CDCC5 (           fs.asm):02129         L4278               fcb       $8A,$DC,$C3,$FD,$0A,$8C,$DC,$C5 .\C...\E
4280 FD0A8E7F0ABFDCC1 (           fs.asm):02130         L4280               fcb       $FD,$0A,$8E,$7F,$0A,$BF,$DC,$C1 ....?\A
4288 93C52F0686FFB70A (           fs.asm):02131         L4288               fcb       $93,$C5,$2F,$06,$86,$FF,$B7,$0A .E/...7.
4290 BF397F0ABADCC1FD (           fs.asm):02132         L4290               fcb       $BF,$39,$7F,$0A,$BA,$DC,$C1,$FD ?9.:\A.
4298 0AA8DCC3FD0AAADC (           fs.asm):02133         L4298               fcb       $0A,$A8,$DC,$C3,$FD,$0A,$AA,$DC .(\C..*\
42A0 C5FD0AACDCC1FD0A (           fs.asm):02134         L42A0               fcb       $C5,$FD,$0A,$AC,$DC,$C1,$FD,$0A E..,\A..
42A8 90DCC3FD0A92DCC5 (           fs.asm):02135         L42A8               fcb       $90,$DC,$C3,$FD,$0A,$92,$DC,$C5 .\C...\E
42B0 FD0A947F0ABEDCC1 (           fs.asm):02136         L42B0               fcb       $FD,$0A,$94,$7F,$0A,$BE,$DC,$C1 ....>\A
42B8 D3C52C0686FFB70A (           fs.asm):02137         L42B8               fcb       $D3,$C5,$2C,$06,$86,$FF,$B7,$0A SE,...7.
42C0 BE397F0ABCDCC1FD (           fs.asm):02138         L42C0               fcb       $BE,$39,$7F,$0A,$BC,$DC,$C1,$FD >9.<\A.
42C8 0AB4DCC3FD0AB6DC (           fs.asm):02139         L42C8               fcb       $0A,$B4,$DC,$C3,$FD,$0A,$B6,$DC .4\C..6\
42D0 C5FD0AB8DCC1FD0A (           fs.asm):02140         L42D0               fcb       $C5,$FD,$0A,$B8,$DC,$C1,$FD,$0A E..8\A..
42D8 9CDCC3FD0A9EDCC5 (           fs.asm):02141         L42D8               fcb       $9C,$DC,$C3,$FD,$0A,$9E,$DC,$C5 .\C...\E
42E0 FD0AA07F0AC0DCC3 (           fs.asm):02142         L42E0               fcb       $FD,$0A,$A0,$7F,$0A,$C0,$DC,$C3 .. .@\C
42E8 93C52F0686FFB70A (           fs.asm):02143         L42E8               fcb       $93,$C5,$2F,$06,$86,$FF,$B7,$0A .E/...7.
42F0 C0397F0ABDDCC1FD (           fs.asm):02144         L42F0               fcb       $C0,$39,$7F,$0A,$BD,$DC,$C1,$FD @9.=\A.
42F8 0AAEDCC3FD0AB0DC (           fs.asm):02145         L42F8               fcb       $0A,$AE,$DC,$C3,$FD,$0A,$B0,$DC ..\C..0\
4300 C5FD0AB2DCC1FD0A (           fs.asm):02146         L4300               fcb       $C5,$FD,$0A,$B2,$DC,$C1,$FD,$0A E..2\A..
4308 96DCC3FD0A98DCC5 (           fs.asm):02147         L4308               fcb       $96,$DC,$C3,$FD,$0A,$98,$DC,$C5 .\C...\E
4310 FD0A9A7F0AC1DCC3 (           fs.asm):02148         L4310               fcb       $FD,$0A,$9A,$7F,$0A,$C1,$DC,$C3 ....A\C
4318 D3C52C0686FFB70A (           fs.asm):02149         L4318               fcb       $D3,$C5,$2C,$06,$86,$FF,$B7,$0A SE,...7.
4320 C139BDD56D7EE494 (           fs.asm):02150         L4320               fcb       $C1,$39,$BD,$D5,$6D,$7E,$E4,$94 A9=Um~d.
4328 B60ABF2618DCC193 (           fs.asm):02151         L4328               fcb       $B6,$0A,$BF,$26,$18,$DC,$C1,$93 6.?&.\A.
4330 C52E42DCC1FD0A8A (           fs.asm):02152         L4330               fcb       $C5,$2E,$42,$DC,$C1,$FD,$0A,$8A E.B\A...
4338 DCC3FD0A8CDCC5FD (           fs.asm):02153         L4338               fcb       $DC,$C3,$FD,$0A,$8C,$DC,$C5,$FD \C...\E.
4340 0A8E7EE37DDCC193 (           fs.asm):02154         L4340               fcb       $0A,$8E,$7E,$E3,$7D,$DC,$C1,$93 ..~c}\A.
4348 C52F10DCC1FD0A8A (           fs.asm):02155         L4348               fcb       $C5,$2F,$10,$DC,$C1,$FD,$0A,$8A E/.\A...
4350 DCC3FD0A8CDCC5FD (           fs.asm):02156         L4350               fcb       $DC,$C3,$FD,$0A,$8C,$DC,$C5,$FD \C...\E.
4358 0A8E397F0ABFBDE5 (           fs.asm):02157         L4358               fcb       $0A,$8E,$39,$7F,$0A,$BF,$BD,$E5 ..9.?=e
4360 5CBDE37DFC0A8ADD (           fs.asm):02158         L4360               fcb       $5C,$BD,$E3,$7D,$FC,$0A,$8A,$DD \=c}...]
4368 C1FC0A8CDDC3FC0A (           fs.asm):02159         L4368               fcb       $C1,$FC,$0A,$8C,$DD,$C3,$FC,$0A A...]C..
4370 8EDDC5200886FFB7 (           fs.asm):02160         L4370               fcb       $8E,$DD,$C5,$20,$08,$86,$FF,$B7 .]E ...7
4378 0ABFBDE55C7D0ABA (           fs.asm):02161         L4378               fcb       $0A,$BF,$BD,$E5,$5C,$7D,$0A,$BA .?=e\}.:
4380 1026FF0EB60ABE26 (           fs.asm):02162         L4380               fcb       $10,$26,$FF,$0E,$B6,$0A,$BE,$26 .&..6.>&
4388 18DCC1D3C52D42DC (           fs.asm):02163         L4388               fcb       $18,$DC,$C1,$D3,$C5,$2D,$42,$DC .\ASE-B\
4390 C1FD0A90DCC3FD0A (           fs.asm):02164         L4390               fcb       $C1,$FD,$0A,$90,$DC,$C3,$FD,$0A A...\C..
4398 92DCC5FD0A947EE3 (           fs.asm):02165         L4398               fcb       $92,$DC,$C5,$FD,$0A,$94,$7E,$E3 .\E...~c
43A0 D9DCC1D3C52C10DC (           fs.asm):02166         L43A0               fcb       $D9,$DC,$C1,$D3,$C5,$2C,$10,$DC Y\ASE,.\
43A8 C1FD0A90DCC3FD0A (           fs.asm):02167         L43A8               fcb       $C1,$FD,$0A,$90,$DC,$C3,$FD,$0A A...\C..
43B0 92DCC5FD0A94397F (           fs.asm):02168         L43B0               fcb       $92,$DC,$C5,$FD,$0A,$94,$39,$7F .\E...9
43B8 0ABEBDE57DBDE3D9 (           fs.asm):02169         L43B8               fcb       $0A,$BE,$BD,$E5,$7D,$BD,$E3,$D9 .>=e}=cY
43C0 FC0A90DDC1FC0A92 (           fs.asm):02170         L43C0               fcb       $FC,$0A,$90,$DD,$C1,$FC,$0A,$92 ...]A...
43C8 DDC3FC0A94DDC520 (           fs.asm):02171         L43C8               fcb       $DD,$C3,$FC,$0A,$94,$DD,$C5,$20 ]C...]E
43D0 0886FFB70ABEBDE5 (           fs.asm):02172         L43D0               fcb       $08,$86,$FF,$B7,$0A,$BE,$BD,$E5 ...7.>=e
43D8 7D7D0ABC1026FEE2 (           fs.asm):02173         L43D8               fcb       $7D,$7D,$0A,$BC,$10,$26,$FE,$E2 }}.<.&.b
43E0 B60AC02618DCC393 (           fs.asm):02174         L43E0               fcb       $B6,$0A,$C0,$26,$18,$DC,$C3,$93 6.@&.\C.
43E8 C52E42DCC1FD0A9C (           fs.asm):02175         L43E8               fcb       $C5,$2E,$42,$DC,$C1,$FD,$0A,$9C E.B\A...
43F0 DCC3FD0A9EDCC5FD (           fs.asm):02176         L43F0               fcb       $DC,$C3,$FD,$0A,$9E,$DC,$C5,$FD \C...\E.
43F8 0AA07EE435DCC393 (           fs.asm):02177         L43F8               fcb       $0A,$A0,$7E,$E4,$35,$DC,$C3,$93 . ~d5\C.
4400 C52F10DCC1FD0A9C (           fs.asm):02178         L4400               fcb       $C5,$2F,$10,$DC,$C1,$FD,$0A,$9C E/.\A...
4408 DCC3FD0A9EDCC5FD (           fs.asm):02179         L4408               fcb       $DC,$C3,$FD,$0A,$9E,$DC,$C5,$FD \C...\E.
4410 0AA0397F0AC0BDE5 (           fs.asm):02180         L4410               fcb       $0A,$A0,$39,$7F,$0A,$C0,$BD,$E5 . 9.@=e
4418 9EBDE435FC0A9CDD (           fs.asm):02181         L4418               fcb       $9E,$BD,$E4,$35,$FC,$0A,$9C,$DD .=d5...]
4420 C1FC0A9EDDC3FC0A (           fs.asm):02182         L4420               fcb       $C1,$FC,$0A,$9E,$DD,$C3,$FC,$0A A...]C..
4428 A0DDC5200886FFB7 (           fs.asm):02183         L4428               fcb       $A0,$DD,$C5,$20,$08,$86,$FF,$B7 ]E ...7
4430 0AC0BDE59E7D0ABD (           fs.asm):02184         L4430               fcb       $0A,$C0,$BD,$E5,$9E,$7D,$0A,$BD .@=e.}.=
4438 1026FEB6B60AC126 (           fs.asm):02185         L4438               fcb       $10,$26,$FE,$B6,$B6,$0A,$C1,$26 .&.66.A&
4440 18DCC3D3C52D42DC (           fs.asm):02186         L4440               fcb       $18,$DC,$C3,$D3,$C5,$2D,$42,$DC .\CSE-B\
4448 C1FD0A96DCC3FD0A (           fs.asm):02187         L4448               fcb       $C1,$FD,$0A,$96,$DC,$C3,$FD,$0A A...\C..
4450 98DCC5FD0A9A7EE4 (           fs.asm):02188         L4450               fcb       $98,$DC,$C5,$FD,$0A,$9A,$7E,$E4 .\E...~d
4458 91DCC3D3C52C10DC (           fs.asm):02189         L4458               fcb       $91,$DC,$C3,$D3,$C5,$2C,$10,$DC .\CSE,.\
4460 C1FD0A96DCC3FD0A (           fs.asm):02190         L4460               fcb       $C1,$FD,$0A,$96,$DC,$C3,$FD,$0A A...\C..
4468 98DCC5FD0A9A397F (           fs.asm):02191         L4468               fcb       $98,$DC,$C5,$FD,$0A,$9A,$39,$7F .\E...9
4470 0AC1BDE5BFBDE491 (           fs.asm):02192         L4470               fcb       $0A,$C1,$BD,$E5,$BF,$BD,$E4,$91 .A=e?=d.
4478 FC0A96DDC1FC0A98 (           fs.asm):02193         L4478               fcb       $FC,$0A,$96,$DD,$C1,$FC,$0A,$98 ...]A...
4480 DDC3FC0A9ADDC520 (           fs.asm):02194         L4480               fcb       $DD,$C3,$FC,$0A,$9A,$DD,$C5,$20 ]C...]E
4488 0886FFB70AC1BDE5 (           fs.asm):02195         L4488               fcb       $08,$86,$FF,$B7,$0A,$C1,$BD,$E5 ...7.A=e
4490 BFBDD56D0CF42703 (           fs.asm):02196         L4490               fcb       $BF,$BD,$D5,$6D,$0C,$F4,$27,$03 ?=Um.t'.
4498 7EB1867EB1700F41 (           fs.asm):02197         L4498               fcb       $7E,$B1,$86,$7E,$B1,$70,$0F,$41 ~1.~1p.A
44A0 DC2ADDC1DC2CDDC3 (           fs.asm):02198         L44A0               fcb       $DC,$2A,$DD,$C1,$DC,$2C,$DD,$C3 \*]A\,]C
44A8 DC2EDDC57D0ABF26 (           fs.asm):02199         L44A8               fcb       $DC,$2E,$DD,$C5,$7D,$0A,$BF,$26 \.]E}.?&
44B0 08DCC193C52E0A20 (           fs.asm):02200         L44B0               fcb       $08,$DC,$C1,$93,$C5,$2E,$0A,$20 .\A.E..
44B8 0EDCC193C52F0220 (           fs.asm):02201         L44B8               fcb       $0E,$DC,$C1,$93,$C5,$2F,$02,$20 .\A.E/.
44C0 06BDE55CBDE37D7D (           fs.asm):02202         L44C0               fcb       $06,$BD,$E5,$5C,$BD,$E3,$7D,$7D .=e\=c}}
44C8 0ABA262AFC0AA8DD (           fs.asm):02203         L44C8               fcb       $0A,$BA,$26,$2A,$FC,$0A,$A8,$DD .:&*..(]
44D0 C1FC0AAADDC3FC0A (           fs.asm):02204         L44D0               fcb       $C1,$FC,$0A,$AA,$DD,$C3,$FC,$0A A..*]C..
44D8 ACDDC57D0ABE2608 (           fs.asm):02205         L44D8               fcb       $AC,$DD,$C5,$7D,$0A,$BE,$26,$08 ,]E}.>&.
44E0 DCC1D3C52D0A200E (           fs.asm):02206         L44E0               fcb       $DC,$C1,$D3,$C5,$2D,$0A,$20,$0E \ASE-. .
44E8 DCC1D3C52C022006 (           fs.asm):02207         L44E8               fcb       $DC,$C1,$D3,$C5,$2C,$02,$20,$06 \ASE,. .
44F0 BDE57DBDE3D97D0A (           fs.asm):02208         L44F0               fcb       $BD,$E5,$7D,$BD,$E3,$D9,$7D,$0A =e}=cY}.
44F8 BC262AFC0AB4DDC1 (           fs.asm):02209         L44F8               fcb       $BC,$26,$2A,$FC,$0A,$B4,$DD,$C1 <&*..4]A
4500 FC0AB6DDC3FC0AB8 (           fs.asm):02210         L4500               fcb       $FC,$0A,$B6,$DD,$C3,$FC,$0A,$B8 ..6]C..8
4508 DDC57D0AC02608DC (           fs.asm):02211         L4508               fcb       $DD,$C5,$7D,$0A,$C0,$26,$08,$DC ]E}.@&.\
4510 C393C52E0A200EDC (           fs.asm):02212         L4510               fcb       $C3,$93,$C5,$2E,$0A,$20,$0E,$DC C.E.. .\
4518 C393C52F022006BD (           fs.asm):02213         L4518               fcb       $C3,$93,$C5,$2F,$02,$20,$06,$BD C.E/. .=
4520 E59EBDE4357D0ABD (           fs.asm):02214         L4520               fcb       $E5,$9E,$BD,$E4,$35,$7D,$0A,$BD e.=d5}.=
4528 262AFC0AAEDDC1FC (           fs.asm):02215         L4528               fcb       $26,$2A,$FC,$0A,$AE,$DD,$C1,$FC &*...]A.
4530 0AB0DDC3FC0AB2DD (           fs.asm):02216         L4530               fcb       $0A,$B0,$DD,$C3,$FC,$0A,$B2,$DD .0]C..2]
4538 C57D0AC12608DCC3 (           fs.asm):02217         L4538               fcb       $C5,$7D,$0A,$C1,$26,$08,$DC,$C3 E}.A&.\C
4540 D3C52D0A200EDCC3 (           fs.asm):02218         L4540               fcb       $D3,$C5,$2D,$0A,$20,$0E,$DC,$C3 SE-. .\C
4548 D3C52C022006BDE5 (           fs.asm):02219         L4548               fcb       $D3,$C5,$2C,$02,$20,$06,$BD,$E5 SE,. .=e
4550 BFBDE4910AF42B03 (           fs.asm):02220         L4550               fcb       $BF,$BD,$E4,$91,$0A,$F4,$2B,$03 ?=d..t+.
4558 7EB1E139FC0A8ADD (           fs.asm):02221         L4558               fcb       $7E,$B1,$E1,$39,$FC,$0A,$8A,$DD ~1a9...]
4560 B8FC0A8CDDBAFC0A (           fs.asm):02222         L4560               fcb       $B8,$FC,$0A,$8C,$DD,$BA,$FC,$0A 8...]:..
4568 8EDDBCDCC1FD0A8A (           fs.asm):02223         L4568               fcb       $8E,$DD,$BC,$DC,$C1,$FD,$0A,$8A .]<\A...
4570 DCC3FD0A8CDCC5FD (           fs.asm):02224         L4570               fcb       $DC,$C3,$FD,$0A,$8C,$DC,$C5,$FD \C...\E.
4578 0A8E7EE765FC0A90 (           fs.asm):02225         L4578               fcb       $0A,$8E,$7E,$E7,$65,$FC,$0A,$90 ..~ge...
4580 DDB8FC0A92DDBAFC (           fs.asm):02226         L4580               fcb       $DD,$B8,$FC,$0A,$92,$DD,$BA,$FC ]8...]:.
4588 0A94DDBCDCC1FD0A (           fs.asm):02227         L4588               fcb       $0A,$94,$DD,$BC,$DC,$C1,$FD,$0A ..]<\A..
4590 90DCC3FD0A92DCC5 (           fs.asm):02228         L4590               fcb       $90,$DC,$C3,$FD,$0A,$92,$DC,$C5 .\C...\E
4598 FD0A947EE7A4FC0A (           fs.asm):02229         L4598               fcb       $FD,$0A,$94,$7E,$E7,$A4,$FC,$0A ...~g$..
45A0 9CDDB8FC0A9EDDBA (           fs.asm):02230         L45A0               fcb       $9C,$DD,$B8,$FC,$0A,$9E,$DD,$BA .]8...]:
45A8 FC0AA0DDBCDCC1FD (           fs.asm):02231         L45A8               fcb       $FC,$0A,$A0,$DD,$BC,$DC,$C1,$FD .. ]<\A.
45B0 0A9CDCC3FD0A9EDC (           fs.asm):02232         L45B0               fcb       $0A,$9C,$DC,$C3,$FD,$0A,$9E,$DC ..\C...\
45B8 C5FD0AA07EE6E2FC (           fs.asm):02233         L45B8               fcb       $C5,$FD,$0A,$A0,$7E,$E6,$E2,$FC E.. ~fb.
45C0 0A96DDB8FC0A98DD (           fs.asm):02234         L45C0               fcb       $0A,$96,$DD,$B8,$FC,$0A,$98,$DD ..]8...]
45C8 BAFC0A9ADDBCDCC1 (           fs.asm):02235         L45C8               fcb       $BA,$FC,$0A,$9A,$DD,$BC,$DC,$C1 :...]<\A
45D0 FD0A96DCC3FD0A98 (           fs.asm):02236         L45D0               fcb       $FD,$0A,$96,$DC,$C3,$FD,$0A,$98 ...\C...
45D8 DCC5FD0A9A7EE721 (           fs.asm):02237         L45D8               fcb       $DC,$C5,$FD,$0A,$9A,$7E,$E7,$21 \E...~g!
45E0 0FB796BC2A04C680 (           fs.asm):02238         L45E0               fcb       $0F,$B7,$96,$BC,$2A,$04,$C6,$80 .7.<*.F.
45E8 D7B7DCBCD3B82C06 (           fs.asm):02239         L45E8               fcb       $D7,$B7,$DC,$BC,$D3,$B8,$2C,$06 W7\<S8,.
45F0 C640DAB7D7B7DCBC (           fs.asm):02240         L45F0               fcb       $C6,$40,$DA,$B7,$D7,$B7,$DC,$BC F@Z7W7\<
45F8 93B82C06C620DAB7 (           fs.asm):02241         L45F8               fcb       $93,$B8,$2C,$06,$C6,$20,$DA,$B7 .8,.F Z7
4600 D7B7DCBCD3BA2C06 (           fs.asm):02242         L4600               fcb       $D7,$B7,$DC,$BC,$D3,$BA,$2C,$06 W7\<S:,.
4608 C610DAB7D7B7DCBC (           fs.asm):02243         L4608               fcb       $C6,$10,$DA,$B7,$D7,$B7,$DC,$BC F.Z7W7\<
4610 93BA2C06C608DAB7 (           fs.asm):02244         L4610               fcb       $93,$BA,$2C,$06,$C6,$08,$DA,$B7 .:,.F.Z7
4618 D7B7390FC096C52A (           fs.asm):02245         L4618               fcb       $D7,$B7,$39,$0F,$C0,$96,$C5,$2A W79.@.E*
4620 04C680D7C0DCC5D3 (           fs.asm):02246         L4620               fcb       $04,$C6,$80,$D7,$C0,$DC,$C5,$D3 .F.W@\ES
4628 C12C06C640DAC0D7 (           fs.asm):02247         L4628               fcb       $C1,$2C,$06,$C6,$40,$DA,$C0,$D7 A,.F@Z@W
4630 C0DCC593C12C06C6 (           fs.asm):02248         L4630               fcb       $C0,$DC,$C5,$93,$C1,$2C,$06,$C6 @\E.A,.F
4638 20DAC0D7C0DCC5D3 (           fs.asm):02249         L4638               fcb       $20,$DA,$C0,$D7,$C0,$DC,$C5,$D3 Z@W@\ES
4640 C32C06C610DAC0D7 (           fs.asm):02250         L4640               fcb       $C3,$2C,$06,$C6,$10,$DA,$C0,$D7 C,.F.Z@W
4648 C0DCC593C32C06C6 (           fs.asm):02251         L4648               fcb       $C0,$DC,$C5,$93,$C3,$2C,$06,$C6 @\E.C,.F
4650 08DAC0D7C0398D02 (           fs.asm):02252         L4650               fcb       $08,$DA,$C0,$D7,$C0,$39,$8D,$02 .Z@W@9..
4658 8D408E00B7108E00 (           fs.asm):02253         L4658               fcb       $8D,$40,$8E,$00,$B7,$10,$8E,$00 .@..7...
4660 C0A684E6A4E780A7 (           fs.asm):02254         L4660               fcb       $C0,$A6,$84,$E6,$A4,$E7,$80,$A7 @&.f$g.'
4668 A0A684E6A4E780A7 (           fs.asm):02255         L4668               fcb       $A0,$A6,$84,$E6,$A4,$E7,$80,$A7 &.f$g.'
4670 A0A684E6A4E780A7 (           fs.asm):02256         L4670               fcb       $A0,$A6,$84,$E6,$A4,$E7,$80,$A7 &.f$g.'
4678 A0A684E6A4E780A7 (           fs.asm):02257         L4678               fcb       $A0,$A6,$84,$E6,$A4,$E7,$80,$A7 &.f$g.'
4680 A0A684E6A4E780A7 (           fs.asm):02258         L4680               fcb       $A0,$A6,$84,$E6,$A4,$E7,$80,$A7 &.f$g.'
4688 A0A684E6A4E780A7 (           fs.asm):02259         L4688               fcb       $A0,$A6,$84,$E6,$A4,$E7,$80,$A7 &.f$g.'
4690 A0A684E6A4E780A7 (           fs.asm):02260         L4690               fcb       $A0,$A6,$84,$E6,$A4,$E7,$80,$A7 &.f$g.'
4698 A03996C027408440 (           fs.asm):02261         L4698               fcb       $A0,$39,$96,$C0,$27,$40,$84,$40 9.@'@.@
46A0 270CBDE7A4BDE61B (           fs.asm):02262         L46A0               fcb       $27,$0C,$BD,$E7,$A4,$BD,$E6,$1B '.=g$=f.
46A8 96C094B7263096C0 (           fs.asm):02263         L46A8               fcb       $96,$C0,$94,$B7,$26,$30,$96,$C0 .@.7&0.@
46B0 8420270CBDE765BD (           fs.asm):02264         L46B0               fcb       $84,$20,$27,$0C,$BD,$E7,$65,$BD . '.=ge=
46B8 E61B96C094B7261E (           fs.asm):02265         L46B8               fcb       $E6,$1B,$96,$C0,$94,$B7,$26,$1E f..@.7&.
46C0 96C08410270CBDE7 (           fs.asm):02266         L46C0               fcb       $96,$C0,$84,$10,$27,$0C,$BD,$E7 .@..'.=g
46C8 21BDE61B96C094B7 (           fs.asm):02267         L46C8               fcb       $21,$BD,$E6,$1B,$96,$C0,$94,$B7 !=f..@.7
46D0 260C96C084082706 (           fs.asm):02268         L46D0               fcb       $26,$0C,$96,$C0,$84,$08,$27,$06 &..@..'.
46D8 BDE6E27EE61B39BD (           fs.asm):02269         L46D8               fcb       $BD,$E6,$E2,$7E,$E6,$1B,$39,$BD =fb~f.9=
46E0 E7E5DCBC93C5DDB1 (           fs.asm):02270         L46E0               fcb       $E7,$E5,$DC,$BC,$93,$C5,$DD,$B1 ge\<.E]1
46E8 DCBA93C393B129EF (           fs.asm):02271         L46E8               fcb       $DC,$BA,$93,$C3,$93,$B1,$29,$EF \:.C.1)o
46F0 DDB1DCC593C3BDD3 (           fs.asm):02272         L46F0               fcb       $DD,$B1,$DC,$C5,$93,$C3,$BD,$D3 ]1\E.C=S
46F8 53DCB893C1DDB1DC (           fs.asm):02273         L46F8               fcb       $53,$DC,$B8,$93,$C1,$DD,$B1,$DC S\8.A]1\
4700 AFDD90BDD283D3C1 (           fs.asm):02274         L4700               fcb       $AF,$DD,$90,$BD,$D2,$83,$D3,$C1 /].=R.SA
4708 DDC1DCBC93C5DDB1 (           fs.asm):02275         L4708               fcb       $DD,$C1,$DC,$BC,$93,$C5,$DD,$B1 ]A\<.E]1
4710 DC90DDAFBDD283D3 (           fs.asm):02276         L4710               fcb       $DC,$90,$DD,$AF,$BD,$D2,$83,$D3 \.]/=R.S
4718 C5DDC5DDC339BDE7 (           fs.asm):02277         L4718               fcb       $C5,$DD,$C5,$DD,$C3,$39,$BD,$E7 E]E]C9=g
4720 E5DCBC93C5DDB1DC (           fs.asm):02278         L4720               fcb       $E5,$DC,$BC,$93,$C5,$DD,$B1,$DC e\<.E]1\
4728 C393BA93B129EFDD (           fs.asm):02279         L4728               fcb       $C3,$93,$BA,$93,$B1,$29,$EF,$DD C.:.1)o]
4730 B1DCC5D3C3BDD353 (           fs.asm):02280         L4730               fcb       $B1,$DC,$C5,$D3,$C3,$BD,$D3,$53 1\ESC=SS
4738 DCB893C1DDB1DCAF (           fs.asm):02281         L4738               fcb       $DC,$B8,$93,$C1,$DD,$B1,$DC,$AF \8.A]1\/
4740 DD90BDD283D3C1DD (           fs.asm):02282         L4740               fcb       $DD,$90,$BD,$D2,$83,$D3,$C1,$DD ].=R.SA]
4748 C1DCBC93C5DDB1DC (           fs.asm):02283         L4748               fcb       $C1,$DC,$BC,$93,$C5,$DD,$B1,$DC A\<.E]1\
4750 90DDAFBDD283D3C5 (           fs.asm):02284         L4750               fcb       $90,$DD,$AF,$BD,$D2,$83,$D3,$C5 .]/=R.SE
4758 DDC54353C30001DD (           fs.asm):02285         L4758               fcb       $DD,$C5,$43,$53,$C3,$00,$01,$DD ]ECSC..]
4760 C339BDE7E5DCBC93 (           fs.asm):02286         L4760               fcb       $C3,$39,$BD,$E7,$E5,$DC,$BC,$93 C9=ge\<.
4768 C5DDB1DCB893C193 (           fs.asm):02287         L4768               fcb       $C5,$DD,$B1,$DC,$B8,$93,$C1,$93 E]1\8.A.
4770 B129EFDDB1DCC593 (           fs.asm):02288         L4770               fcb       $B1,$29,$EF,$DD,$B1,$DC,$C5,$93 1)o]1\E.
4778 C1BDD353DCBC93C5 (           fs.asm):02289         L4778               fcb       $C1,$BD,$D3,$53,$DC,$BC,$93,$C5 A=SS\<.E
4780 DDB1DCAFDD90BDD2 (           fs.asm):02290         L4780               fcb       $DD,$B1,$DC,$AF,$DD,$90,$BD,$D2 ]1\/].=R
4788 83D3C5DDC5DDC1DC (           fs.asm):02291         L4788               fcb       $83,$D3,$C5,$DD,$C5,$DD,$C1,$DC .SE]E]A\
4790 BA93C3DDB1DC90DD (           fs.asm):02292         L4790               fcb       $BA,$93,$C3,$DD,$B1,$DC,$90,$DD :.C]1\.]
4798 AFBDD283D3C3DDC3 (           fs.asm):02293         L4798               fcb       $AF,$BD,$D2,$83,$D3,$C3,$DD,$C3 /=R.SC]C
47A0 39BDE7E5DCBC93C5 (           fs.asm):02294         L47A0               fcb       $39,$BD,$E7,$E5,$DC,$BC,$93,$C5 9=ge\<.E
47A8 DDB1DCC193B893B1 (           fs.asm):02295         L47A8               fcb       $DD,$B1,$DC,$C1,$93,$B8,$93,$B1 ]1\A.8.1
47B0 29EFDDB1DCC5D3C1 (           fs.asm):02296         L47B0               fcb       $29,$EF,$DD,$B1,$DC,$C5,$D3,$C1 )o]1\ESA
47B8 BDD353DCBA93C3DD (           fs.asm):02297         L47B8               fcb       $BD,$D3,$53,$DC,$BA,$93,$C3,$DD =SS\:.C]
47C0 B1DCAFDD90BDD283 (           fs.asm):02298         L47C0               fcb       $B1,$DC,$AF,$DD,$90,$BD,$D2,$83 1\/].=R.
47C8 D3C3DDC3DCBC93C5 (           fs.asm):02299         L47C8               fcb       $D3,$C3,$DD,$C3,$DC,$BC,$93,$C5 SC]C\<.E
47D0 DDB1DC90DDAFBDD2 (           fs.asm):02300         L47D0               fcb       $DD,$B1,$DC,$90,$DD,$AF,$BD,$D2 ]1\.]/=R
47D8 83D3C5DDC54353C3 (           fs.asm):02301         L47D8               fcb       $83,$D3,$C5,$DD,$C5,$43,$53,$C3 .SE]ECSC
47E0 0001DDC1398E00B8 (           fs.asm):02302         L47E0               fcb       $00,$01,$DD,$C1,$39,$8E,$00,$B8 ..]A9..8
47E8 BDCBF78E00C1BDCB (           fs.asm):02303         L47E8               fcb       $BD,$CB,$F7,$8E,$00,$C1,$BD,$CB =Kw..A=K
47F0 F7390C05201B310C (           fs.asm):02304         L47F0               fcb       $F7,$39,$0C,$05,$20,$1B,$31,$0C w9.. .1.
47F8 091B310D38022020 (           fs.asm):02305         L47F8               fcb       $09,$1B,$31,$0D,$38,$02,$20,$20 ..1.8.
4800 2A2A2A2A20436F75 (           fs.asm):02306         L4800               fcb       $2A,$2A,$2A,$2A,$20,$43,$6F,$75 **** Cou
4808 72736520506C6F74 (           fs.asm):02307         L4808               fcb       $72,$73,$65,$20,$50,$6C,$6F,$74 rse Plot
4810 7465722053797374 (           fs.asm):02308         L4810               fcb       $74,$65,$72,$20,$53,$79,$73,$74 ter Syst
4818 656D202A2A2A2A02 (           fs.asm):02309         L4818               fcb       $65,$6D,$20,$2A,$2A,$2A,$2A,$02 em ****.
4820 2023412E20426567 (           fs.asm):02310         L4820               fcb       $20,$23,$41,$2E,$20,$42,$65,$67 #A. Beg
4828 696E204E4F524D41 (           fs.asm):02311         L4828               fcb       $69,$6E,$20,$4E,$4F,$52,$4D,$41 in NORMA
4830 4C20636F75727365 (           fs.asm):02312         L4830               fcb       $4C,$20,$63,$6F,$75,$72,$73,$65 L course
4838 207265636F726469 (           fs.asm):02313         L4838               fcb       $20,$72,$65,$63,$6F,$72,$64,$69 recordi
4840 6E67022025422E20 (           fs.asm):02314         L4840               fcb       $6E,$67,$02,$20,$25,$42,$2E,$20 ng. %B.
4848 446973706C617920 (           fs.asm):02315         L4848               fcb       $44,$69,$73,$70,$6C,$61,$79,$20 Display
4850 636F757273652070 (           fs.asm):02316         L4850               fcb       $63,$6F,$75,$72,$73,$65,$20,$70 course p
4858 6C6F74022027432E (           fs.asm):02317         L4858               fcb       $6C,$6F,$74,$02,$20,$27,$43,$2E lot. 'C.
4860 20426567696E2050 (           fs.asm):02318         L4860               fcb       $20,$42,$65,$67,$69,$6E,$20,$50 Begin P
4868 5245434953494F4E (           fs.asm):02319         L4868               fcb       $52,$45,$43,$49,$53,$49,$4F,$4E RECISION
4870 207265636F726469 (           fs.asm):02320         L4870               fcb       $20,$72,$65,$63,$6F,$72,$64,$69 recordi
4878 6E67022029442E20 (           fs.asm):02321         L4878               fcb       $6E,$67,$02,$20,$29,$44,$2E,$20 ng. )D.
4880 5475726E206F6666 (           fs.asm):02322         L4880               fcb       $54,$75,$72,$6E,$20,$6F,$66,$66 Turn off
4888 20636F7572736520 (           fs.asm):02323         L4888               fcb       $20,$63,$6F,$75,$72,$73,$65,$20 course
4890 706C6F7474657202 (           fs.asm):02324         L4890               fcb       $70,$6C,$6F,$74,$74,$65,$72,$02 plotter.
4898 202D53656C656374 (           fs.asm):02325         L4898               fcb       $20,$2D,$53,$65,$6C,$65,$63,$74 -Select
48A0 206F7074696F6E2C (           fs.asm):02326         L48A0               fcb       $20,$6F,$70,$74,$69,$6F,$6E,$2C option,
48A8 207468656E207072 (           fs.asm):02327         L48A8               fcb       $20,$74,$68,$65,$6E,$20,$70,$72 then pr
48B0 657373205120746F (           fs.asm):02328         L48B0               fcb       $65,$73,$73,$20,$51,$20,$74,$6F ess Q to
48B8 02202E7265747572 (           fs.asm):02329         L48B8               fcb       $02,$20,$2E,$72,$65,$74,$75,$72 . .retur
48C0 6E20746F20466C69 (           fs.asm):02330         L48C0               fcb       $6E,$20,$74,$6F,$20,$46,$6C,$69 n to Fli
48C8 6768742C20536C65 (           fs.asm):02331         L48C8               fcb       $67,$68,$74,$2C,$20,$53,$6C,$65 ght, Sle
48D0 772C206F72205261 (           fs.asm):02332         L48D0               fcb       $77,$2C,$20,$6F,$72,$20,$52,$61 w, or Ra
48D8 64617202202F6D6F (           fs.asm):02333         L48D8               fcb       $64,$61,$72,$02,$20,$2F,$6D,$6F dar. /mo
48E0 646520746F207669 (           fs.asm):02334         L48E0               fcb       $64,$65,$20,$74,$6F,$20,$76,$69 de to vi
48E8 6577206F72207265 (           fs.asm):02335         L48E8               fcb       $65,$77,$20,$6F,$72,$20,$72,$65 ew or re
48F0 636F726420636F75 (           fs.asm):02336         L48F0               fcb       $63,$6F,$72,$64,$20,$63,$6F,$75 cord cou
48F8 7273652E8EE7F210 (           fs.asm):02337         L48F8               fcb       $72,$73,$65,$2E,$8E,$E7,$F2,$10 rse..gr.
4900 8E010A8601BDB9B5 (           fs.asm):02338         L4900               fcb       $8E,$01,$0A,$86,$01,$BD,$B9,$B5 .....=95
4908 C4DFC141271DC142 (           fs.asm):02339         L4908               fcb       $C4,$DF,$C1,$41,$27,$1D,$C1,$42 D_AA'.AB
4910 271FC143272EC144 (           fs.asm):02340         L4910               fcb       $27,$1F,$C1,$43,$27,$2E,$C1,$44 '.AC'.AD
4918 2724C15126DEB60C (           fs.asm):02341         L4918               fcb       $27,$24,$C1,$51,$26,$DE,$B6,$0C '$AQ&^6.
4920 D610BE0CCDC68C10 (           fs.asm):02342         L4920               fcb       $D6,$10,$BE,$0C,$CD,$C6,$8C,$10 V.>.MF..
4928 3F8E39C606860A20 (           fs.asm):02343         L4928               fcb       $3F,$8E,$39,$C6,$06,$86,$0A,$20 ?.9F...
4930 17B608A827C68602 (           fs.asm):02344         L4930               fcb       $17,$B6,$08,$A8,$27,$C6,$86,$02 .6.('F..
4938 B708A47EE8FC7F08 (           fs.asm):02345         L4938               fcb       $B7,$08,$A4,$7E,$E8,$FC,$7F,$08 7.$~h..
4940 A47EE8FCC6048602 (           fs.asm):02346         L4940               fcb       $A4,$7E,$E8,$FC,$C6,$04,$86,$02 $~h.F...
4948 F708A7B708A2B708 (           fs.asm):02347         L4948               fcb       $F7,$08,$A7,$B7,$08,$A2,$B7,$08 w.'7."7.
4950 A38601B708A4BE0C (           fs.asm):02348         L4950               fcb       $A3,$86,$01,$B7,$08,$A4,$BE,$0C #..7.$>.
4958 CF30893C008607A7 (           fs.asm):02349         L4958               fcb       $CF,$30,$89,$3C,$00,$86,$07,$A7 O0.<...'
4960 80B608A7A780DC02 (           fs.asm):02350         L4960               fcb       $80,$B6,$08,$A7,$A7,$80,$DC,$02 .6.''.\.
4968 ED81DC00ED81DC06 (           fs.asm):02351         L4968               fcb       $ED,$81,$DC,$00,$ED,$81,$DC,$06 m.\.m.\.
4970 ED81DC04ED81DC0A (           fs.asm):02352         L4970               fcb       $ED,$81,$DC,$04,$ED,$81,$DC,$0A m.\.m.\.
4978 ED81DC08ED81861B (           fs.asm):02353         L4978               fcb       $ED,$81,$DC,$08,$ED,$81,$86,$1B m.\.m...
4980 A7808601A7804F5F (           fs.asm):02354         L4980               fcb       $A7,$80,$86,$01,$A7,$80,$4F,$5F '...'.O_
4988 ED81ED81ED818679 (           fs.asm):02355         L4988               fcb       $ED,$81,$ED,$81,$ED,$81,$86,$79 m.m.m..y
4990 A784BF08A58601B7 (           fs.asm):02356         L4990               fcb       $A7,$84,$BF,$08,$A5,$86,$01,$B7 '.?.%..7
4998 08A87EE8FCB608A4 (           fs.asm):02357         L4998               fcb       $08,$A8,$7E,$E8,$FC,$B6,$08,$A4 .(~h.6.$
49A0 2601398101271281 (           fs.asm):02358         L49A0               fcb       $26,$01,$39,$81,$01,$27,$12,$81 &.9..'..
49A8 02270139BE0CCF30 (           fs.asm):02359         L49A8               fcb       $02,$27,$01,$39,$BE,$0C,$CF,$30 .'.9>.O0
49B0 893C009F7BBDC888 (           fs.asm):02360         L49B0               fcb       $89,$3C,$00,$9F,$7B,$BD,$C8,$88 .<..{=H.
49B8 397A08A3270139B6 (           fs.asm):02361         L49B8               fcb       $39,$7A,$08,$A3,$27,$01,$39,$B6 9z.#'.96
49C0 08A2B708A3BE0CCF (           fs.asm):02362         L49C0               fcb       $08,$A2,$B7,$08,$A3,$BE,$0C,$CF ."7.#>.O
49C8 30893FF2BC08A522 (           fs.asm):02363         L49C8               fcb       $30,$89,$3F,$F2,$BC,$08,$A5,$22 0.?r<.%"
49D0 013910BE0CCF31A9 (           fs.asm):02364         L49D0               fcb       $01,$39,$10,$BE,$0C,$CF,$31,$A9 .9.>.O1)
49D8 3C00BE08A58602A7 (           fs.asm):02365         L49D8               fcb       $3C,$00,$BE,$08,$A5,$86,$02,$A7 <.>.%..'
49E0 80D602E0229601A2 (           fs.asm):02366         L49E0               fcb       $80,$D6,$02,$E0,$22,$96,$01,$A2 .V.`".."
49E8 251F039600A224B7 (           fs.asm):02367         L49E8               fcb       $25,$1F,$03,$96,$00,$A2,$24,$B7 %...."$7
49F0 00A31F30BDEA31ED (           fs.asm):02368         L49F0               fcb       $00,$A3,$1F,$30,$BD,$EA,$31,$ED .#.0=j1m
49F8 81D606E0269605A2 (           fs.asm):02369         L49F8               fcb       $81,$D6,$06,$E0,$26,$96,$05,$A2 .V.`&.."
4A00 291F039604A228B7 (           fs.asm):02370         L4A00               fcb       $29,$1F,$03,$96,$04,$A2,$28,$B7 )...."(7
4A08 00A31F30BDEA31ED (           fs.asm):02371         L4A08               fcb       $00,$A3,$1F,$30,$BD,$EA,$31,$ED .#.0=j1m
4A10 81D60AE02A9609A2 (           fs.asm):02372         L4A10               fcb       $81,$D6,$0A,$E0,$2A,$96,$09,$A2 .V.`*.."
4A18 2D1F039608A22CB7 (           fs.asm):02373         L4A18               fcb       $2D,$1F,$03,$96,$08,$A2,$2C,$B7 -....",7
4A20 00A31F30BDEA31ED (           fs.asm):02374         L4A20               fcb       $00,$A3,$1F,$30,$BD,$EA,$31,$ED .#.0=j1m
4A28 818679A784BF08A5 (           fs.asm):02375         L4A28               fcb       $81,$86,$79,$A7,$84,$BF,$08,$A5 ..y'.?.%
4A30 393402B608A78104 (           fs.asm):02376         L4A30               fcb       $39,$34,$02,$B6,$08,$A7,$81,$04 94.6.'..
4A38 350227147400A346 (           fs.asm):02377         L4A38               fcb       $35,$02,$27,$14,$74,$00,$A3,$46 5.'.t.#F
4A40 567400A346567400 (           fs.asm):02378         L4A40               fcb       $56,$74,$00,$A3,$46,$56,$74,$00 Vt.#FVt.
4A48 A346567400A34656 (           fs.asm):02379         L4A48               fcb       $A3,$46,$56,$74,$00,$A3,$46,$56 #FVt.#FV
4A50 39F603238E02A8E6 (           fs.asm):02380         L4A50               fcb       $39,$F6,$03,$23,$8E,$02,$A8,$E6 9v.#..(f
4A58 85FB02CBBDEAE110 (           fs.asm):02381         L4A58               fcb       $85,$FB,$02,$CB,$BD,$EA,$E1,$10 ...K=ja.
4A60 BF140CCC0168DDAF (           fs.asm):02382         L4A60               fcb       $BF,$14,$0C,$CC,$01,$68,$DD,$AF ?..L.h]/
4A68 FC0340BDD34BDCB3 (           fs.asm):02383         L4A68               fcb       $FC,$03,$40,$BD,$D3,$4B,$DC,$B3 ..@=SK\3
4A70 BDEAE210BF147C81 (           fs.asm):02384         L4A70               fcb       $BD,$EA,$E2,$10,$BF,$14,$7C,$81 =jb.?.|.
4A78 3026028620B7147B (           fs.asm):02385         L4A78               fcb       $30,$26,$02,$86,$20,$B7,$14,$7B 0&.. 7.{
4A80 F6033EBDEAE11F20 (           fs.asm):02386         L4A80               fcb       $F6,$03,$3E,$BD,$EA,$E1,$1F,$20 v.>=ja.
4A88 813026028620FD14 (           fs.asm):02387         L4A88               fcb       $81,$30,$26,$02,$86,$20,$FD,$14 .0&.. ..
4A90 82F60321FB0157C1 (           fs.asm):02388         L4A90               fcb       $82,$F6,$03,$21,$FB,$01,$57,$C1 .v.!..WA
4A98 182502C018BDEAE1 (           fs.asm):02389         L4A98               fcb       $18,$25,$02,$C0,$18,$BD,$EA,$E1 .%.@.=ja
4AA0 10BF13F4CC0866DD (           fs.asm):02390         L4AA0               fcb       $10,$BF,$13,$F4,$CC,$08,$66,$DD .?.tL.f]
4AA8 AFFC0158BDD34B7F (           fs.asm):02391         L4AA8               fcb       $AF,$FC,$01,$58,$BD,$D3,$4B,$7F /..X=SK
4AB0 1489DCB32715BDEA (           fs.asm):02392         L4AB0               fcb       $14,$89,$DC,$B3,$27,$15,$BD,$EA ..\3'.=j
4AB8 E2813026028620B7 (           fs.asm):02393         L4AB8               fcb       $E2,$81,$30,$26,$02,$86,$20,$B7 b.0&.. 7
4AC0 149B10BF149CC620 (           fs.asm):02394         L4AC0               fcb       $14,$9B,$10,$BF,$14,$9C,$C6,$20 ...?..F
4AC8 F71489F603405454 (           fs.asm):02395         L4AC8               fcb       $F7,$14,$89,$F6,$03,$40,$54,$54 w..v.@TT
4AD0 545454548E02A5E6 (           fs.asm):02396         L4AD0               fcb       $54,$54,$54,$54,$8E,$02,$A5,$E6 TTTT..%f
4AD8 85BDEAE110BF143B (           fs.asm):02397         L4AD8               fcb       $85,$BD,$EA,$E1,$10,$BF,$14,$3B .=ja.?.;
4AE0 394F8E0236BDB49E (           fs.asm):02398         L4AE0               fcb       $39,$4F,$8E,$02,$36,$BD,$B4,$9E 9O..6=4.
4AE8 B6023610BE023739 (           fs.asm):02399         L4AE8               fcb       $B6,$02,$36,$10,$BE,$02,$37,$39 6.6.>.79
4AF0 B602AD2701397C02 (           fs.asm):02400         L4AF0               fcb       $B6,$02,$AD,$27,$01,$39,$7C,$02 6.-'.9|.
4AF8 AD7F02398603B702 (           fs.asm):02401         L4AF8               fcb       $AD,$7F,$02,$39,$86,$03,$B7,$02 -.9..7.
4B00 37B70236BDA06DFE (           fs.asm):02402         L4B00               fcb       $37,$B7,$02,$36,$BD,$A0,$6D,$FE 77.6= m.
4B08 02C4BDEB1286047E (           fs.asm):02403         L4B08               fcb       $02,$C4,$BD,$EB,$12,$86,$04,$7E .D=k...~
4B10 A56937045D260139 (           fs.asm):02404         L4B10               fcb       $A5,$69,$37,$04,$5D,$26,$01,$39 %i7.]&.9
4B18 2A1B34408E13D0C4 (           fs.asm):02405         L4B18               fcb       $2A,$1B,$34,$40,$8E,$13,$D0,$C4 *.4@..PD
4B20 7FE6858E13DD3A1F (           fs.asm):02406         L4B20               fcb       $7F,$E6,$85,$8E,$13,$DD,$3A,$1F f...]:.
4B28 13C620BDEB14BDEB (           fs.asm):02407         L4B28               fcb       $13,$C6,$20,$BD,$EB,$14,$BD,$EB .F =k.=k
4B30 65354020DDC12027 (           fs.asm):02408         L4B30               fcb       $65,$35,$40,$20,$DD,$C1,$20,$27 e5@ ]A '
4B38 27F702388E0236CC (           fs.asm):02409         L4B38               fcb       $27,$F7,$02,$38,$8E,$02,$36,$CC 'w.8..6L
4B40 FFFFFD02013440FE (           fs.asm):02410         L4B40               fcb       $FF,$FF,$FD,$02,$01,$34,$40,$FE .....4@.
4B48 0CCFBDB3D13540B6 (           fs.asm):02411         L4B48               fcb       $0C,$CF,$BD,$B3,$D1,$35,$40,$B6 .O=3Q5@6
4B50 030843C60A1F0130 (           fs.asm):02412         L4B50               fcb       $03,$08,$43,$C6,$0A,$1F,$01,$30 ..CF...0
4B58 1F26FCBDEB8120D3 (           fs.asm):02413         L4B58               fcb       $1F,$26,$FC,$BD,$EB,$81,$20,$D3 .&.=k. S
4B60 BDEB6520CEB60236 (           fs.asm):02414         L4B60               fcb       $BD,$EB,$65,$20,$CE,$B6,$02,$36 =ke N6.6
4B68 81642515B602378B (           fs.asm):02415         L4B68               fcb       $81,$64,$25,$15,$B6,$02,$37,$8B .d%.6.7.
4B70 07815A2505BDA06D (           fs.asm):02416         L4B70               fcb       $07,$81,$5A,$25,$05,$BD,$A0,$6D ..Z%.= m
4B78 8603B70237860320 (           fs.asm):02417         L4B78               fcb       $86,$03,$B7,$02,$37,$86,$03,$20 ..7.7..
4B80 05B602368B04B702 (           fs.asm):02418         L4B80               fcb       $05,$B6,$02,$36,$8B,$04,$B7,$02 .6.6..7.
4B88 3639B607812632F6 (           fs.asm):02419         L4B88               fcb       $36,$39,$B6,$07,$81,$26,$32,$F6 696..&2v
4B90 07421D97A3DC02B3 (           fs.asm):02420         L4B90               fcb       $07,$42,$1D,$97,$A3,$DC,$02,$B3 .B..#\.3
4B98 0742DD02960192A3 (           fs.asm):02421         L4B98               fcb       $07,$42,$DD,$02,$96,$01,$92,$A3 .B]....#
4BA0 9701960092A39700 (           fs.asm):02422         L4BA0               fcb       $97,$01,$96,$00,$92,$A3,$97,$00 .....#..
4BA8 F607441D97A3DC0A (           fs.asm):02423         L4BA8               fcb       $F6,$07,$44,$1D,$97,$A3,$DC,$0A v.D..#\.
4BB0 B30744970A960992 (           fs.asm):02424         L4BB0               fcb       $B3,$07,$44,$97,$0A,$96,$09,$92 3.D.....
4BB8 A39709960892A397 (           fs.asm):02425         L4BB8               fcb       $A3,$97,$09,$96,$08,$92,$A3,$97 #.....#.
4BC0 0839DC0510B3032C (           fs.asm):02426         L4BC0               fcb       $08,$39,$DC,$05,$10,$B3,$03,$2C .9\..3.,
4BC8 251B10B3032E2510 (           fs.asm):02427         L4BC8               fcb       $25,$1B,$10,$B3,$03,$2E,$25,$10 %..3..%.
4BD0 10B3033025058E03 (           fs.asm):02428         L4BD0               fcb       $10,$B3,$03,$30,$25,$05,$8E,$03 .3.0%...
4BD8 3220108E0336200B (           fs.asm):02429         L4BD8               fcb       $32,$20,$10,$8E,$03,$36,$20,$0B 2 ...6 .
4BE0 8E033A20068E033E (           fs.asm):02430         L4BE0               fcb       $8E,$03,$3A,$20,$06,$8E,$03,$3E ..: ...>
4BE8 7C0746A602BB0148 (           fs.asm):02431         L4BE8               fcb       $7C,$07,$46,$A6,$02,$BB,$01,$48 |.F&.;.H
4BF0 7407462403BB014A (           fs.asm):02432         L4BF0               fcb       $74,$07,$46,$24,$03,$BB,$01,$4A t.F$.;.J
4BF8 3412BDD3AE979035 (           fs.asm):02433         L4BF8               fcb       $34,$12,$BD,$D3,$AE,$97,$90,$35 4.=S...5
4C00 02BDD3AB97923510 (           fs.asm):02434         L4C00               fcb       $02,$BD,$D3,$AB,$97,$92,$35,$10 .=S+..5.
4C08 A6843402D690BDD2 (           fs.asm):02435         L4C08               fcb       $A6,$84,$34,$02,$D6,$90,$BD,$D2 &.4.V.=R
4C10 635849F6077CBDD2 (           fs.asm):02436         L4C10               fcb       $63,$58,$49,$F6,$07,$7C,$BD,$D2 cXIv.|=R
4C18 63B707423502D692 (           fs.asm):02437         L4C18               fcb       $63,$B7,$07,$42,$35,$02,$D6,$92 c7.B5.V.
4C20 BDD2635849F6077C (           fs.asm):02438         L4C20               fcb       $BD,$D2,$63,$58,$49,$F6,$07,$7C =RcXIv.|
4C28 BDD263B707443906 (           fs.asm):02439         L4C28               fcb       $BD,$D2,$63,$B7,$07,$44,$39,$06 =Rc7.D9.
4C30 00061E1300131E07 (           fs.asm):02440         L4C30               fcb       $00,$06,$1E,$13,$00,$13,$1E,$07 ........
4C38 00071E1100111E06 (           fs.asm):02441         L4C38               fcb       $00,$07,$1E,$11,$00,$11,$1E,$06 ........
4C40 00061E1300131E05 (           fs.asm):02442         L4C40               fcb       $00,$06,$1E,$13,$00,$13,$1E,$05 ........
4C48 00051E1500151EF6 (           fs.asm):02443         L4C48               fcb       $00,$05,$1E,$15,$00,$15,$1E,$F6 .......v
4C50 0323C4035858588E (           fs.asm):02444         L4C50               fcb       $03,$23,$C4,$03,$58,$58,$58,$8E .#D.XXX.
4C58 EC2F3AB60321F603 (           fs.asm):02445         L4C58               fcb       $EC,$2F,$3A,$B6,$03,$21,$F6,$03 l/:6.!v.
4C60 2210A384250F10A3 (           fs.asm):02446         L4C60               fcb       $22,$10,$A3,$84,$25,$0F,$10,$A3 ".#.%..#
4C68 02250E10A304250D (           fs.asm):02447         L4C68               fcb       $02,$25,$0E,$10,$A3,$04,$25,$0D .%..#.%.
4C70 10A3062504860420 (           fs.asm):02448         L4C70               fcb       $10,$A3,$06,$25,$04,$86,$04,$20 .#.%...
4C78 06860220028601B7 (           fs.asm):02449         L4C78               fcb       $06,$86,$02,$20,$02,$86,$01,$B7 ... ...7
4C80 013FF603238601B7 (           fs.asm):02450         L4C80               fcb       $01,$3F,$F6,$03,$23,$86,$01,$B7 .?v.#..7
4C88 0187485A26F93947 (           fs.asm):02451         L4C88               fcb       $01,$87,$48,$5A,$26,$F9,$39,$47 ..HZ&y9G
4C90 4797DD27202A0ECC (           fs.asm):02452         L4C90               fcb       $47,$97,$DD,$27,$20,$2A,$0E,$CC G.]' *.L
4C98 FFFF979A5849099A (           fs.asm):02453         L4C98               fcb       $FF,$FF,$97,$9A,$58,$49,$09,$9A ....XI..
4CA0 0CDD2BF839CC0000 (           fs.asm):02454         L4CA0               fcb       $0C,$DD,$2B,$F8,$39,$CC,$00,$00 .]+x9L..
4CA8 979A1A015949099A (           fs.asm):02455         L4CA8               fcb       $97,$9A,$1A,$01,$59,$49,$09,$9A ....YI..
4CB0 0ADD26F639C600D7 (           fs.asm):02456         L4CB0               fcb       $0A,$DD,$26,$F6,$39,$C6,$00,$D7 .]&v9F.W
4CB8 9A39B607EF2715CC (           fs.asm):02457         L4CB8               fcb       $9A,$39,$B6,$07,$EF,$27,$15,$CC .96.o'.L
4CC0 0000B707EFFD081A (           fs.asm):02458         L4CC0               fcb       $00,$00,$B7,$07,$EF,$FD,$08,$1A ..7.o...
4CC8 FD082BFD0812B708 (           fs.asm):02459         L4CC8               fcb       $FD,$08,$2B,$FD,$08,$12,$B7,$08 ..+...7.
4CD0 31B70833B6081217 (           fs.asm):02460         L4CD0               fcb       $31,$B7,$08,$33,$B6,$08,$12,$17 17.36...
4CD8 FFB5D301DD019600 (           fs.asm):02461         L4CD8               fcb       $FF,$B5,$D3,$01,$DD,$01,$96,$00 .5S.]...
4CE0 999A9700B6081A40 (           fs.asm):02462         L4CE0               fcb       $99,$9A,$97,$00,$B6,$08,$1A,$40 ....6..@
4CE8 BDEC8FD309DD0996 (           fs.asm):02463         L4CE8               fcb       $BD,$EC,$8F,$D3,$09,$DD,$09,$96 =l.S.]..
4CF0 08999A9708F60833 (           fs.asm):02464         L4CF0               fcb       $08,$99,$9A,$97,$08,$F6,$08,$33 .....v.3
4CF8 1D3402D305DD0535 (           fs.asm):02465         L4CF8               fcb       $1D,$34,$02,$D3,$05,$DD,$05,$35 .4.S.].5
4D00 02990497042A0ACC (           fs.asm):02466         L4D00               fcb       $02,$99,$04,$97,$04,$2A,$0A,$CC .....*.L
4D08 00009704DD05FD08 (           fs.asm):02467         L4D08               fcb       $00,$00,$97,$04,$DD,$05,$FD,$08 ....]...
4D10 33B60831D614CB40 (           fs.asm):02468         L4D10               fcb       $33,$B6,$08,$31,$D6,$14,$CB,$40 36.1V.K@
4D18 2A01409B1297122B (           fs.asm):02469         L4D18               fcb       $2A,$01,$40,$9B,$12,$97,$12,$2B *.@....+
4D20 068141251D200481 (           fs.asm):02470         L4D20               fcb       $06,$81,$41,$25,$1D,$20,$04,$81 ..A%. ..
4D28 C02417D6134353C3 (           fs.asm):02471         L4D28               fcb       $C0,$24,$17,$D6,$13,$43,$53,$C3 @$.V.CSC
4D30 00018880DD129614 (           fs.asm):02472         L4D30               fcb       $00,$01,$88,$80,$DD,$12,$96,$14 ....]...
4D38 8880971496168880 (           fs.asm):02473         L4D38               fcb       $88,$80,$97,$14,$96,$16,$88,$80 ........
4D40 9716B6082D9B1497 (           fs.asm):02474         L4D40               fcb       $97,$16,$B6,$08,$2D,$9B,$14,$97 ..6.-...
4D48 149616B0082F9716 (           fs.asm):02475         L4D48               fcb       $14,$96,$16,$B0,$08,$2F,$97,$16 ...0./..
4D50 DC088B40FD0309DC (           fs.asm):02476         L4D50               fcb       $DC,$08,$8B,$40,$FD,$03,$09,$DC \..@...\
4D58 008B40FD030B397D (           fs.asm):02477         L4D58               fcb       $00,$8B,$40,$FD,$03,$0B,$39,$7D ..@...9}
4D60 7D7D644B32191919 (           fs.asm):02478         L4D60               fcb       $7D,$7D,$64,$4B,$32,$19,$19,$19 }}dK2...
4D68 19B60304270139FC (           fs.asm):02479         L4D68               fcb       $19,$B6,$03,$04,$27,$01,$39,$FC .6..'.9.
4D70 074DBDD3B9FD07AD (           fs.asm):02480         L4D70               fcb       $07,$4D,$BD,$D3,$B9,$FD,$07,$AD .M=S9..-
4D78 B6074DBDD3ABFD07 (           fs.asm):02481         L4D78               fcb       $B6,$07,$4D,$BD,$D3,$AB,$FD,$07 6.M=S+..
4D80 57FC074FBDD3B9FD (           fs.asm):02482         L4D80               fcb       $57,$FC,$07,$4F,$BD,$D3,$B9,$FD W..O=S9.
4D88 07AFB6074FBDD3AB (           fs.asm):02483         L4D88               fcb       $07,$AF,$B6,$07,$4F,$BD,$D3,$AB ./6.O=S+
4D90 FD075BFD07678E08 (           fs.asm):02484         L4D90               fcb       $FD,$07,$5B,$FD,$07,$67,$8E,$08 ..[..g..
4D98 71BDD538F6082BBD (           fs.asm):02485         L4D98               fcb       $71,$BD,$D5,$38,$F6,$08,$2B,$BD q=U8v.+=
4DA0 D263FD07738E083F (           fs.asm):02486         L4DA0               fcb       $D2,$63,$FD,$07,$73,$8E,$08,$3F Rc..s..?
4DA8 BDD538FC081ABDD2 (           fs.asm):02487         L4DA8               fcb       $BD,$D5,$38,$FC,$08,$1A,$BD,$D2 =U8...=R
4DB0 81FD074BDDAFFC07 (           fs.asm):02488         L4DB0               fcb       $81,$FD,$07,$4B,$DD,$AF,$FC,$07 ...K]/..
4DB8 E7BDD281FD078E8E (           fs.asm):02489         L4DB8               fcb       $E7,$BD,$D2,$81,$FD,$07,$8E,$8E g=R.....
4DC0 ED5FBDD538DD90DC (           fs.asm):02490         L4DC0               fcb       $ED,$5F,$BD,$D5,$38,$DD,$90,$DC m_=U8].\
4DC8 90DDAFFC0790BDD2 (           fs.asm):02491         L4DC8               fcb       $90,$DD,$AF,$FC,$07,$90,$BD,$D2 .]/...=R
4DD0 81F3078EFD07C5B6 (           fs.asm):02492         L4DD0               fcb       $81,$F3,$07,$8E,$FD,$07,$C5,$B6 .s....E6
4DD8 022B27054F5FFD07 (           fs.asm):02493         L4DD8               fcb       $02,$2B,$27,$05,$4F,$5F,$FD,$07 .+'.O_..
4DE0 C5DC90DDAFFC0792 (           fs.asm):02494         L4DE0               fcb       $C5,$DC,$90,$DD,$AF,$FC,$07,$92 E\.]/...
4DE8 BDD281F3078EFD07 (           fs.asm):02495         L4DE8               fcb       $BD,$D2,$81,$F3,$07,$8E,$FD,$07 =R.s....
4DF0 C7B6074B2B3FC600 (           fs.asm):02496         L4DF0               fcb       $C7,$B6,$07,$4B,$2B,$3F,$C6,$00 G6.K+?F.
4DF8 81212502C644BE0C (           fs.asm):02497         L4DF8               fcb       $81,$21,$25,$02,$C6,$44,$BE,$0C .!%.FD>.
4E00 D3E7890159E78901 (           fs.asm):02498         L4E00               fcb       $D3,$E7,$89,$01,$59,$E7,$89,$01 Sg..Yg..
4E08 5AE789015BE78901 (           fs.asm):02499         L4E08               fcb       $5A,$E7,$89,$01,$5B,$E7,$89,$01 Zg..[g..
4E10 A9E78901AAE78901 (           fs.asm):02500         L4E10               fcb       $A9,$E7,$89,$01,$AA,$E7,$89,$01 )g..*g..
4E18 ABE78901F9E78901 (           fs.asm):02501         L4E18               fcb       $AB,$E7,$89,$01,$F9,$E7,$89,$01 +g..yg..
4E20 FAE78901FB812425 (           fs.asm):02502         L4E20               fcb       $FA,$E7,$89,$01,$FB,$81,$24,$25 zg....$%
4E28 10C60FF7089DC606 (           fs.asm):02503         L4E28               fcb       $10,$C6,$0F,$F7,$08,$9D,$C6,$06 .F.w..F.
4E30 F70898200681E725 (           fs.asm):02504         L4E30               fcb       $F7,$08,$98,$20,$06,$81,$E7,$25 w.. ..g%
4E38 F0C600FC07BBDDAF (           fs.asm):02505         L4E38               fcb       $F0,$C6,$00,$FC,$07,$BB,$DD,$AF pF...;]/
4E40 BDD281FD07BDDDAF (           fs.asm):02506         L4E40               fcb       $BD,$D2,$81,$FD,$07,$BD,$DD,$AF =R...=]/
4E48 FC07C5BDD2815849 (           fs.asm):02507         L4E48               fcb       $FC,$07,$C5,$BD,$D2,$81,$58,$49 ..E=R.XI
4E50 5849FD079AFC07BD (           fs.asm):02508         L4E50               fcb       $58,$49,$FD,$07,$9A,$FC,$07,$BD XI.....=
4E58 DDAFFC07C7BDD281 (           fs.asm):02509         L4E58               fcb       $DD,$AF,$FC,$07,$C7,$BD,$D2,$81 ]/..G=R.
4E60 58495849FD079C4F (           fs.asm):02510         L4E60               fcb       $58,$49,$58,$49,$FD,$07,$9C,$4F XIXI...O
4E68 D606C014D605C200 (           fs.asm):02511         L4E68               fcb       $D6,$06,$C0,$14,$D6,$05,$C2,$00 V.@.V.B.
4E70 2A02860B3402FC07 (           fs.asm):02512         L4E70               fcb       $2A,$02,$86,$0B,$34,$02,$FC,$07 *...4...
4E78 9CF3079ADDAFFC07 (           fs.asm):02513         L4E78               fcb       $9C,$F3,$07,$9A,$DD,$AF,$FC,$07 .s..]/..
4E80 49BDD2793502BB07 (           fs.asm):02514         L4E80               fcb       $49,$BD,$D2,$79,$35,$02,$BB,$07 I=Ry5.;.
4E88 96F60797BDD281FD (           fs.asm):02515         L4E88               fcb       $96,$F6,$07,$97,$BD,$D2,$81,$FD .v..=R..
4E90 0798B6089D27087A (           fs.asm):02516         L4E90               fcb       $07,$98,$B6,$08,$9D,$27,$08,$7A ..6..'.z
4E98 089D4F5FFD0798FC (           fs.asm):02517         L4E98               fcb       $08,$9D,$4F,$5F,$FD,$07,$98,$FC ..O_....
4EA0 07ADDDAFFC07C1BD (           fs.asm):02518         L4EA0               fcb       $07,$AD,$DD,$AF,$FC,$07,$C1,$BD .-]/..A=
4EA8 D281FD07B3FC0757 (           fs.asm):02519         L4EA8               fcb       $D2,$81,$FD,$07,$B3,$FC,$07,$57 R...3..W
4EB0 DDAFFC07C1BDD281 (           fs.asm):02520         L4EB0               fcb       $DD,$AF,$FC,$07,$C1,$BD,$D2,$81 ]/..A=R.
4EB8 FD075FFC0798DDAF (           fs.asm):02521         L4EB8               fcb       $FD,$07,$5F,$FC,$07,$98,$DD,$AF .._...]/
4EC0 FC0767BDD281B307 (           fs.asm):02522         L4EC0               fcb       $FC,$07,$67,$BD,$D2,$81,$B3,$07 ..g=R.3.
4EC8 5FFD07B9FC07C5DD (           fs.asm):02523         L4EC8               fcb       $5F,$FD,$07,$B9,$FC,$07,$C5,$DD _..9..E]
4ED0 AFBDD281FD07C9FC (           fs.asm):02524         L4ED0               fcb       $AF,$BD,$D2,$81,$FD,$07,$C9,$FC /=R...I.
4ED8 07C7DDAFBDD281FD (           fs.asm):02525         L4ED8               fcb       $07,$C7,$DD,$AF,$BD,$D2,$81,$FD .G]/=R..
4EE0 07CBFB07C924034C (           fs.asm):02526         L4EE0               fcb       $07,$CB,$FB,$07,$C9,$24,$03,$4C .K..I$.L
4EE8 1CFEF30784B907C9 (           fs.asm):02527         L4EE8               fcb       $1C,$FE,$F3,$07,$84,$B9,$07,$C9 ..s..9.I
4EF0 BB0779DDAFFC0755 (           fs.asm):02528         L4EF0               fcb       $BB,$07,$79,$DD,$AF,$FC,$07,$55 ;.y]/..U
4EF8 BDD281F30753DDAF (           fs.asm):02529         L4EF8               fcb       $BD,$D2,$81,$F3,$07,$53,$DD,$AF =R.s.S]/
4F00 FC07BDBDD279FC07 (           fs.asm):02530         L4F00               fcb       $FC,$07,$BD,$BD,$D2,$79,$FC,$07 ..==Ry..
4F08 49BDD281F307B3FD (           fs.asm):02531         L4F08               fcb       $49,$BD,$D2,$81,$F3,$07,$B3,$FD I=R.s.3.
4F10 076FFC07BB270EB6 (           fs.asm):02532         L4F10               fcb       $07,$6F,$FC,$07,$BB,$27,$0E,$B6 .o..;'.6
4F18 0770BB07E3B70770 (           fs.asm):02533         L4F18               fcb       $07,$70,$BB,$07,$E3,$B7,$07,$70 .p;.c7.p
4F20 24037C076FFC07B7 (           fs.asm):02534         L4F20               fcb       $24,$03,$7C,$07,$6F,$FC,$07,$B7 $.|.o..7
4F28 B3076FFD0777DDAF (           fs.asm):02535         L4F28               fcb       $B3,$07,$6F,$FD,$07,$77,$DD,$AF 3.o..w]/
4F30 FC079FBDD281FD07 (           fs.asm):02536         L4F30               fcb       $FC,$07,$9F,$BD,$D2,$81,$FD,$07 ...=R...
4F38 718E0853BDD538FC (           fs.asm):02537         L4F38               fcb       $71,$8E,$08,$53,$BD,$D5,$38,$FC q..S=U8.
4F40 07AFBDD279FC0798 (           fs.asm):02538         L4F40               fcb       $07,$AF,$BD,$D2,$79,$FC,$07,$98 ./=Ry...
4F48 BDEFF87D07812603 (           fs.asm):02539         L4F48               fcb       $BD,$EF,$F8,$7D,$07,$81,$26,$03 =ox}..&.
4F50 F30763FD076D7D07 (           fs.asm):02540         L4F50               fcb       $F3,$07,$63,$FD,$07,$6D,$7D,$07 s.c..m}.
4F58 812711FC07BB270C (           fs.asm):02541         L4F58               fcb       $81,$27,$11,$FC,$07,$BB,$27,$0C .'...;'.
4F60 FC082B4756475647 (           fs.asm):02542         L4F60               fcb       $FC,$08,$2B,$47,$56,$47,$56,$47 ..+GVGVG
4F68 56FD076D8E0849BD (           fs.asm):02543         L4F68               fcb       $56,$FD,$07,$6D,$8E,$08,$49,$BD V..m..I=
4F70 D538B608982705FC (           fs.asm):02544         L4F70               fcb       $D5,$38,$B6,$08,$98,$27,$05,$FC U86..'..
4F78 07B92005FC07B947 (           fs.asm):02545         L4F78               fcb       $07,$B9,$20,$05,$FC,$07,$B9,$47 .9 ...9G
4F80 56BDD281FD0769F6 (           fs.asm):02546         L4F80               fcb       $56,$BD,$D2,$81,$FD,$07,$69,$F6 V=R...iv
4F88 078127084D2A055F (           fs.asm):02547         L4F88               fcb       $07,$81,$27,$08,$4D,$2A,$05,$5F ..'.M*._
4F90 4FFD0769CCFF38DD (           fs.asm):02548         L4F90               fcb       $4F,$FD,$07,$69,$CC,$FF,$38,$DD O..iL.8]
4F98 AFFC0769BDD281F3 (           fs.asm):02549         L4F98               fcb       $AF,$FC,$07,$69,$BD,$D2,$81,$F3 /..i=R.s
4FA0 07717D08982703FC (           fs.asm):02550         L4FA0               fcb       $07,$71,$7D,$08,$98,$27,$03,$FC .q}..'..
4FA8 0771F307BB280486 (           fs.asm):02551         L4FA8               fcb       $07,$71,$F3,$07,$BB,$28,$04,$86 .qs.;(..
4FB0 6420032A014FFD07 (           fs.asm):02552         L4FB0               fcb       $64,$20,$03,$2A,$01,$4F,$FD,$07 d .*.O..
4FB8 BBFC074DF30769FD (           fs.asm):02553         L4FB8               fcb       $BB,$FC,$07,$4D,$F3,$07,$69,$FD ;..Ms.i.
4FC0 074D2A12BDEFCABD (           fs.asm):02554         L4FC0               fcb       $07,$4D,$2A,$12,$BD,$EF,$CA,$BD .M*.=oJ=
4FC8 EFD6FC074D4353C3 (           fs.asm):02555         L4FC8               fcb       $EF,$D6,$FC,$07,$4D,$43,$53,$C3 oV..MCSC
4FD0 0001FD074D39FC07 (           fs.asm):02556         L4FD0               fcb       $00,$01,$FD,$07,$4D,$39,$FC,$07 ....M9..
4FD8 4D8140251A4353C3 (           fs.asm):02557         L4FD8               fcb       $4D,$81,$40,$25,$1A,$43,$53,$C3 M.@%.CSC
4FE0 00018880FD074DB6 (           fs.asm):02558         L4FE0               fcb       $00,$01,$88,$80,$FD,$07,$4D,$B6 ......M6
4FE8 074F8880B7074FB6 (           fs.asm):02559         L4FE8               fcb       $07,$4F,$88,$80,$B7,$07,$4F,$B6 .O..7.O6
4FF0 07838880B7078339 (           fs.asm):02560         L4FF0               fcb       $07,$83,$88,$80,$B7,$07,$83,$39 ....7..9
4FF8 BDD2815849584939 (           fs.asm):02561         L4FF8               fcb       $BD,$D2,$81,$58,$49,$58,$49,$39 =R.XIXI9
5000 8601B707EFB60286 (           fs.asm):02562         L5000               fcb       $86,$01,$B7,$07,$EF,$B6,$02,$86 ..7.o6..
5008 C680103F8D1F201F (           fs.asm):02563         L5008               fcb       $C6,$80,$10,$3F,$8D,$1F,$20,$1F F..?.. .
5010 985FDDAFCC0222BD (           fs.asm):02564         L5010               fcb       $98,$5F,$DD,$AF,$CC,$02,$22,$BD ._]/L."=
5018 D34B4D2A02867FFD (           fs.asm):02565         L5018               fcb       $D3,$4B,$4D,$2A,$02,$86,$7F,$FD SKM*...
5020 077CDDAFFC076DBD (           fs.asm):02566         L5020               fcb       $07,$7C,$DD,$AF,$FC,$07,$6D,$BD .|]/..m=
5028 D281F30782FD0782 (           fs.asm):02567         L5028               fcb       $D2,$81,$F3,$07,$82,$FD,$07,$82 R.s.....
5030 FC077CDDAFFC07BB (           fs.asm):02568         L5030               fcb       $FC,$07,$7C,$DD,$AF,$FC,$07,$BB ..|]/..;
5038 BDD281FD077EFC07 (           fs.asm):02569         L5038               fcb       $BD,$D2,$81,$FD,$07,$7E,$FC,$07 =R...~..
5040 B57D07812703CC00 (           fs.asm):02570         L5040               fcb       $B5,$7D,$07,$81,$27,$03,$CC,$00 5}..'.L.
5048 00F3078297A4BDD3 (           fs.asm):02571         L5048               fcb       $00,$F3,$07,$82,$97,$A4,$BD,$D3 .s...$=S
5050 AEFD07B196A4BDD3 (           fs.asm):02572         L5050               fcb       $AE,$FD,$07,$B1,$96,$A4,$BD,$D3 ...1.$=S
5058 ABFD075DFC0757DD (           fs.asm):02573         L5058               fcb       $AB,$FD,$07,$5D,$FC,$07,$57,$DD +..]..W]
5060 AFFC077EBDD281FD (           fs.asm):02574         L5060               fcb       $AF,$FC,$07,$7E,$BD,$D2,$81,$FD /..~=R..
5068 0759DDAFFC07B1BD (           fs.asm):02575         L5068               fcb       $07,$59,$DD,$AF,$FC,$07,$B1,$BD .Y]/..1=
5070 D281FD0775FC07AD (           fs.asm):02576         L5070               fcb       $D2,$81,$FD,$07,$75,$FC,$07,$AD R...u..-
5078 DDAFFC077EBDD281 (           fs.asm):02577         L5078               fcb       $DD,$AF,$FC,$07,$7E,$BD,$D2,$81 ]/..~=R.
5080 FD0747FC075DDDAF (           fs.asm):02578         L5080               fcb       $FD,$07,$47,$FC,$07,$5D,$DD,$AF ..G..]]/
5088 FC0759BDD281FD07 (           fs.asm):02579         L5088               fcb       $FC,$07,$59,$BD,$D2,$81,$FD,$07 ..Y=R...
5090 A5FC079AB3079C58 (           fs.asm):02580         L5090               fcb       $A5,$FC,$07,$9A,$B3,$07,$9C,$58 %...3..X
5098 495849FD07A3DDAF (           fs.asm):02581         L5098               fcb       $49,$58,$49,$FD,$07,$A3,$DD,$AF IXI..#]/
50A0 FC07A1BDD281B308 (           fs.asm):02582         L50A0               fcb       $FC,$07,$A1,$BD,$D2,$81,$B3,$08 ..!=R.3.
50A8 99FD076BFC089927 (           fs.asm):02583         L50A8               fcb       $99,$FD,$07,$6B,$FC,$08,$99,$27 ...k...'
50B0 094F5FFD08995CF7 (           fs.asm):02584         L50B0               fcb       $09,$4F,$5F,$FD,$08,$99,$5C,$F7 .O_...\w
50B8 089CFC077EDDAFFC (           fs.asm):02585         L50B8               fcb       $08,$9C,$FC,$07,$7E,$DD,$AF,$FC ....~]/.
50C0 076BBDD2815849F3 (           fs.asm):02586         L50C0               fcb       $07,$6B,$BD,$D2,$81,$58,$49,$F3 .k=R.XIs
50C8 074FFD074FF607A6 (           fs.asm):02587         L50C8               fcb       $07,$4F,$FD,$07,$4F,$F6,$07,$A6 .O..Ov.&
50D0 DB0BD70BF607A51D (           fs.asm):02588         L50D0               fcb       $DB,$0B,$D7,$0B,$F6,$07,$A5,$1D [.W.v.%.
50D8 D90AD70A1F89D909 (           fs.asm):02589         L50D8               fcb       $D9,$0A,$D7,$0A,$1F,$89,$D9,$09 Y.W...Y.
50E0 D70999089708F607 (           fs.asm):02590         L50E0               fcb       $D7,$09,$99,$08,$97,$08,$F6,$07 W.....v.
50E8 76DB03D703F60775 (           fs.asm):02591         L50E8               fcb       $76,$DB,$03,$D7,$03,$F6,$07,$75 v[.W.v.u
50F0 1DD902D7021F89D9 (           fs.asm):02592         L50F0               fcb       $1D,$D9,$02,$D7,$02,$1F,$89,$D9 .Y.W...Y
50F8 01D70199009700F6 (           fs.asm):02593         L50F8               fcb       $01,$D7,$01,$99,$00,$97,$00,$F6 .W.....v
5100 0748DB07D707F607 (           fs.asm):02594         L5100               fcb       $07,$48,$DB,$07,$D7,$07,$F6,$07 .H[.W.v.
5108 471DD906D7069905 (           fs.asm):02595         L5108               fcb       $47,$1D,$D9,$06,$D7,$06,$99,$05 G.Y.W...
5110 97052A094F970597 (           fs.asm):02596         L5110               fcb       $97,$05,$2A,$09,$4F,$97,$05,$97 ..*.O...
5118 0686039707B607F2 (           fs.asm):02597         L5118               fcb       $06,$86,$03,$97,$07,$B6,$07,$F2 .....6.r
5120 2706BDA57C7A07F2 (           fs.asm):02598         L5120               fcb       $27,$06,$BD,$A5,$7C,$7A,$07,$F2 '.=%|z.r
5128 FC074BDDAFFC07D3 (           fs.asm):02599         L5128               fcb       $FC,$07,$4B,$DD,$AF,$FC,$07,$D3 ..K]/..S
5130 BDD281B3074D3406 (           fs.asm):02600         L5130               fcb       $BD,$D2,$81,$B3,$07,$4D,$34,$06 =R.3.M4.
5138 7D083926028B0035 (           fs.asm):02601         L5138               fcb       $7D,$08,$39,$26,$02,$8B,$00,$35 }.9&...5
5140 067D07812603F307 (           fs.asm):02602         L5140               fcb       $06,$7D,$07,$81,$26,$03,$F3,$07 .}..&.s.
5148 7ABB079EDD127F07 (           fs.asm):02603         L5148               fcb       $7A,$BB,$07,$9E,$DD,$12,$7F,$07 z;..]..
5150 9EFC074F4353C300 (           fs.asm):02604         L5150               fcb       $9E,$FC,$07,$4F,$43,$53,$C3,$00 ...OCSC.
5158 01DD14FC0782DD16 (           fs.asm):02605         L5158               fcb       $01,$DD,$14,$FC,$07,$82,$DD,$16 .]....].
5160 5F96078001960682 (           fs.asm):02606         L5160               fcb       $5F,$96,$07,$80,$01,$96,$06,$82 _.......
5168 03960582002A015A (           fs.asm):02607         L5168               fcb       $03,$96,$05,$82,$00,$2A,$01,$5A .....*.Z
5170 F707815D27454F5F (           fs.asm):02608         L5170               fcb       $F7,$07,$81,$5D,$27,$45,$4F,$5F w..]'EO_
5178 FD074FFD076B7D07 (           fs.asm):02609         L5178               fcb       $FD,$07,$4F,$FD,$07,$6B,$7D,$07 ..O..k}.
5180 4D2A03FD074DB607 (           fs.asm):02610         L5180               fcb       $4D,$2A,$03,$FD,$07,$4D,$B6,$07 M*...M6.
5188 F22705BDABE4201A (           fs.asm):02611         L5188               fcb       $F2,$27,$05,$BD,$AB,$E4,$20,$1A r'.=+d .
5190 C604B607BF2A138B (           fs.asm):02612         L5190               fcb       $C6,$04,$B6,$07,$BF,$2A,$13,$8B F.6.?*..
5198 082B0896148B0A81 (           fs.asm):02613         L5198               fcb       $08,$2B,$08,$96,$14,$8B,$0A,$81 .+......
51A0 142507F701374FB7 (           fs.asm):02614         L51A0               fcb       $14,$25,$07,$F7,$01,$37,$4F,$B7 .%.w.7O7
51A8 07BB5FB607802606 (           fs.asm):02615         L51A8               fcb       $07,$BB,$5F,$B6,$07,$80,$26,$06 .;_6..&.
51B0 7A0780F607BFF707 (           fs.asm):02616         L51B0               fcb       $7A,$07,$80,$F6,$07,$BF,$F7,$07 z..v.?w.
51B8 9E2014B10780270F (           fs.asm):02617         L51B8               fcb       $9E,$20,$14,$B1,$07,$80,$27,$0F . .1..'.
51C0 B70780D60AC40326 (           fs.asm):02618         L51C0               fcb       $B7,$07,$80,$D6,$0A,$C4,$03,$26 7..V.D.&
51C8 06DB401DFD073FFC (           fs.asm):02619         L51C8               fcb       $06,$DB,$40,$1D,$FD,$07,$3F,$FC .[@...?.
51D0 07BBDDAFFC07ADBD (           fs.asm):02620         L51D0               fcb       $07,$BB,$DD,$AF,$FC,$07,$AD,$BD .;]/..-=
51D8 D281FD07BF39B603 (           fs.asm):02621         L51D8               fcb       $D2,$81,$FD,$07,$BF,$39,$B6,$03 R...?96.
51E0 0426FAFC01325849 (           fs.asm):02622         L51E0               fcb       $04,$26,$FA,$FC,$01,$32,$58,$49 .&z..2XI
51E8 DDAF46564456D3AF (           fs.asm):02623         L51E8               fcb       $DD,$AF,$46,$56,$44,$56,$D3,$AF ]/FVDVS/
51F0 DDAFCC7FFE93AFFD (           fs.asm):02624         L51F0               fcb       $DD,$AF,$CC,$7F,$FE,$93,$AF,$FD ]/L../.
51F8 0749B6082B2616FC (           fs.asm):02625         L51F8               fcb       $07,$49,$B6,$08,$2B,$26,$16,$FC .I6.+&..
5200 074F2B07C3FFD82B (           fs.asm):02626         L5200               fcb       $07,$4F,$2B,$07,$C3,$FF,$D8,$2B .O+.C.X+
5208 072007C300282B02 (           fs.asm):02627         L5208               fcb       $07,$20,$07,$C3,$00,$28,$2B,$02 . .C.(+.
5210 4F5FFD074FB6013B (           fs.asm):02628         L5210               fcb       $4F,$5F,$FD,$07,$4F,$B6,$01,$3B O_..O6.;
5218 271DB607BB2614BD (           fs.asm):02629         L5218               fcb       $27,$1D,$B6,$07,$BB,$26,$14,$BD '.6.;&.=
5220 F238B6013B810226 (           fs.asm):02630         L5220               fcb       $F2,$38,$B6,$01,$3B,$81,$02,$26 r86.;..&
5228 0A8664B708148635 (           fs.asm):02631         L5228               fcb       $0A,$86,$64,$B7,$08,$14,$86,$35 ..d7...5
5230 B7129B4FB7013B39 (           fs.asm):02632         L5230               fcb       $B7,$12,$9B,$4F,$B7,$01,$3B,$39 7..O7.;9
5238 8620B70731B70734 (           fs.asm):02633         L5238               fcb       $86,$20,$B7,$07,$31,$B7,$07,$34 . 7.17.4
5240 CCFFFFFD02AEFD02 (           fs.asm):02634         L5240               fcb       $CC,$FF,$FF,$FD,$02,$AE,$FD,$02 L.......
5248 335CF70209F7072E (           fs.asm):02635         L5248               fcb       $33,$5C,$F7,$02,$09,$F7,$07,$2E 3\w..w..
5250 5CF70737F70736F7 (           fs.asm):02636         L5250               fcb       $5C,$F7,$07,$37,$F7,$07,$36,$F7 \w.7w.6w
5258 020A39F608985A2B (           fs.asm):02637         L5258               fcb       $02,$0A,$39,$F6,$08,$98,$5A,$2B ..9v..Z+
5260 04F7089839B6074D (           fs.asm):02638         L5260               fcb       $04,$F7,$08,$98,$39,$B6,$07,$4D .w..96.M
5268 8B0F811E2412B607 (           fs.asm):02639         L5268               fcb       $8B,$0F,$81,$1E,$24,$12,$B6,$07 ....$.6.
5270 4F8B16812C2409B6 (           fs.asm):02640         L5270               fcb       $4F,$8B,$16,$81,$2C,$24,$09,$B6 O...,$.6
5278 07BB8B4981922505 (           fs.asm):02641         L5278               fcb       $07,$BB,$8B,$49,$81,$92,$25,$05 .;.I..%.
5280 8606B7089839FC08 (           fs.asm):02642         L5280               fcb       $86,$06,$B7,$08,$98,$39,$FC,$08 ..7..9..
5288 1EDDAFFC07EDBDD2 (           fs.asm):02643         L5288               fcb       $1E,$DD,$AF,$FC,$07,$ED,$BD,$D2 .]/..m=R
5290 81FD07948D6AFC08 (           fs.asm):02644         L5290               fcb       $81,$FD,$07,$94,$8D,$6A,$FC,$08 .....j..
5298 1EDDAFFC07DBBDD2 (           fs.asm):02645         L5298               fcb       $1E,$DD,$AF,$FC,$07,$DB,$BD,$D2 .]/..[=R
52A0 81B7077939FC0812 (           fs.asm):02646         L52A0               fcb       $81,$B7,$07,$79,$39,$FC,$08,$12 .7.y9...
52A8 DDAFFC07E97D0898 (           fs.asm):02647         L52A8               fcb       $DD,$AF,$FC,$07,$E9,$7D,$08,$98 ]/..i}..
52B0 2703FC07EBBDD281 (           fs.asm):02648         L52B0               fcb       $27,$03,$FC,$07,$EB,$BD,$D2,$81 '...k=R.
52B8 FD078CB6082B4797 (           fs.asm):02649         L52B8               fcb       $FD,$07,$8C,$B6,$08,$2B,$47,$97 ...6.+G.
52C0 A4B608124790A45F (           fs.asm):02650         L52C0               fcb       $A4,$B6,$08,$12,$47,$90,$A4,$5F $6..G.$_
52C8 FD0761DDAFFC07DF (           fs.asm):02651         L52C8               fcb       $FD,$07,$61,$DD,$AF,$FC,$07,$DF ..a]/.._
52D0 BDD281FD0784FC07 (           fs.asm):02652         L52D0               fcb       $BD,$D2,$81,$FD,$07,$84,$FC,$07 =R......
52D8 61DDAFFC07D7BDD2 (           fs.asm):02653         L52D8               fcb       $61,$DD,$AF,$FC,$07,$D7,$BD,$D2 a]/..W=R
52E0 81FD0763FC0761DD (           fs.asm):02654         L52E0               fcb       $81,$FD,$07,$63,$FC,$07,$61,$DD ...c..a]
52E8 AFFC07D9BDD281FD (           fs.asm):02655         L52E8               fcb       $AF,$FC,$07,$D9,$BD,$D2,$81,$FD /..Y=R..
52F0 07B5FC0761DDAFFC (           fs.asm):02656         L52F0               fcb       $07,$B5,$FC,$07,$61,$DD,$AF,$FC .5..a]/.
52F8 07D5BDD281FD0765 (           fs.asm):02657         L52F8               fcb       $07,$D5,$BD,$D2,$81,$FD,$07,$65 .U=R...e
5300 FC0794F307511F02 (           fs.asm):02658         L5300               fcb       $FC,$07,$94,$F3,$07,$51,$1F,$02 ...s.Q..
5308 B3078CFD07921F20 (           fs.asm):02659         L5308               fcb       $B3,$07,$8C,$FD,$07,$92,$1F,$20 3......
5310 F3078CF30765FD07 (           fs.asm):02660         L5310               fcb       $F3,$07,$8C,$F3,$07,$65,$FD,$07 s..s.e..
5318 90390D0F11131516 (           fs.asm):02661         L5318               fcb       $90,$39,$0D,$0F,$11,$13,$15,$16 .9......
5320 18191B1C1D1E1F20 (           fs.asm):02662         L5320               fcb       $18,$19,$1B,$1C,$1D,$1E,$1F,$20 .......
5328 2122232425262728 (           fs.asm):02663         L5328               fcb       $21,$22,$23,$24,$25,$26,$27,$28 !"#$%&'(
5330 292A2B2C2D2E2F30 (           fs.asm):02664         L5330               fcb       $29,$2A,$2B,$2C,$2D,$2E,$2F,$30 )*+,-./0
5338 3132000207090D10 (           fs.asm):02665         L5338               fcb       $31,$32,$00,$02,$07,$09,$0D,$10 12......
5340 11121316191C1E20 (           fs.asm):02666         L5340               fcb       $11,$12,$13,$16,$19,$1C,$1E,$20 .......
5348 222426282A2D3336 (           fs.asm):02667         L5348               fcb       $22,$24,$26,$28,$2A,$2D,$33,$36 "$&(*-36
5350 393C3F4245484B4E (           fs.asm):02668         L5350               fcb       $39,$3C,$3F,$42,$45,$48,$4B,$4E 9<?BEHKN
5358 5154B60307261DB6 (           fs.asm):02669         L5358               fcb       $51,$54,$B6,$03,$07,$26,$1D,$B6 QT6..&.6
5360 03052718B60DCBB4 (           fs.asm):02670         L5360               fcb       $03,$05,$27,$18,$B6,$0D,$CB,$B4 ..'.6.K4
5368 073697A4B60DCCB4 (           fs.asm):02671         L5368               fcb       $07,$36,$97,$A4,$B6,$0D,$CC,$B4 .6.$6.L4
5370 07379AA426067F07 (           fs.asm):02672         L5370               fcb       $07,$37,$9A,$A4,$26,$06,$7F,$07 .7.$&..
5378 387EF3C1B6073526 (           fs.asm):02673         L5378               fcb       $38,$7E,$F3,$C1,$B6,$07,$35,$26 8~sA6.5&
5380 07B6073127F02605 (           fs.asm):02674         L5380               fcb       $07,$B6,$07,$31,$27,$F0,$26,$05 .6.1'p&.
5388 B6073427E9B60305 (           fs.asm):02675         L5388               fcb       $B6,$07,$34,$27,$E9,$B6,$03,$05 6.4'i6..
5390 BA07382727B60738 (           fs.asm):02676         L5390               fcb       $BA,$07,$38,$27,$27,$B6,$07,$38 :.8''6.8
5398 2627B607BB812524 (           fs.asm):02677         L5398               fcb       $26,$27,$B6,$07,$BB,$81,$25,$24 &'6.;.%$
53A0 1BB6082581042619 (           fs.asm):02678         L53A0               fcb       $1B,$B6,$08,$25,$81,$04,$26,$19 .6.%..&.
53A8 8E0005108E00FF31 (           fs.asm):02679         L53A8               fcb       $8E,$00,$05,$10,$8E,$00,$FF,$31 .......1
53B0 3F26FC301F26F486 (           fs.asm):02680         L53B0               fcb       $3F,$26,$FC,$30,$1F,$26,$F4,$86 ?&.0.&t.
53B8 03BDA92B8601B707 (           fs.asm):02681         L53B8               fcb       $03,$BD,$A9,$2B,$86,$01,$B7,$07 .=)+..7.
53C0 38B607BB4444811F (           fs.asm):02682         L53C0               fcb       $38,$B6,$07,$BB,$44,$44,$81,$1F 86.;DD..
53C8 2502861F8EF33AA6 (           fs.asm):02683         L53C8               fcb       $25,$02,$86,$1F,$8E,$F3,$3A,$A6 %....s:&
53D0 86B700A7F60837B6 (           fs.asm):02684         L53D0               fcb       $86,$B7,$00,$A7,$F6,$08,$37,$B6 .7.'v.76
53D8 07382718B6081827 (           fs.asm):02685         L53D8               fcb       $07,$38,$27,$18,$B6,$08,$18,$27 .8'.6..'
53E0 1486F87D0DCD2705 (           fs.asm):02686         L53E0               fcb       $14,$86,$F8,$7D,$0D,$CD,$27,$05 ..x}.M'.
53E8 86E07A0DCDBB0837 (           fs.asm):02687         L53E8               fcb       $86,$E0,$7A,$0D,$CD,$BB,$08,$37 .`z.M;.7
53F0 1F892A015FB6072E (           fs.asm):02688         L53F0               fcb       $1F,$89,$2A,$01,$5F,$B6,$07,$2E ..*._6..
53F8 84032706C1102502 (           fs.asm):02689         L53F8               fcb       $84,$03,$27,$06,$C1,$10,$25,$02 ..'.A.%.
5400 C610B60DCBB40736 (           fs.asm):02690         L5400               fcb       $C6,$10,$B6,$0D,$CB,$B4,$07,$36 F.6.K4.6
5408 2708B60DCCB40737 (           fs.asm):02691         L5408               fcb       $27,$08,$B6,$0D,$CC,$B4,$07,$37 '.6.L4.7
5410 2605C0042A015F54 (           fs.asm):02692         L5410               fcb       $26,$05,$C0,$04,$2A,$01,$5F,$54 &.@.*._T
5418 548EF31AA685BE07 (           fs.asm):02693         L5418               fcb       $54,$8E,$F3,$1A,$A6,$85,$BE,$07 T.s.&.>.
5420 3826014FB7072D81 (           fs.asm):02694         L5420               fcb       $38,$26,$01,$4F,$B7,$07,$2D,$81 8&.O7.-.
5428 0E24014F97AF0FB0 (           fs.asm):02695         L5428               fcb       $0E,$24,$01,$4F,$97,$AF,$0F,$B0 .$.O./.0
5430 CC07D0BDD279FC07 (           fs.asm):02696         L5430               fcb       $CC,$07,$D0,$BD,$D2,$79,$FC,$07 L.P=Ry..
5438 49BDD281FD07B7B6 (           fs.asm):02697         L5438               fcb       $49,$BD,$D2,$81,$FD,$07,$B7,$B6 I=R...76
5440 00A7B1072D2B03B7 (           fs.asm):02698         L5440               fcb       $00,$A7,$B1,$07,$2D,$2B,$03,$B7 .'1.-+.7
5448 072DB60305260CB6 (           fs.asm):02699         L5448               fcb       $07,$2D,$B6,$03,$05,$26,$0C,$B6 .-6..&.6
5450 072D810D2405860D (           fs.asm):02700         L5450               fcb       $07,$2D,$81,$0D,$24,$05,$86,$0D .-..$...
5458 B7072D5FB6073827 (           fs.asm):02701         L5458               fcb       $B7,$07,$2D,$5F,$B6,$07,$38,$27 7.-_6.8'
5460 0BC609B6072E8401 (           fs.asm):02702         L5460               fcb       $0B,$C6,$09,$B6,$07,$2E,$84,$01 .F.6....
5468 2702C612F1073927 (           fs.asm):02703         L5468               fcb       $27,$02,$C6,$12,$F1,$07,$39,$27 '.F.q.9'
5470 132508FC0739C300 (           fs.asm):02704         L5470               fcb       $13,$25,$08,$FC,$07,$39,$C3,$00 .%...9C.
5478 192006FC07398300 (           fs.asm):02705         L5478               fcb       $19,$20,$06,$FC,$07,$39,$83,$00 . ...9..
5480 19FD07395FB60738 (           fs.asm):02706         L5480               fcb       $19,$FD,$07,$39,$5F,$B6,$07,$38 ...9_6.8
5488 2709B6072E840226 (           fs.asm):02707         L5488               fcb       $27,$09,$B6,$07,$2E,$84,$02,$26 '.6....&
5490 02C60AF1073B2713 (           fs.asm):02708         L5490               fcb       $02,$C6,$0A,$F1,$07,$3B,$27,$13 .F.q.;'.
5498 2508FC073BC300FA (           fs.asm):02709         L5498               fcb       $25,$08,$FC,$07,$3B,$C3,$00,$FA %...;C.z
54A0 2006FC073B8300FA (           fs.asm):02710         L54A0               fcb       $20,$06,$FC,$07,$3B,$83,$00,$FA ...;..z
54A8 FD073BB607381027 (           fs.asm):02711         L54A8               fcb       $FD,$07,$3B,$B6,$07,$38,$10,$27 ..;6.8.'
54B0 006BB60287840210 (           fs.asm):02712         L54B0               fcb       $00,$6B,$B6,$02,$87,$84,$02,$10 .k6.....
54B8 270062C6FBB60307 (           fs.asm):02713         L54B8               fcb       $27,$00,$62,$C6,$FB,$B6,$03,$07 '.bF.6..
54C0 2703585858B60837 (           fs.asm):02714         L54C0               fcb       $27,$03,$58,$58,$58,$B6,$08,$37 '.XXX6.7
54C8 BDD263DD90B6072E (           fs.asm):02715         L54C8               fcb       $BD,$D2,$63,$DD,$90,$B6,$07,$2E =Rc].6..
54D0 840427087A07312A (           fs.asm):02716         L54D0               fcb       $84,$04,$27,$08,$7A,$07,$31,$2A ..'.z.1*
54D8 037C0731B6073526 (           fs.asm):02717         L54D8               fcb       $03,$7C,$07,$31,$B6,$07,$35,$26 .|.16.5&
54E0 14DC902738F3072F (           fs.asm):02718         L54E0               fcb       $14,$DC,$90,$27,$38,$F3,$07,$2F .\.'8s./
54E8 FD072F86FFB90731 (           fs.asm):02719         L54E8               fcb       $FD,$07,$2F,$86,$FF,$B9,$07,$31 ../..9.1
54F0 2B03B70731B6072E (           fs.asm):02720         L54F0               fcb       $2B,$03,$B7,$07,$31,$B6,$07,$2E +.7.16..
54F8 840827087A07342A (           fs.asm):02721         L54F8               fcb       $84,$08,$27,$08,$7A,$07,$34,$2A ..'.z.4*
5500 037C0734B6073527 (           fs.asm):02722         L5500               fcb       $03,$7C,$07,$34,$B6,$07,$35,$27 .|.46.5'
5508 14DC902710F30732 (           fs.asm):02723         L5508               fcb       $14,$DC,$90,$27,$10,$F3,$07,$32 .\.'.s.2
5510 FD073286FFB90734 (           fs.asm):02724         L5510               fcb       $FD,$07,$32,$86,$FF,$B9,$07,$34 ..2..9.4
5518 2B03B7073439B607 (           fs.asm):02725         L5518               fcb       $2B,$03,$B7,$07,$34,$39,$B6,$07 +.7.496.
5520 2CB1072D27132512 (           fs.asm):02726         L5520               fcb       $2C,$B1,$07,$2D,$27,$13,$25,$12 ,1.-'.%.
5528 800281F02405B107 (           fs.asm):02727         L5528               fcb       $80,$02,$81,$F0,$24,$05,$B1,$07 ...p$.1.
5530 2D2403B6072DB707 (           fs.asm):02728         L5530               fcb       $2D,$24,$03,$B6,$07,$2D,$B7,$07 -$.6.-7.
5538 2C398B02B1072D24 (           fs.asm):02729         L5538               fcb       $2C,$39,$8B,$02,$B1,$07,$2D,$24 ,9..1.-$
5540 F220F3C180102600 (           fs.asm):02730         L5540               fcb       $F2,$20,$F3,$C1,$80,$10,$26,$00 r sA..&.
5548 0DC601F70896B602 (           fs.asm):02731         L5548               fcb       $0D,$C6,$01,$F7,$08,$96,$B6,$02 .F.w..6.
5550 8927037A02893BB6 (           fs.asm):02732         L5550               fcb       $89,$27,$03,$7A,$02,$89,$3B,$B6 .'.z..;6
5558 02232650BDF51EBD (           fs.asm):02733         L5558               fcb       $02,$23,$26,$50,$BD,$F5,$1E,$BD .#&P=u.=
5560 ED69BDBD7FBDBE13 (           fs.asm):02734         L5560               fcb       $ED,$69,$BD,$BD,$7F,$BD,$BE,$13 mi===>.
5568 7C0897263F86FBB7 (           fs.asm):02735         L5568               fcb       $7C,$08,$97,$26,$3F,$86,$FB,$B7 |..&?..7
5570 0897F60287C13B26 (           fs.asm):02736         L5570               fcb       $08,$97,$F6,$02,$87,$C1,$3B,$26 ..v..A;&
5578 1CB60322813B260F (           fs.asm):02737         L5578               fcb       $1C,$B6,$03,$22,$81,$3B,$26,$0F .6.".;&.
5580 7C0321B603218118 (           fs.asm):02738         L5580               fcb       $7C,$03,$21,$B6,$03,$21,$81,$18 |.!6.!..
5588 26037F032186FF4C (           fs.asm):02739         L5588               fcb       $26,$03,$7F,$03,$21,$86,$FF,$4C &..!..L
5590 B70322C6FF5CF702 (           fs.asm):02740         L5590               fcb       $B7,$03,$22,$C6,$FF,$5C,$F7,$02 7."F.\w.
5598 87BDB5CE7C028AB6 (           fs.asm):02741         L5598               fcb       $87,$BD,$B5,$CE,$7C,$02,$8A,$B6 .=5N|..6
55A0 028A84012606BDFA (           fs.asm):02742         L55A0               fcb       $02,$8A,$84,$01,$26,$06,$BD,$FA ....&.=z
55A8 04BDF35A7A089626 (           fs.asm):02743         L55A8               fcb       $04,$BD,$F3,$5A,$7A,$08,$96,$26 .=sZz..&
55B0 A639B609A87D029F (           fs.asm):02744         L55B0               fcb       $A6,$39,$B6,$09,$A8,$7D,$02,$9F &96.(}..
55B8 270EFC0154FD00AF (           fs.asm):02745         L55B8               fcb       $27,$0E,$FC,$01,$54,$FD,$00,$AF '...T../
55C0 CC1555BDD2811F98 (           fs.asm):02746         L55C0               fcb       $CC,$15,$55,$BD,$D2,$81,$1F,$98 L.U=R...
55C8 C6018E029BBDF5DC (           fs.asm):02747         L55C8               fcb       $C6,$01,$8E,$02,$9B,$BD,$F5,$DC F....=u\
55D0 B70723BDF7F6F707 (           fs.asm):02748         L55D0               fcb       $B7,$07,$23,$BD,$F7,$F6,$F7,$07 7.#=wvw.
55D8 1E7EF80EF4028E26 (           fs.asm):02749         L55D8               fcb       $1E,$7E,$F8,$0E,$F4,$02,$8E,$26 .~x.t..&
55E0 044FDDA3399758BD (           fs.asm):02750         L55E0               fcb       $04,$4F,$DD,$A3,$39,$97,$58,$BD .O]#9.X=
55E8 F6FAD6584FFD00AF (           fs.asm):02751         L55E8               fcb       $F6,$FA,$D6,$58,$4F,$FD,$00,$AF vzVXO../
55F0 CC016CBDD34BDCB5 (           fs.asm):02752         L55F0               fcb       $CC,$01,$6C,$BD,$D3,$4B,$DC,$B5 L.l=SK\5
55F8 93A3FD00AFCC021C (           fs.asm):02753         L55F8               fcb       $93,$A3,$FD,$00,$AF,$CC,$02,$1C .#../L..
5600 BDD281DDA37EF775 (           fs.asm):02754         L5600               fcb       $BD,$D2,$81,$DD,$A3,$7E,$F7,$75 =R.]#~wu
5608 C602B609A98E0293 (           fs.asm):02755         L5608               fcb       $C6,$02,$B6,$09,$A9,$8E,$02,$93 F.6.)...
5610 BDF5DCB70724BDF7 (           fs.asm):02756         L5610               fcb       $BD,$F5,$DC,$B7,$07,$24,$BD,$F7 =u\7.$=w
5618 F6F7072039B600EB (           fs.asm):02757         L5618               fcb       $F6,$F7,$07,$20,$39,$B6,$00,$EB vw. 96.k
5620 84202764B60723B1 (           fs.asm):02758         L5620               fcb       $84,$20,$27,$64,$B6,$07,$23,$B1 . 'd6.#1
5628 07252723B70725F6 (           fs.asm):02759         L5628               fcb       $07,$25,$27,$23,$B7,$07,$25,$F6 .%'#7.%v
5630 071D3404BDF7B3B6 (           fs.asm):02760         L5630               fcb       $07,$1D,$34,$04,$BD,$F7,$B3,$B6 ..4.=w36
5638 07213402BDF6D1F6 (           fs.asm):02761         L5638               fcb       $07,$21,$34,$02,$BD,$F6,$D1,$F6 .!4.=vQv
5640 0723BDF6F03502BD (           fs.asm):02762         L5640               fcb       $07,$23,$BD,$F6,$F0,$35,$02,$BD .#=vp5.=
5648 F6D13504BDF7B3F6 (           fs.asm):02763         L5648               fcb       $F6,$D1,$35,$04,$BD,$F7,$B3,$F6 vQ5.=w3v
5650 071DF1071E271334 (           fs.asm):02764         L5650               fcb       $07,$1D,$F1,$07,$1E,$27,$13,$34 ..q..'.4
5658 05BDF7B335052E02 (           fs.asm):02765         L5658               fcb       $05,$BD,$F7,$B3,$35,$05,$2E,$02 .=w35...
5660 CB02C001F7071DBD (           fs.asm):02766         L5660               fcb       $CB,$02,$C0,$01,$F7,$07,$1D,$BD K.@.w..=
5668 F7B3B60721B10722 (           fs.asm):02767         L5668               fcb       $F7,$B3,$B6,$07,$21,$B1,$07,$22 w36.!1."
5670 27133403BDF6D135 (           fs.asm):02768         L5670               fcb       $27,$13,$34,$03,$BD,$F6,$D1,$35 '.4.=vQ5
5678 032E028B028001B7 (           fs.asm):02769         L5678               fcb       $03,$2E,$02,$8B,$02,$80,$01,$B7 .......7
5680 0721BDF6D1BDF90F (           fs.asm):02770         L5680               fcb       $07,$21,$BD,$F6,$D1,$BD,$F9,$0F .!=vQ=y.
5688 39B600ED84082740 (           fs.asm):02771         L5688               fcb       $39,$B6,$00,$ED,$84,$08,$27,$40 96.m..'@
5690 B60348263BB60724 (           fs.asm):02772         L5690               fcb       $B6,$03,$48,$26,$3B,$B6,$07,$24 6.H&;6.$
5698 B107262718B70726 (           fs.asm):02773         L5698               fcb       $B1,$07,$26,$27,$18,$B7,$07,$26 1.&'.7.&
56A0 F6071F3404BDF7A7 (           fs.asm):02774         L56A0               fcb       $F6,$07,$1F,$34,$04,$BD,$F7,$A7 v..4.=w'
56A8 F60724CB03BDF6F0 (           fs.asm):02775         L56A8               fcb       $F6,$07,$24,$CB,$03,$BD,$F6,$F0 v.$K.=vp
56B0 3504BDF7A7F6071F (           fs.asm):02776         L56B0               fcb       $35,$04,$BD,$F7,$A7,$F6,$07,$1F 5.=w'v..
56B8 F1072027133405BD (           fs.asm):02777         L56B8               fcb       $F1,$07,$20,$27,$13,$34,$05,$BD q. '.4.=
56C0 F7A735052E02CB02 (           fs.asm):02778         L56C0               fcb       $F7,$A7,$35,$05,$2E,$02,$CB,$02 w'5...K.
56C8 C001F7071FBDF7A7 (           fs.asm):02779         L56C8               fcb       $C0,$01,$F7,$07,$1F,$BD,$F7,$A7 @.w..=w'
56D0 394D2B1B84FE8B2A (           fs.asm):02780         L56D0               fcb       $39,$4D,$2B,$1B,$84,$FE,$8B,$2A 9M+....*
56D8 8E1538EC86F30CD3 (           fs.asm):02781         L56D8               fcb       $8E,$15,$38,$EC,$86,$F3,$0C,$D3 ..8l.s.S
56E0 1F01C62A8699A885 (           fs.asm):02782         L56E0               fcb       $1F,$01,$C6,$2A,$86,$99,$A8,$85 ..F*..(.
56E8 A7855CC13223F539 (           fs.asm):02783         L56E8               fcb       $A7,$85,$5C,$C1,$32,$23,$F5,$39 '.\A2#u9
56F0 5858588E0A3B3A7E (           fs.asm):02784         L56F0               fcb       $58,$58,$58,$8E,$0A,$3B,$3A,$7E XXX..;:~
56F8 B75DDC0AA3041F02 (           fs.asm):02785         L56F8               fcb       $B7,$5D,$DC,$0A,$A3,$04,$1F,$02 7]\.#...
5700 DC08E207A206BDF7 (           fs.asm):02786         L5700               fcb       $DC,$08,$E2,$07,$A2,$06,$BD,$F7 \.b.".=w
5708 54FD0728DDA7109F (           fs.asm):02787         L5708               fcb       $54,$FD,$07,$28,$DD,$A7,$10,$9F T..(]'..
5710 A3DC02A3841F02DC (           fs.asm):02788         L5710               fcb       $A3,$DC,$02,$A3,$84,$1F,$02,$DC #\.#...\
5718 00E203A202BDF754 (           fs.asm):02789         L5718               fcb       $00,$E2,$03,$A2,$02,$BD,$F7,$54 .b.".=wT
5720 FD072ADDA5109FA9 (           fs.asm):02790         L5720               fcb       $FD,$07,$2A,$DD,$A5,$10,$9F,$A9 ..*]%..)
5728 96A78B1081212418 (           fs.asm):02791         L5728               fcb       $96,$A7,$8B,$10,$81,$21,$24,$18 .'...!$.
5730 96A58B1081212410 (           fs.asm):02792         L5730               fcb       $96,$A5,$8B,$10,$81,$21,$24,$10 .%...!$.
5738 1A0109A309A809A7 (           fs.asm):02793         L5738               fcb       $1A,$01,$09,$A3,$09,$A8,$09,$A7 ...#.(.'
5740 08A909A609A520E0 (           fs.asm):02794         L5740               fcb       $08,$A9,$09,$A6,$09,$A5,$20,$E0 .).&.% `
5748 BDF887B3014AB301 (           fs.asm):02795         L5748               fcb       $BD,$F8,$87,$B3,$01,$4A,$B3,$01 =x.3.J3.
5750 48DDA3391E025849 (           fs.asm):02796         L5750               fcb       $48,$DD,$A3,$39,$1E,$02,$58,$49 H]#9..XI
5758 1E2059491E025849 (           fs.asm):02797         L5758               fcb       $1E,$20,$59,$49,$1E,$02,$58,$49 . YI..XI
5760 1E2059491E025849 (           fs.asm):02798         L5760               fcb       $1E,$20,$59,$49,$1E,$02,$58,$49 . YI..XI
5768 1E2059491E025849 (           fs.asm):02799         L5768               fcb       $1E,$20,$59,$49,$1E,$02,$58,$49 . YI..XI
5770 1E205949394D2B0C (           fs.asm):02800         L5770               fcb       $1E,$20,$59,$49,$39,$4D,$2B,$0C . YI9M+.
5778 810125232612C12C (           fs.asm):02801         L5778               fcb       $81,$01,$25,$23,$26,$12,$C1,$2C ..%#&.A,
5780 2520200C81FE250D (           fs.asm):02802         L5780               fcb       $25,$20,$20,$0C,$81,$FE,$25,$0D %  ...%.
5788 2615C1D425072012 (           fs.asm):02803         L5788               fcb       $26,$15,$C1,$D4,$25,$07,$20,$12 &.AT%. .
5790 CC021C2003CCFDE4 (           fs.asm):02804         L5790               fcb       $CC,$02,$1C,$20,$03,$CC,$FD,$E4 L.. .L.d
5798 93A3DDA386013986 (           fs.asm):02805         L5798               fcb       $93,$A3,$DD,$A3,$86,$01,$39,$86 .#]#..9.
57A0 02394F5FDDA3397D (           fs.asm):02806         L57A0               fcb       $02,$39,$4F,$5F,$DD,$A3,$39,$7D .9O_]#9}
57A8 0348264986558E11 (           fs.asm):02807         L57A8               fcb       $03,$48,$26,$49,$86,$55,$8E,$11 .H&I.U..
57B0 36200586558E1116 (           fs.asm):02808         L57B0               fcb       $36,$20,$05,$86,$55,$8E,$11,$16 6 ..U...
57B8 5D2B3A9790C4FE3A (           fs.asm):02809         L57B8               fcb       $5D,$2B,$3A,$97,$90,$C4,$FE,$3A ]+:..D.:
57C0 A6809791A684272D (           fs.asm):02810         L57C0               fcb       $A6,$80,$97,$91,$A6,$84,$27,$2D &...&.'-
57C8 97DD54DB90D790D6 (           fs.asm):02811         L57C8               fcb       $97,$DD,$54,$DB,$90,$D7,$90,$D6 .]T[.W.V
57D0 918E15383AD69054 (           fs.asm):02812         L57D0               fcb       $91,$8E,$15,$38,$3A,$D6,$90,$54 ...8:V.T
57D8 4FE384F30CD31F01 (           fs.asm):02813         L57D8               fcb       $4F,$E3,$84,$F3,$0C,$D3,$1F,$01 Oc.s.S..
57E0 C69004902402C609 (           fs.asm):02814         L57E0               fcb       $C6,$90,$04,$90,$24,$02,$C6,$09 F...$.F.
57E8 1F98A884A7843088 (           fs.asm):02815         L57E8               fcb       $1F,$98,$A8,$84,$A7,$84,$30,$88 ..(.'.0.
57F0 500ADD26F339DCA3 (           fs.asm):02816         L57F0               fcb       $50,$0A,$DD,$26,$F3,$39,$DC,$A3 P.]&s9\#
57F8 1083001E2E0A1083 (           fs.asm):02817         L57F8               fcb       $10,$83,$00,$1E,$2E,$0A,$10,$83 ........
5800 FFE22E06C6E22002 (           fs.asm):02818         L5800               fcb       $FF,$E2,$2E,$06,$C6,$E2,$20,$02 .b..Fb .
5808 C61ECB1E5439FC01 (           fs.asm):02819         L5808               fcb       $C6,$1E,$CB,$1E,$54,$39,$FC,$01 F.K.T9..
5810 52273A4456DD89BD (           fs.asm):02820         L5810               fcb       $52,$27,$3A,$44,$56,$DD,$89,$BD R':DV].=
5818 F945FC07F9445610 (           fs.asm):02821         L5818               fcb       $F9,$45,$FC,$07,$F9,$44,$56,$10 yE..yDV.
5820 93AB2504C6182022 (           fs.asm):02822         L5820               fcb       $93,$AB,$25,$04,$C6,$18,$20,$22 .+%.F. "
5828 DD83DCABFD00B1DC (           fs.asm):02823         L5828               fcb       $DD,$83,$DC,$AB,$FD,$00,$B1,$DC ].\+..1\
5830 83BDD353FC00AF93 (           fs.asm):02824         L5830               fcb       $83,$BD,$D3,$53,$FC,$00,$AF,$93 .=SS../.
5838 89C30C0010831800 (           fs.asm):02825         L5838               fcb       $89,$C3,$0C,$00,$10,$83,$18,$00 .C......
5840 1F892506C6184D2A (           fs.asm):02826         L5840               fcb       $1F,$89,$25,$06,$C6,$18,$4D,$2A ..%.F.M*
5848 015FF707225F4FFD (           fs.asm):02827         L5848               fcb       $01,$5F,$F7,$07,$22,$5F,$4F,$FD ._w."_O.
5850 0152B6028E462507 (           fs.asm):02828         L5850               fcb       $01,$52,$B6,$02,$8E,$46,$25,$07 .R6..F%.
5858 8601B7071920227F (           fs.asm):02829         L5858               fcb       $86,$01,$B7,$07,$19,$20,$22,$7F ..7.. "
5860 0719BDF945FD00AF (           fs.asm):02830         L5860               fcb       $07,$19,$BD,$F9,$45,$FD,$00,$AF ..=yE../
5868 CC011BBDD34B5849 (           fs.asm):02831         L5868               fcb       $CC,$01,$1B,$BD,$D3,$4B,$58,$49 L..=SKXI
5870 B7071C548614BDD2 (           fs.asm):02832         L5870               fcb       $B7,$07,$1C,$54,$86,$14,$BD,$D2 7..T..=R
5878 63B1071B2708B707 (           fs.asm):02833         L5878               fcb       $63,$B1,$07,$1B,$27,$08,$B7,$07 c1..'.7.
5880 1B8601B7071A39DC (           fs.asm):02834         L5880               fcb       $1B,$86,$01,$B7,$07,$1A,$39,$DC ...7..9\
5888 A52A104353C30001 (           fs.asm):02835         L5888               fcb       $A5,$2A,$10,$43,$53,$C3,$00,$01 %*.CSC..
5890 DDA5BDF89B4353C3 (           fs.asm):02836         L5890               fcb       $DD,$A5,$BD,$F8,$9B,$43,$53,$C3 ]%=x.CSC
5898 000139DCA72A1243 (           fs.asm):02837         L5898               fcb       $00,$01,$39,$DC,$A7,$2A,$12,$43 ..9\'*.C
58A0 53C30001DDA7BDF8 (           fs.asm):02838         L58A0               fcb       $53,$C3,$00,$01,$DD,$A7,$BD,$F8 SC..]'=x
58A8 B14353C300018880 (           fs.asm):02839         L58A8               fcb       $B1,$43,$53,$C3,$00,$01,$88,$80 1CSC....
58B0 39DCA51093A7251C (           fs.asm):02840         L58B0               fcb       $39,$DC,$A5,$10,$93,$A7,$25,$1C 9\%..'%.
58B8 2605C30001DDA5DC (           fs.asm):02841         L58B8               fcb       $26,$05,$C3,$00,$01,$DD,$A5,$DC &.C..]%\
58C0 A5109EA7DDA7109F (           fs.asm):02842         L58C0               fcb       $A5,$10,$9E,$A7,$DD,$A7,$10,$9F %..']'..
58C8 A5BDF8D44353C300 (           fs.asm):02843         L58C8               fcb       $A5,$BD,$F8,$D4,$43,$53,$C3,$00 %=xTCSC.
58D0 018B4039DCA7FD00 (           fs.asm):02844         L58D0               fcb       $01,$8B,$40,$39,$DC,$A7,$FD,$00 ..@9\'..
58D8 B1DCA5BDD353F600 (           fs.asm):02845         L58D8               fcb       $B1,$DC,$A5,$BD,$D3,$53,$F6,$00 1\%=SSv.
58E0 AF5454C4FEB600B0 (           fs.asm):02846         L58E0               fcb       $AF,$54,$54,$C4,$FE,$B6,$00,$B0 /TTD.6.0
58E8 444444B700B0B600 (           fs.asm):02847         L58E8               fcb       $44,$44,$44,$B7,$00,$B0,$B6,$00 DDD7.06.
58F0 AF484848488460BB (           fs.asm):02848         L58F0               fcb       $AF,$48,$48,$48,$48,$84,$60,$BB /HHHH.`;
58F8 00B0B700AF8E10F4 (           fs.asm):02849         L58F8               fcb       $00,$B0,$B7,$00,$AF,$8E,$10,$F4 .07./..t
5900 3AEC81DDABA384BD (           fs.asm):02850         L5900               fcb       $3A,$EC,$81,$DD,$AB,$A3,$84,$BD :l.]+#.=
5908 D28193AB435339B6 (           fs.asm):02851         L5908               fcb       $D2,$81,$93,$AB,$43,$53,$39,$B6 R..+CS96
5910 030726308E0A2374 (           fs.asm):02852         L5910               fcb       $03,$07,$26,$30,$8E,$0A,$23,$74 ..&0..#t
5918 014D2405BDB75D20 (           fs.asm):02853         L5918               fcb       $01,$4D,$24,$05,$BD,$B7,$5D,$20 .M$.=7]
5920 03BDB7538E0A1B74 (           fs.asm):02854         L5920               fcb       $03,$BD,$B7,$53,$8E,$0A,$1B,$74 .=7S...t
5928 014F2405BDB76220 (           fs.asm):02855         L5928               fcb       $01,$4F,$24,$05,$BD,$B7,$62,$20 .O$.=7b
5930 03BDB7538E0A1F74 (           fs.asm):02856         L5930               fcb       $03,$BD,$B7,$53,$8E,$0A,$1F,$74 .=7S...t
5938 01512405BDB75820 (           fs.asm):02857         L5938               fcb       $01,$51,$24,$05,$BD,$B7,$58,$20 .Q$.=7X
5940 03BDB75339FC0728 (           fs.asm):02858         L5940               fcb       $03,$BD,$B7,$53,$39,$FC,$07,$28 .=7S9..(
5948 2A054353C30001DD (           fs.asm):02859         L5948               fcb       $2A,$05,$43,$53,$C3,$00,$01,$DD *.CSC..]
5950 ABFC072A2A054353 (           fs.asm):02860         L5950               fcb       $AB,$FC,$07,$2A,$2A,$05,$43,$53 +..**.CS
5958 C300011093AB2407 (           fs.asm):02861         L5958               fcb       $C3,$00,$01,$10,$93,$AB,$24,$07 C....+$.
5960 1F02DCAB109FABDD (           fs.asm):02862         L5960               fcb       $1F,$02,$DC,$AB,$10,$9F,$AB,$DD ..\+..+]
5968 AD5849FD00B1DCAB (           fs.asm):02863         L5968               fcb       $AD,$58,$49,$FD,$00,$B1,$DC,$AB -XI..1\+
5970 BDD353DCABBDD281 (           fs.asm):02864         L5970               fcb       $BD,$D3,$53,$DC,$AB,$BD,$D2,$81 =SS\+=R.
5978 D3ADDDAB39FA56FA (           fs.asm):02865         L5978               fcb       $D3,$AD,$DD,$AB,$39,$FA,$56,$FA S-]+9zVz
5980 5FFA68FA6CFA70FA (           fs.asm):02866         L5980               fcb       $5F,$FA,$68,$FA,$6C,$FA,$70,$FA _zhzlzpz
5988 74FA78FA7C143241 (           fs.asm):02867         L5988               fcb       $74,$FA,$78,$FA,$7C,$14,$32,$41 tzxz|.2A
5990 4952435241465420 (           fs.asm):02868         L5990               fcb       $49,$52,$43,$52,$41,$46,$54,$20 IRCRAFT
5998 50524F424C454D20 (           fs.asm):02869         L5998               fcb       $50,$52,$4F,$42,$4C,$45,$4D,$20 PROBLEM
59A0 2121212100B60305 (           fs.asm):02870         L59A0               fcb       $21,$21,$21,$21,$00,$B6,$03,$05 !!!!.6..
59A8 1027007C7A02242A (           fs.asm):02871         L59A8               fcb       $10,$27,$00,$7C,$7A,$02,$24,$2A .'.|z.$*
59B0 15860AB70224960A (           fs.asm):02872         L59B0               fcb       $15,$86,$0A,$B7,$02,$24,$96,$0A ...7.$..
59B8 9B0281642408B103 (           fs.asm):02873         L59B8               fcb       $9B,$02,$81,$64,$24,$08,$B1,$03 ...d$.1.
59C0 422503BDFA31FC07 (           fs.asm):02874         L59C0               fcb       $42,$25,$03,$BD,$FA,$31,$FC,$07 B%.=z1..
59C8 3D10B3073F270B2D (           fs.asm):02875         L59C8               fcb       $3D,$10,$B3,$07,$3F,$27,$0B,$2D =.3.?'.-
59D0 03C3FFFCC30002FD (           fs.asm):02876         L59D0               fcb       $03,$C3,$FF,$FC,$C3,$00,$02,$FD .C..C...
59D8 073DFC0210C30002 (           fs.asm):02877         L59D8               fcb       $07,$3D,$FC,$02,$10,$C3,$00,$02 .=...C..
59E0 FD0210FC0040843F (           fs.asm):02878         L59E0               fcb       $FD,$02,$10,$FC,$00,$40,$84,$3F .....@.?
59E8 2619C4FC2615FC08 (           fs.asm):02879         L59E8               fcb       $26,$19,$C4,$FC,$26,$15,$FC,$08 &.D.&...
59F0 3710834000220CB6 (           fs.asm):02880         L59F0               fcb       $37,$10,$83,$40,$00,$22,$0C,$B6 7..@.".6
59F8 0323810226058614 (           fs.asm):02881         L59F8               fcb       $03,$23,$81,$02,$26,$05,$86,$14 .#..&...
5A00 B70DCD39B6030510 (           fs.asm):02882         L5A00               fcb       $B7,$0D,$CD,$39,$B6,$03,$05,$10 7.M96...
5A08 27001CB6081A1F89 (           fs.asm):02883         L5A08               fcb       $27,$00,$1C,$B6,$08,$1A,$1F,$89 '..6....
5A10 B0081C28042A082B (           fs.asm):02884         L5A10               fcb       $B0,$08,$1C,$28,$04,$2A,$08,$2B 0..(.*.+
5A18 0427092B02C002CB (           fs.asm):02885         L5A18               fcb       $04,$27,$09,$2B,$02,$C0,$02,$CB .'.+.@.K
5A20 01F7081BBDACAA39 (           fs.asm):02886         L5A20               fcb       $01,$F7,$08,$1B,$BD,$AC,$AA,$39 .w..=,*9
5A28 4F5FFD073DFD0210 (           fs.asm):02887         L5A28               fcb       $4F,$5F,$FD,$07,$3D,$FD,$02,$10 O_..=...
5A30 39BDA06D8EF98DCC (           fs.asm):02888         L5A30               fcb       $39,$BD,$A0,$6D,$8E,$F9,$8D,$CC 9= m.y.L
5A38 FFFFFD0201FE0CCF (           fs.asm):02889         L5A38               fcb       $FF,$FF,$FD,$02,$01,$FE,$0C,$CF .......O
5A40 BDB3D18601BDA569 (           fs.asm):02890         L5A40               fcb       $BD,$B3,$D1,$86,$01,$BD,$A5,$69 =3Q..=%i
5A48 F60040D906C40E8E (           fs.asm):02891         L5A48               fcb       $F6,$00,$40,$D9,$06,$C4,$0E,$8E v.@Y.D..
5A50 F97DAE856E8486FE (           fs.asm):02892         L5A50               fcb       $F9,$7D,$AE,$85,$6E,$84,$86,$FE y}..n...
5A58 B402AEB702AE3986 (           fs.asm):02893         L5A58               fcb       $B4,$02,$AE,$B7,$02,$AE,$39,$86 4..7..9.
5A60 03BA072EB7072E39 (           fs.asm):02894         L5A60               fcb       $03,$BA,$07,$2E,$B7,$07,$2E,$39 .:..7..9
5A68 86FB20EC86F720E8 (           fs.asm):02895         L5A68               fcb       $86,$FB,$20,$EC,$86,$F7,$20,$E8 .. l.w h
5A70 860C20ED86DF20E0 (           fs.asm):02896         L5A70               fcb       $86,$0C,$20,$ED,$86,$DF,$20,$E0 .. m._ `
5A78 86BF20DC867F20D8 (           fs.asm):02897         L5A78               fcb       $86,$BF,$20,$DC,$86,$7F,$20,$D8 .? \. X
5A80 B6013F442510CC00 (           fs.asm):02898         L5A80               fcb       $B6,$01,$3F,$44,$25,$10,$CC,$00 6.?D%.L.
5A88 80FD02B18601B702 (           fs.asm):02899         L5A88               fcb       $80,$FD,$02,$B1,$86,$01,$B7,$02 ...1..7.
5A90 B3B60824270CFC02 (           fs.asm):02900         L5A90               fcb       $B3,$B6,$08,$24,$27,$0C,$FC,$02 36.$'...
5A98 33FD02B1B60235B7 (           fs.asm):02901         L5A98               fcb       $33,$FD,$02,$B1,$B6,$02,$35,$B7 3..16.57
5AA0 02B339AA000F1A3D (           fs.asm):02902         L5AA0               fcb       $02,$B3,$39,$AA,$00,$0F,$1A,$3D .39*...=
5AA8 AA023F195CAA1B38 (           fs.asm):02903         L5AA8               fcb       $AA,$02,$3F,$19,$5C,$AA,$1B,$38 *.?.\*.8
5AB0 315BAA35064E32AA (           fs.asm):02904         L5AB0               fcb       $31,$5B,$AA,$35,$06,$4E,$32,$AA 1[*5.N2*
5AB8 1B083431AA4F0669 (           fs.asm):02905         L5AB8               fcb       $1B,$08,$34,$31,$AA,$4F,$06,$69 ..41*O.i
5AC0 32008E4F9C54AA38 (           fs.asm):02906         L5AC0               fcb       $32,$00,$8E,$4F,$9C,$54,$AA,$38 2..O.T*8
5AC8 384C5C00714F7F54 (           fs.asm):02907         L5AC8               fcb       $38,$4C,$5C,$00,$71,$4F,$7F,$54 8L\.qOT
5AD0 0088419E45007133 (           fs.asm):02908         L5AD0               fcb       $00,$88,$41,$9E,$45,$00,$71,$33 ..A.E.q3
5AD8 8237007125822900 (           fs.asm):02909         L5AD8               fcb       $82,$37,$00,$71,$25,$82,$29,$00 .7.q%.).
5AE0 7003800E0082039E (           fs.asm):02910         L5AE0               fcb       $70,$03,$80,$0E,$00,$82,$03,$9E p.......
5AE8 120082139E210000 (           fs.asm):02911         L5AE8               fcb       $12,$00,$82,$13,$9E,$21,$00,$00 .....!..
5AF0 0000000067576D5B (           fs.asm):02912         L5AF0               fcb       $00,$00,$00,$00,$67,$57,$6D,$5B ....gWm[
5AF8 0071418245008833 (           fs.asm):02913         L5AF8               fcb       $00,$71,$41,$82,$45,$00,$88,$33 .qA.E..3
5B00 9637AA4E32695C0F (           fs.asm):02914         L5B00               fcb       $96,$37,$AA,$4E,$32,$69,$5C,$0F .7*N2i\.
5B08 AF96ED340296EC34 (           fs.asm):02915         L5B08               fcb       $AF,$96,$ED,$34,$02,$96,$EC,$34 /.m4..l4
5B10 0296EB3402B60344 (           fs.asm):02916         L5B10               fcb       $02,$96,$EB,$34,$02,$B6,$03,$44 ..k4.6.D
5B18 B402AEB402B1979A (           fs.asm):02917         L5B18               fcb       $B4,$02,$AE,$B4,$02,$B1,$97,$9A 4..4.1..
5B20 98EB270AD69AD7EB (           fs.asm):02918         L5B20               fcb       $98,$EB,$27,$0A,$D6,$9A,$D7,$EB .k'.V.Wk
5B28 949A27020CAFB603 (           fs.asm):02919         L5B28               fcb       $94,$9A,$27,$02,$0C,$AF,$B6,$03 ..'../6.
5B30 45B402AFB402B297 (           fs.asm):02920         L5B30               fcb       $45,$B4,$02,$AF,$B4,$02,$B2,$97 E4./4.2.
5B38 9A98EC270CD69ACA (           fs.asm):02921         L5B38               fcb       $9A,$98,$EC,$27,$0C,$D6,$9A,$CA ..l'.V.J
5B40 80D7EC949A27020C (           fs.asm):02922         L5B40               fcb       $80,$D7,$EC,$94,$9A,$27,$02,$0C .Wl..'..
5B48 AFB60346B402B0B4 (           fs.asm):02923         L5B48               fcb       $AF,$B6,$03,$46,$B4,$02,$B0,$B4 /6.F4.04
5B50 02B3979A98ED270C (           fs.asm):02924         L5B50               fcb       $02,$B3,$97,$9A,$98,$ED,$27,$0C .3...m'.
5B58 D69ACAF1D7ED949A (           fs.asm):02925         L5B58               fcb       $D6,$9A,$CA,$F1,$D7,$ED,$94,$9A V.JqWm..
5B60 27020CAF96AF272D (           fs.asm):02926         L5B60               fcb       $27,$02,$0C,$AF,$96,$AF,$27,$2D '.././'-
5B68 BDA1EAB603482722 (           fs.asm):02927         L5B68               fcb       $BD,$A1,$EA,$B6,$03,$48,$27,$22 =!j6.H'"
5B70 BDA1F38600BDAED7 (           fs.asm):02928         L5B70               fcb       $BD,$A1,$F3,$86,$00,$BD,$AE,$D7 =!s..=.W
5B78 CC70408E854C10BE (           fs.asm):02929         L5B78               fcb       $CC,$70,$40,$8E,$85,$4C,$10,$BE Lp@..L.>
5B80 0CD3BDB3EE8E1227 (           fs.asm):02930         L5B80               fcb       $0C,$D3,$BD,$B3,$EE,$8E,$12,$27 .S=3n..'
5B88 10BE0CD3BDB74EBD (           fs.asm):02931         L5B88               fcb       $10,$BE,$0C,$D3,$BD,$B7,$4E,$BD .>.S=7N=
5B90 B683BDA41796EB1F (           fs.asm):02932         L5B90               fcb       $B6,$83,$BD,$A4,$17,$96,$EB,$1F 6.=$..k.
5B98 89A8E027091F9810 (           fs.asm):02933         L5B98               fcb       $89,$A8,$E0,$27,$09,$1F,$98,$10 .(`'....
5BA0 8EFAA317002196EC (           fs.asm):02934         L5BA0               fcb       $8E,$FA,$A3,$17,$00,$21,$96,$EC .z#..!.l
5BA8 1F89A8E027081F98 (           fs.asm):02935         L5BA8               fcb       $1F,$89,$A8,$E0,$27,$08,$1F,$98 ..(`'...
5BB0 108EFACB8D1196ED (           fs.asm):02936         L5BB0               fcb       $10,$8E,$FA,$CB,$8D,$11,$96,$ED ..zK...m
5BB8 1F89A8E027081F98 (           fs.asm):02937         L5BB8               fcb       $1F,$89,$A8,$E0,$27,$08,$1F,$98 ..(`'...
5BC0 108EFAF3200139C6 (           fs.asm):02938         L5BC0               fcb       $10,$8E,$FA,$F3,$20,$01,$39,$C6 ..zs .9F
5BC8 084425203406A6A0 (           fs.asm):02939         L5BC8               fcb       $08,$44,$25,$20,$34,$06,$A6,$A0 .D% 4.&
5BD0 3420BDAED73520EC (           fs.asm):02940         L5BD0               fcb       $34,$20,$BD,$AE,$D7,$35,$20,$EC 4 =.W5 l
5BD8 A1AEA1342010BE0C (           fs.asm):02941         L5BD8               fcb       $A1,$AE,$A1,$34,$20,$10,$BE,$0C !.!4 .>.
5BE0 D3BDB3EE35203506 (           fs.asm):02942         L5BE0               fcb       $D3,$BD,$B3,$EE,$35,$20,$35,$06 S=3n5 5.
5BE8 5A26DE39312520F8 (           fs.asm):02943         L5BE8               fcb       $5A,$26,$DE,$39,$31,$25,$20,$F8 Z&^91% x
5BF0 0000000000000000 (           fs.asm):02944         L5BF0               fcb       $00,$00,$00,$00,$00,$00,$00,$00 ........
5BF8 0000000000000000 (           fs.asm):02945         L5BF8               fcb       $00,$00,$00,$00,$00,$00,$00,$00 ........
5C00 0000000000000000 (           fs.asm):02946         L5C00               fcb       $00,$00,$00,$00,$00,$00,$00,$00 ........
5C08 0000000000000000 (           fs.asm):02947         L5C08               fcb       $00,$00,$00,$00,$00,$00,$00,$00 ........
5C10 0000000000000000 (           fs.asm):02948         L5C10               fcb       $00,$00,$00,$00,$00,$00,$00,$00 ........
5C18 0000000000000000 (           fs.asm):02949         L5C18               fcb       $00,$00,$00,$00,$00,$00,$00,$00 ........
5C20 0000000000000000 (           fs.asm):02950         L5C20               fcb       $00,$00,$00,$00,$00,$00,$00,$00 ........
5C28 0000000000000000 (           fs.asm):02951         L5C28               fcb       $00,$00,$00,$00,$00,$00,$00,$00 ........
5C30 0000000000000000 (           fs.asm):02952         L5C30               fcb       $00,$00,$00,$00,$00,$00,$00,$00 ........
5C38 0000000000000000 (           fs.asm):02953         L5C38               fcb       $00,$00,$00,$00,$00,$00,$00,$00 ........
5C40 0000000000000000 (           fs.asm):02954         L5C40               fcb       $00,$00,$00,$00,$00,$00,$00,$00 ........
5C48 0000000000000000 (           fs.asm):02955         L5C48               fcb       $00,$00,$00,$00,$00,$00,$00,$00 ........
5C50 0000000000000000 (           fs.asm):02956         L5C50               fcb       $00,$00,$00,$00,$00,$00,$00,$00 ........
5C58 0000000000000000 (           fs.asm):02957         L5C58               fcb       $00,$00,$00,$00,$00,$00,$00,$00 ........
5C60 0000000000000000 (           fs.asm):02958         L5C60               fcb       $00,$00,$00,$00,$00,$00,$00,$00 ........
5C68 0000000000000000 (           fs.asm):02959         L5C68               fcb       $00,$00,$00,$00,$00,$00,$00,$00 ........
5C70 0000000000000000 (           fs.asm):02960         L5C70               fcb       $00,$00,$00,$00,$00,$00,$00,$00 ........
5C78 0000000000000000 (           fs.asm):02961         L5C78               fcb       $00,$00,$00,$00,$00,$00,$00,$00 ........
5C80 0000000000000000 (           fs.asm):02962         L5C80               fcb       $00,$00,$00,$00,$00,$00,$00,$00 ........
5C88 0000000000000000 (           fs.asm):02963         L5C88               fcb       $00,$00,$00,$00,$00,$00,$00,$00 ........
5C90 0000000000000000 (           fs.asm):02964         L5C90               fcb       $00,$00,$00,$00,$00,$00,$00,$00 ........
5C98 0000000000000000 (           fs.asm):02965         L5C98               fcb       $00,$00,$00,$00,$00,$00,$00,$00 ........
5CA0 0000000000000000 (           fs.asm):02966         L5CA0               fcb       $00,$00,$00,$00,$00,$00,$00,$00 ........
5CA8 0000000000000000 (           fs.asm):02967         L5CA8               fcb       $00,$00,$00,$00,$00,$00,$00,$00 ........
5CB0 0000000000000000 (           fs.asm):02968         L5CB0               fcb       $00,$00,$00,$00,$00,$00,$00,$00 ........
5CB8 0000000000000000 (           fs.asm):02969         L5CB8               fcb       $00,$00,$00,$00,$00,$00,$00,$00 ........
5CC0 0000000000000000 (           fs.asm):02970         L5CC0               fcb       $00,$00,$00,$00,$00,$00,$00,$00 ........
5CC8 0000000000000000 (           fs.asm):02971         L5CC8               fcb       $00,$00,$00,$00,$00,$00,$00,$00 ........
5CD0 0000000000000000 (           fs.asm):02972         L5CD0               fcb       $00,$00,$00,$00,$00,$00,$00,$00 ........
5CD8 0000000000000000 (           fs.asm):02973         L5CD8               fcb       $00,$00,$00,$00,$00,$00,$00,$00 ........
5CE0 0000000000000000 (           fs.asm):02974         L5CE0               fcb       $00,$00,$00,$00,$00,$00,$00,$00 ........
5CE8 0000000000000000 (           fs.asm):02975         L5CE8               fcb       $00,$00,$00,$00,$00,$00,$00,$00 ........
5CF0 0000000000000000 (           fs.asm):02976         L5CF0               fcb       $00,$00,$00,$00,$00,$00,$00,$00 ........
5CF8 0000000000000000 (           fs.asm):02977         L5CF8               fcb       $00,$00,$00,$00,$00,$00,$00,$00 ........
5D00 0000000000000000 (           fs.asm):02978         L5D00               fcb       $00,$00,$00,$00,$00,$00,$00,$00 ........
5D08 0000000000000000 (           fs.asm):02979         L5D08               fcb       $00,$00,$00,$00,$00,$00,$00,$00 ........
5D10 0000000000000000 (           fs.asm):02980         L5D10               fcb       $00,$00,$00,$00,$00,$00,$00,$00 ........
5D18 0000000000000000 (           fs.asm):02981         L5D18               fcb       $00,$00,$00,$00,$00,$00,$00,$00 ........
5D20 0000000000000000 (           fs.asm):02982         L5D20               fcb       $00,$00,$00,$00,$00,$00,$00,$00 ........
5D28 0000000000000000 (           fs.asm):02983         L5D28               fcb       $00,$00,$00,$00,$00,$00,$00,$00 ........
5D30 0000000000000000 (           fs.asm):02984         L5D30               fcb       $00,$00,$00,$00,$00,$00,$00,$00 ........
5D38 0000000000000000 (           fs.asm):02985         L5D38               fcb       $00,$00,$00,$00,$00,$00,$00,$00 ........
5D40 0000000000000000 (           fs.asm):02986         L5D40               fcb       $00,$00,$00,$00,$00,$00,$00,$00 ........
5D48 0000000000000000 (           fs.asm):02987         L5D48               fcb       $00,$00,$00,$00,$00,$00,$00,$00 ........
5D50 0000000000000000 (           fs.asm):02988         L5D50               fcb       $00,$00,$00,$00,$00,$00,$00,$00 ........
5D58 0000000000000000 (           fs.asm):02989         L5D58               fcb       $00,$00,$00,$00,$00,$00,$00,$00 ........
5D60 0000000000000000 (           fs.asm):02990         L5D60               fcb       $00,$00,$00,$00,$00,$00,$00,$00 ........
5D68 0000000000000000 (           fs.asm):02991         L5D68               fcb       $00,$00,$00,$00,$00,$00,$00,$00 ........
5D70 0000000000000000 (           fs.asm):02992         L5D70               fcb       $00,$00,$00,$00,$00,$00,$00,$00 ........
5D78 0000000000000000 (           fs.asm):02993         L5D78               fcb       $00,$00,$00,$00,$00,$00,$00,$00 ........
5D80 0000000000000000 (           fs.asm):02994         L5D80               fcb       $00,$00,$00,$00,$00,$00,$00,$00 ........
5D88 0000000000000000 (           fs.asm):02995         L5D88               fcb       $00,$00,$00,$00,$00,$00,$00,$00 ........
5D90 0000000000000000 (           fs.asm):02996         L5D90               fcb       $00,$00,$00,$00,$00,$00,$00,$00 ........
5D98 0000000000000000 (           fs.asm):02997         L5D98               fcb       $00,$00,$00,$00,$00,$00,$00,$00 ........
5DA0 0000000000000000 (           fs.asm):02998         L5DA0               fcb       $00,$00,$00,$00,$00,$00,$00,$00 ........
5DA8 0000000000000000 (           fs.asm):02999         L5DA8               fcb       $00,$00,$00,$00,$00,$00,$00,$00 ........
5DB0 0000000000000000 (           fs.asm):03000         L5DB0               fcb       $00,$00,$00,$00,$00,$00,$00,$00 ........
5DB8 0000000000000000 (           fs.asm):03001         L5DB8               fcb       $00,$00,$00,$00,$00,$00,$00,$00 ........
5DC0 0000000000000000 (           fs.asm):03002         L5DC0               fcb       $00,$00,$00,$00,$00,$00,$00,$00 ........
5DC8 0000000000000000 (           fs.asm):03003         L5DC8               fcb       $00,$00,$00,$00,$00,$00,$00,$00 ........
5DD0 0000000000000000 (           fs.asm):03004         L5DD0               fcb       $00,$00,$00,$00,$00,$00,$00,$00 ........
5DD8 0000000000000000 (           fs.asm):03005         L5DD8               fcb       $00,$00,$00,$00,$00,$00,$00,$00 ........
5DE0 0000000000000000 (           fs.asm):03006         L5DE0               fcb       $00,$00,$00,$00,$00,$00,$00,$00 ........
5DE8 0000000000000000 (           fs.asm):03007         L5DE8               fcb       $00,$00,$00,$00,$00,$00,$00,$00 ........
5DF0 0000000000000000 (           fs.asm):03008         L5DF0               fcb       $00,$00,$00,$00,$00,$00,$00,$00 ........
5DF8 0000000000ECBBAB (           fs.asm):03009         L5DF8               fcb       $00,$00,$00,$00,$00,$EC,$BB,$AB .....l;+

Symbol Table:
[ G] L0000                            0000
[ G] L0008                            0008
[ G] L0010                            0010
[ G] L0018                            0018
[ G] L0020                            0020
[ G] L0028                            0028
[ G] L0030                            0030
[ G] L0038                            0038
[ G] L0040                            0040
[ G] L0048                            0048
[ G] L0050                            0050
[ G] L0058                            0058
[ G] L0060                            0060
[ G] L0068                            0068
[ G] L0070                            0070
[ G] L0078                            0078
[ G] L0080                            0080
[ G] L0088                            0088
[ G] L0090                            0090
[ G] L0098                            0098
[ G] L00A0                            00A0
[ G] L00A8                            00A8
[ G] L00B0                            00B0
[ G] L00B8                            00B8
[ G] L00C0                            00C0
[ G] L00C8                            00C8
[ G] L00D0                            00D0
[ G] L00D8                            00D8
[ G] L00E0                            00E0
[ G] L00E8                            00E8
[ G] L00F0                            00F0
[ G] L00F8                            00F8
[ G] L0100                            0100
[ G] L0108                            0108
[ G] L0110                            0110
[ G] L0118                            0118
[ G] L0120                            0120
[ G] L0128                            0128
[ G] L0130                            0130
[ G] L0138                            0138
[ G] L0140                            0140
[ G] L0148                            0148
[ G] L0150                            0150
[ G] L0158                            0158
[ G] L0160                            0160
[ G] L0168                            0168
[ G] L0170                            0170
[ G] L0178                            0178
[ G] L0180                            0180
[ G] L0188                            0188
[ G] L0190                            0190
[ G] L0198                            0198
[ G] L01A0                            01A0
[ G] L01A8                            01A8
[ G] L01B0                            01B0
[ G] L01B8                            01B8
[ G] L01C0                            01C0
[ G] L01C8                            01C8
[ G] L01D0                            01D0
[ G] L01D8                            01D8
[ G] L01E0                            01E0
[ G] L01E8                            01E8
[ G] L01F0                            01F0
[ G] L01F8                            01F8
[ G] L0200                            0200
[ G] L0208                            0208
[ G] L0210                            0210
[ G] L0218                            0218
[ G] L0220                            0220
[ G] L0228                            0228
[ G] L0230                            0230
[ G] L0238                            0238
[ G] L0240                            0240
[ G] L0248                            0248
[ G] L0250                            0250
[ G] L0258                            0258
[ G] L0260                            0260
[ G] L0268                            0268
[ G] L0270                            0270
[ G] L0278                            0278
[ G] L0280                            0280
[ G] L0288                            0288
[ G] L0290                            0290
[ G] L0298                            0298
[ G] L02A0                            02A0
[ G] L02A8                            02A8
[ G] L02B0                            02B0
[ G] L02B8                            02B8
[ G] L02C0                            02C0
[ G] L02C8                            02C8
[ G] L02D0                            02D0
[ G] L02D8                            02D8
[ G] L02E0                            02E0
[ G] L02E8                            02E8
[ G] L02F0                            02F0
[ G] L02F8                            02F8
[ G] L0300                            0300
[ G] L0308                            0308
[ G] L0310                            0310
[ G] L0318                            0318
[ G] L0320                            0320
[ G] L0328                            0328
[ G] L0330                            0330
[ G] L0338                            0338
[ G] L0340                            0340
[ G] L0348                            0348
[ G] L0350                            0350
[ G] L0358                            0358
[ G] L0360                            0360
[ G] L0368                            0368
[ G] L0370                            0370
[ G] L0378                            0378
[ G] L0380                            0380
[ G] L0388                            0388
[ G] L0390                            0390
[ G] L0398                            0398
[ G] L03A0                            03A0
[ G] L03A8                            03A8
[ G] L03B0                            03B0
[ G] L03B8                            03B8
[ G] L03C0                            03C0
[ G] L03C8                            03C8
[ G] L03D0                            03D0
[ G] L03D8                            03D8
[ G] L03E0                            03E0
[ G] L03E8                            03E8
[ G] L03F0                            03F0
[ G] L03F8                            03F8
[ G] L0400                            0400
[ G] L0408                            0408
[ G] L0410                            0410
[ G] L0418                            0418
[ G] L0420                            0420
[ G] L0428                            0428
[ G] L0430                            0430
[ G] L0438                            0438
[ G] L0440                            0440
[ G] L0448                            0448
[ G] L0450                            0450
[ G] L0458                            0458
[ G] L0460                            0460
[ G] L0468                            0468
[ G] L0470                            0470
[ G] L0478                            0478
[ G] L0480                            0480
[ G] L0488                            0488
[ G] L0490                            0490
[ G] L0498                            0498
[ G] L04A0                            04A0
[ G] L04A8                            04A8
[ G] L04B0                            04B0
[ G] L04B8                            04B8
[ G] L04C0                            04C0
[ G] L04C8                            04C8
[ G] L04D0                            04D0
[ G] L04D8                            04D8
[ G] L04E0                            04E0
[ G] L04E8                            04E8
[ G] L04F0                            04F0
[ G] L04F8                            04F8
[ G] L0500                            0500
[ G] L0508                            0508
[ G] L0510                            0510
[ G] L0518                            0518
[ G] L0520                            0520
[ G] L0528                            0528
[ G] L0530                            0530
[ G] L0538                            0538
[ G] L0540                            0540
[ G] L0548                            0548
[ G] L0550                            0550
[ G] L0558                            0558
[ G] L0560                            0560
[ G] L0568                            0568
[ G] L0570                            0570
[ G] L0578                            0578
[ G] L0580                            0580
[ G] L0588                            0588
[ G] L0590                            0590
[ G] L0598                            0598
[ G] L05A0                            05A0
[ G] L05A8                            05A8
[ G] L05B0                            05B0
[ G] L05B8                            05B8
[ G] L05C0                            05C0
[ G] L05C8                            05C8
[ G] L05D0                            05D0
[ G] L05D8                            05D8
[ G] L05E0                            05E0
[ G] L05E8                            05E8
[ G] L05F0                            05F0
[ G] L05F8                            05F8
[ G] L0600                            0600
[ G] L0608                            0608
[ G] L0610                            0610
[ G] L0618                            0618
[ G] L0620                            0620
[ G] L0628                            0628
[ G] L0630                            0630
[ G] L0638                            0638
[ G] L0640                            0640
[ G] L0648                            0648
[ G] L0650                            0650
[ G] L0658                            0658
[ G] L0660                            0660
[ G] L0668                            0668
[ G] L0670                            0670
[ G] L0678                            0678
[ G] L0680                            0680
[ G] L0688                            0688
[ G] L0690                            0690
[ G] L0698                            0698
[ G] L06A0                            06A0
[ G] L06A8                            06A8
[ G] L06B0                            06B0
[ G] L06B8                            06B8
[ G] L06C0                            06C0
[ G] L06C8                            06C8
[ G] L06D0                            06D0
[ G] L06D8                            06D8
[ G] L06E0                            06E0
[ G] L06E8                            06E8
[ G] L06F0                            06F0
[ G] L06F8                            06F8
[ G] L0700                            0700
[ G] L0708                            0708
[ G] L0710                            0710
[ G] L0718                            0718
[ G] L0720                            0720
[ G] L0728                            0728
[ G] L0730                            0730
[ G] L0738                            0738
[ G] L0740                            0740
[ G] L0748                            0748
[ G] L0750                            0750
[ G] L0758                            0758
[ G] L0760                            0760
[ G] L0768                            0768
[ G] L0770                            0770
[ G] L0778                            0778
[ G] L0780                            0780
[ G] L0788                            0788
[ G] L0790                            0790
[ G] L0798                            0798
[ G] L07A0                            07A0
[ G] L07A8                            07A8
[ G] L07B0                            07B0
[ G] L07B8                            07B8
[ G] L07C0                            07C0
[ G] L07C8                            07C8
[ G] L07D0                            07D0
[ G] L07D8                            07D8
[ G] L07E0                            07E0
[ G] L07E8                            07E8
[ G] L07F0                            07F0
[ G] L07F8                            07F8
[ G] L0800                            0800
[ G] L0808                            0808
[ G] L0810                            0810
[ G] L0818                            0818
[ G] L0820                            0820
[ G] L0828                            0828
[ G] L0830                            0830
[ G] L0838                            0838
[ G] L0840                            0840
[ G] L0848                            0848
[ G] L0850                            0850
[ G] L0858                            0858
[ G] L0860                            0860
[ G] L0868                            0868
[ G] L0870                            0870
[ G] L0878                            0878
[ G] L0880                            0880
[ G] L0888                            0888
[ G] L0890                            0890
[ G] L0898                            0898
[ G] L08A0                            08A0
[ G] L08A8                            08A8
[ G] L08B0                            08B0
[ G] L08B8                            08B8
[ G] L08C0                            08C0
[ G] L08C8                            08C8
[ G] L08D0                            08D0
[ G] L08D8                            08D8
[ G] L08E0                            08E0
[ G] L08E8                            08E8
[ G] L08F0                            08F0
[ G] L08F8                            08F8
[ G] L0900                            0900
[ G] L0908                            0908
[ G] L0910                            0910
[ G] L0918                            0918
[ G] L0920                            0920
[ G] L0928                            0928
[ G] L0930                            0930
[ G] L0938                            0938
[ G] L0940                            0940
[ G] L0948                            0948
[ G] L0950                            0950
[ G] L0958                            0958
[ G] L0960                            0960
[ G] L0968                            0968
[ G] L0970                            0970
[ G] L0978                            0978
[ G] L0980                            0980
[ G] L0988                            0988
[ G] L0990                            0990
[ G] L0998                            0998
[ G] L09A0                            09A0
[ G] L09A8                            09A8
[ G] L09B0                            09B0
[ G] L09B8                            09B8
[ G] L09C0                            09C0
[ G] L09C8                            09C8
[ G] L09D0                            09D0
[ G] L09D8                            09D8
[ G] L09E0                            09E0
[ G] L09E8                            09E8
[ G] L09F0                            09F0
[ G] L09F8                            09F8
[ G] L0A00                            0A00
[ G] L0A08                            0A08
[ G] L0A10                            0A10
[ G] L0A18                            0A18
[ G] L0A20                            0A20
[ G] L0A28                            0A28
[ G] L0A30                            0A30
[ G] L0A38                            0A38
[ G] L0A40                            0A40
[ G] L0A48                            0A48
[ G] L0A50                            0A50
[ G] L0A58                            0A58
[ G] L0A60                            0A60
[ G] L0A68                            0A68
[ G] L0A70                            0A70
[ G] L0A78                            0A78
[ G] L0A80                            0A80
[ G] L0A88                            0A88
[ G] L0A90                            0A90
[ G] L0A98                            0A98
[ G] L0AA0                            0AA0
[ G] L0AA8                            0AA8
[ G] L0AB0                            0AB0
[ G] L0AB8                            0AB8
[ G] L0AC0                            0AC0
[ G] L0AC8                            0AC8
[ G] L0AD0                            0AD0
[ G] L0AD8                            0AD8
[ G] L0AE0                            0AE0
[ G] L0AE8                            0AE8
[ G] L0AF0                            0AF0
[ G] L0AF8                            0AF8
[ G] L0B00                            0B00
[ G] L0B08                            0B08
[ G] L0B10                            0B10
[ G] L0B18                            0B18
[ G] L0B20                            0B20
[ G] L0B28                            0B28
[ G] L0B30                            0B30
[ G] L0B38                            0B38
[ G] L0B40                            0B40
[ G] L0B48                            0B48
[ G] L0B50                            0B50
[ G] L0B58                            0B58
[ G] L0B60                            0B60
[ G] L0B68                            0B68
[ G] L0B70                            0B70
[ G] L0B78                            0B78
[ G] L0B80                            0B80
[ G] L0B88                            0B88
[ G] L0B90                            0B90
[ G] L0B98                            0B98
[ G] L0BA0                            0BA0
[ G] L0BA8                            0BA8
[ G] L0BB0                            0BB0
[ G] L0BB8                            0BB8
[ G] L0BC0                            0BC0
[ G] L0BC8                            0BC8
[ G] L0BD0                            0BD0
[ G] L0BD8                            0BD8
[ G] L0BE0                            0BE0
[ G] L0BE8                            0BE8
[ G] L0BF0                            0BF0
[ G] L0BF8                            0BF8
[ G] L0C00                            0C00
[ G] L0C08                            0C08
[ G] L0C10                            0C10
[ G] L0C18                            0C18
[ G] L0C20                            0C20
[ G] L0C28                            0C28
[ G] L0C30                            0C30
[ G] L0C38                            0C38
[ G] L0C40                            0C40
[ G] L0C48                            0C48
[ G] L0C50                            0C50
[ G] L0C58                            0C58
[ G] L0C60                            0C60
[ G] L0C68                            0C68
[ G] L0C70                            0C70
[ G] L0C78                            0C78
[ G] L0C80                            0C80
[ G] L0C88                            0C88
[ G] L0C90                            0C90
[ G] L0C98                            0C98
[ G] L0CA0                            0CA0
[ G] L0CA8                            0CA8
[ G] L0CB0                            0CB0
[ G] L0CB8                            0CB8
[ G] L0CC0                            0CC0
[ G] L0CC8                            0CC8
[ G] L0CD0                            0CD0
[ G] L0CD8                            0CD8
[ G] L0CE0                            0CE0
[ G] L0CE8                            0CE8
[ G] L0CF0                            0CF0
[ G] L0CF8                            0CF8
[ G] L0D00                            0D00
[ G] L0D08                            0D08
[ G] L0D10                            0D10
[ G] L0D18                            0D18
[ G] L0D20                            0D20
[ G] L0D28                            0D28
[ G] L0D30                            0D30
[ G] L0D38                            0D38
[ G] L0D40                            0D40
[ G] L0D48                            0D48
[ G] L0D50                            0D50
[ G] L0D58                            0D58
[ G] L0D60                            0D60
[ G] L0D68                            0D68
[ G] L0D70                            0D70
[ G] L0D78                            0D78
[ G] L0D80                            0D80
[ G] L0D88                            0D88
[ G] L0D90                            0D90
[ G] L0D98                            0D98
[ G] L0DA0                            0DA0
[ G] L0DA8                            0DA8
[ G] L0DB0                            0DB0
[ G] L0DB8                            0DB8
[ G] L0DC0                            0DC0
[ G] L0DC8                            0DC8
[ G] L0DD0                            0DD0
[ G] L0DD8                            0DD8
[ G] L0DE0                            0DE0
[ G] L0DE8                            0DE8
[ G] L0DF0                            0DF0
[ G] L0DF8                            0DF8
[ G] L0E00                            0E00
[ G] L0E08                            0E08
[ G] L0E10                            0E10
[ G] L0E18                            0E18
[ G] L0E20                            0E20
[ G] L0E28                            0E28
[ G] L0E30                            0E30
[ G] L0E38                            0E38
[ G] L0E40                            0E40
[ G] L0E48                            0E48
[ G] L0E50                            0E50
[ G] L0E58                            0E58
[ G] L0E60                            0E60
[ G] L0E68                            0E68
[ G] L0E70                            0E70
[ G] L0E78                            0E78
[ G] L0E80                            0E80
[ G] L0E88                            0E88
[ G] L0E90                            0E90
[ G] L0E98                            0E98
[ G] L0EA0                            0EA0
[ G] L0EA8                            0EA8
[ G] L0EB0                            0EB0
[ G] L0EB8                            0EB8
[ G] L0EC0                            0EC0
[ G] L0EC8                            0EC8
[ G] L0ED0                            0ED0
[ G] L0ED8                            0ED8
[ G] L0EE0                            0EE0
[ G] L0EE8                            0EE8
[ G] L0EF0                            0EF0
[ G] L0EF8                            0EF8
[ G] L0F00                            0F00
[ G] L0F08                            0F08
[ G] L0F10                            0F10
[ G] L0F18                            0F18
[ G] L0F20                            0F20
[ G] L0F28                            0F28
[ G] L0F30                            0F30
[ G] L0F38                            0F38
[ G] L0F40                            0F40
[ G] L0F48                            0F48
[ G] L0F50                            0F50
[ G] L0F58                            0F58
[ G] L0F60                            0F60
[ G] L0F68                            0F68
[ G] L0F70                            0F70
[ G] L0F78                            0F78
[ G] L0F80                            0F80
[ G] L0F88                            0F88
[ G] L0F90                            0F90
[ G] L0F98                            0F98
[ G] L0FA0                            0FA0
[ G] L0FA8                            0FA8
[ G] L0FB0                            0FB0
[ G] L0FB8                            0FB8
[ G] L0FC0                            0FC0
[ G] L0FC8                            0FC8
[ G] L0FD0                            0FD0
[ G] L0FD8                            0FD8
[ G] L0FE0                            0FE0
[ G] L0FE8                            0FE8
[ G] L0FF0                            0FF0
[ G] L0FF8                            0FF8
[ G] L1000                            1000
[ G] L1008                            1008
[ G] L1010                            1010
[ G] L1018                            1018
[ G] L1020                            1020
[ G] L1028                            1028
[ G] L1030                            1030
[ G] L1038                            1038
[ G] L1040                            1040
[ G] L1048                            1048
[ G] L1050                            1050
[ G] L1058                            1058
[ G] L1060                            1060
[ G] L1068                            1068
[ G] L1070                            1070
[ G] L1078                            1078
[ G] L1080                            1080
[ G] L1088                            1088
[ G] L1090                            1090
[ G] L1098                            1098
[ G] L10A0                            10A0
[ G] L10A8                            10A8
[ G] L10B0                            10B0
[ G] L10B8                            10B8
[ G] L10C0                            10C0
[ G] L10C8                            10C8
[ G] L10D0                            10D0
[ G] L10D8                            10D8
[ G] L10E0                            10E0
[ G] L10E8                            10E8
[ G] L10F0                            10F0
[ G] L10F8                            10F8
[ G] L1100                            1100
[ G] L1108                            1108
[ G] L1110                            1110
[ G] L1118                            1118
[ G] L1120                            1120
[ G] L1128                            1128
[ G] L1130                            1130
[ G] L1138                            1138
[ G] L1140                            1140
[ G] L1148                            1148
[ G] L1150                            1150
[ G] L1158                            1158
[ G] L1160                            1160
[ G] L1168                            1168
[ G] L1170                            1170
[ G] L1178                            1178
[ G] L1180                            1180
[ G] L1188                            1188
[ G] L1190                            1190
[ G] L1198                            1198
[ G] L11A0                            11A0
[ G] L11A8                            11A8
[ G] L11B0                            11B0
[ G] L11B8                            11B8
[ G] L11C0                            11C0
[ G] L11C8                            11C8
[ G] L11D0                            11D0
[ G] L11D8                            11D8
[ G] L11E0                            11E0
[ G] L11E8                            11E8
[ G] L11F0                            11F0
[ G] L11F8                            11F8
[ G] L1200                            1200
[ G] L1208                            1208
[ G] L1210                            1210
[ G] L1218                            1218
[ G] L1220                            1220
[ G] L1228                            1228
[ G] L1230                            1230
[ G] L1238                            1238
[ G] L1240                            1240
[ G] L1248                            1248
[ G] L1250                            1250
[ G] L1258                            1258
[ G] L1260                            1260
[ G] L1268                            1268
[ G] L1270                            1270
[ G] L1278                            1278
[ G] L1280                            1280
[ G] L1288                            1288
[ G] L1290                            1290
[ G] L1298                            1298
[ G] L12A0                            12A0
[ G] L12A8                            12A8
[ G] L12B0                            12B0
[ G] L12B8                            12B8
[ G] L12C0                            12C0
[ G] L12C8                            12C8
[ G] L12D0                            12D0
[ G] L12D8                            12D8
[ G] L12E0                            12E0
[ G] L12E8                            12E8
[ G] L12F0                            12F0
[ G] L12F8                            12F8
[ G] L1300                            1300
[ G] L1308                            1308
[ G] L1310                            1310
[ G] L1318                            1318
[ G] L1320                            1320
[ G] L1328                            1328
[ G] L1330                            1330
[ G] L1338                            1338
[ G] L1340                            1340
[ G] L1348                            1348
[ G] L1350                            1350
[ G] L1358                            1358
[ G] L1360                            1360
[ G] L1368                            1368
[ G] L1370                            1370
[ G] L1378                            1378
[ G] L1380                            1380
[ G] L1388                            1388
[ G] L1390                            1390
[ G] L1398                            1398
[ G] L13A0                            13A0
[ G] L13A8                            13A8
[ G] L13B0                            13B0
[ G] L13B8                            13B8
[ G] L13C0                            13C0
[ G] L13C8                            13C8
[ G] L13D0                            13D0
[ G] L13D8                            13D8
[ G] L13E0                            13E0
[ G] L13E8                            13E8
[ G] L13F0                            13F0
[ G] L13F8                            13F8
[ G] L1400                            1400
[ G] L1408                            1408
[ G] L1410                            1410
[ G] L1418                            1418
[ G] L1420                            1420
[ G] L1428                            1428
[ G] L1430                            1430
[ G] L1438                            1438
[ G] L1440                            1440
[ G] L1448                            1448
[ G] L1450                            1450
[ G] L1458                            1458
[ G] L1460                            1460
[ G] L1468                            1468
[ G] L1470                            1470
[ G] L1478                            1478
[ G] L1480                            1480
[ G] L1488                            1488
[ G] L1490                            1490
[ G] L1498                            1498
[ G] L14A0                            14A0
[ G] L14A8                            14A8
[ G] L14B0                            14B0
[ G] L14B8                            14B8
[ G] L14C0                            14C0
[ G] L14C8                            14C8
[ G] L14D0                            14D0
[ G] L14D8                            14D8
[ G] L14E0                            14E0
[ G] L14E8                            14E8
[ G] L14F0                            14F0
[ G] L14F8                            14F8
[ G] L1500                            1500
[ G] L1508                            1508
[ G] L1510                            1510
[ G] L1518                            1518
[ G] L1520                            1520
[ G] L1528                            1528
[ G] L1530                            1530
[ G] L1538                            1538
[ G] L1540                            1540
[ G] L1548                            1548
[ G] L1550                            1550
[ G] L1558                            1558
[ G] L1560                            1560
[ G] L1568                            1568
[ G] L1570                            1570
[ G] L1578                            1578
[ G] L1580                            1580
[ G] L1588                            1588
[ G] L1590                            1590
[ G] L1598                            1598
[ G] L15A0                            15A0
[ G] L15A8                            15A8
[ G] L15B0                            15B0
[ G] L15B8                            15B8
[ G] L15C0                            15C0
[ G] L15C8                            15C8
[ G] L15D0                            15D0
[ G] L15D8                            15D8
[ G] L15E0                            15E0
[ G] L15E8                            15E8
[ G] L15F0                            15F0
[ G] L15F8                            15F8
[ G] L1600                            1600
[ G] L1608                            1608
[ G] L1610                            1610
[ G] L1618                            1618
[ G] L1620                            1620
[ G] L1628                            1628
[ G] L1630                            1630
[ G] L1638                            1638
[ G] L1640                            1640
[ G] L1648                            1648
[ G] L1650                            1650
[ G] L1658                            1658
[ G] L1660                            1660
[ G] L1668                            1668
[ G] L1670                            1670
[ G] L1678                            1678
[ G] L1680                            1680
[ G] L1688                            1688
[ G] L1690                            1690
[ G] L1698                            1698
[ G] L16A0                            16A0
[ G] L16A8                            16A8
[ G] L16B0                            16B0
[ G] L16B8                            16B8
[ G] L16C0                            16C0
[ G] L16C8                            16C8
[ G] L16D0                            16D0
[ G] L16D8                            16D8
[ G] L16E0                            16E0
[ G] L16E8                            16E8
[ G] L16F0                            16F0
[ G] L16F8                            16F8
[ G] L1700                            1700
[ G] L1708                            1708
[ G] L1710                            1710
[ G] L1718                            1718
[ G] L1720                            1720
[ G] L1728                            1728
[ G] L1730                            1730
[ G] L1738                            1738
[ G] L1740                            1740
[ G] L1748                            1748
[ G] L1750                            1750
[ G] L1758                            1758
[ G] L1760                            1760
[ G] L1768                            1768
[ G] L1770                            1770
[ G] L1778                            1778
[ G] L1780                            1780
[ G] L1788                            1788
[ G] L1790                            1790
[ G] L1798                            1798
[ G] L17A0                            17A0
[ G] L17A8                            17A8
[ G] L17B0                            17B0
[ G] L17B8                            17B8
[ G] L17C0                            17C0
[ G] L17C8                            17C8
[ G] L17D0                            17D0
[ G] L17D8                            17D8
[ G] L17E0                            17E0
[ G] L17E8                            17E8
[ G] L17F0                            17F0
[ G] L17F8                            17F8
[ G] L1800                            1800
[ G] L1808                            1808
[ G] L1810                            1810
[ G] L1818                            1818
[ G] L1820                            1820
[ G] L1828                            1828
[ G] L1830                            1830
[ G] L1838                            1838
[ G] L1840                            1840
[ G] L1848                            1848
[ G] L1850                            1850
[ G] L1858                            1858
[ G] L1860                            1860
[ G] L1868                            1868
[ G] L1870                            1870
[ G] L1878                            1878
[ G] L1880                            1880
[ G] L1888                            1888
[ G] L1890                            1890
[ G] L1898                            1898
[ G] L18A0                            18A0
[ G] L18A8                            18A8
[ G] L18B0                            18B0
[ G] L18B8                            18B8
[ G] L18C0                            18C0
[ G] L18C8                            18C8
[ G] L18D0                            18D0
[ G] L18D8                            18D8
[ G] L18E0                            18E0
[ G] L18E8                            18E8
[ G] L18F0                            18F0
[ G] L18F8                            18F8
[ G] L1900                            1900
[ G] L1908                            1908
[ G] L1910                            1910
[ G] L1918                            1918
[ G] L1920                            1920
[ G] L1928                            1928
[ G] L1930                            1930
[ G] L1938                            1938
[ G] L1940                            1940
[ G] L1948                            1948
[ G] L1950                            1950
[ G] L1958                            1958
[ G] L1960                            1960
[ G] L1968                            1968
[ G] L1970                            1970
[ G] L1978                            1978
[ G] L1980                            1980
[ G] L1988                            1988
[ G] L1990                            1990
[ G] L1998                            1998
[ G] L19A0                            19A0
[ G] L19A8                            19A8
[ G] L19B0                            19B0
[ G] L19B8                            19B8
[ G] L19C0                            19C0
[ G] L19C8                            19C8
[ G] L19D0                            19D0
[ G] L19D8                            19D8
[ G] L19E0                            19E0
[ G] L19E8                            19E8
[ G] L19F0                            19F0
[ G] L19F8                            19F8
[ G] L1A00                            1A00
[ G] L1A08                            1A08
[ G] L1A10                            1A10
[ G] L1A18                            1A18
[ G] L1A20                            1A20
[ G] L1A28                            1A28
[ G] L1A30                            1A30
[ G] L1A38                            1A38
[ G] L1A40                            1A40
[ G] L1A48                            1A48
[ G] L1A50                            1A50
[ G] L1A58                            1A58
[ G] L1A60                            1A60
[ G] L1A68                            1A68
[ G] L1A70                            1A70
[ G] L1A78                            1A78
[ G] L1A80                            1A80
[ G] L1A88                            1A88
[ G] L1A90                            1A90
[ G] L1A98                            1A98
[ G] L1AA0                            1AA0
[ G] L1AA8                            1AA8
[ G] L1AB0                            1AB0
[ G] L1AB8                            1AB8
[ G] L1AC0                            1AC0
[ G] L1AC8                            1AC8
[ G] L1AD0                            1AD0
[ G] L1AD8                            1AD8
[ G] L1AE0                            1AE0
[ G] L1AE8                            1AE8
[ G] L1AF0                            1AF0
[ G] L1AF8                            1AF8
[ G] L1B00                            1B00
[ G] L1B08                            1B08
[ G] L1B10                            1B10
[ G] L1B18                            1B18
[ G] L1B20                            1B20
[ G] L1B28                            1B28
[ G] L1B30                            1B30
[ G] L1B38                            1B38
[ G] L1B40                            1B40
[ G] L1B48                            1B48
[ G] L1B50                            1B50
[ G] L1B58                            1B58
[ G] L1B60                            1B60
[ G] L1B68                            1B68
[ G] L1B70                            1B70
[ G] L1B78                            1B78
[ G] L1B80                            1B80
[ G] L1B88                            1B88
[ G] L1B90                            1B90
[ G] L1B98                            1B98
[ G] L1BA0                            1BA0
[ G] L1BA8                            1BA8
[ G] L1BB0                            1BB0
[ G] L1BB8                            1BB8
[ G] L1BC0                            1BC0
[ G] L1BC8                            1BC8
[ G] L1BD0                            1BD0
[ G] L1BD8                            1BD8
[ G] L1BE0                            1BE0
[ G] L1BE8                            1BE8
[ G] L1BF0                            1BF0
[ G] L1BF8                            1BF8
[ G] L1C00                            1C00
[ G] L1C08                            1C08
[ G] L1C10                            1C10
[ G] L1C18                            1C18
[ G] L1C20                            1C20
[ G] L1C28                            1C28
[ G] L1C30                            1C30
[ G] L1C38                            1C38
[ G] L1C40                            1C40
[ G] L1C48                            1C48
[ G] L1C50                            1C50
[ G] L1C58                            1C58
[ G] L1C60                            1C60
[ G] L1C68                            1C68
[ G] L1C70                            1C70
[ G] L1C78                            1C78
[ G] L1C80                            1C80
[ G] L1C88                            1C88
[ G] L1C90                            1C90
[ G] L1C98                            1C98
[ G] L1CA0                            1CA0
[ G] L1CA8                            1CA8
[ G] L1CB0                            1CB0
[ G] L1CB8                            1CB8
[ G] L1CC0                            1CC0
[ G] L1CC8                            1CC8
[ G] L1CD0                            1CD0
[ G] L1CD8                            1CD8
[ G] L1CE0                            1CE0
[ G] L1CE8                            1CE8
[ G] L1CF0                            1CF0
[ G] L1CF8                            1CF8
[ G] L1D00                            1D00
[ G] L1D08                            1D08
[ G] L1D10                            1D10
[ G] L1D18                            1D18
[ G] L1D20                            1D20
[ G] L1D28                            1D28
[ G] L1D30                            1D30
[ G] L1D38                            1D38
[ G] L1D40                            1D40
[ G] L1D48                            1D48
[ G] L1D50                            1D50
[ G] L1D58                            1D58
[ G] L1D60                            1D60
[ G] L1D68                            1D68
[ G] L1D70                            1D70
[ G] L1D78                            1D78
[ G] L1D80                            1D80
[ G] L1D88                            1D88
[ G] L1D90                            1D90
[ G] L1D98                            1D98
[ G] L1DA0                            1DA0
[ G] L1DA8                            1DA8
[ G] L1DB0                            1DB0
[ G] L1DB8                            1DB8
[ G] L1DC0                            1DC0
[ G] L1DC8                            1DC8
[ G] L1DD0                            1DD0
[ G] L1DD8                            1DD8
[ G] L1DE0                            1DE0
[ G] L1DE8                            1DE8
[ G] L1DF0                            1DF0
[ G] L1DF8                            1DF8
[ G] L1E00                            1E00
[ G] L1E08                            1E08
[ G] L1E10                            1E10
[ G] L1E18                            1E18
[ G] L1E20                            1E20
[ G] L1E28                            1E28
[ G] L1E30                            1E30
[ G] L1E38                            1E38
[ G] L1E40                            1E40
[ G] L1E48                            1E48
[ G] L1E50                            1E50
[ G] L1E58                            1E58
[ G] L1E60                            1E60
[ G] L1E68                            1E68
[ G] L1E70                            1E70
[ G] L1E78                            1E78
[ G] L1E80                            1E80
[ G] L1E88                            1E88
[ G] L1E90                            1E90
[ G] L1E98                            1E98
[ G] L1EA0                            1EA0
[ G] L1EA8                            1EA8
[ G] L1EB0                            1EB0
[ G] L1EB8                            1EB8
[ G] L1EC0                            1EC0
[ G] L1EC8                            1EC8
[ G] L1ED0                            1ED0
[ G] L1ED8                            1ED8
[ G] L1EE0                            1EE0
[ G] L1EE8                            1EE8
[ G] L1EF0                            1EF0
[ G] L1EF8                            1EF8
[ G] L1F00                            1F00
[ G] L1F08                            1F08
[ G] L1F10                            1F10
[ G] L1F18                            1F18
[ G] L1F20                            1F20
[ G] L1F28                            1F28
[ G] L1F30                            1F30
[ G] L1F38                            1F38
[ G] L1F40                            1F40
[ G] L1F48                            1F48
[ G] L1F50                            1F50
[ G] L1F58                            1F58
[ G] L1F60                            1F60
[ G] L1F68                            1F68
[ G] L1F70                            1F70
[ G] L1F78                            1F78
[ G] L1F80                            1F80
[ G] L1F88                            1F88
[ G] L1F90                            1F90
[ G] L1F98                            1F98
[ G] L1FA0                            1FA0
[ G] L1FA8                            1FA8
[ G] L1FB0                            1FB0
[ G] L1FB8                            1FB8
[ G] L1FC0                            1FC0
[ G] L1FC8                            1FC8
[ G] L1FD0                            1FD0
[ G] L1FD8                            1FD8
[ G] L1FE0                            1FE0
[ G] L1FE8                            1FE8
[ G] L1FF0                            1FF0
[ G] L1FF8                            1FF8
[ G] L2000                            2000
[ G] L2008                            2008
[ G] L2010                            2010
[ G] L2018                            2018
[ G] L2020                            2020
[ G] L2028                            2028
[ G] L2030                            2030
[ G] L2038                            2038
[ G] L2040                            2040
[ G] L2048                            2048
[ G] L2050                            2050
[ G] L2058                            2058
[ G] L2060                            2060
[ G] L2068                            2068
[ G] L2070                            2070
[ G] L2078                            2078
[ G] L2080                            2080
[ G] L2088                            2088
[ G] L2090                            2090
[ G] L2098                            2098
[ G] L20A0                            20A0
[ G] L20A8                            20A8
[ G] L20B0                            20B0
[ G] L20B8                            20B8
[ G] L20C0                            20C0
[ G] L20C8                            20C8
[ G] L20D0                            20D0
[ G] L20D8                            20D8
[ G] L20E0                            20E0
[ G] L20E8                            20E8
[ G] L20F0                            20F0
[ G] L20F8                            20F8
[ G] L2100                            2100
[ G] L2108                            2108
[ G] L2110                            2110
[ G] L2118                            2118
[ G] L2120                            2120
[ G] L2128                            2128
[ G] L2130                            2130
[ G] L2138                            2138
[ G] L2140                            2140
[ G] L2148                            2148
[ G] L2150                            2150
[ G] L2158                            2158
[ G] L2160                            2160
[ G] L2168                            2168
[ G] L2170                            2170
[ G] L2178                            2178
[ G] L2180                            2180
[ G] L2188                            2188
[ G] L2190                            2190
[ G] L2198                            2198
[ G] L21A0                            21A0
[ G] L21A8                            21A8
[ G] L21B0                            21B0
[ G] L21B8                            21B8
[ G] L21C0                            21C0
[ G] L21C8                            21C8
[ G] L21D0                            21D0
[ G] L21D8                            21D8
[ G] L21E0                            21E0
[ G] L21E8                            21E8
[ G] L21F0                            21F0
[ G] L21F8                            21F8
[ G] L2200                            2200
[ G] L2208                            2208
[ G] L2210                            2210
[ G] L2218                            2218
[ G] L2220                            2220
[ G] L2228                            2228
[ G] L2230                            2230
[ G] L2238                            2238
[ G] L2240                            2240
[ G] L2248                            2248
[ G] L2250                            2250
[ G] L2258                            2258
[ G] L2260                            2260
[ G] L2268                            2268
[ G] L2270                            2270
[ G] L2278                            2278
[ G] L2280                            2280
[ G] L2288                            2288
[ G] L2290                            2290
[ G] L2298                            2298
[ G] L22A0                            22A0
[ G] L22A8                            22A8
[ G] L22B0                            22B0
[ G] L22B8                            22B8
[ G] L22C0                            22C0
[ G] L22C8                            22C8
[ G] L22D0                            22D0
[ G] L22D8                            22D8
[ G] L22E0                            22E0
[ G] L22E8                            22E8
[ G] L22F0                            22F0
[ G] L22F8                            22F8
[ G] L2300                            2300
[ G] L2308                            2308
[ G] L2310                            2310
[ G] L2318                            2318
[ G] L2320                            2320
[ G] L2328                            2328
[ G] L2330                            2330
[ G] L2338                            2338
[ G] L2340                            2340
[ G] L2348                            2348
[ G] L2350                            2350
[ G] L2358                            2358
[ G] L2360                            2360
[ G] L2368                            2368
[ G] L2370                            2370
[ G] L2378                            2378
[ G] L2380                            2380
[ G] L2388                            2388
[ G] L2390                            2390
[ G] L2398                            2398
[ G] L23A0                            23A0
[ G] L23A8                            23A8
[ G] L23B0                            23B0
[ G] L23B8                            23B8
[ G] L23C0                            23C0
[ G] L23C8                            23C8
[ G] L23D0                            23D0
[ G] L23D8                            23D8
[ G] L23E0                            23E0
[ G] L23E8                            23E8
[ G] L23F0                            23F0
[ G] L23F8                            23F8
[ G] L2400                            2400
[ G] L2408                            2408
[ G] L2410                            2410
[ G] L2418                            2418
[ G] L2420                            2420
[ G] L2428                            2428
[ G] L2430                            2430
[ G] L2438                            2438
[ G] L2440                            2440
[ G] L2448                            2448
[ G] L2450                            2450
[ G] L2458                            2458
[ G] L2460                            2460
[ G] L2468                            2468
[ G] L2470                            2470
[ G] L2478                            2478
[ G] L2480                            2480
[ G] L2488                            2488
[ G] L2490                            2490
[ G] L2498                            2498
[ G] L24A0                            24A0
[ G] L24A8                            24A8
[ G] L24B0                            24B0
[ G] L24B8                            24B8
[ G] L24C0                            24C0
[ G] L24C8                            24C8
[ G] L24D0                            24D0
[ G] L24D8                            24D8
[ G] L24E0                            24E0
[ G] L24E8                            24E8
[ G] L24F0                            24F0
[ G] L24F8                            24F8
[ G] L2500                            2500
[ G] L2508                            2508
[ G] L2510                            2510
[ G] L2518                            2518
[ G] L2520                            2520
[ G] L2528                            2528
[ G] L2530                            2530
[ G] L2538                            2538
[ G] L2540                            2540
[ G] L2548                            2548
[ G] L2550                            2550
[ G] L2558                            2558
[ G] L2560                            2560
[ G] L2568                            2568
[ G] L2570                            2570
[ G] L2578                            2578
[ G] L2580                            2580
[ G] L2588                            2588
[ G] L2590                            2590
[ G] L2598                            2598
[ G] L25A0                            25A0
[ G] L25A8                            25A8
[ G] L25B0                            25B0
[ G] L25B8                            25B8
[ G] L25C0                            25C0
[ G] L25C8                            25C8
[ G] L25D0                            25D0
[ G] L25D8                            25D8
[ G] L25E0                            25E0
[ G] L25E8                            25E8
[ G] L25F0                            25F0
[ G] L25F8                            25F8
[ G] L2600                            2600
[ G] L2608                            2608
[ G] L2610                            2610
[ G] L2618                            2618
[ G] L2620                            2620
[ G] L2628                            2628
[ G] L2630                            2630
[ G] L2638                            2638
[ G] L2640                            2640
[ G] L2648                            2648
[ G] L2650                            2650
[ G] L2658                            2658
[ G] L2660                            2660
[ G] L2668                            2668
[ G] L2670                            2670
[ G] L2678                            2678
[ G] L2680                            2680
[ G] L2688                            2688
[ G] L2690                            2690
[ G] L2698                            2698
[ G] L26A0                            26A0
[ G] L26A8                            26A8
[ G] L26B0                            26B0
[ G] L26B8                            26B8
[ G] L26C0                            26C0
[ G] L26C8                            26C8
[ G] L26D0                            26D0
[ G] L26D8                            26D8
[ G] L26E0                            26E0
[ G] L26E8                            26E8
[ G] L26F0                            26F0
[ G] L26F8                            26F8
[ G] L2700                            2700
[ G] L2708                            2708
[ G] L2710                            2710
[ G] L2718                            2718
[ G] L2720                            2720
[ G] L2728                            2728
[ G] L2730                            2730
[ G] L2738                            2738
[ G] L2740                            2740
[ G] L2748                            2748
[ G] L2750                            2750
[ G] L2758                            2758
[ G] L2760                            2760
[ G] L2768                            2768
[ G] L2770                            2770
[ G] L2778                            2778
[ G] L2780                            2780
[ G] L2788                            2788
[ G] L2790                            2790
[ G] L2798                            2798
[ G] L27A0                            27A0
[ G] L27A8                            27A8
[ G] L27B0                            27B0
[ G] L27B8                            27B8
[ G] L27C0                            27C0
[ G] L27C8                            27C8
[ G] L27D0                            27D0
[ G] L27D8                            27D8
[ G] L27E0                            27E0
[ G] L27E8                            27E8
[ G] L27F0                            27F0
[ G] L27F8                            27F8
[ G] L2800                            2800
[ G] L2808                            2808
[ G] L2810                            2810
[ G] L2818                            2818
[ G] L2820                            2820
[ G] L2828                            2828
[ G] L2830                            2830
[ G] L2838                            2838
[ G] L2840                            2840
[ G] L2848                            2848
[ G] L2850                            2850
[ G] L2858                            2858
[ G] L2860                            2860
[ G] L2868                            2868
[ G] L2870                            2870
[ G] L2878                            2878
[ G] L2880                            2880
[ G] L2888                            2888
[ G] L2890                            2890
[ G] L2898                            2898
[ G] L28A0                            28A0
[ G] L28A8                            28A8
[ G] L28B0                            28B0
[ G] L28B8                            28B8
[ G] L28C0                            28C0
[ G] L28C8                            28C8
[ G] L28D0                            28D0
[ G] L28D8                            28D8
[ G] L28E0                            28E0
[ G] L28E8                            28E8
[ G] L28F0                            28F0
[ G] L28F8                            28F8
[ G] L2900                            2900
[ G] L2908                            2908
[ G] L2910                            2910
[ G] L2918                            2918
[ G] L2920                            2920
[ G] L2928                            2928
[ G] L2930                            2930
[ G] L2938                            2938
[ G] L2940                            2940
[ G] L2948                            2948
[ G] L2950                            2950
[ G] L2958                            2958
[ G] L2960                            2960
[ G] L2968                            2968
[ G] L2970                            2970
[ G] L2978                            2978
[ G] L2980                            2980
[ G] L2988                            2988
[ G] L2990                            2990
[ G] L2998                            2998
[ G] L29A0                            29A0
[ G] L29A8                            29A8
[ G] L29B0                            29B0
[ G] L29B8                            29B8
[ G] L29C0                            29C0
[ G] L29C8                            29C8
[ G] L29D0                            29D0
[ G] L29D8                            29D8
[ G] L29E0                            29E0
[ G] L29E8                            29E8
[ G] L29F0                            29F0
[ G] L29F8                            29F8
[ G] L2A00                            2A00
[ G] L2A08                            2A08
[ G] L2A10                            2A10
[ G] L2A18                            2A18
[ G] L2A20                            2A20
[ G] L2A28                            2A28
[ G] L2A30                            2A30
[ G] L2A38                            2A38
[ G] L2A40                            2A40
[ G] L2A48                            2A48
[ G] L2A50                            2A50
[ G] L2A58                            2A58
[ G] L2A60                            2A60
[ G] L2A68                            2A68
[ G] L2A70                            2A70
[ G] L2A78                            2A78
[ G] L2A80                            2A80
[ G] L2A88                            2A88
[ G] L2A90                            2A90
[ G] L2A98                            2A98
[ G] L2AA0                            2AA0
[ G] L2AA8                            2AA8
[ G] L2AB0                            2AB0
[ G] L2AB8                            2AB8
[ G] L2AC0                            2AC0
[ G] L2AC8                            2AC8
[ G] L2AD0                            2AD0
[ G] L2AD8                            2AD8
[ G] L2AE0                            2AE0
[ G] L2AE8                            2AE8
[ G] L2AF0                            2AF0
[ G] L2AF8                            2AF8
[ G] L2B00                            2B00
[ G] L2B08                            2B08
[ G] L2B10                            2B10
[ G] L2B18                            2B18
[ G] L2B20                            2B20
[ G] L2B28                            2B28
[ G] L2B30                            2B30
[ G] L2B38                            2B38
[ G] L2B40                            2B40
[ G] L2B48                            2B48
[ G] L2B50                            2B50
[ G] L2B58                            2B58
[ G] L2B60                            2B60
[ G] L2B68                            2B68
[ G] L2B70                            2B70
[ G] L2B78                            2B78
[ G] L2B80                            2B80
[ G] L2B88                            2B88
[ G] L2B90                            2B90
[ G] L2B98                            2B98
[ G] L2BA0                            2BA0
[ G] L2BA8                            2BA8
[ G] L2BB0                            2BB0
[ G] L2BB8                            2BB8
[ G] L2BC0                            2BC0
[ G] L2BC8                            2BC8
[ G] L2BD0                            2BD0
[ G] L2BD8                            2BD8
[ G] L2BE0                            2BE0
[ G] L2BE8                            2BE8
[ G] L2BF0                            2BF0
[ G] L2BF8                            2BF8
[ G] L2C00                            2C00
[ G] L2C08                            2C08
[ G] L2C10                            2C10
[ G] L2C18                            2C18
[ G] L2C20                            2C20
[ G] L2C28                            2C28
[ G] L2C30                            2C30
[ G] L2C38                            2C38
[ G] L2C40                            2C40
[ G] L2C48                            2C48
[ G] L2C50                            2C50
[ G] L2C58                            2C58
[ G] L2C60                            2C60
[ G] L2C68                            2C68
[ G] L2C70                            2C70
[ G] L2C78                            2C78
[ G] L2C80                            2C80
[ G] L2C88                            2C88
[ G] L2C90                            2C90
[ G] L2C98                            2C98
[ G] L2CA0                            2CA0
[ G] L2CA8                            2CA8
[ G] L2CB0                            2CB0
[ G] L2CB8                            2CB8
[ G] L2CC0                            2CC0
[ G] L2CC8                            2CC8
[ G] L2CD0                            2CD0
[ G] L2CD8                            2CD8
[ G] L2CE0                            2CE0
[ G] L2CE8                            2CE8
[ G] L2CF0                            2CF0
[ G] L2CF8                            2CF8
[ G] L2D00                            2D00
[ G] L2D08                            2D08
[ G] L2D10                            2D10
[ G] L2D18                            2D18
[ G] L2D20                            2D20
[ G] L2D28                            2D28
[ G] L2D30                            2D30
[ G] L2D38                            2D38
[ G] L2D40                            2D40
[ G] L2D48                            2D48
[ G] L2D50                            2D50
[ G] L2D58                            2D58
[ G] L2D60                            2D60
[ G] L2D68                            2D68
[ G] L2D70                            2D70
[ G] L2D78                            2D78
[ G] L2D80                            2D80
[ G] L2D88                            2D88
[ G] L2D90                            2D90
[ G] L2D98                            2D98
[ G] L2DA0                            2DA0
[ G] L2DA8                            2DA8
[ G] L2DB0                            2DB0
[ G] L2DB8                            2DB8
[ G] L2DC0                            2DC0
[ G] L2DC8                            2DC8
[ G] L2DD0                            2DD0
[ G] L2DD8                            2DD8
[ G] L2DE0                            2DE0
[ G] L2DE8                            2DE8
[ G] L2DF0                            2DF0
[ G] L2DF8                            2DF8
[ G] L2E00                            2E00
[ G] L2E08                            2E08
[ G] L2E10                            2E10
[ G] L2E18                            2E18
[ G] L2E20                            2E20
[ G] L2E28                            2E28
[ G] L2E30                            2E30
[ G] L2E38                            2E38
[ G] L2E40                            2E40
[ G] L2E48                            2E48
[ G] L2E50                            2E50
[ G] L2E58                            2E58
[ G] L2E60                            2E60
[ G] L2E68                            2E68
[ G] L2E70                            2E70
[ G] L2E78                            2E78
[ G] L2E80                            2E80
[ G] L2E88                            2E88
[ G] L2E90                            2E90
[ G] L2E98                            2E98
[ G] L2EA0                            2EA0
[ G] L2EA8                            2EA8
[ G] L2EB0                            2EB0
[ G] L2EB8                            2EB8
[ G] L2EC0                            2EC0
[ G] L2EC8                            2EC8
[ G] L2ED0                            2ED0
[ G] L2ED8                            2ED8
[ G] L2EE0                            2EE0
[ G] L2EE8                            2EE8
[ G] L2EF0                            2EF0
[ G] L2EF8                            2EF8
[ G] L2F00                            2F00
[ G] L2F08                            2F08
[ G] L2F10                            2F10
[ G] L2F18                            2F18
[ G] L2F20                            2F20
[ G] L2F28                            2F28
[ G] L2F30                            2F30
[ G] L2F38                            2F38
[ G] L2F40                            2F40
[ G] L2F48                            2F48
[ G] L2F50                            2F50
[ G] L2F58                            2F58
[ G] L2F60                            2F60
[ G] L2F68                            2F68
[ G] L2F70                            2F70
[ G] L2F78                            2F78
[ G] L2F80                            2F80
[ G] L2F88                            2F88
[ G] L2F90                            2F90
[ G] L2F98                            2F98
[ G] L2FA0                            2FA0
[ G] L2FA8                            2FA8
[ G] L2FB0                            2FB0
[ G] L2FB8                            2FB8
[ G] L2FC0                            2FC0
[ G] L2FC8                            2FC8
[ G] L2FD0                            2FD0
[ G] L2FD8                            2FD8
[ G] L2FE0                            2FE0
[ G] L2FE8                            2FE8
[ G] L2FF0                            2FF0
[ G] L2FF8                            2FF8
[ G] L3000                            3000
[ G] L3008                            3008
[ G] L3010                            3010
[ G] L3018                            3018
[ G] L3020                            3020
[ G] L3028                            3028
[ G] L3030                            3030
[ G] L3038                            3038
[ G] L3040                            3040
[ G] L3048                            3048
[ G] L3050                            3050
[ G] L3058                            3058
[ G] L3060                            3060
[ G] L3068                            3068
[ G] L3070                            3070
[ G] L3078                            3078
[ G] L3080                            3080
[ G] L3088                            3088
[ G] L3090                            3090
[ G] L3098                            3098
[ G] L30A0                            30A0
[ G] L30A8                            30A8
[ G] L30B0                            30B0
[ G] L30B8                            30B8
[ G] L30C0                            30C0
[ G] L30C8                            30C8
[ G] L30D0                            30D0
[ G] L30D8                            30D8
[ G] L30E0                            30E0
[ G] L30E8                            30E8
[ G] L30F0                            30F0
[ G] L30F8                            30F8
[ G] L3100                            3100
[ G] L3108                            3108
[ G] L3110                            3110
[ G] L3118                            3118
[ G] L3120                            3120
[ G] L3128                            3128
[ G] L3130                            3130
[ G] L3138                            3138
[ G] L3140                            3140
[ G] L3148                            3148
[ G] L3150                            3150
[ G] L3158                            3158
[ G] L3160                            3160
[ G] L3168                            3168
[ G] L3170                            3170
[ G] L3178                            3178
[ G] L3180                            3180
[ G] L3188                            3188
[ G] L3190                            3190
[ G] L3198                            3198
[ G] L31A0                            31A0
[ G] L31A8                            31A8
[ G] L31B0                            31B0
[ G] L31B8                            31B8
[ G] L31C0                            31C0
[ G] L31C8                            31C8
[ G] L31D0                            31D0
[ G] L31D8                            31D8
[ G] L31E0                            31E0
[ G] L31E8                            31E8
[ G] L31F0                            31F0
[ G] L31F8                            31F8
[ G] L3200                            3200
[ G] L3208                            3208
[ G] L3210                            3210
[ G] L3218                            3218
[ G] L3220                            3220
[ G] L3228                            3228
[ G] L3230                            3230
[ G] L3238                            3238
[ G] L3240                            3240
[ G] L3248                            3248
[ G] L3250                            3250
[ G] L3258                            3258
[ G] L3260                            3260
[ G] L3268                            3268
[ G] L3270                            3270
[ G] L3278                            3278
[ G] L3280                            3280
[ G] L3288                            3288
[ G] L3290                            3290
[ G] L3298                            3298
[ G] L32A0                            32A0
[ G] L32A8                            32A8
[ G] L32B0                            32B0
[ G] L32B8                            32B8
[ G] L32C0                            32C0
[ G] L32C8                            32C8
[ G] L32D0                            32D0
[ G] L32D8                            32D8
[ G] L32E0                            32E0
[ G] L32E8                            32E8
[ G] L32F0                            32F0
[ G] L32F8                            32F8
[ G] L3300                            3300
[ G] L3308                            3308
[ G] L3310                            3310
[ G] L3318                            3318
[ G] L3320                            3320
[ G] L3328                            3328
[ G] L3330                            3330
[ G] L3338                            3338
[ G] L3340                            3340
[ G] L3348                            3348
[ G] L3350                            3350
[ G] L3358                            3358
[ G] L3360                            3360
[ G] L3368                            3368
[ G] L3370                            3370
[ G] L3378                            3378
[ G] L3380                            3380
[ G] L3388                            3388
[ G] L3390                            3390
[ G] L3398                            3398
[ G] L33A0                            33A0
[ G] L33A8                            33A8
[ G] L33B0                            33B0
[ G] L33B8                            33B8
[ G] L33C0                            33C0
[ G] L33C8                            33C8
[ G] L33D0                            33D0
[ G] L33D8                            33D8
[ G] L33E0                            33E0
[ G] L33E8                            33E8
[ G] L33F0                            33F0
[ G] L33F8                            33F8
[ G] L3400                            3400
[ G] L3408                            3408
[ G] L3410                            3410
[ G] L3418                            3418
[ G] L3420                            3420
[ G] L3428                            3428
[ G] L3430                            3430
[ G] L3438                            3438
[ G] L3440                            3440
[ G] L3448                            3448
[ G] L3450                            3450
[ G] L3458                            3458
[ G] L3460                            3460
[ G] L3468                            3468
[ G] L3470                            3470
[ G] L3478                            3478
[ G] L3480                            3480
[ G] L3488                            3488
[ G] L3490                            3490
[ G] L3498                            3498
[ G] L34A0                            34A0
[ G] L34A8                            34A8
[ G] L34B0                            34B0
[ G] L34B8                            34B8
[ G] L34C0                            34C0
[ G] L34C8                            34C8
[ G] L34D0                            34D0
[ G] L34D8                            34D8
[ G] L34E0                            34E0
[ G] L34E8                            34E8
[ G] L34F0                            34F0
[ G] L34F8                            34F8
[ G] L3500                            3500
[ G] L3508                            3508
[ G] L3510                            3510
[ G] L3518                            3518
[ G] L3520                            3520
[ G] L3528                            3528
[ G] L3530                            3530
[ G] L3538                            3538
[ G] L3540                            3540
[ G] L3548                            3548
[ G] L3550                            3550
[ G] L3558                            3558
[ G] L3560                            3560
[ G] L3568                            3568
[ G] L3570                            3570
[ G] L3578                            3578
[ G] L3580                            3580
[ G] L3588                            3588
[ G] L3590                            3590
[ G] L3598                            3598
[ G] L35A0                            35A0
[ G] L35A8                            35A8
[ G] L35B0                            35B0
[ G] L35B8                            35B8
[ G] L35C0                            35C0
[ G] L35C8                            35C8
[ G] L35D0                            35D0
[ G] L35D8                            35D8
[ G] L35E0                            35E0
[ G] L35E8                            35E8
[ G] L35F0                            35F0
[ G] L35F8                            35F8
[ G] L3600                            3600
[ G] L3608                            3608
[ G] L3610                            3610
[ G] L3618                            3618
[ G] L3620                            3620
[ G] L3628                            3628
[ G] L3630                            3630
[ G] L3638                            3638
[ G] L3640                            3640
[ G] L3648                            3648
[ G] L3650                            3650
[ G] L3658                            3658
[ G] L3660                            3660
[ G] L3668                            3668
[ G] L3670                            3670
[ G] L3678                            3678
[ G] L3680                            3680
[ G] L3688                            3688
[ G] L3690                            3690
[ G] L3698                            3698
[ G] L36A0                            36A0
[ G] L36A8                            36A8
[ G] L36B0                            36B0
[ G] L36B8                            36B8
[ G] L36C0                            36C0
[ G] L36C8                            36C8
[ G] L36D0                            36D0
[ G] L36D8                            36D8
[ G] L36E0                            36E0
[ G] L36E8                            36E8
[ G] L36F0                            36F0
[ G] L36F8                            36F8
[ G] L3700                            3700
[ G] L3708                            3708
[ G] L3710                            3710
[ G] L3718                            3718
[ G] L3720                            3720
[ G] L3728                            3728
[ G] L3730                            3730
[ G] L3738                            3738
[ G] L3740                            3740
[ G] L3748                            3748
[ G] L3750                            3750
[ G] L3758                            3758
[ G] L3760                            3760
[ G] L3768                            3768
[ G] L3770                            3770
[ G] L3778                            3778
[ G] L3780                            3780
[ G] L3788                            3788
[ G] L3790                            3790
[ G] L3798                            3798
[ G] L37A0                            37A0
[ G] L37A8                            37A8
[ G] L37B0                            37B0
[ G] L37B8                            37B8
[ G] L37C0                            37C0
[ G] L37C8                            37C8
[ G] L37D0                            37D0
[ G] L37D8                            37D8
[ G] L37E0                            37E0
[ G] L37E8                            37E8
[ G] L37F0                            37F0
[ G] L37F8                            37F8
[ G] L3800                            3800
[ G] L3808                            3808
[ G] L3810                            3810
[ G] L3818                            3818
[ G] L3820                            3820
[ G] L3828                            3828
[ G] L3830                            3830
[ G] L3838                            3838
[ G] L3840                            3840
[ G] L3848                            3848
[ G] L3850                            3850
[ G] L3858                            3858
[ G] L3860                            3860
[ G] L3868                            3868
[ G] L3870                            3870
[ G] L3878                            3878
[ G] L3880                            3880
[ G] L3888                            3888
[ G] L3890                            3890
[ G] L3898                            3898
[ G] L38A0                            38A0
[ G] L38A8                            38A8
[ G] L38B0                            38B0
[ G] L38B8                            38B8
[ G] L38C0                            38C0
[ G] L38C8                            38C8
[ G] L38D0                            38D0
[ G] L38D8                            38D8
[ G] L38E0                            38E0
[ G] L38E8                            38E8
[ G] L38F0                            38F0
[ G] L38F8                            38F8
[ G] L3900                            3900
[ G] L3908                            3908
[ G] L3910                            3910
[ G] L3918                            3918
[ G] L3920                            3920
[ G] L3928                            3928
[ G] L3930                            3930
[ G] L3938                            3938
[ G] L3940                            3940
[ G] L3948                            3948
[ G] L3950                            3950
[ G] L3958                            3958
[ G] L3960                            3960
[ G] L3968                            3968
[ G] L3970                            3970
[ G] L3978                            3978
[ G] L3980                            3980
[ G] L3988                            3988
[ G] L3990                            3990
[ G] L3998                            3998
[ G] L39A0                            39A0
[ G] L39A8                            39A8
[ G] L39B0                            39B0
[ G] L39B8                            39B8
[ G] L39C0                            39C0
[ G] L39C8                            39C8
[ G] L39D0                            39D0
[ G] L39D8                            39D8
[ G] L39E0                            39E0
[ G] L39E8                            39E8
[ G] L39F0                            39F0
[ G] L39F8                            39F8
[ G] L3A00                            3A00
[ G] L3A08                            3A08
[ G] L3A10                            3A10
[ G] L3A18                            3A18
[ G] L3A20                            3A20
[ G] L3A28                            3A28
[ G] L3A30                            3A30
[ G] L3A38                            3A38
[ G] L3A40                            3A40
[ G] L3A48                            3A48
[ G] L3A50                            3A50
[ G] L3A58                            3A58
[ G] L3A60                            3A60
[ G] L3A68                            3A68
[ G] L3A70                            3A70
[ G] L3A78                            3A78
[ G] L3A80                            3A80
[ G] L3A88                            3A88
[ G] L3A90                            3A90
[ G] L3A98                            3A98
[ G] L3AA0                            3AA0
[ G] L3AA8                            3AA8
[ G] L3AB0                            3AB0
[ G] L3AB8                            3AB8
[ G] L3AC0                            3AC0
[ G] L3AC8                            3AC8
[ G] L3AD0                            3AD0
[ G] L3AD8                            3AD8
[ G] L3AE0                            3AE0
[ G] L3AE8                            3AE8
[ G] L3AF0                            3AF0
[ G] L3AF8                            3AF8
[ G] L3B00                            3B00
[ G] L3B08                            3B08
[ G] L3B10                            3B10
[ G] L3B18                            3B18
[ G] L3B20                            3B20
[ G] L3B28                            3B28
[ G] L3B30                            3B30
[ G] L3B38                            3B38
[ G] L3B40                            3B40
[ G] L3B48                            3B48
[ G] L3B50                            3B50
[ G] L3B58                            3B58
[ G] L3B60                            3B60
[ G] L3B68                            3B68
[ G] L3B70                            3B70
[ G] L3B78                            3B78
[ G] L3B80                            3B80
[ G] L3B88                            3B88
[ G] L3B90                            3B90
[ G] L3B98                            3B98
[ G] L3BA0                            3BA0
[ G] L3BA8                            3BA8
[ G] L3BB0                            3BB0
[ G] L3BB8                            3BB8
[ G] L3BC0                            3BC0
[ G] L3BC8                            3BC8
[ G] L3BD0                            3BD0
[ G] L3BD8                            3BD8
[ G] L3BE0                            3BE0
[ G] L3BE8                            3BE8
[ G] L3BF0                            3BF0
[ G] L3BF8                            3BF8
[ G] L3C00                            3C00
[ G] L3C08                            3C08
[ G] L3C10                            3C10
[ G] L3C18                            3C18
[ G] L3C20                            3C20
[ G] L3C28                            3C28
[ G] L3C30                            3C30
[ G] L3C38                            3C38
[ G] L3C40                            3C40
[ G] L3C48                            3C48
[ G] L3C50                            3C50
[ G] L3C58                            3C58
[ G] L3C60                            3C60
[ G] L3C68                            3C68
[ G] L3C70                            3C70
[ G] L3C78                            3C78
[ G] L3C80                            3C80
[ G] L3C88                            3C88
[ G] L3C90                            3C90
[ G] L3C98                            3C98
[ G] L3CA0                            3CA0
[ G] L3CA8                            3CA8
[ G] L3CB0                            3CB0
[ G] L3CB8                            3CB8
[ G] L3CC0                            3CC0
[ G] L3CC8                            3CC8
[ G] L3CD0                            3CD0
[ G] L3CD8                            3CD8
[ G] L3CE0                            3CE0
[ G] L3CE8                            3CE8
[ G] L3CF0                            3CF0
[ G] L3CF8                            3CF8
[ G] L3D00                            3D00
[ G] L3D08                            3D08
[ G] L3D10                            3D10
[ G] L3D18                            3D18
[ G] L3D20                            3D20
[ G] L3D28                            3D28
[ G] L3D30                            3D30
[ G] L3D38                            3D38
[ G] L3D40                            3D40
[ G] L3D48                            3D48
[ G] L3D50                            3D50
[ G] L3D58                            3D58
[ G] L3D60                            3D60
[ G] L3D68                            3D68
[ G] L3D70                            3D70
[ G] L3D78                            3D78
[ G] L3D80                            3D80
[ G] L3D88                            3D88
[ G] L3D90                            3D90
[ G] L3D98                            3D98
[ G] L3DA0                            3DA0
[ G] L3DA8                            3DA8
[ G] L3DB0                            3DB0
[ G] L3DB8                            3DB8
[ G] L3DC0                            3DC0
[ G] L3DC8                            3DC8
[ G] L3DD0                            3DD0
[ G] L3DD8                            3DD8
[ G] L3DE0                            3DE0
[ G] L3DE8                            3DE8
[ G] L3DF0                            3DF0
[ G] L3DF8                            3DF8
[ G] L3E00                            3E00
[ G] L3E08                            3E08
[ G] L3E10                            3E10
[ G] L3E18                            3E18
[ G] L3E20                            3E20
[ G] L3E28                            3E28
[ G] L3E30                            3E30
[ G] L3E38                            3E38
[ G] L3E40                            3E40
[ G] L3E48                            3E48
[ G] L3E50                            3E50
[ G] L3E58                            3E58
[ G] L3E60                            3E60
[ G] L3E68                            3E68
[ G] L3E70                            3E70
[ G] L3E78                            3E78
[ G] L3E80                            3E80
[ G] L3E88                            3E88
[ G] L3E90                            3E90
[ G] L3E98                            3E98
[ G] L3EA0                            3EA0
[ G] L3EA8                            3EA8
[ G] L3EB0                            3EB0
[ G] L3EB8                            3EB8
[ G] L3EC0                            3EC0
[ G] L3EC8                            3EC8
[ G] L3ED0                            3ED0
[ G] L3ED8                            3ED8
[ G] L3EE0                            3EE0
[ G] L3EE8                            3EE8
[ G] L3EF0                            3EF0
[ G] L3EF8                            3EF8
[ G] L3F00                            3F00
[ G] L3F08                            3F08
[ G] L3F10                            3F10
[ G] L3F18                            3F18
[ G] L3F20                            3F20
[ G] L3F28                            3F28
[ G] L3F30                            3F30
[ G] L3F38                            3F38
[ G] L3F40                            3F40
[ G] L3F48                            3F48
[ G] L3F50                            3F50
[ G] L3F58                            3F58
[ G] L3F60                            3F60
[ G] L3F68                            3F68
[ G] L3F70                            3F70
[ G] L3F78                            3F78
[ G] L3F80                            3F80
[ G] L3F88                            3F88
[ G] L3F90                            3F90
[ G] L3F98                            3F98
[ G] L3FA0                            3FA0
[ G] L3FA8                            3FA8
[ G] L3FB0                            3FB0
[ G] L3FB8                            3FB8
[ G] L3FC0                            3FC0
[ G] L3FC8                            3FC8
[ G] L3FD0                            3FD0
[ G] L3FD8                            3FD8
[ G] L3FE0                            3FE0
[ G] L3FE8                            3FE8
[ G] L3FF0                            3FF0
[ G] L3FF8                            3FF8
[ G] L4000                            4000
[ G] L4008                            4008
[ G] L4010                            4010
[ G] L4018                            4018
[ G] L4020                            4020
[ G] L4028                            4028
[ G] L4030                            4030
[ G] L4038                            4038
[ G] L4040                            4040
[ G] L4048                            4048
[ G] L4050                            4050
[ G] L4058                            4058
[ G] L4060                            4060
[ G] L4068                            4068
[ G] L4070                            4070
[ G] L4078                            4078
[ G] L4080                            4080
[ G] L4088                            4088
[ G] L4090                            4090
[ G] L4098                            4098
[ G] L40A0                            40A0
[ G] L40A8                            40A8
[ G] L40B0                            40B0
[ G] L40B8                            40B8
[ G] L40C0                            40C0
[ G] L40C8                            40C8
[ G] L40D0                            40D0
[ G] L40D8                            40D8
[ G] L40E0                            40E0
[ G] L40E8                            40E8
[ G] L40F0                            40F0
[ G] L40F8                            40F8
[ G] L4100                            4100
[ G] L4108                            4108
[ G] L4110                            4110
[ G] L4118                            4118
[ G] L4120                            4120
[ G] L4128                            4128
[ G] L4130                            4130
[ G] L4138                            4138
[ G] L4140                            4140
[ G] L4148                            4148
[ G] L4150                            4150
[ G] L4158                            4158
[ G] L4160                            4160
[ G] L4168                            4168
[ G] L4170                            4170
[ G] L4178                            4178
[ G] L4180                            4180
[ G] L4188                            4188
[ G] L4190                            4190
[ G] L4198                            4198
[ G] L41A0                            41A0
[ G] L41A8                            41A8
[ G] L41B0                            41B0
[ G] L41B8                            41B8
[ G] L41C0                            41C0
[ G] L41C8                            41C8
[ G] L41D0                            41D0
[ G] L41D8                            41D8
[ G] L41E0                            41E0
[ G] L41E8                            41E8
[ G] L41F0                            41F0
[ G] L41F8                            41F8
[ G] L4200                            4200
[ G] L4208                            4208
[ G] L4210                            4210
[ G] L4218                            4218
[ G] L4220                            4220
[ G] L4228                            4228
[ G] L4230                            4230
[ G] L4238                            4238
[ G] L4240                            4240
[ G] L4248                            4248
[ G] L4250                            4250
[ G] L4258                            4258
[ G] L4260                            4260
[ G] L4268                            4268
[ G] L4270                            4270
[ G] L4278                            4278
[ G] L4280                            4280
[ G] L4288                            4288
[ G] L4290                            4290
[ G] L4298                            4298
[ G] L42A0                            42A0
[ G] L42A8                            42A8
[ G] L42B0                            42B0
[ G] L42B8                            42B8
[ G] L42C0                            42C0
[ G] L42C8                            42C8
[ G] L42D0                            42D0
[ G] L42D8                            42D8
[ G] L42E0                            42E0
[ G] L42E8                            42E8
[ G] L42F0                            42F0
[ G] L42F8                            42F8
[ G] L4300                            4300
[ G] L4308                            4308
[ G] L4310                            4310
[ G] L4318                            4318
[ G] L4320                            4320
[ G] L4328                            4328
[ G] L4330                            4330
[ G] L4338                            4338
[ G] L4340                            4340
[ G] L4348                            4348
[ G] L4350                            4350
[ G] L4358                            4358
[ G] L4360                            4360
[ G] L4368                            4368
[ G] L4370                            4370
[ G] L4378                            4378
[ G] L4380                            4380
[ G] L4388                            4388
[ G] L4390                            4390
[ G] L4398                            4398
[ G] L43A0                            43A0
[ G] L43A8                            43A8
[ G] L43B0                            43B0
[ G] L43B8                            43B8
[ G] L43C0                            43C0
[ G] L43C8                            43C8
[ G] L43D0                            43D0
[ G] L43D8                            43D8
[ G] L43E0                            43E0
[ G] L43E8                            43E8
[ G] L43F0                            43F0
[ G] L43F8                            43F8
[ G] L4400                            4400
[ G] L4408                            4408
[ G] L4410                            4410
[ G] L4418                            4418
[ G] L4420                            4420
[ G] L4428                            4428
[ G] L4430                            4430
[ G] L4438                            4438
[ G] L4440                            4440
[ G] L4448                            4448
[ G] L4450                            4450
[ G] L4458                            4458
[ G] L4460                            4460
[ G] L4468                            4468
[ G] L4470                            4470
[ G] L4478                            4478
[ G] L4480                            4480
[ G] L4488                            4488
[ G] L4490                            4490
[ G] L4498                            4498
[ G] L44A0                            44A0
[ G] L44A8                            44A8
[ G] L44B0                            44B0
[ G] L44B8                            44B8
[ G] L44C0                            44C0
[ G] L44C8                            44C8
[ G] L44D0                            44D0
[ G] L44D8                            44D8
[ G] L44E0                            44E0
[ G] L44E8                            44E8
[ G] L44F0                            44F0
[ G] L44F8                            44F8
[ G] L4500                            4500
[ G] L4508                            4508
[ G] L4510                            4510
[ G] L4518                            4518
[ G] L4520                            4520
[ G] L4528                            4528
[ G] L4530                            4530
[ G] L4538                            4538
[ G] L4540                            4540
[ G] L4548                            4548
[ G] L4550                            4550
[ G] L4558                            4558
[ G] L4560                            4560
[ G] L4568                            4568
[ G] L4570                            4570
[ G] L4578                            4578
[ G] L4580                            4580
[ G] L4588                            4588
[ G] L4590                            4590
[ G] L4598                            4598
[ G] L45A0                            45A0
[ G] L45A8                            45A8
[ G] L45B0                            45B0
[ G] L45B8                            45B8
[ G] L45C0                            45C0
[ G] L45C8                            45C8
[ G] L45D0                            45D0
[ G] L45D8                            45D8
[ G] L45E0                            45E0
[ G] L45E8                            45E8
[ G] L45F0                            45F0
[ G] L45F8                            45F8
[ G] L4600                            4600
[ G] L4608                            4608
[ G] L4610                            4610
[ G] L4618                            4618
[ G] L4620                            4620
[ G] L4628                            4628
[ G] L4630                            4630
[ G] L4638                            4638
[ G] L4640                            4640
[ G] L4648                            4648
[ G] L4650                            4650
[ G] L4658                            4658
[ G] L4660                            4660
[ G] L4668                            4668
[ G] L4670                            4670
[ G] L4678                            4678
[ G] L4680                            4680
[ G] L4688                            4688
[ G] L4690                            4690
[ G] L4698                            4698
[ G] L46A0                            46A0
[ G] L46A8                            46A8
[ G] L46B0                            46B0
[ G] L46B8                            46B8
[ G] L46C0                            46C0
[ G] L46C8                            46C8
[ G] L46D0                            46D0
[ G] L46D8                            46D8
[ G] L46E0                            46E0
[ G] L46E8                            46E8
[ G] L46F0                            46F0
[ G] L46F8                            46F8
[ G] L4700                            4700
[ G] L4708                            4708
[ G] L4710                            4710
[ G] L4718                            4718
[ G] L4720                            4720
[ G] L4728                            4728
[ G] L4730                            4730
[ G] L4738                            4738
[ G] L4740                            4740
[ G] L4748                            4748
[ G] L4750                            4750
[ G] L4758                            4758
[ G] L4760                            4760
[ G] L4768                            4768
[ G] L4770                            4770
[ G] L4778                            4778
[ G] L4780                            4780
[ G] L4788                            4788
[ G] L4790                            4790
[ G] L4798                            4798
[ G] L47A0                            47A0
[ G] L47A8                            47A8
[ G] L47B0                            47B0
[ G] L47B8                            47B8
[ G] L47C0                            47C0
[ G] L47C8                            47C8
[ G] L47D0                            47D0
[ G] L47D8                            47D8
[ G] L47E0                            47E0
[ G] L47E8                            47E8
[ G] L47F0                            47F0
[ G] L47F8                            47F8
[ G] L4800                            4800
[ G] L4808                            4808
[ G] L4810                            4810
[ G] L4818                            4818
[ G] L4820                            4820
[ G] L4828                            4828
[ G] L4830                            4830
[ G] L4838                            4838
[ G] L4840                            4840
[ G] L4848                            4848
[ G] L4850                            4850
[ G] L4858                            4858
[ G] L4860                            4860
[ G] L4868                            4868
[ G] L4870                            4870
[ G] L4878                            4878
[ G] L4880                            4880
[ G] L4888                            4888
[ G] L4890                            4890
[ G] L4898                            4898
[ G] L48A0                            48A0
[ G] L48A8                            48A8
[ G] L48B0                            48B0
[ G] L48B8                            48B8
[ G] L48C0                            48C0
[ G] L48C8                            48C8
[ G] L48D0                            48D0
[ G] L48D8                            48D8
[ G] L48E0                            48E0
[ G] L48E8                            48E8
[ G] L48F0                            48F0
[ G] L48F8                            48F8
[ G] L4900                            4900
[ G] L4908                            4908
[ G] L4910                            4910
[ G] L4918                            4918
[ G] L4920                            4920
[ G] L4928                            4928
[ G] L4930                            4930
[ G] L4938                            4938
[ G] L4940                            4940
[ G] L4948                            4948
[ G] L4950                            4950
[ G] L4958                            4958
[ G] L4960                            4960
[ G] L4968                            4968
[ G] L4970                            4970
[ G] L4978                            4978
[ G] L4980                            4980
[ G] L4988                            4988
[ G] L4990                            4990
[ G] L4998                            4998
[ G] L49A0                            49A0
[ G] L49A8                            49A8
[ G] L49B0                            49B0
[ G] L49B8                            49B8
[ G] L49C0                            49C0
[ G] L49C8                            49C8
[ G] L49D0                            49D0
[ G] L49D8                            49D8
[ G] L49E0                            49E0
[ G] L49E8                            49E8
[ G] L49F0                            49F0
[ G] L49F8                            49F8
[ G] L4A00                            4A00
[ G] L4A08                            4A08
[ G] L4A10                            4A10
[ G] L4A18                            4A18
[ G] L4A20                            4A20
[ G] L4A28                            4A28
[ G] L4A30                            4A30
[ G] L4A38                            4A38
[ G] L4A40                            4A40
[ G] L4A48                            4A48
[ G] L4A50                            4A50
[ G] L4A58                            4A58
[ G] L4A60                            4A60
[ G] L4A68                            4A68
[ G] L4A70                            4A70
[ G] L4A78                            4A78
[ G] L4A80                            4A80
[ G] L4A88                            4A88
[ G] L4A90                            4A90
[ G] L4A98                            4A98
[ G] L4AA0                            4AA0
[ G] L4AA8                            4AA8
[ G] L4AB0                            4AB0
[ G] L4AB8                            4AB8
[ G] L4AC0                            4AC0
[ G] L4AC8                            4AC8
[ G] L4AD0                            4AD0
[ G] L4AD8                            4AD8
[ G] L4AE0                            4AE0
[ G] L4AE8                            4AE8
[ G] L4AF0                            4AF0
[ G] L4AF8                            4AF8
[ G] L4B00                            4B00
[ G] L4B08                            4B08
[ G] L4B10                            4B10
[ G] L4B18                            4B18
[ G] L4B20                            4B20
[ G] L4B28                            4B28
[ G] L4B30                            4B30
[ G] L4B38                            4B38
[ G] L4B40                            4B40
[ G] L4B48                            4B48
[ G] L4B50                            4B50
[ G] L4B58                            4B58
[ G] L4B60                            4B60
[ G] L4B68                            4B68
[ G] L4B70                            4B70
[ G] L4B78                            4B78
[ G] L4B80                            4B80
[ G] L4B88                            4B88
[ G] L4B90                            4B90
[ G] L4B98                            4B98
[ G] L4BA0                            4BA0
[ G] L4BA8                            4BA8
[ G] L4BB0                            4BB0
[ G] L4BB8                            4BB8
[ G] L4BC0                            4BC0
[ G] L4BC8                            4BC8
[ G] L4BD0                            4BD0
[ G] L4BD8                            4BD8
[ G] L4BE0                            4BE0
[ G] L4BE8                            4BE8
[ G] L4BF0                            4BF0
[ G] L4BF8                            4BF8
[ G] L4C00                            4C00
[ G] L4C08                            4C08
[ G] L4C10                            4C10
[ G] L4C18                            4C18
[ G] L4C20                            4C20
[ G] L4C28                            4C28
[ G] L4C30                            4C30
[ G] L4C38                            4C38
[ G] L4C40                            4C40
[ G] L4C48                            4C48
[ G] L4C50                            4C50
[ G] L4C58                            4C58
[ G] L4C60                            4C60
[ G] L4C68                            4C68
[ G] L4C70                            4C70
[ G] L4C78                            4C78
[ G] L4C80                            4C80
[ G] L4C88                            4C88
[ G] L4C90                            4C90
[ G] L4C98                            4C98
[ G] L4CA0                            4CA0
[ G] L4CA8                            4CA8
[ G] L4CB0                            4CB0
[ G] L4CB8                            4CB8
[ G] L4CC0                            4CC0
[ G] L4CC8                            4CC8
[ G] L4CD0                            4CD0
[ G] L4CD8                            4CD8
[ G] L4CE0                            4CE0
[ G] L4CE8                            4CE8
[ G] L4CF0                            4CF0
[ G] L4CF8                            4CF8
[ G] L4D00                            4D00
[ G] L4D08                            4D08
[ G] L4D10                            4D10
[ G] L4D18                            4D18
[ G] L4D20                            4D20
[ G] L4D28                            4D28
[ G] L4D30                            4D30
[ G] L4D38                            4D38
[ G] L4D40                            4D40
[ G] L4D48                            4D48
[ G] L4D50                            4D50
[ G] L4D58                            4D58
[ G] L4D60                            4D60
[ G] L4D68                            4D68
[ G] L4D70                            4D70
[ G] L4D78                            4D78
[ G] L4D80                            4D80
[ G] L4D88                            4D88
[ G] L4D90                            4D90
[ G] L4D98                            4D98
[ G] L4DA0                            4DA0
[ G] L4DA8                            4DA8
[ G] L4DB0                            4DB0
[ G] L4DB8                            4DB8
[ G] L4DC0                            4DC0
[ G] L4DC8                            4DC8
[ G] L4DD0                            4DD0
[ G] L4DD8                            4DD8
[ G] L4DE0                            4DE0
[ G] L4DE8                            4DE8
[ G] L4DF0                            4DF0
[ G] L4DF8                            4DF8
[ G] L4E00                            4E00
[ G] L4E08                            4E08
[ G] L4E10                            4E10
[ G] L4E18                            4E18
[ G] L4E20                            4E20
[ G] L4E28                            4E28
[ G] L4E30                            4E30
[ G] L4E38                            4E38
[ G] L4E40                            4E40
[ G] L4E48                            4E48
[ G] L4E50                            4E50
[ G] L4E58                            4E58
[ G] L4E60                            4E60
[ G] L4E68                            4E68
[ G] L4E70                            4E70
[ G] L4E78                            4E78
[ G] L4E80                            4E80
[ G] L4E88                            4E88
[ G] L4E90                            4E90
[ G] L4E98                            4E98
[ G] L4EA0                            4EA0
[ G] L4EA8                            4EA8
[ G] L4EB0                            4EB0
[ G] L4EB8                            4EB8
[ G] L4EC0                            4EC0
[ G] L4EC8                            4EC8
[ G] L4ED0                            4ED0
[ G] L4ED8                            4ED8
[ G] L4EE0                            4EE0
[ G] L4EE8                            4EE8
[ G] L4EF0                            4EF0
[ G] L4EF8                            4EF8
[ G] L4F00                            4F00
[ G] L4F08                            4F08
[ G] L4F10                            4F10
[ G] L4F18                            4F18
[ G] L4F20                            4F20
[ G] L4F28                            4F28
[ G] L4F30                            4F30
[ G] L4F38                            4F38
[ G] L4F40                            4F40
[ G] L4F48                            4F48
[ G] L4F50                            4F50
[ G] L4F58                            4F58
[ G] L4F60                            4F60
[ G] L4F68                            4F68
[ G] L4F70                            4F70
[ G] L4F78                            4F78
[ G] L4F80                            4F80
[ G] L4F88                            4F88
[ G] L4F90                            4F90
[ G] L4F98                            4F98
[ G] L4FA0                            4FA0
[ G] L4FA8                            4FA8
[ G] L4FB0                            4FB0
[ G] L4FB8                            4FB8
[ G] L4FC0                            4FC0
[ G] L4FC8                            4FC8
[ G] L4FD0                            4FD0
[ G] L4FD8                            4FD8
[ G] L4FE0                            4FE0
[ G] L4FE8                            4FE8
[ G] L4FF0                            4FF0
[ G] L4FF8                            4FF8
[ G] L5000                            5000
[ G] L5008                            5008
[ G] L5010                            5010
[ G] L5018                            5018
[ G] L5020                            5020
[ G] L5028                            5028
[ G] L5030                            5030
[ G] L5038                            5038
[ G] L5040                            5040
[ G] L5048                            5048
[ G] L5050                            5050
[ G] L5058                            5058
[ G] L5060                            5060
[ G] L5068                            5068
[ G] L5070                            5070
[ G] L5078                            5078
[ G] L5080                            5080
[ G] L5088                            5088
[ G] L5090                            5090
[ G] L5098                            5098
[ G] L50A0                            50A0
[ G] L50A8                            50A8
[ G] L50B0                            50B0
[ G] L50B8                            50B8
[ G] L50C0                            50C0
[ G] L50C8                            50C8
[ G] L50D0                            50D0
[ G] L50D8                            50D8
[ G] L50E0                            50E0
[ G] L50E8                            50E8
[ G] L50F0                            50F0
[ G] L50F8                            50F8
[ G] L5100                            5100
[ G] L5108                            5108
[ G] L5110                            5110
[ G] L5118                            5118
[ G] L5120                            5120
[ G] L5128                            5128
[ G] L5130                            5130
[ G] L5138                            5138
[ G] L5140                            5140
[ G] L5148                            5148
[ G] L5150                            5150
[ G] L5158                            5158
[ G] L5160                            5160
[ G] L5168                            5168
[ G] L5170                            5170
[ G] L5178                            5178
[ G] L5180                            5180
[ G] L5188                            5188
[ G] L5190                            5190
[ G] L5198                            5198
[ G] L51A0                            51A0
[ G] L51A8                            51A8
[ G] L51B0                            51B0
[ G] L51B8                            51B8
[ G] L51C0                            51C0
[ G] L51C8                            51C8
[ G] L51D0                            51D0
[ G] L51D8                            51D8
[ G] L51E0                            51E0
[ G] L51E8                            51E8
[ G] L51F0                            51F0
[ G] L51F8                            51F8
[ G] L5200                            5200
[ G] L5208                            5208
[ G] L5210                            5210
[ G] L5218                            5218
[ G] L5220                            5220
[ G] L5228                            5228
[ G] L5230                            5230
[ G] L5238                            5238
[ G] L5240                            5240
[ G] L5248                            5248
[ G] L5250                            5250
[ G] L5258                            5258
[ G] L5260                            5260
[ G] L5268                            5268
[ G] L5270                            5270
[ G] L5278                            5278
[ G] L5280                            5280
[ G] L5288                            5288
[ G] L5290                            5290
[ G] L5298                            5298
[ G] L52A0                            52A0
[ G] L52A8                            52A8
[ G] L52B0                            52B0
[ G] L52B8                            52B8
[ G] L52C0                            52C0
[ G] L52C8                            52C8
[ G] L52D0                            52D0
[ G] L52D8                            52D8
[ G] L52E0                            52E0
[ G] L52E8                            52E8
[ G] L52F0                            52F0
[ G] L52F8                            52F8
[ G] L5300                            5300
[ G] L5308                            5308
[ G] L5310                            5310
[ G] L5318                            5318
[ G] L5320                            5320
[ G] L5328                            5328
[ G] L5330                            5330
[ G] L5338                            5338
[ G] L5340                            5340
[ G] L5348                            5348
[ G] L5350                            5350
[ G] L5358                            5358
[ G] L5360                            5360
[ G] L5368                            5368
[ G] L5370                            5370
[ G] L5378                            5378
[ G] L5380                            5380
[ G] L5388                            5388
[ G] L5390                            5390
[ G] L5398                            5398
[ G] L53A0                            53A0
[ G] L53A8                            53A8
[ G] L53B0                            53B0
[ G] L53B8                            53B8
[ G] L53C0                            53C0
[ G] L53C8                            53C8
[ G] L53D0                            53D0
[ G] L53D8                            53D8
[ G] L53E0                            53E0
[ G] L53E8                            53E8
[ G] L53F0                            53F0
[ G] L53F8                            53F8
[ G] L5400                            5400
[ G] L5408                            5408
[ G] L5410                            5410
[ G] L5418                            5418
[ G] L5420                            5420
[ G] L5428                            5428
[ G] L5430                            5430
[ G] L5438                            5438
[ G] L5440                            5440
[ G] L5448                            5448
[ G] L5450                            5450
[ G] L5458                            5458
[ G] L5460                            5460
[ G] L5468                            5468
[ G] L5470                            5470
[ G] L5478                            5478
[ G] L5480                            5480
[ G] L5488                            5488
[ G] L5490                            5490
[ G] L5498                            5498
[ G] L54A0                            54A0
[ G] L54A8                            54A8
[ G] L54B0                            54B0
[ G] L54B8                            54B8
[ G] L54C0                            54C0
[ G] L54C8                            54C8
[ G] L54D0                            54D0
[ G] L54D8                            54D8
[ G] L54E0                            54E0
[ G] L54E8                            54E8
[ G] L54F0                            54F0
[ G] L54F8                            54F8
[ G] L5500                            5500
[ G] L5508                            5508
[ G] L5510                            5510
[ G] L5518                            5518
[ G] L5520                            5520
[ G] L5528                            5528
[ G] L5530                            5530
[ G] L5538                            5538
[ G] L5540                            5540
[ G] L5548                            5548
[ G] L5550                            5550
[ G] L5558                            5558
[ G] L5560                            5560
[ G] L5568                            5568
[ G] L5570                            5570
[ G] L5578                            5578
[ G] L5580                            5580
[ G] L5588                            5588
[ G] L5590                            5590
[ G] L5598                            5598
[ G] L55A0                            55A0
[ G] L55A8                            55A8
[ G] L55B0                            55B0
[ G] L55B8                            55B8
[ G] L55C0                            55C0
[ G] L55C8                            55C8
[ G] L55D0                            55D0
[ G] L55D8                            55D8
[ G] L55E0                            55E0
[ G] L55E8                            55E8
[ G] L55F0                            55F0
[ G] L55F8                            55F8
[ G] L5600                            5600
[ G] L5608                            5608
[ G] L5610                            5610
[ G] L5618                            5618
[ G] L5620                            5620
[ G] L5628                            5628
[ G] L5630                            5630
[ G] L5638                            5638
[ G] L5640                            5640
[ G] L5648                            5648
[ G] L5650                            5650
[ G] L5658                            5658
[ G] L5660                            5660
[ G] L5668                            5668
[ G] L5670                            5670
[ G] L5678                            5678
[ G] L5680                            5680
[ G] L5688                            5688
[ G] L5690                            5690
[ G] L5698                            5698
[ G] L56A0                            56A0
[ G] L56A8                            56A8
[ G] L56B0                            56B0
[ G] L56B8                            56B8
[ G] L56C0                            56C0
[ G] L56C8                            56C8
[ G] L56D0                            56D0
[ G] L56D8                            56D8
[ G] L56E0                            56E0
[ G] L56E8                            56E8
[ G] L56F0                            56F0
[ G] L56F8                            56F8
[ G] L5700                            5700
[ G] L5708                            5708
[ G] L5710                            5710
[ G] L5718                            5718
[ G] L5720                            5720
[ G] L5728                            5728
[ G] L5730                            5730
[ G] L5738                            5738
[ G] L5740                            5740
[ G] L5748                            5748
[ G] L5750                            5750
[ G] L5758                            5758
[ G] L5760                            5760
[ G] L5768                            5768
[ G] L5770                            5770
[ G] L5778                            5778
[ G] L5780                            5780
[ G] L5788                            5788
[ G] L5790                            5790
[ G] L5798                            5798
[ G] L57A0                            57A0
[ G] L57A8                            57A8
[ G] L57B0                            57B0
[ G] L57B8                            57B8
[ G] L57C0                            57C0
[ G] L57C8                            57C8
[ G] L57D0                            57D0
[ G] L57D8                            57D8
[ G] L57E0                            57E0
[ G] L57E8                            57E8
[ G] L57F0                            57F0
[ G] L57F8                            57F8
[ G] L5800                            5800
[ G] L5808                            5808
[ G] L5810                            5810
[ G] L5818                            5818
[ G] L5820                            5820
[ G] L5828                            5828
[ G] L5830                            5830
[ G] L5838                            5838
[ G] L5840                            5840
[ G] L5848                            5848
[ G] L5850                            5850
[ G] L5858                            5858
[ G] L5860                            5860
[ G] L5868                            5868
[ G] L5870                            5870
[ G] L5878                            5878
[ G] L5880                            5880
[ G] L5888                            5888
[ G] L5890                            5890
[ G] L5898                            5898
[ G] L58A0                            58A0
[ G] L58A8                            58A8
[ G] L58B0                            58B0
[ G] L58B8                            58B8
[ G] L58C0                            58C0
[ G] L58C8                            58C8
[ G] L58D0                            58D0
[ G] L58D8                            58D8
[ G] L58E0                            58E0
[ G] L58E8                            58E8
[ G] L58F0                            58F0
[ G] L58F8                            58F8
[ G] L5900                            5900
[ G] L5908                            5908
[ G] L5910                            5910
[ G] L5918                            5918
[ G] L5920                            5920
[ G] L5928                            5928
[ G] L5930                            5930
[ G] L5938                            5938
[ G] L5940                            5940
[ G] L5948                            5948
[ G] L5950                            5950
[ G] L5958                            5958
[ G] L5960                            5960
[ G] L5968                            5968
[ G] L5970                            5970
[ G] L5978                            5978
[ G] L5980                            5980
[ G] L5988                            5988
[ G] L5990                            5990
[ G] L5998                            5998
[ G] L59A0                            59A0
[ G] L59A8                            59A8
[ G] L59B0                            59B0
[ G] L59B8                            59B8
[ G] L59C0                            59C0
[ G] L59C8                            59C8
[ G] L59D0                            59D0
[ G] L59D8                            59D8
[ G] L59E0                            59E0
[ G] L59E8                            59E8
[ G] L59F0                            59F0
[ G] L59F8                            59F8
[ G] L5A00                            5A00
[ G] L5A08                            5A08
[ G] L5A10                            5A10
[ G] L5A18                            5A18
[ G] L5A20                            5A20
[ G] L5A28                            5A28
[ G] L5A30                            5A30
[ G] L5A38                            5A38
[ G] L5A40                            5A40
[ G] L5A48                            5A48
[ G] L5A50                            5A50
[ G] L5A58                            5A58
[ G] L5A60                            5A60
[ G] L5A68                            5A68
[ G] L5A70                            5A70
[ G] L5A78                            5A78
[ G] L5A80                            5A80
[ G] L5A88                            5A88
[ G] L5A90                            5A90
[ G] L5A98                            5A98
[ G] L5AA0                            5AA0
[ G] L5AA8                            5AA8
[ G] L5AB0                            5AB0
[ G] L5AB8                            5AB8
[ G] L5AC0                            5AC0
[ G] L5AC8                            5AC8
[ G] L5AD0                            5AD0
[ G] L5AD8                            5AD8
[ G] L5AE0                            5AE0
[ G] L5AE8                            5AE8
[ G] L5AF0                            5AF0
[ G] L5AF8                            5AF8
[ G] L5B00                            5B00
[ G] L5B08                            5B08
[ G] L5B10                            5B10
[ G] L5B18                            5B18
[ G] L5B20                            5B20
[ G] L5B28                            5B28
[ G] L5B30                            5B30
[ G] L5B38                            5B38
[ G] L5B40                            5B40
[ G] L5B48                            5B48
[ G] L5B50                            5B50
[ G] L5B58                            5B58
[ G] L5B60                            5B60
[ G] L5B68                            5B68
[ G] L5B70                            5B70
[ G] L5B78                            5B78
[ G] L5B80                            5B80
[ G] L5B88                            5B88
[ G] L5B90                            5B90
[ G] L5B98                            5B98
[ G] L5BA0                            5BA0
[ G] L5BA8                            5BA8
[ G] L5BB0                            5BB0
[ G] L5BB8                            5BB8
[ G] L5BC0                            5BC0
[ G] L5BC8                            5BC8
[ G] L5BD0                            5BD0
[ G] L5BD8                            5BD8
[ G] L5BE0                            5BE0
[ G] L5BE8                            5BE8
[ G] L5BF0                            5BF0
[ G] L5BF8                            5BF8
[ G] L5C00                            5C00
[ G] L5C08                            5C08
[ G] L5C10                            5C10
[ G] L5C18                            5C18
[ G] L5C20                            5C20
[ G] L5C28                            5C28
[ G] L5C30                            5C30
[ G] L5C38                            5C38
[ G] L5C40                            5C40
[ G] L5C48                            5C48
[ G] L5C50                            5C50
[ G] L5C58                            5C58
[ G] L5C60                            5C60
[ G] L5C68                            5C68
[ G] L5C70                            5C70
[ G] L5C78                            5C78
[ G] L5C80                            5C80
[ G] L5C88                            5C88
[ G] L5C90                            5C90
[ G] L5C98                            5C98
[ G] L5CA0                            5CA0
[ G] L5CA8                            5CA8
[ G] L5CB0                            5CB0
[ G] L5CB8                            5CB8
[ G] L5CC0                            5CC0
[ G] L5CC8                            5CC8
[ G] L5CD0                            5CD0
[ G] L5CD8                            5CD8
[ G] L5CE0                            5CE0
[ G] L5CE8                            5CE8
[ G] L5CF0                            5CF0
[ G] L5CF8                            5CF8
[ G] L5D00                            5D00
[ G] L5D08                            5D08
[ G] L5D10                            5D10
[ G] L5D18                            5D18
[ G] L5D20                            5D20
[ G] L5D28                            5D28
[ G] L5D30                            5D30
[ G] L5D38                            5D38
[ G] L5D40                            5D40
[ G] L5D48                            5D48
[ G] L5D50                            5D50
[ G] L5D58                            5D58
[ G] L5D60                            5D60
[ G] L5D68                            5D68
[ G] L5D70                            5D70
[ G] L5D78                            5D78
[ G] L5D80                            5D80
[ G] L5D88                            5D88
[ G] L5D90                            5D90
[ G] L5D98                            5D98
[ G] L5DA0                            5DA0
[ G] L5DA8                            5DA8
[ G] L5DB0                            5DB0
[ G] L5DB8                            5DB8
[ G] L5DC0                            5DC0
[ G] L5DC8                            5DC8
[ G] L5DD0                            5DD0
[ G] L5DD8                            5DD8
[ G] L5DE0                            5DE0
[ G] L5DE8                            5DE8
[ G] L5DF0                            5DF0
[ G] L5DF8                            5DF8
[SG] NOS9MAJ                          0003
[SG] NOS9MIN                          0000
[SG] NOS9VER                          0003
