                      (1/modules/rbf.asm):00001         ********************************************************************
                      (1/modules/rbf.asm):00002         * RBF - Disk file manager
                      (1/modules/rbf.asm):00003         *
                      (1/modules/rbf.asm):00004         * nitros9/level1/modules/rbf.asm
                      (1/modules/rbf.asm):00005         *
                      (1/modules/rbf.asm):00006         * 2024-01-02 by strick:
                      (1/modules/rbf.asm):00007         * This version of level1/modules/rbf.asm is having comments and
                      (1/modules/rbf.asm):00008         * symbols backported from level2/modules/rbf.asm to minimize the
                      (1/modules/rbf.asm):00009         * diffs between the two.
                      (1/modules/rbf.asm):00010         *
                      (1/modules/rbf.asm):00011         * So far, we've been careful that level1 rbf assembles to exactly
                      (1/modules/rbf.asm):00012         * the same binary as before this diff.  However I am staging
                      (1/modules/rbf.asm):00013         * some shorter or quicker instructions for the H6309 that
                      (1/modules/rbf.asm):00014         * have been backported from Level2 into this version, but they
                      (1/modules/rbf.asm):00015         * are marked UNTESTED_H6309 instead of H6309, so they will not
                      (1/modules/rbf.asm):00016         * be actually used except when we really want to test them.
                      (1/modules/rbf.asm):00017         *
                      (1/modules/rbf.asm):00018         * As you edit either level1 or level2 rbf.asm, please minimize
                      (1/modules/rbf.asm):00019         * diffs between the two, in case we decide to do the work to
                      (1/modules/rbf.asm):00020         * unite them.  If possible, edit them in parallel with something
                      (1/modules/rbf.asm):00021         * like vimdiff.
                      (1/modules/rbf.asm):00022         *
                      (1/modules/rbf.asm):00023         * ******** LEVEL ONE HISTORY ********
                      (1/modules/rbf.asm):00024         *
                      (1/modules/rbf.asm):00025         * Edt/Rev  YYYY/MM/DD  Modified by
                      (1/modules/rbf.asm):00026         * Comment
                      (1/modules/rbf.asm):00027         * ------------------------------------------------------------------
                      (1/modules/rbf.asm):00028         *  24      1985/??/??
                      (1/modules/rbf.asm):00029         * From Tandy OS-9 Level One VR 02.00.00
                      (1/modules/rbf.asm):00030         *
                      (1/modules/rbf.asm):00031         *  25      2003/10/07  Rodney V. Hamilton
                      (1/modules/rbf.asm):00032         * Fix for LSN0 DD.TOT=0 lockout problem
                      (1/modules/rbf.asm):00033         *
                      (1/modules/rbf.asm):00034         *  26      2005/11/26  Boisy G. Pitre
                      (1/modules/rbf.asm):00035         * Added SS.FDInf which is now used by dir -e
                      (1/modules/rbf.asm):00036         *
                      (1/modules/rbf.asm):00037         * Level 1 disassembled 98/08/23 18:26:52 by Disasm v1.6 (C) 1988 by RML
                      (1/modules/rbf.asm):00038         *
                      (1/modules/rbf.asm):00039         * ------------------------------------------------------------------
                      (1/modules/rbf.asm):00040         
                      (1/modules/rbf.asm):00041                             nam       RBF
                      (1/modules/rbf.asm):00042                             ttl       Random Block File Manager
                      (1/modules/rbf.asm):00043         
                      (1/modules/rbf.asm):00044                             ifp1
                      (1/modules/rbf.asm):00045                             use       defsfile
     0001             (         defsfile):00001         Level    equ   1
                      (         defsfile):00002         
                      (         defsfile):00003                  use   os9.d
                      (            os9.d):00001                             IFNE      OS9.D-1
                      (            os9.d):00002         
     0001             (            os9.d):00003         OS9.D               SET       1
                      (            os9.d):00004         
                      (            os9.d):00005         ********************************************************************
                      (            os9.d):00006         * os9.d - NitrOS-9 System Definitions
                      (            os9.d):00007         *
                      (            os9.d):00008         * Edt/Rev  YYYY/MM/DD  Modified by
                      (            os9.d):00009         * Comment
                      (            os9.d):00010         * ------------------------------------------------------------------ 
                      (            os9.d):00011         *          1983/03/01
                      (            os9.d):00012         * Six new Status codes added: SS.BlkRd - SS.ELog.
                      (            os9.d):00013         *
                      (            os9.d):00014         *          1983/03/08
                      (            os9.d):00015         * New status code added: SS.SSig.
                      (            os9.d):00016         *
                      (            os9.d):00017         *          1983/04/21
                      (            os9.d):00018         * Added new F$ call for 7 day clock function for control level II.
                      (            os9.d):00019         *
                      (            os9.d):00020         *          1983/05/04  William G. Phelps
                      (            os9.d):00021         * F$CMDir service request added for NCM.
                      (            os9.d):00022         *
                      (            os9.d):00023         *          1983/06/29
                      (            os9.d):00024         * Added ProfFlag to init module offsets.
                      (            os9.d):00025         *
                      (            os9.d):00026         *          1983/07/12  Mark G. Hawkins
                      (            os9.d):00027         * Added SS.Atlas for CoCo.
                      (            os9.d):00028         *
                      (            os9.d):00029         *          1983/10/08  Robert E. Sorensen
                      (            os9.d):00030         * Added SS.Break for ACIA Break command.
                      (            os9.d):00031         *
                      (            os9.d):00032         *          1983/11/29
                      (            os9.d):00033         * Added SS.RsBit to reserve (not allocate in) bitmap sector.
                      (            os9.d):00034         *
                      (            os9.d):00035         *          1984/02/17
                      (            os9.d):00036         * Added reserved status codes for Hoshi and Gimix.
                      (            os9.d):00037         *
                      (            os9.d):00038         *          1984/03/07  Mark G. Hawkins
                      (            os9.d):00039         * Added SS.Cursr and SS.ScSiz for CoCo.
                      (            os9.d):00040         * Added New signal code S$Window ... CoCo future.
                      (            os9.d):00041         *
                      (            os9.d):00042         *          1984/04/11  Mark G. Hawkins
                      (            os9.d):00043         * Added SS.Sound for CoCo.
                      (            os9.d):00044         *
                      (            os9.d):00045         *          1984/05/05  Mark G. Hawkins
                      (            os9.d):00046         * Added label SS.SetMF to Gimix Reserved byte
                      (            os9.d):00047         * Changed SS.Sound to SS.KySns.
                      (            os9.d):00048         *
                      (            os9.d):00049         *          1985/05/24  Mark G. Hawkins
                      (            os9.d):00050         * Added SS.ComSt Communication Set (Parity,Baud).
                      (            os9.d):00051         *
                      (            os9.d):00052         *          1985/05/28  Tim A. Harris
                      (            os9.d):00053         * Added F$VIRQ for Virtual IRQ.
                      (            os9.d):00054         *
                      (            os9.d):00055         *          1985/07/30  Mark G. Hawkins
                      (            os9.d):00056         * Added SS.Open, SS.Close, SS.HngUP.
                      (            os9.d):00057         *
                      (            os9.d):00058         *          1985/07/30  Mark G. Hawkins
                      (            os9.d):00059         * Added E$HangUp error for CDC Lost.
                      (            os9.d):00060         *
                      (            os9.d):00061         *          1985/08/24  Doug J. Nicholson
                      (            os9.d):00062         * Added DT.NFM device type.
                      (            os9.d):00063         *
                      (            os9.d):00064         *          1985/06/20  Mark G. Hawkins
                      (            os9.d):00065         * Added SS.MAGBf, SS.SLCBf.
                      (            os9.d):00066         *
                      (            os9.d):00067         *          1985/08/29  Ken Mizuno
                      (            os9.d):00068         * Fixed DT.SBF/NFM values to 3/4.
                      (            os9.d):00069         *
                      (            os9.d):00070         *          1985/09/01  Ken Mizuno
                      (            os9.d):00071         * Added SS.FDInf, SS.Attr to accept 68K request thru NET.
                      (            os9.d):00072         *
                      (            os9.d):00073         *          1985/09/03  Ken Mizuno/Robert F. Doggett
                      (            os9.d):00074         * Eliminated E$BPrcID, made Error #238 become E$DNE for
                      (            os9.d):00075         * 68000 compatability.
                      (            os9.d):00076         *
                      (            os9.d):00077         *          1986/04/15  Mark G. Hawkins
                      (            os9.d):00078         * F$AlHRAM System call added for CoCo.
                      (            os9.d):00079         *
                      (            os9.d):00080         *          1986/09/08  Mark G. Hawkins
                      (            os9.d):00081         * F$Alarm for CoCo Clock Module.
                      (            os9.d):00082         *
                      (            os9.d):00083         *          1986/09/17  Mark G. Hawkins
                      (            os9.d):00084         * SS.Tone For CoCo.
                      (            os9.d):00085         *
                      (            os9.d):00086         *          1986/09/23  Mark G. Hawkins
                      (            os9.d):00087         * Added F$NMLink and F$NMLoad for CoCo.
                      (            os9.d):00088         *
                      (            os9.d):00089         *          1986/09/30  Mark G. Hawkins
                      (            os9.d):00090         * Added Reserved User $70 to $7f in system calls.
                      (            os9.d):00091         *
                      (            os9.d):00092         *          1986/09/30  Mark G. Hawkins
                      (            os9.d):00093         * Created Color Computer 3 Version of OS9Defs.
                      (            os9.d):00094         *
                      (            os9.d):00095         *          1998/10/03  Boisy G. Pitre
                      (            os9.d):00096         * Consolidated Level 1/Level 2 os9defs.
                      (            os9.d):00097         *
                      (            os9.d):00098         *          2002/04/04  Boisy G. Pitre
                      (            os9.d):00099         * Consolidated Level 2/Level 2 V3 os9defs.
                      (            os9.d):00100         *
                      (            os9.d):00101         *          2002/04/30  Boisy G. Pitre
                      (            os9.d):00102         * Added NitrOS-9 definitions.
                      (            os9.d):00103         *
                      (            os9.d):00104         *          2003/05/30  Boisy G. Pitre
                      (            os9.d):00105         * Added WD1002 sys vars to Level One section.
                      (            os9.d):00106         *
                      (            os9.d):00107         *          2003/06/02  Boisy G. Pitre
                      (            os9.d):00108         * Fixed incorrectly ordered D.X*** system globals for OS-9 Level One and
                      (            os9.d):00109         * changed the sizes from 2 to 3 bytes.
                      (            os9.d):00110         * DT.NFM is now the same for both Level One and Level Two.
                      (            os9.d):00111         * Added DT.CDFM type for future CD-ROM file manager
                      (            os9.d):00112         *
                      (            os9.d):00113         *          2003/11/05  Robert Gault
                      (            os9.d):00114         * Fixed MouseInf. Made it rmb 2 as it should be. Also changes to init and cc3io.
                      (            os9.d):00115         *
                      (            os9.d):00116         *              2005/11/02  P.Harvey-Smith
                      (            os9.d):00117         * Added definitions for boot areas on Dragon computers.
                      (            os9.d):00118         *
                      (            os9.d):00119         *              2006/03/03  Boisy G. Pitre
                      (            os9.d):00120         * Added F$Debug and D.DbgMem areas, common to all levels of NitrOS-9
                      (            os9.d):00121         *
                      (            os9.d):00122         *        2019/10/30  Bill Nobel, from discussions with L. Curtis Boyle
                      (            os9.d):00123         * Added I$ModDsc call (modify device descriptor in system memory) BN/LCB
                      (            os9.d):00124         *
                      (            os9.d):00125         *        2019/12/27 L. Curtis Boyle
                      (            os9.d):00126         * Added D.IRQTmp for faster temp vars (currently used in Krn F$Move/6809,
                      (            os9.d):00127         *   can be used elsewheres later, in small routines with IRQ's turned off).
                      (            os9.d):00128         *
                      (            os9.d):00129         *        2019/10/30  Bill Nobel, from discussions with L. Curtis Boyle
                      (            os9.d):00130         * Added S$FS2Sig & S$KQ3Sig (both $80) FS2 & KQ3 (VRN) signal codes added (LCB).
                      (            os9.d):00131         
                      (            os9.d):00132                             NAM       os9.d
                      (            os9.d):00133                             IFEQ      Level-1
                      (            os9.d):00134                             TTL       NitrOS-9            Level 1 System Symbol Definitions
                      (            os9.d):00135                             ELSE
                      (            os9.d):00136                             IFEQ      Level-2
                      (            os9.d):00137                             TTL       NitrOS-9            Level 2 System Symbol Definitions
                      (            os9.d):00138                             ELSE
                      (            os9.d):00139                             TTL       NitrOS-9            Level 3 System Symbol Definitions
                      (            os9.d):00140                             ENDC
                      (            os9.d):00141                             ENDC
                      (            os9.d):00142         
                      (            os9.d):00143         * Common definitions
     0001             (            os9.d):00144         true                EQU       1                   useful name
     0000             (            os9.d):00145         false               EQU       0                   useful name
                      (            os9.d):00146         
                      (            os9.d):00147                             PAG
                      (            os9.d):00148         *****************************************
                      (            os9.d):00149         * System Service Request Code Definitions
                      (            os9.d):00150         *
                      (            os9.d):00151                             ORG       0
0000                  (            os9.d):00152         F$Link              RMB       1                   Link to Module
0001                  (            os9.d):00153         F$Load              RMB       1                   Load Module from File
0002                  (            os9.d):00154         F$UnLink            RMB       1                   Unlink Module
0003                  (            os9.d):00155         F$Fork              RMB       1                   Start New Process
0004                  (            os9.d):00156         F$Wait              RMB       1                   Wait for Child Process to Die
0005                  (            os9.d):00157         F$Chain             RMB       1                   Chain Process to New Module
0006                  (            os9.d):00158         F$Exit              RMB       1                   Terminate Process
0007                  (            os9.d):00159         F$Mem               RMB       1                   Set Memory Size
0008                  (            os9.d):00160         F$Send              RMB       1                   Send Signal to Process
0009                  (            os9.d):00161         F$Icpt              RMB       1                   Set Signal Intercept
000A                  (            os9.d):00162         F$Sleep             RMB       1                   Suspend Process
000B                  (            os9.d):00163         F$SSpd              RMB       1                   Suspend Process
000C                  (            os9.d):00164         F$ID                RMB       1                   Return Process ID
000D                  (            os9.d):00165         F$SPrior            RMB       1                   Set Process Priority
000E                  (            os9.d):00166         F$SSWI              RMB       1                   Set Software Interrupt
000F                  (            os9.d):00167         F$PErr              RMB       1                   Print Error
0010                  (            os9.d):00168         F$PrsNam            RMB       1                   Parse Pathlist Name
0011                  (            os9.d):00169         F$CmpNam            RMB       1                   Compare Two Names
0012                  (            os9.d):00170         F$SchBit            RMB       1                   Search Bit Map
0013                  (            os9.d):00171         F$AllBit            RMB       1                   Allocate in Bit Map
0014                  (            os9.d):00172         F$DelBit            RMB       1                   Deallocate in Bit Map
0015                  (            os9.d):00173         F$Time              RMB       1                   Get Current Time
0016                  (            os9.d):00174         F$STime             RMB       1                   Set Current Time
0017                  (            os9.d):00175         F$CRC               RMB       1                   Generate CRC ($17)
                      (            os9.d):00176         
                      (            os9.d):00177                             IFGT      Level-1
                      (            os9.d):00178         
                      (            os9.d):00179         * NitrOS-9 Level 2 system calls
0018                  (            os9.d):00180         F$GPrDsc            RMB       1                   Get Process Descriptor copy ($18)
0018                  (            os9.d):00181         F$GBlkMp            RMB       1                   Get System Block Map copy ($19)
0018                  (            os9.d):00182         F$GModDr            RMB       1                   Get Module Directory copy ($1A)
0018                  (            os9.d):00183         F$CpyMem            RMB       1                   Copy External Memory ($1B)
0018                  (            os9.d):00184         F$SUser             RMB       1                   Set User ID number ($1C)
0018                  (            os9.d):00185         F$UnLoad            RMB       1                   Unlink Module by name ($1D)
0018                  (            os9.d):00186         F$Alarm             RMB       1                   Color Computer 3 Alarm Call ($1E)
                      (            os9.d):00187                             RMB       2                   Reserved - For overlap of other systems ($1F)
0018                  (            os9.d):00188         F$NMLink            RMB       1                   Color Computer 3 Non-Mapping Link ($21)
0018                  (            os9.d):00189         F$NMLoad            RMB       1                   Color Computer 3 Non-Mapping Load ($22)
                      (            os9.d):00190         
                      (            os9.d):00191                             ELSE
                      (            os9.d):00192         
                      (            os9.d):00193         * NitrOS-9 Level 1 system call padding
0018                  (            os9.d):00194                             RMB       11
                      (            os9.d):00195         
                      (            os9.d):00196                             ENDC
                      (            os9.d):00197         
0023                  (            os9.d):00198         F$Debug             RMB       1                   Drop the system into the debugger ($23)
                      (            os9.d):00199         
                      (            os9.d):00200                             IFGT      Level-1
                      (            os9.d):00201         
                      (            os9.d):00202                             ORG       $25
0024                  (            os9.d):00203         F$TPS               RMB       1                   Return System's Ticks Per Second
0024                  (            os9.d):00204         F$TimAlm            RMB       1                   CoCo individual process alarm call
                      (            os9.d):00205         
                      (            os9.d):00206                             ENDC
                      (            os9.d):00207         
                      (            os9.d):00208                             ORG       $27                 Beginning of System Reserved Calls
                      (            os9.d):00209         * NitrOS-9 common system calls
0027                  (            os9.d):00210         F$VIRQ              RMB       1                   Install/Delete Virtual IRQ
0028                  (            os9.d):00211         F$SRqMem            RMB       1                   System Memory Request
0029                  (            os9.d):00212         F$SRtMem            RMB       1                   System Memory Return
002A                  (            os9.d):00213         F$IRQ               RMB       1                   Enter IRQ Polling Table
002B                  (            os9.d):00214         F$IOQu              RMB       1                   Enter I/O Queue
002C                  (            os9.d):00215         F$AProc             RMB       1                   Enter Active Process Queue
002D                  (            os9.d):00216         F$NProc             RMB       1                   Start Next Process
002E                  (            os9.d):00217         F$VModul            RMB       1                   Validate Module
002F                  (            os9.d):00218         F$Find64            RMB       1                   Find Process/Path Descriptor
0030                  (            os9.d):00219         F$All64             RMB       1                   Allocate Process/Path Descriptor
0031                  (            os9.d):00220         F$Ret64             RMB       1                   Return Process/Path Descriptor
0032                  (            os9.d):00221         F$SSvc              RMB       1                   Service Request Table Initialization
0033                  (            os9.d):00222         F$IODel             RMB       1                   Delete I/O Module
                      (            os9.d):00223         
                      (            os9.d):00224                             IFGT      Level-1
                      (            os9.d):00225         
0034                  (            os9.d):00226         F$SLink             RMB       1                   System Link
0034                  (            os9.d):00227         F$Boot              RMB       1                   Bootstrap System
0034                  (            os9.d):00228         F$BtMem             RMB       1                   Bootstrap Memory Request
0034                  (            os9.d):00229         F$GProcP            RMB       1                   Get Process ptr
0034                  (            os9.d):00230         F$Move              RMB       1                   Move Data (low bound first)
0034                  (            os9.d):00231         F$AllRAM            RMB       1                   Allocate RAM blocks
0034                  (            os9.d):00232         F$AllImg            RMB       1                   Allocate Image RAM blocks
0034                  (            os9.d):00233         F$DelImg            RMB       1                   Deallocate Image RAM blocks
0034                  (            os9.d):00234         F$SetImg            RMB       1                   Set Process DAT Image
0034                  (            os9.d):00235         F$FreeLB            RMB       1                   Get Free Low Block
0034                  (            os9.d):00236         F$FreeHB            RMB       1                   Get Free High Block
0034                  (            os9.d):00237         F$AllTsk            RMB       1                   Allocate Process Task number
0034                  (            os9.d):00238         F$DelTsk            RMB       1                   Deallocate Process Task number
0034                  (            os9.d):00239         F$SetTsk            RMB       1                   Set Process Task DAT registers
0034                  (            os9.d):00240         F$ResTsk            RMB       1                   Reserve Task number
0034                  (            os9.d):00241         F$RelTsk            RMB       1                   Release Task number
0034                  (            os9.d):00242         F$DATLog            RMB       1                   Convert DAT Block/Offset to Logical
0034                  (            os9.d):00243         F$DATTmp            RMB       1                   Make temporary DAT image (Obsolete)
0034                  (            os9.d):00244         F$LDAXY             RMB       1                   Load A [X,[Y]]
0034                  (            os9.d):00245         F$LDAXYP            RMB       1                   Load A [X+,[Y]]
0034                  (            os9.d):00246         F$LDDDXY            RMB       1                   Load D [D+X,[Y]]
0034                  (            os9.d):00247         F$LDABX             RMB       1                   Load A from 0,X in task B
0034                  (            os9.d):00248         F$STABX             RMB       1                   Store A at 0,X in task B
0034                  (            os9.d):00249         F$AllPrc            RMB       1                   Allocate Process Descriptor
0034                  (            os9.d):00250         F$DelPrc            RMB       1                   Deallocate Process Descriptor
0034                  (            os9.d):00251         F$ELink             RMB       1                   Link using Module Directory Entry
0034                  (            os9.d):00252         F$FModul            RMB       1                   Find Module Directory Entry
0034                  (            os9.d):00253         F$MapBlk            RMB       1                   Map Specific Block
0034                  (            os9.d):00254         F$ClrBlk            RMB       1                   Clear Specific Block
0034                  (            os9.d):00255         F$DelRAM            RMB       1                   Deallocate RAM blocks
0034                  (            os9.d):00256         F$GCMDir            RMB       1                   Pack module directory
0034                  (            os9.d):00257         F$AlHRAM            RMB       1                   Allocate HIGH RAM Blocks
                      (            os9.d):00258         
                      (            os9.d):00259         * Alan DeKok additions
0034                  (            os9.d):00260         F$ReBoot            RMB       1                   Reboot machine (reload OS9Boot) or drop to RSDOS
0034                  (            os9.d):00261         F$CRCMod            RMB       1                   CRC mode, toggle or report current status
0034                  (            os9.d):00262         F$XTime             RMB       1                   Get Extended time packet from RTC (fractions of second)
0034                  (            os9.d):00263         F$VBlock            RMB       1                   Verify modules in a block of memory, add to module directory
                      (            os9.d):00264         
                      (            os9.d):00265                             ENDC
                      (            os9.d):00266         
                      (            os9.d):00267         *
                      (            os9.d):00268         * Numbers $70 through $7F are reserved for user definitions
                      (            os9.d):00269         *
                      (            os9.d):00270                             ORG       $70
                      (            os9.d):00271         
                      (            os9.d):00272                             IFEQ      Level-1
                      (            os9.d):00273         
0070                  (            os9.d):00274                             RMB       16                  Reserved for user definition
                      (            os9.d):00275         
                      (            os9.d):00276                             ELSE
                      (            os9.d):00277         
0080                  (            os9.d):00278         F$RegDmp            RMB       1                   Ron Lammardo's debugging register dump
0080                  (            os9.d):00279         F$NVRAM             RMB       1                   Non Volatile RAM (RTC battery backed static) read/write
                      (            os9.d):00280         
                      (            os9.d):00281                             RMB       $80-.               Reserved for user definitions
                      (            os9.d):00282                             ENDC
                      (            os9.d):00283         
                      (            os9.d):00284                             PAG
                      (            os9.d):00285         **************************************
                      (            os9.d):00286         * I/O Service Request Code Definitions
                      (            os9.d):00287         *
                      (            os9.d):00288                             ORG       $80
0080                  (            os9.d):00289         I$Attach            RMB       1                   Attach I/O Device
0081                  (            os9.d):00290         I$Detach            RMB       1                   Detach I/O Device
0082                  (            os9.d):00291         I$Dup               RMB       1                   Duplicate Path
0083                  (            os9.d):00292         I$Create            RMB       1                   Create New File
0084                  (            os9.d):00293         I$Open              RMB       1                   Open Existing File
0085                  (            os9.d):00294         I$MakDir            RMB       1                   Make Directory File
0086                  (            os9.d):00295         I$ChgDir            RMB       1                   Change Default Directory
0087                  (            os9.d):00296         I$Delete            RMB       1                   Delete File
0088                  (            os9.d):00297         I$Seek              RMB       1                   Change Current Position
0089                  (            os9.d):00298         I$Read              RMB       1                   Read Data
008A                  (            os9.d):00299         I$Write             RMB       1                   Write Data
008B                  (            os9.d):00300         I$ReadLn            RMB       1                   Read Line of ASCII Data
008C                  (            os9.d):00301         I$WritLn            RMB       1                   Write Line of ASCII Data
008D                  (            os9.d):00302         I$GetStt            RMB       1                   Get Path Status
008E                  (            os9.d):00303         I$SetStt            RMB       1                   Set Path Status
008F                  (            os9.d):00304         I$Close             RMB       1                   Close Path
0090                  (            os9.d):00305         I$DeletX            RMB       1                   Delete from current exec dir
0091                  (            os9.d):00306         I$ModDsc            RMB       1                   Modify SCF/RBF Descriptor in Memory
                      (            os9.d):00307         
                      (            os9.d):00308         *******************
                      (            os9.d):00309         * File Access Modes
                      (            os9.d):00310         *
     0001             (            os9.d):00311         READ.               EQU       %00000001
     0002             (            os9.d):00312         WRITE.              EQU       %00000010
     0003             (            os9.d):00313         UPDAT.              EQU       READ.+WRITE.
     0004             (            os9.d):00314         EXEC.               EQU       %00000100
     0008             (            os9.d):00315         PREAD.              EQU       %00001000
     0010             (            os9.d):00316         PWRIT.              EQU       %00010000
     0020             (            os9.d):00317         PEXEC.              EQU       %00100000
     0040             (            os9.d):00318         SHARE.              EQU       %01000000
     0080             (            os9.d):00319         DIR.                EQU       %10000000
     0020             (            os9.d):00320         ISIZ.               EQU       %00100000
                      (            os9.d):00321         
                      (            os9.d):00322         **************
                      (            os9.d):00323         * Signal Codes
                      (            os9.d):00324         *
                      (            os9.d):00325                             ORG       0
0000                  (            os9.d):00326         S$Kill              RMB       1                   Non-Interceptable Abort
0001                  (            os9.d):00327         S$Wake              RMB       1                   Wake-up Sleeping Process
0002                  (            os9.d):00328         S$Abort             RMB       1                   Keyboard Abort
0003                  (            os9.d):00329         S$Intrpt            RMB       1                   Keyboard Interrupt
0004                  (            os9.d):00330         S$Window            RMB       1                   Window Change
     0004             (            os9.d):00331         S$HUP               EQU       S$Window            Hang Up
0005                  (            os9.d):00332         S$Alarm             RMB       1                   CoCo individual process' alarm signal
                      (            os9.d):00333         
                      (            os9.d):00334                             ifgt      Level-1
                      (            os9.d):00335                             ORG       $80
0006                  (            os9.d):00336         S$FS2Sig            RMB       1                   FS2 VIRQ Signal code (VRN)
0006                  (            os9.d):00337         S$KQ3Sig            EQU       S$FS2Sig            KQ3 VIRQ Signal code (VRN)
                      (            os9.d):00338                             endc
                      (            os9.d):00339         
                      (            os9.d):00340                             PAG
                      (            os9.d):00341         **********************************
                      (            os9.d):00342         * Status Codes for GetStat/GetStat
                      (            os9.d):00343         *
                      (            os9.d):00344                             ORG       0
0000                  (            os9.d):00345         SS.Opt              RMB       1                   Read/Write PD Options
0001                  (            os9.d):00346         SS.Ready            RMB       1                   Check for Device Ready
0002                  (            os9.d):00347         SS.Size             RMB       1                   Read/Write File Size
0003                  (            os9.d):00348         SS.Reset            RMB       1                   Device Restore
0004                  (            os9.d):00349         SS.WTrk             RMB       1                   Device Write Track
0005                  (            os9.d):00350         SS.Pos              RMB       1                   Get File Current Position
0006                  (            os9.d):00351         SS.EOF              RMB       1                   Test for End of File
0007                  (            os9.d):00352         SS.Link             RMB       1                   Link to Status routines
0008                  (            os9.d):00353         SS.ULink            RMB       1                   Unlink Status routines
0009                  (            os9.d):00354         SS.Feed             RMB       1                   Issue form feed
000A                  (            os9.d):00355         SS.Frz              RMB       1                   Freeze DD. information
000B                  (            os9.d):00356         SS.SPT              RMB       1                   Set DD.TKS to given value
000C                  (            os9.d):00357         SS.SQD              RMB       1                   Sequence down hard disk
000D                  (            os9.d):00358         SS.DCmd             RMB       1                   Send direct command to disk
000E                  (            os9.d):00359         SS.DevNm            RMB       1                   Return Device name (32-bytes at [X])
000F                  (            os9.d):00360         SS.FD               RMB       1                   Return File Descriptor (Y-bytes at [X])
0010                  (            os9.d):00361         SS.Ticks            RMB       1                   Set Lockout honor duration
0011                  (            os9.d):00362         SS.Lock             RMB       1                   Lock/Release record
0012                  (            os9.d):00363         SS.DStat            RMB       1                   Return Display Status (CoCo)
0013                  (            os9.d):00364         SS.Joy              RMB       1                   Return Joystick Value (CoCo)
0014                  (            os9.d):00365         SS.BlkRd            RMB       1                   Block Read
0015                  (            os9.d):00366         SS.BlkWr            RMB       1                   Block Write
0016                  (            os9.d):00367         SS.Reten            RMB       1                   Retension cycle
0017                  (            os9.d):00368         SS.WFM              RMB       1                   Write File Mark
0018                  (            os9.d):00369         SS.RFM              RMB       1                   Read past File Mark
0019                  (            os9.d):00370         SS.ELog             RMB       1                   Read Error Log
001A                  (            os9.d):00371         SS.SSig             RMB       1                   Send signal on data ready
001B                  (            os9.d):00372         SS.Relea            RMB       1                   Release device
001C                  (            os9.d):00373         SS.AlfaS            RMB       1                   Return Alfa Display Status (CoCo, SCF/GetStat)
     001C             (            os9.d):00374         SS.Attr             EQU       SS.AlfaS            To serve 68K/RBF/SetStat only, thru NET
001D                  (            os9.d):00375         SS.Break            RMB       1                   Send break signal out acia
001E                  (            os9.d):00376         SS.RsBit            RMB       1                   Reserve bitmap sector (do not allocate in) LSB(X)=sct#
001F                  (            os9.d):00377                             RMB       1                   Reserved
     0020             (            os9.d):00378         SS.FDInf            EQU       $20                 To serve 68K/RBF/GetStat only, thru NET
0020                  (            os9.d):00379         SS.DirEnt           RMB       1                   Reserve bitmap sector (do not allocate in) LSB(X)=sct#
0021                  (            os9.d):00380                             RMB       3                   Reserve $20-$23 for Japanese version (Hoshi)
0024                  (            os9.d):00381         SS.SetMF            RMB       1                   Reserve $24 for Gimix G68 (Flex compatability?)
0025                  (            os9.d):00382         SS.Cursr            RMB       1                   Cursor information for COCO
0026                  (            os9.d):00383         SS.ScSiz            RMB       1                   Return screen size for COCO
0027                  (            os9.d):00384         SS.KySns            RMB       1                   Getstat/SetStat for COCO keyboard
0028                  (            os9.d):00385         SS.ComSt            RMB       1                   Getstat/SetStat for Baud/Parity
0029                  (            os9.d):00386         SS.Open             RMB       1                   SetStat to tell driver a path was opened
002A                  (            os9.d):00387         SS.Close            RMB       1                   SetStat to tell driver a path was closed
002B                  (            os9.d):00388         SS.HngUp            RMB       1                   SetStat to tell driver to hangup phone
002C                  (            os9.d):00389         SS.FSig             RMB       1                   New signal for temp locked files
     0026             (            os9.d):00390         SS.DSize            EQU       SS.ScSiz            Return disk size (RBF GetStat)
     0012             (            os9.d):00391         SS.VarSect          EQU       SS.DStat            Variable Sector Size (RBF GetStat)
                      (            os9.d):00392         
                      (            os9.d):00393         * System Specific and User defined codes above $80
                      (            os9.d):00394                             ORG       $80
0080                  (            os9.d):00395         SS.AAGBf            RMB       1                   SetStat to Allocate Additional Graphic Buffer
0081                  (            os9.d):00396         SS.SLGBf            RMB       1                   SetStat to Select a different Graphic Buffer
0082                  (            os9.d):00397         SS.Mount            RMB       1                   Network 4 Mount Setstat
0083                  (            os9.d):00398         SS.RdNet            RMB       1                   Read Raw Sector from Network 4 Omnidrive
0084                  (            os9.d):00399         SS.MpGPB            RMB       1                   SetStat to request a Get/Put Buffer be mapped in workspace
0085                  (            os9.d):00400         SS.Slots            RMB       1                   Network 4 slots? getstat
                      (            os9.d):00401         
                      (            os9.d):00402         *               IFGT      Level-1
                      (            os9.d):00403                             IFNE      1
                      (            os9.d):00404         * Level 2 Windowing
0086                  (            os9.d):00405         SS.WnSet            RMB       1                   Set up High Level Windowing Information
0087                  (            os9.d):00406         SS.MnSel            RMB       1                   Request High level Menu Handler take determine next event
0088                  (            os9.d):00407         SS.SBar             RMB       1                   SetStat to set position block on Window scroll bars
0089                  (            os9.d):00408         SS.Mouse            RMB       1                   Return Mouse information packet (COCO)
008A                  (            os9.d):00409         SS.MsSig            RMB       1                   SetStat to tell driver to send signal on mouse event
008B                  (            os9.d):00410         SS.AScrn            RMB       1                   Allocate a screen for application poking
008C                  (            os9.d):00411         SS.DScrn            RMB       1                   Display a screen allocated by SS.AScrn
008D                  (            os9.d):00412         SS.FScrn            RMB       1                   Free a screen allocated by SS.AScrn
008E                  (            os9.d):00413         SS.PScrn            RMB       1                   Polymorph Screen into different screen type
008F                  (            os9.d):00414         SS.ScInf            RMB       1                   Get Current screen info for direct writes
0090                  (            os9.d):00415                             RMB       1                   Reserved
0091                  (            os9.d):00416         SS.Palet            RMB       1                   Return palette information
0092                  (            os9.d):00417         SS.Montr            RMB       1                   Get and Set Monitor Type
0093                  (            os9.d):00418         SS.ScTyp            RMB       1                   Get screen type information
0094                  (            os9.d):00419         SS.GIP              RMB       1                   Global Input Parameters (SetStat)
0095                  (            os9.d):00420         SS.UMBar            RMB       1                   update menu bar (SetStat)
0096                  (            os9.d):00421         SS.FBRgs            RMB       1                   return color registers (GetStat)
0097                  (            os9.d):00422         SS.DfPal            RMB       1                   set/return default palette registers (Getstat/Setstat)
0098                  (            os9.d):00423         SS.Tone             RMB       1                   Generate a tone using 6 bit sound
0099                  (            os9.d):00424         SS.GIP2             RMB       1                   Global Input Params #2 (L2V3)
009A                  (            os9.d):00425         SS.AnPal            RMB       1                   Animate palettes (L2V3)
009B                  (            os9.d):00426         SS.FndBf            RMB       1                   Find named buffer (L2V3)
                      (            os9.d):00427         
                      (            os9.d):00428         * sc6551 defined
     0099             (            os9.d):00429         SS.CDSta            EQU       SS.GIP2
     009A             (            os9.d):00430         SS.CDSig            EQU       SS.AnPal
     009B             (            os9.d):00431         SS.CDRel            EQU       SS.FndBf
                      (            os9.d):00432                             ELSE
                      (            os9.d):00433         * These are wide open in Level 1
                      (            os9.d):00434                             RMB       19
                      (            os9.d):00435         
                      (            os9.d):00436         * sc6551 defined
009C                  (            os9.d):00437         SS.CDSta            RMB       1
009C                  (            os9.d):00438         SS.CDSig            RMB       1
009C                  (            os9.d):00439         SS.CDRel            RMB       1
                      (            os9.d):00440                             ENDC
                      (            os9.d):00441         
                      (            os9.d):00442                             ORG       $A0
                      (            os9.d):00443         *
                      (            os9.d):00444         * New Default SCF input buffer Set status call
00A0                  (            os9.d):00445         SS.Fill             RMB       1                   Pre-load SCF device input buffer
00A1                  (            os9.d):00446         SS.Hist             RMB       1                   Enable command-line history easily
                      (            os9.d):00447         
                      (            os9.d):00448         
                      (            os9.d):00449                             ORG       $B0
                      (            os9.d):00450         *
                      (            os9.d):00451         * New WDDisk get/set status calls
00B0                  (            os9.d):00452         SS.ECC              RMB       1                   ECC corrected data error enable/disable (GetStat/SetStat)
                      (            os9.d):00453         
                      (            os9.d):00454         *
                      (            os9.d):00455                             IFGT      Level-1
                      (            os9.d):00456         
                      (            os9.d):00457         * VRN get/set status calls.  Named by Alan DeKok.
00B1                  (            os9.d):00458         SS.VCtr             EQU       $80                 Return FS2 total VIRQ counter
00B1                  (            os9.d):00459         SS.VSig             EQU       $81                 Return FS2 number of signals sent
                      (            os9.d):00460         
00B1                  (            os9.d):00461         SS.FClr             EQU       $81                 Set/clear FS2 VIRQ
00B1                  (            os9.d):00462         SS.FSet             EQU       $C7                 Set FS2+ VIRQ
00B1                  (            os9.d):00463         SS.KSet             EQU       $C8                 Set KQ3 VIRQ
00B1                  (            os9.d):00464         SS.KClr             EQU       $C9                 Clr KQ3 VIRQ
00B1                  (            os9.d):00465         SS.ARAM             EQU       $CA                 Allocate RAM blocks
00B1                  (            os9.d):00466         SS.DRAM             EQU       $CB                 De-allocate RAM blocks
                      (            os9.d):00467         
                      (            os9.d):00468         * SDisk 3 Definition Equates
00B1                  (            os9.d):00469         SS.DRead            EQU       SS.AAGBf            SDisk3 Direct Sector Read ($80)
00B1                  (            os9.d):00470         SS.DWrit            EQU       SS.DRead            SDisk3 Direct sector Write ($80)
00B1                  (            os9.d):00471         SS.UnFrz            EQU       SS.SLGBf            SDisk3 UNFreeze DD info ($81)
00B1                  (            os9.d):00472         SS.MOFF             EQU       SS.Mount            SDisk3 fast motor off call ($82)
00B1                  (            os9.d):00473         SS.MoTim            EQU       SS.RdNet            SDisk3 Set motor shut off time ($83)
00B1                  (            os9.d):00474         SS.SDRD             EQU       SS.MpGPB            SDisk3 System direct read ($84)
00B1                  (            os9.d):00475         SS.SDWRT            EQU       SS.SDRD             SDisk3 System direct writes ($84)
00B1                  (            os9.d):00476         SS.Sleep            EQU       SS.Slots            SDisk3 (DMC ONLY) Enable/disable F$Sleep calls in read/write 1773 I/O ($85)
00B1                  (            os9.d):00477         SS.DrvCh            EQU       SS.WnSet            SDisk3 (DMC ONLY) Set drive number to cache, or return drive number being cached ($86)
                      (            os9.d):00478         
                      (            os9.d):00479                             ENDC
                      (            os9.d):00480         
                      (            os9.d):00481                             TTL       Direct              Page Definitions
                      (            os9.d):00482                             PAG
                      (            os9.d):00483         
                      (            os9.d):00484         **********************************
                      (            os9.d):00485         * Direct Page Variable Definitions
                      (            os9.d):00486         *
                      (            os9.d):00487                             ORG       $00
0000                  (            os9.d):00488         D.WDAddr            RMB       2                   FHL/Isted WD1002-05 interface base address
0002                  (            os9.d):00489         D.WDBtDr            RMB       1                   FHL/Isted WD1002-05 boot physical device drive num.
0003                  (            os9.d):00490         D.SWPage            RMB       1                   SmartWatch page # (see clock2_smart)
0004                  (            os9.d):00491                             RMB       5
0009                  (            os9.d):00492         D.COCOXT            RMB       1                   Busy flag for CoCo-XT driver (one drive at a time)
000A                  (            os9.d):00493         D.DbgMem            RMB       2                   Debug memory pointer
000C                  (            os9.d):00494         D.DWSubAddr         RMB       2                   DriveWire subroutine module pointer
000E                  (            os9.d):00495         D.DWStat            RMB       2                   DriveWire statics page
0010                  (            os9.d):00496         D.DWSrvID           RMB       1                   DriveWire server ID
0011                  (            os9.d):00497         D.IRQTmp            RMB       2                   1 or 2 byte DP scratch var (for when IRQ's are off)
                      (            os9.d):00498         
                      (            os9.d):00499                             ORG       $20
                      (            os9.d):00500         
                      (            os9.d):00501                             IFEQ      Level-1
                      (            os9.d):00502         
                      (            os9.d):00503         * Level 1 DP vars
0020                  (            os9.d):00504         D.FMBM              RMB       4                   Free memory bit map pointers
0024                  (            os9.d):00505         D.MLIM              RMB       2                   Memory limit $24
0026                  (            os9.d):00506         D.ModDir            RMB       4                   Module directory $26
002A                  (            os9.d):00507         D.Init              RMB       2                   Rom base address $2A
002C                  (            os9.d):00508         D.SWI3              RMB       2                   Swi3 vector $2C
002E                  (            os9.d):00509         D.SWI2              RMB       2                   Swi2 vector $2E
0030                  (            os9.d):00510         D.FIRQ              RMB       2                   Firq vector $30
0032                  (            os9.d):00511         D.IRQ               RMB       2                   Irq vector $32
0034                  (            os9.d):00512         D.SWI               RMB       2                   Swi vector $34
0036                  (            os9.d):00513         D.NMI               RMB       2                   Nmi vector $36
0038                  (            os9.d):00514         D.SvcIRQ            RMB       2                   Interrupt service entry $38
003A                  (            os9.d):00515         D.Poll              RMB       2                   Interrupt polling routine $3A
003C                  (            os9.d):00516         D.UsrIRQ            RMB       2                   User irq routine $3C
003E                  (            os9.d):00517         D.SysIRQ            RMB       2                   System irq routine $3E
0040                  (            os9.d):00518         D.UsrSvc            RMB       2                   User service request routine $40
0042                  (            os9.d):00519         D.SysSvc            RMB       2                   System service request routine $42
0044                  (            os9.d):00520         D.UsrDis            RMB       2                   User service request dispatch table
0046                  (            os9.d):00521         D.SysDis            RMB       2                   System service reuest dispatch table
0048                  (            os9.d):00522         D.Slice             RMB       1                   Process time slice count $48
0049                  (            os9.d):00523         D.PrcDBT            RMB       2                   Process descriptor block address  $49
004B                  (            os9.d):00524         D.Proc              RMB       2                   Process descriptor address $4B
004D                  (            os9.d):00525         D.AProcQ            RMB       2                   Active process queue $4D
004F                  (            os9.d):00526         D.WProcQ            RMB       2                   Waiting process queue $4F
0051                  (            os9.d):00527         D.SProcQ            RMB       2                   Sleeping process queue $51
     0053             (            os9.d):00528         D.Time              EQU       .                   Time
0053                  (            os9.d):00529         D.Year              RMB       1                   $53
0054                  (            os9.d):00530         D.Month             RMB       1                   $54
0055                  (            os9.d):00531         D.Day               RMB       1                   $55
0056                  (            os9.d):00532         D.Hour              RMB       1                   $56
0057                  (            os9.d):00533         D.Min               RMB       1                   $57
0058                  (            os9.d):00534         D.Sec               RMB       1                   $58
0059                  (            os9.d):00535         D.Tick              RMB       1                   $59
005A                  (            os9.d):00536         D.TSec              RMB       1                   Ticks / second $5A
005B                  (            os9.d):00537         D.TSlice            RMB       1                   Ticks / time-slice $5B
005C                  (            os9.d):00538         D.IOML              RMB       2                   I/O mgr free memory low bound $5C
005E                  (            os9.d):00539         D.IOMH              RMB       2                   I/O mgr free memory hi  bound $5E
0060                  (            os9.d):00540         D.DevTbl            RMB       2                   Device driver table addr $60
0062                  (            os9.d):00541         D.PolTbl            RMB       2                   Irq polling table addr $62
0064                  (            os9.d):00542         D.PthDBT            RMB       2                   Path descriptor block table addr $64
0066                  (            os9.d):00543         D.BTLO              RMB       2                   Bootstrap low address $66
0068                  (            os9.d):00544         D.BTHI              RMB       2                   Bootstrap hi address $68
006A                  (            os9.d):00545         D.DMAReq            RMB       1                   DMA in use flag $6A
006B                  (            os9.d):00546         D.AltIRQ            RMB       2                   Alternate IRQ vector (CC) $6B
006D                  (            os9.d):00547         D.KbdSta            RMB       2                   Keyboard scanner static storage (CC) $6D
006F                  (            os9.d):00548         D.DskTmr            RMB       2                   Disk Motor Timer (CC) $6F
0071                  (            os9.d):00549         D.CBStrt            RMB       16                  reserved for CC warmstart ($71)
0081                  (            os9.d):00550         D.Clock             RMB       2                   Address of Clock Tick Routine (CC) $81
0083                  (            os9.d):00551         D.Boot              RMB       1                   Bootstrap attempted flag
0084                  (            os9.d):00552         D.URtoSs            RMB       2                   address of user to system routine (VIRQ) $84
0086                  (            os9.d):00553         D.CLTb              RMB       2                   Pointer to clock interrupt table (VIRQ) $86
0088                  (            os9.d):00554         D.MDREG             RMB       1                   6309 MD (mode) shadow register $88 (added in V2.01.00)
0089                  (            os9.d):00555         D.CRC               RMB       1                   CRC checking mode flag $89 (added in V2.01.00)
008A                  (            os9.d):00556         D.Clock2            RMB       2                   CC Clock2 entry address
                      (            os9.d):00557         
                      (            os9.d):00558                             ORG       $100
                      (            os9.d):00559         *D.XSWI3        RMB       3
                      (            os9.d):00560         *D.XSWI2        RMB       3
                      (            os9.d):00561         *D.XFIRQ        RMB       3
                      (            os9.d):00562         *D.XIRQ         RMB       3
                      (            os9.d):00563         *D.XSWI         RMB       3
                      (            os9.d):00564         *D.XNMI         RMB       3
                      (            os9.d):00565         
0100                  (            os9.d):00566         D.XSWI3             RMB       3
0103                  (            os9.d):00567         D.XSWI2             RMB       3
0106                  (            os9.d):00568         D.XSWI              RMB       3
0109                  (            os9.d):00569         D.XNMI              RMB       3
010C                  (            os9.d):00570         D.XIRQ              RMB       3
010F                  (            os9.d):00571         D.XFIRQ             RMB       3
                      (            os9.d):00572         
                      (            os9.d):00573         * Table Sizes
     0020             (            os9.d):00574         BMAPSZ              EQU       32                  Bitmap table size
     0002             (            os9.d):00575         SVCTNM              EQU       2                   Number of service request tables
     006E             (            os9.d):00576         SVCTSZ              EQU       (256-BMAPSZ)/SVCTNM-2 Service request table size
                      (            os9.d):00577         
                      (            os9.d):00578                             ELSE
                      (            os9.d):00579         
                      (            os9.d):00580         * Level 2 DP vars
0112                  (            os9.d):00581         D.Tasks             RMB       2                   Task User Table
0112                  (            os9.d):00582         D.TmpDAT            RMB       2                   Temporary DAT Image stack
0112                  (            os9.d):00583         D.Init              RMB       2                   Initialization Module ptr
0112                  (            os9.d):00584         D.Poll              RMB       2                   Interrupt Polling Routine ptr
0112                  (            os9.d):00585         D.Time              EQU       .                   System Time
0112                  (            os9.d):00586         D.Year              RMB       1
0112                  (            os9.d):00587         D.Month             RMB       1
0112                  (            os9.d):00588         D.Day               RMB       1
0112                  (            os9.d):00589         D.Hour              RMB       1
0112                  (            os9.d):00590         D.Min               RMB       1
0112                  (            os9.d):00591         D.Sec               RMB       1
0112                  (            os9.d):00592         D.Tick              RMB       1
0112                  (            os9.d):00593         D.Slice             RMB       1                   current slice remaining
0112                  (            os9.d):00594         D.TSlice            RMB       1                   Ticks per Slice
0112                  (            os9.d):00595         D.Boot              RMB       1                   Bootstrap attempted flag
0112                  (            os9.d):00596         D.MotOn             RMB       1                   Floppy Disk Motor-On time out
0112                  (            os9.d):00597         D.ErrCod            RMB       1                   Reset Error Code
0112                  (            os9.d):00598         D.Daywk             RMB       1                   day of week, com-trol clock
0112                  (            os9.d):00599         D.TkCnt             RMB       1                   Tick Counter
0112                  (            os9.d):00600         D.BtPtr             RMB       2                   Address of Boot in System Address space
0112                  (            os9.d):00601         D.BtSz              RMB       2                   Size of Boot
                      (            os9.d):00602         
                      (            os9.d):00603                             IFNE      H6309
0112                  (            os9.d):00604         D.MDREG             RMB       1                   6309 MD (mode) shadow register
                      (            os9.d):00605                             ELSE
                      (            os9.d):00606                             RMB       1                   Currently unused in NitrOS-9/6809
                      (            os9.d):00607                             ENDC
                      (            os9.d):00608         
0112                  (            os9.d):00609         D.CRC               RMB       1                   CRC checking mode flag
                      (            os9.d):00610         
0112                  (            os9.d):00611         D.Tenths            RMB       1                   Tenths and hundredths of second for F$Xtime
0112                  (            os9.d):00612         D.Task1N            RMB       1                   Map type 1 task number*2 - offset into [D.TskIPt]
0112                  (            os9.d):00613         D.Quick             RMB       1                   Quick system call return flag - 0 =stack is at $FEE1
0112                  (            os9.d):00614         D.QIRQ              RMB       1                   Quick IRQ flag - 0 =IRQ wasn't clock, so quick return
                      (            os9.d):00615         
                      (            os9.d):00616                             ORG       $40
0112                  (            os9.d):00617         D.BlkMap            RMB       4                   Memory Block Map ptr
0112                  (            os9.d):00618         D.ModDir            RMB       4                   Module Directory ptrs
0112                  (            os9.d):00619         D.PrcDBT            RMB       2                   Process Descriptor Block Table ptr
0112                  (            os9.d):00620         D.SysPrc            RMB       2                   System Process Descriptor ptr
0112                  (            os9.d):00621         D.SysDAT            RMB       2                   System DAT Image ptr
0112                  (            os9.d):00622         D.SysMem            RMB       2                   System Memory Map ptr
0112                  (            os9.d):00623         D.Proc              RMB       2                   Current Process ptr
0112                  (            os9.d):00624         D.AProcQ            RMB       2                   Active Process Queue
0112                  (            os9.d):00625         D.WProcQ            RMB       2                   Waiting Process Queue
0112                  (            os9.d):00626         D.SProcQ            RMB       2                   Sleeping Process Queue
0112                  (            os9.d):00627         D.ModEnd            RMB       2                   Module Directory end ptr
0112                  (            os9.d):00628         D.ModDAT            RMB       2                   Module Dir DAT image end ptr
0112                  (            os9.d):00629         D.CldRes            RMB       2                   Cold Restart vector
0112                  (            os9.d):00630         D.BtBug             RMB       3                   Boot debug information
0112                  (            os9.d):00631         D.Pipe              RMB       2
                      (            os9.d):00632         
                      (            os9.d):00633                             ORG       $6B
0112                  (            os9.d):00634         D.Crash             RMB       6                   Pointer to CC Crash Routine
0112                  (            os9.d):00635         D.CBStrt            RMB       $B                  Reserved for CC warmstart ($71)
0112                  (            os9.d):00636         D.QCnt              RMB       1                   Count of number of quick system calls performed
                      (            os9.d):00637         
                      (            os9.d):00638                             ORG       $80
0112                  (            os9.d):00639         D.DevTbl            RMB       2                   I/O Device Table
0112                  (            os9.d):00640         D.PolTbl            RMB       2                   I/O Polling Table
                      (            os9.d):00641                             RMB       4                   reserved
0112                  (            os9.d):00642         D.PthDBT            RMB       2                   Path Descriptor Block Table ptr
0112                  (            os9.d):00643         D.DMAReq            RMB       1                   DMA Request flag
                      (            os9.d):00644         
                      (            os9.d):00645         ********
                      (            os9.d):00646         * CoCo 3 STUFF COMES NEXT
                      (            os9.d):00647         * This area is used for the CoCo Hardware Registers
                      (            os9.d):00648         *
                      (            os9.d):00649                             ORG       $90
0112                  (            os9.d):00650         D.HINIT             RMB       1                   GIME INIT0 register (hardware setup $FF90)
0112                  (            os9.d):00651         D.TINIT             RMB       1                   GIME INIT1 register (timer/task register $FF91)
0112                  (            os9.d):00652         D.IRQER             RMB       1                   Interrupt enable regsiter ($FF92)
0112                  (            os9.d):00653         D.FRQER             RMB       1                   Fast Interrupt enable register ($FF93)
0112                  (            os9.d):00654         D.TIMMS             RMB       1                   Timer most significant nibble ($FF94)
0112                  (            os9.d):00655         D.TIMLS             RMB       1                   Timer least significant byte ($FF95)
0112                  (            os9.d):00656         D.RESV1             RMB       1                   reserved register ($FF96)
0112                  (            os9.d):00657         D.RESV2             RMB       1                   reserved register ($FF97)
0112                  (            os9.d):00658         D.VIDMD             RMB       1                   video mode register ($FF98)
0112                  (            os9.d):00659         D.VIDRS             RMB       1                   video resolution register ($FF99)
0112                  (            os9.d):00660         D.BORDR             RMB       1                   border register ($FF9A)
0112                  (            os9.d):00661         D.RESV3             RMB       1                   reserved register ($FF9B)
0112                  (            os9.d):00662         D.VOFF2             RMB       1                   vertical scroll/offset 2 register ($FF9C)
0112                  (            os9.d):00663         D.VOFF1             RMB       1                   vertical offset 1 register ($FF9D)
0112                  (            os9.d):00664         D.VOFF0             RMB       1                   vertical offset 0 register ($FF9E)
0112                  (            os9.d):00665         D.HOFF0             RMB       1                   horizontal offset 0 register ($FF9F)
0112                  (            os9.d):00666         D.Speed             RMB       1                   Speed of COCO CPU 0=slow,1=fast ($A0)
0112                  (            os9.d):00667         D.TskIPt            RMB       2                   Task image Pointer table (CC) ($A1)
0112                  (            os9.d):00668         D.MemSz             RMB       1                   128/512K memory flag (CC) ($A3)
0112                  (            os9.d):00669         D.SSTskN            RMB       1                   System State Task Number (COCO) ($A4)
0112                  (            os9.d):00670         D.CCMem             RMB       2                   Pointer to beginning of CC Memory ($A5)
0112                  (            os9.d):00671         D.CCStk             RMB       2                   Pointer to top of CC Memory ($A7)
0112                  (            os9.d):00672         D.Flip0             RMB       2                   Change to Task 0 ($A9)
0112                  (            os9.d):00673         D.Flip1             RMB       2                   Change to reserved Task 1 ($AB)
0112                  (            os9.d):00674         D.VIRQ              RMB       2                   VIRQ Polling routine ($AD)
0112                  (            os9.d):00675         D.IRQS              RMB       1                   IRQ shadow register (CC Temporary) ($AF)
0112                  (            os9.d):00676         D.CLTb              RMB       2                   VIRQ Table address ($B0)
0112                  (            os9.d):00677         D.AltIRQ            RMB       2                   Alternate IRQ Vector (CC) ($B2)
0112                  (            os9.d):00678         D.GPoll             RMB       2                   CC GIME IRQ enable/disable toggle
0112                  (            os9.d):00679         D.Clock2            RMB       2                   CC Clock2 entry address
                      (            os9.d):00680                             ORG       $C0
0112                  (            os9.d):00681         D.SysSvc            RMB       2                   System Service Routine entry
0112                  (            os9.d):00682         D.SysDis            RMB       2                   System Service Dispatch Table ptr
0112                  (            os9.d):00683         D.SysIRQ            RMB       2                   System IRQ Routine entry
0112                  (            os9.d):00684         D.UsrSvc            RMB       2                   User Service Routine entry
0112                  (            os9.d):00685         D.UsrDis            RMB       2                   User Service Dispatch Table ptr
0112                  (            os9.d):00686         D.UsrIRQ            RMB       2                   User IRQ Routine entry
0112                  (            os9.d):00687         D.SysStk            RMB       2                   System stack
0112                  (            os9.d):00688         D.SvcIRQ            RMB       2                   In-System IRQ service
0112                  (            os9.d):00689         D.SysTsk            RMB       1                   System Task number
                      (            os9.d):00690                             ORG       $E0
0112                  (            os9.d):00691         D.Clock             RMB       2
0112                  (            os9.d):00692         D.XSWI3             RMB       2
0112                  (            os9.d):00693         D.XSWI2             RMB       2
0112                  (            os9.d):00694         D.XFIRQ             RMB       2
0112                  (            os9.d):00695         D.XIRQ              RMB       2
0112                  (            os9.d):00696         D.XSWI              RMB       2
0112                  (            os9.d):00697         D.XNMI              RMB       2
0112                  (            os9.d):00698         D.ErrRst            RMB       2
0112                  (            os9.d):00699         D.SysVec            RMB       2                   F$xxx system call vector for NitrOS-9 Level 3
0112                  (            os9.d):00700         D.SWI3              RMB       2
0112                  (            os9.d):00701         D.SWI2              RMB       2
0112                  (            os9.d):00702         D.FIRQ              RMB       2
0112                  (            os9.d):00703         D.IRQ               RMB       2
0112                  (            os9.d):00704         D.SWI               RMB       2
0112                  (            os9.d):00705         D.NMI               RMB       2
                      (            os9.d):00706         
                      (            os9.d):00707         *************************
                      (            os9.d):00708         * Level 2 flags used for bytes in the memory block map at D.BlkMap
                      (            os9.d):00709         * and for bytes in the system memory map at D.SysMem.
                      (            os9.d):00710         * A value of 0 indicates an unused/unassigned block.
                      (            os9.d):00711         * In the code, block assignment often involves incrementing a value
                      (            os9.d):00712         * from 0 to 1 rather than explict use of RAMinUse.
                      (            os9.d):00713         *
0112                  (            os9.d):00714         NotRAM              EQU       %10000000           Block Not RAM flag
0112                  (            os9.d):00715         VidRAM              EQU       %00000100           Block is being used as Video RAM
0112                  (            os9.d):00716         ModBlock            EQU       %00000010           Module in Block
0112                  (            os9.d):00717         RAMinUse            EQU       %00000001           RAM Block in use flag
                      (            os9.d):00718         *
                      (            os9.d):00719         * Service Dispatch Table special entries
                      (            os9.d):00720         *
0112                  (            os9.d):00721         IOEntry             EQU       254
                      (            os9.d):00722         
                      (            os9.d):00723                             ENDC
                      (            os9.d):00724         
                      (            os9.d):00725                             TTL       Structure           Formats
                      (            os9.d):00726                             PAG
                      (            os9.d):00727         ************************************
                      (            os9.d):00728         * Module Directory Entry Definitions
                      (            os9.d):00729         *
                      (            os9.d):00730                             ORG       0
                      (            os9.d):00731                             IFGT      Level-1
0000                  (            os9.d):00732         MD$MPDAT            RMB       2                   Module DAT Image ptr
0000                  (            os9.d):00733         MD$MBSiz            RMB       2                   Memory Block size
                      (            os9.d):00734                             ENDC
0000                  (            os9.d):00735         MD$MPtr             RMB       2                   Module ptr
0002                  (            os9.d):00736         MD$Link             RMB       2                   Module Link count
     0004             (            os9.d):00737         MD$ESize            EQU       .                   Module Directory Entry size
                      (            os9.d):00738         
                      (            os9.d):00739         ************************************
                      (            os9.d):00740         * Module Definitions
                      (            os9.d):00741         *
                      (            os9.d):00742         * Universal Module Offsets
                      (            os9.d):00743         *
                      (            os9.d):00744                             ORG       0
0000                  (            os9.d):00745         M$ID                RMB       2                   ID Code
0002                  (            os9.d):00746         M$Size              RMB       2                   Module Size
0004                  (            os9.d):00747         M$Name              RMB       2                   Module Name
0006                  (            os9.d):00748         M$Type              RMB       1                   Type / Language
0007                  (            os9.d):00749         M$Revs              RMB       1                   Attributes / Revision Level
0008                  (            os9.d):00750         M$Parity            RMB       1                   Header Parity
     0009             (            os9.d):00751         M$IDSize            EQU       .                   Module ID Size
                      (            os9.d):00752         *
                      (            os9.d):00753         * Type-Dependent Module Offsets
                      (            os9.d):00754         *
                      (            os9.d):00755         * System, File Manager, Device Driver, Program Module
                      (            os9.d):00756         *
0009                  (            os9.d):00757         M$Exec              RMB       2                   Execution Entry Offset
                      (            os9.d):00758         *
                      (            os9.d):00759         * Device Driver, Program Module
                      (            os9.d):00760         *
000B                  (            os9.d):00761         M$Mem               RMB       2                   Stack Requirement
                      (            os9.d):00762         *
                      (            os9.d):00763         * Device Driver, Device Descriptor Module
                      (            os9.d):00764         *
000D                  (            os9.d):00765         M$Mode              RMB       1                   Device Driver Mode Capabilities
                      (            os9.d):00766         *
                      (            os9.d):00767         * Device Descriptor Module
                      (            os9.d):00768         *
                      (            os9.d):00769                             ORG       M$IDSize
0009                  (            os9.d):00770         M$FMgr              RMB       2                   File Manager Name Offset
000B                  (            os9.d):00771         M$PDev              RMB       2                   Device Driver Name Offset
000D                  (            os9.d):00772                             RMB       1                   M$Mode (defined above)
000E                  (            os9.d):00773         M$Port              RMB       3                   Port Address
0011                  (            os9.d):00774         M$Opt               RMB       1                   Device Default Options
0012                  (            os9.d):00775         M$DTyp              RMB       1                   Device Type
     0012             (            os9.d):00776         IT.DTP              EQU       M$DTyp              Descriptor type offset
                      (            os9.d):00777         *
                      (            os9.d):00778         * Configuration Module Entry Offsets
                      (            os9.d):00779         *
                      (            os9.d):00780                             ORG       M$IDSize
0009                  (            os9.d):00781         MaxMem              RMB       3                   Maximum Free Memory
000C                  (            os9.d):00782         PollCnt             RMB       1                   Entries in Interrupt Polling Table
000D                  (            os9.d):00783         DevCnt              RMB       1                   Entries in Device Table
000E                  (            os9.d):00784         InitStr             RMB       2                   Initial Module Name
0010                  (            os9.d):00785         SysStr              RMB       2                   System Device Name
0012                  (            os9.d):00786         StdStr              RMB       2                   Standard I/O Pathlist
0014                  (            os9.d):00787         BootStr             RMB       2                   Bootstrap Module name
0016                  (            os9.d):00788         ProtFlag            RMB       1                   Write protect enable flag
                      (            os9.d):00789         
0017                  (            os9.d):00790         OSLevel             RMB       1                   OS level
0018                  (            os9.d):00791         OSVer               RMB       1                   OS version
0019                  (            os9.d):00792         OSMajor             RMB       1                   OS major
001A                  (            os9.d):00793         OSMinor             RMB       1                   OS minor
001B                  (            os9.d):00794         Feature1            RMB       1                   feature byte 1
001C                  (            os9.d):00795         Feature2            RMB       1                   feature byte 2
001D                  (            os9.d):00796         OSName              RMB       2                   OS revision name string (nul terminated)
001F                  (            os9.d):00797         InstallName         RMB       2                   installation name string (nul terminated)
0021                  (            os9.d):00798         BuildInfo           RMB       2                   build information string (nul terminated)
0023                  (            os9.d):00799                             RMB       2                   reserved for future use
                      (            os9.d):00800         
                      (            os9.d):00801                             IFGT      Level-1
                      (            os9.d):00802         * -- VTIO area -- (NitrOS-9 Level 2 and above) *
0025                  (            os9.d):00803         MonType             RMB       1                   Monitor type (0=CMP,1=RGB,2=MONO)
0025                  (            os9.d):00804         MouseInf            RMB       2                   Mouse resolution/Mouse port; was 1, major error RG.
0025                  (            os9.d):00805         KeyRptS             RMB       1                   Key repeat start constant
0025                  (            os9.d):00806         KeyRptD             RMB       1                   Key repeat delay constant
                      (            os9.d):00807                             ENDC
                      (            os9.d):00808         
                      (            os9.d):00809         * Feature1 byte definitions
     0001             (            os9.d):00810         CRCOn               EQU       %00000001           CRC checking on
     0000             (            os9.d):00811         CRCOff              EQU       %00000000           CRC checking off
     0000             (            os9.d):00812         Proc6809            EQU       %00000000           6809 procesor
     0002             (            os9.d):00813         Proc6309            EQU       %00000010           6309 procesor
                      (            os9.d):00814         
                      (            os9.d):00815                             PAG
                      (            os9.d):00816         **************************
                      (            os9.d):00817         * Module Field Definitions
                      (            os9.d):00818         *
                      (            os9.d):00819         * ID Field - First two bytes of a NitrOS-9 module
                      (            os9.d):00820         *
     0087             (            os9.d):00821         M$ID1               EQU       $87                 Module ID code byte one
     00CD             (            os9.d):00822         M$ID2               EQU       $CD                 Module ID code byte two
     87CD             (            os9.d):00823         M$ID12              EQU       M$ID1*256+M$ID2
                      (            os9.d):00824         
                      (            os9.d):00825         *
                      (            os9.d):00826         * Module Type/Language Field Masks
                      (            os9.d):00827         *
     00F0             (            os9.d):00828         TypeMask            EQU       %11110000           Type Field
     000F             (            os9.d):00829         LangMask            EQU       %00001111           Language Field
                      (            os9.d):00830         
                      (            os9.d):00831         *
                      (            os9.d):00832         * Module Type Values
                      (            os9.d):00833         *
     00F0             (            os9.d):00834         Devic               EQU       $F0                 Device Descriptor Module
     00E0             (            os9.d):00835         Drivr               EQU       $E0                 Physical Device Driver
     00D0             (            os9.d):00836         FlMgr               EQU       $D0                 File Manager
     00C0             (            os9.d):00837         Systm               EQU       $C0                 System Module
     0050             (            os9.d):00838         ShellSub            EQU       $50                 Shell+ shell sub module
     0040             (            os9.d):00839         Data                EQU       $40                 Data Module
     0030             (            os9.d):00840         Multi               EQU       $30                 Multi-Module
     0020             (            os9.d):00841         Sbrtn               EQU       $20                 Subroutine Module
     0010             (            os9.d):00842         Prgrm               EQU       $10                 Program Module
                      (            os9.d):00843         
                      (            os9.d):00844         *
                      (            os9.d):00845         * Module Language Values
                      (            os9.d):00846         *
     0001             (            os9.d):00847         Objct               EQU       1                   6809 Object Code Module
     0002             (            os9.d):00848         ICode               EQU       2                   Basic09 I-code
     0003             (            os9.d):00849         PCode               EQU       3                   Pascal P-code
     0004             (            os9.d):00850         CCode               EQU       4                   C I-code
     0005             (            os9.d):00851         CblCode             EQU       5                   Cobol I-code
     0006             (            os9.d):00852         FrtnCode            EQU       6                   Fortran I-code
     0007             (            os9.d):00853         Obj6309             EQU       7                   6309 object code
                      (            os9.d):00854         *
                      (            os9.d):00855         * Module Attributes / Revision byte
                      (            os9.d):00856         *
                      (            os9.d):00857         * Field Masks
                      (            os9.d):00858         *
     00F0             (            os9.d):00859         AttrMask            EQU       %11110000           Attributes Field
     000F             (            os9.d):00860         RevsMask            EQU       %00001111           Revision Level Field
                      (            os9.d):00861         *
                      (            os9.d):00862         * Attribute Flags
                      (            os9.d):00863         *
     0080             (            os9.d):00864         ReEnt               EQU       %10000000           Re-Entrant Module
     0040             (            os9.d):00865         ModProt             EQU       %01000000           Gimix Module protect bit (0=protected, 1=write enable)
     0020             (            os9.d):00866         ModNat              EQU       %00100000           6309 native mode attribute
     0040             (            os9.d):00867         BufWrits            EQU       ModProt             SCF buffered read supported (Coco only at this point)
     0010             (            os9.d):00868         BufReads            EQU       %00010000           SCF buffered write supported (Coco only at this point)
                      (            os9.d):00869         * LCB - propose we add Buffered Read/Buffered Write attribute bits for Coco (in descriptors and
                      (            os9.d):00870         *   drivers for SCF), with one of them replacing ModProt. SCF would check Read/ReadLn and Write/WritLn
                      (            os9.d):00871         *   calls, and if both the driver and descriptor have the appropriate bit set, it would do buffered 32
                      (            os9.d):00872         *   byte (for now) reads/writes like the Grfdrv write call does now, for all bytes that are ASCII >$1F
                      (            os9.d):00873         *   (ie non-control chars, which need special processing)
                      (            os9.d):00874         
                      (            os9.d):00875         
                      (            os9.d):00876         ********************
                      (            os9.d):00877         * Device Type Values
                      (            os9.d):00878         *
                      (            os9.d):00879         * These values define various classes of devices, which are
                      (            os9.d):00880         * managed by a file manager module.  The Device Type is embedded
                      (            os9.d):00881         * in a device's device descriptor.
                      (            os9.d):00882         *
     0000             (            os9.d):00883         DT.SCF              EQU       0                   Sequential Character File Manager
     0001             (            os9.d):00884         DT.RBF              EQU       1                   Random Block File Manager
     0002             (            os9.d):00885         DT.Pipe             EQU       2                   Pipe File Manager
     0003             (            os9.d):00886         DT.SBF              EQU       3                   Sequential Block File Manager
     0004             (            os9.d):00887         DT.NFM              EQU       4                   Network File Manager
     0005             (            os9.d):00888         DT.CDFM             EQU       5                   CD-ROM File Manager
     0006             (            os9.d):00889         DT.RFM              EQU       6                   Remote File Manager
                      (            os9.d):00890         
                      (            os9.d):00891         *********************
                      (            os9.d):00892         * CRC Result Constant
                      (            os9.d):00893         *
     0080             (            os9.d):00894         CRCCon1             EQU       $80
     0FE3             (            os9.d):00895         CRCCon23            EQU       $0FE3
                      (            os9.d):00896         
                      (            os9.d):00897                             TTL       Process             Information
                      (            os9.d):00898                             PAG
                      (            os9.d):00899         ********************************
                      (            os9.d):00900         * Process Descriptor Definitions
                      (            os9.d):00901         *
                      (            os9.d):00902                             IFEQ      Level-1
                      (            os9.d):00903         
                      (            os9.d):00904         * Level 1 process descriptor defs
     000C             (            os9.d):00905         DefIOSiz            EQU       12
     0010             (            os9.d):00906         NumPaths            EQU       16                  Number of Local Paths
                      (            os9.d):00907         
                      (            os9.d):00908                             ORG       0
0000                  (            os9.d):00909         P$ID                RMB       1                   Process ID
0001                  (            os9.d):00910         P$PID               RMB       1                   Parent's ID
0002                  (            os9.d):00911         P$SID               RMB       1                   Sibling's ID
0003                  (            os9.d):00912         P$CID               RMB       1                   Child's ID
0004                  (            os9.d):00913         P$SP                RMB       2                   Stack ptr
0006                  (            os9.d):00914         P$CHAP              RMB       1                   process chapter number
0007                  (            os9.d):00915         P$ADDR              RMB       1                   user address beginning page number
0008                  (            os9.d):00916         P$PagCnt            RMB       1                   Memory Page Count
0009                  (            os9.d):00917         P$User              RMB       2                   User Index $09
000B                  (            os9.d):00918         P$Prior             RMB       1                   Priority $0B
000C                  (            os9.d):00919         P$Age               RMB       1                   Age $0C
000D                  (            os9.d):00920         P$State             RMB       1                   Status $0D
000E                  (            os9.d):00921         P$Queue             RMB       2                   Queue Link (Process ptr) $0E
0010                  (            os9.d):00922         P$IOQP              RMB       1                   Previous I/O Queue Link (Process ID) $10
0011                  (            os9.d):00923         P$IOQN              RMB       1                   Next     I/O Queue Link (Process ID)
0012                  (            os9.d):00924         P$PModul            RMB       2                   Primary Module
0014                  (            os9.d):00925         P$SWI               RMB       2                   SWI Entry Point
0016                  (            os9.d):00926         P$SWI2              RMB       2                   SWI2 Entry Point
0018                  (            os9.d):00927         P$SWI3              RMB       2                   SWI3 Entry Point $18
001A                  (            os9.d):00928         P$DIO               RMB       DefIOSiz            default I/O ptrs $1A
0026                  (            os9.d):00929         P$PATH              RMB       NumPaths            I/O path table $26
0036                  (            os9.d):00930         P$Signal            RMB       1                   Signal Code $36
0037                  (            os9.d):00931         P$SigVec            RMB       2                   Signal Intercept Vector
0039                  (            os9.d):00932         P$SigDat            RMB       2                   Signal Intercept Data Address
003B                  (            os9.d):00933         P$NIO               RMB       4                   additional dio pointers for net
003F                  (            os9.d):00934                             RMB       $40-.               unused
     0040             (            os9.d):00935         P$Size              EQU       .                   Size of Process Descriptor
                      (            os9.d):00936         
                      (            os9.d):00937         *
                      (            os9.d):00938         * Process State Flags
                      (            os9.d):00939         *
     0080             (            os9.d):00940         SysState            EQU       %10000000
     0040             (            os9.d):00941         TimSleep            EQU       %01000000
     0020             (            os9.d):00942         TimOut              EQU       %00100000
     0010             (            os9.d):00943         ImgChg              EQU       %00010000
     0002             (            os9.d):00944         Condem              EQU       %00000010
     0001             (            os9.d):00945         Dead                EQU       %00000001
                      (            os9.d):00946         
                      (            os9.d):00947                             ELSE
                      (            os9.d):00948         
                      (            os9.d):00949         * Level 2 process descriptor defs
0040                  (            os9.d):00950         DefIOSiz            EQU       16                  Default I/O Data Length
0040                  (            os9.d):00951         NefIOSiz            EQU       12                  On-Net Default I/O Data Length
0040                  (            os9.d):00952         NumPaths            EQU       16                  Number of Local Paths
                      (            os9.d):00953         
                      (            os9.d):00954                             ORG       0
0040                  (            os9.d):00955         P$ID                RMB       1                   Process ID
0040                  (            os9.d):00956         P$PID               RMB       1                   Parent's ID
0040                  (            os9.d):00957         P$SID               RMB       1                   Sibling's ID
0040                  (            os9.d):00958         P$CID               RMB       1                   Child's ID
0040                  (            os9.d):00959         P$SP                RMB       2                   Stack ptr
0040                  (            os9.d):00960         P$Task              RMB       1                   Task Number
0040                  (            os9.d):00961         P$PagCnt            RMB       1                   Memory Page Count
0040                  (            os9.d):00962         P$User              RMB       2                   User Index
0040                  (            os9.d):00963         P$Prior             RMB       1                   Priority
0040                  (            os9.d):00964         P$Age               RMB       1                   Age
0040                  (            os9.d):00965         P$State             RMB       1                   Status
0040                  (            os9.d):00966         P$Queue             RMB       2                   Queue Link (Process ptr)
0040                  (            os9.d):00967         P$IOQP              RMB       1                   Previous I/O Queue Link (Process ID)
0040                  (            os9.d):00968         P$IOQN              RMB       1                   Next I/O Queue Link (Process ID)
0040                  (            os9.d):00969         P$PModul            RMB       2                   Primary Module
0040                  (            os9.d):00970         P$SWI               RMB       2                   SWI Entry Point
0040                  (            os9.d):00971         P$SWI2              RMB       2                   SWI2 Entry Point
0040                  (            os9.d):00972         P$SWI3              RMB       2                   SWI3 Entry Point
0040                  (            os9.d):00973         P$Signal            RMB       1                   Signal Code
0040                  (            os9.d):00974         P$SigVec            RMB       2                   Signal Intercept Vector
0040                  (            os9.d):00975         P$SigDat            RMB       2                   Signal Intercept Data Address
0040                  (            os9.d):00976         P$DeadLk            RMB       1                   Dominant proc ID if I/O locked
                      (            os9.d):00977                             RMB       $20-.               unused
0040                  (            os9.d):00978         P$DIO               RMB       DefIOSiz            Default I/O ptrs
0040                  (            os9.d):00979         P$Path              RMB       NumPaths            I/O Path Table
0040                  (            os9.d):00980         P$DATImg            RMB       64                  DAT Image
0040                  (            os9.d):00981         P$Links             RMB       32                  Block Link counts
0040                  (            os9.d):00982         P$NIO               RMB       6*2                 additional DIO ptrs for net, compatible  with 68k
0040                  (            os9.d):00983         P$SelP              RMB       1                   Selected Path for COCO Windows (Default 0)
0040                  (            os9.d):00984         P$UTicks            RMB       4                   proc User Tick counter        (L2V3)
0040                  (            os9.d):00985         P$STicks            RMB       4                   proc System Tick counter      (L2V3)
0040                  (            os9.d):00986         P$FCalls            RMB       4                   proc F$ call counter          (L2V3)
0040                  (            os9.d):00987         P$ICalls            RMB       4                   proc I$ call counter          (L2V3)
0040                  (            os9.d):00988         P$DatBeg            RMB       3                   proc Date of creation (Y/M/D) (L2V3)
0040                  (            os9.d):00989         P$TimBeg            RMB       3                   proc Time of creation (H/M/S) (L2V3)
0040                  (            os9.d):00990         P$Alarm             RMB       6
                      (            os9.d):00991                             RMB       $200-.              Local stack
0040                  (            os9.d):00992         P$Stack             EQU       .                   Top of Stack
0040                  (            os9.d):00993         P$Size              EQU       .                   Size of Process Descriptor
                      (            os9.d):00994         
                      (            os9.d):00995         *
                      (            os9.d):00996         * Process State Flags
                      (            os9.d):00997         *
0040                  (            os9.d):00998         SysState            EQU       %10000000
0040                  (            os9.d):00999         TimSleep            EQU       %01000000
0040                  (            os9.d):01000         TimOut              EQU       %00100000
0040                  (            os9.d):01001         ImgChg              EQU       %00010000
0040                  (            os9.d):01002         Suspend             EQU       %00001000
0040                  (            os9.d):01003         Condem              EQU       %00000010
0040                  (            os9.d):01004         Dead                EQU       %00000001
                      (            os9.d):01005         
                      (            os9.d):01006                             ENDC
                      (            os9.d):01007         
                      (            os9.d):01008                             TTL       NitrOS-9            I/O Symbolic Definitions
                      (            os9.d):01009                             PAG
                      (            os9.d):01010         *************************
                      (            os9.d):01011         * Path Descriptor Offsets
                      (            os9.d):01012         *
                      (            os9.d):01013                             ORG       0
0000                  (            os9.d):01014         PD.PD               RMB       1                   Path Number
0001                  (            os9.d):01015         PD.MOD              RMB       1                   Mode (Read/Write/Update)
0002                  (            os9.d):01016         PD.CNT              RMB       1                   Number of Open Images
0003                  (            os9.d):01017         PD.DEV              RMB       2                   Device Table Entry Address
0005                  (            os9.d):01018         PD.CPR              RMB       1                   Current Process
0006                  (            os9.d):01019         PD.RGS              RMB       2                   Caller's Register Stack
0008                  (            os9.d):01020         PD.BUF              RMB       2                   Buffer Address
000A                  (            os9.d):01021         PD.FST              RMB       32-.                File Manager's Storage
     0020             (            os9.d):01022         PD.OPT              EQU       .                   PD GetSts(0) Options
0020                  (            os9.d):01023         PD.DTP              RMB       1                   Device Type
0021                  (            os9.d):01024                             RMB       64-.                Path options
     0040             (            os9.d):01025         PDSIZE              EQU       .
                      (            os9.d):01026         
                      (            os9.d):01027         *
                      (            os9.d):01028         * Pathlist Special Symbols
                      (            os9.d):01029         *
     002F             (            os9.d):01030         PDELIM              EQU       '/                  Pathlist Name Separator
     002E             (            os9.d):01031         PDIR                EQU       '.                  Directory
     0040             (            os9.d):01032         PENTIR              EQU       '@                  Entire Device
                      (            os9.d):01033         
                      (            os9.d):01034                             PAG
                      (            os9.d):01035         ****************************
                      (            os9.d):01036         * File Manager Entry Offsets
                      (            os9.d):01037         *
                      (            os9.d):01038                             ORG       0
0000                  (            os9.d):01039         FMCREA              RMB       3                   Create (Open New) File
0003                  (            os9.d):01040         FMOPEN              RMB       3                   Open File
0006                  (            os9.d):01041         FMMDIR              RMB       3                   Make Directory
0009                  (            os9.d):01042         FMCDIR              RMB       3                   Change Directory
000C                  (            os9.d):01043         FMDLET              RMB       3                   Delete File
000F                  (            os9.d):01044         FMSEEK              RMB       3                   Position File
0012                  (            os9.d):01045         FMREAD              RMB       3                   Read from File
0015                  (            os9.d):01046         FMWRIT              RMB       3                   Write to File
0018                  (            os9.d):01047         FMRDLN              RMB       3                   ReadLn
001B                  (            os9.d):01048         FMWRLN              RMB       3                   WritLn
001E                  (            os9.d):01049         FMGSTA              RMB       3                   Get File Status
0021                  (            os9.d):01050         FMSSTA              RMB       3                   Set File Status
0024                  (            os9.d):01051         FMCLOS              RMB       3                   Close File
                      (            os9.d):01052         
                      (            os9.d):01053         *****************************
                      (            os9.d):01054         * Device Driver Entry Offsets
                      (            os9.d):01055         *
                      (            os9.d):01056                             ORG       0
0000                  (            os9.d):01057         D$INIT              RMB       3                   Device Initialization
0003                  (            os9.d):01058         D$READ              RMB       3                   Read from Device
0006                  (            os9.d):01059         D$WRIT              RMB       3                   Write to Device
0009                  (            os9.d):01060         D$GSTA              RMB       3                   Get Device Status
000C                  (            os9.d):01061         D$PSTA              RMB       3                   Put Device Status
000F                  (            os9.d):01062         D$TERM              RMB       3                   Device Termination
                      (            os9.d):01063         
                      (            os9.d):01064         *********************
                      (            os9.d):01065         * Device Table Format
                      (            os9.d):01066         *
                      (            os9.d):01067                             ORG       0
0000                  (            os9.d):01068         V$DRIV              RMB       2                   Device Driver module
0002                  (            os9.d):01069         V$STAT              RMB       2                   Device Driver Static storage
0004                  (            os9.d):01070         V$DESC              RMB       2                   Device Descriptor module
0006                  (            os9.d):01071         V$FMGR              RMB       2                   File Manager module
0008                  (            os9.d):01072         V$USRS              RMB       1                   use count
                      (            os9.d):01073                             IFGT      Level-1
0009                  (            os9.d):01074         V$DRIVEX            RMB       2                   Device Driver execution address
0009                  (            os9.d):01075         V$FMGREX            RMB       2                   File Manager execution address
                      (            os9.d):01076                             ENDC
     0009             (            os9.d):01077         DEVSIZ              EQU       .
                      (            os9.d):01078         
                      (            os9.d):01079         *******************************
                      (            os9.d):01080         * Device Static Storage Offsets
                      (            os9.d):01081         *
                      (            os9.d):01082                             ORG       0
0000                  (            os9.d):01083         V.PAGE              RMB       1                   Port Extended Address
0001                  (            os9.d):01084         V.PORT              RMB       2                   Device 'Base' Port Address
0003                  (            os9.d):01085         V.LPRC              RMB       1                   Last Active Process ID
0004                  (            os9.d):01086         V.BUSY              RMB       1                   Active Process ID (0=UnBusy)
0005                  (            os9.d):01087         V.WAKE              RMB       1                   Active PD if Driver MUST Wake-up
     0006             (            os9.d):01088         V.USER              EQU       .                   Driver Allocation Origin
                      (            os9.d):01089         
                      (            os9.d):01090         ********************************
                      (            os9.d):01091         * Interrupt Polling Table Format
                      (            os9.d):01092         *
                      (            os9.d):01093                             ORG       0
0000                  (            os9.d):01094         Q$POLL              RMB       2                   Absolute Polling Address
0002                  (            os9.d):01095         Q$FLIP              RMB       1                   Flip (EOR) Byte ..normally Zero
0003                  (            os9.d):01096         Q$MASK              RMB       1                   Polling Mask (after Flip)
0004                  (            os9.d):01097         Q$SERV              RMB       2                   Absolute Service routine Address
0006                  (            os9.d):01098         Q$STAT              RMB       2                   Static Storage Address
0008                  (            os9.d):01099         Q$PRTY              RMB       1                   Priority (Low Numbers=Top Priority)
                      (            os9.d):01100                             IFGT      Level-1
0009                  (            os9.d):01101         Q$MAP               RMB       2                   NitrOS-9 Level 2 and above
                      (            os9.d):01102                             ENDC
     0009             (            os9.d):01103         POLSIZ              EQU       .
                      (            os9.d):01104         
                      (            os9.d):01105         ********************
                      (            os9.d):01106         * VIRQ packet format
                      (            os9.d):01107         *
                      (            os9.d):01108                             ORG       0
0000                  (            os9.d):01109         Vi.Cnt              RMB       2                   count down counter
0002                  (            os9.d):01110         Vi.Rst              RMB       2                   reset value for counter
0004                  (            os9.d):01111         Vi.Stat             RMB       1                   status byte
     0005             (            os9.d):01112         Vi.PkSz             EQU       .
                      (            os9.d):01113         
     0001             (            os9.d):01114         Vi.IFlag            EQU       %00000001           status byte virq flag
                      (            os9.d):01115         
                      (            os9.d):01116                             PAG
                      (            os9.d):01117         *************************************
                      (            os9.d):01118         * Machine Characteristics Definitions
                      (            os9.d):01119         *
     0000             (            os9.d):01120         R$CC                EQU       0                   Condition Codes register
     0001             (            os9.d):01121         R$A                 EQU       1                   A Accumulator
     0002             (            os9.d):01122         R$B                 EQU       2                   B Accumulator
     0001             (            os9.d):01123         R$D                 EQU       R$A                 Combined A:B Accumulator
                      (            os9.d):01124                             IFNE      H6309
0005                  (            os9.d):01125         R$E                 EQU       3                   E Accumulator
0005                  (            os9.d):01126         R$F                 EQU       4                   F Accumulator
0005                  (            os9.d):01127         R$W                 EQU       R$E                 Combined E:F Accumulator
0005                  (            os9.d):01128         R$Q                 EQU       R$A                 Combined A:B:E:F Accumulator
0005                  (            os9.d):01129         R$DP                EQU       5                   Direct Page register
0005                  (            os9.d):01130         R$X                 EQU       6                   X Index register
0005                  (            os9.d):01131         R$Y                 EQU       8                   Y Index register
0005                  (            os9.d):01132         R$U                 EQU       10                  User Stack register
0005                  (            os9.d):01133         R$PC                EQU       12                  Program Counter register
0005                  (            os9.d):01134         R$Size              EQU       14                  Total register package size
                      (            os9.d):01135                             ELSE
     0003             (            os9.d):01136         R$DP                EQU       3                   Direct Page register
     0004             (            os9.d):01137         R$X                 EQU       4                   X Index register
     0006             (            os9.d):01138         R$Y                 EQU       6                   Y Index register
     0008             (            os9.d):01139         R$U                 EQU       8                   User Stack register
     000A             (            os9.d):01140         R$PC                EQU       10                  Program Counter register
     000C             (            os9.d):01141         R$Size              EQU       12                  Total register package size
                      (            os9.d):01142                             ENDC
                      (            os9.d):01143         
                      (            os9.d):01144         * MD register masks
                      (            os9.d):01145         * 6309 definitions
     0080             (            os9.d):01146         DIV0                EQU       %10000000           division by 0 trap flag       : 1 = trap occured
     0040             (            os9.d):01147         badinstr            EQU       %01000000           illegal instruction trap flag : 1 = trap occured
                      (            os9.d):01148         
     0080             (            os9.d):01149         Entire              EQU       %10000000           Full Register Stack flag
     0040             (            os9.d):01150         FIRQMask            EQU       %01000000           Fast-Interrupt Mask bit
     0020             (            os9.d):01151         HalfCrry            EQU       %00100000           Half Carry flag
     0010             (            os9.d):01152         IRQMask             EQU       %00010000           Interrupt Mask bit
     0008             (            os9.d):01153         Negative            EQU       %00001000           Negative flag
     0004             (            os9.d):01154         Zero                EQU       %00000100           Zero flag
     0002             (            os9.d):01155         TwosOvfl            EQU       %00000010           Two's Comp Overflow flag
     0001             (            os9.d):01156         Carry               EQU       %00000001           Carry bit
     0050             (            os9.d):01157         IntMasks            EQU       IRQMask+FIRQMask
     0080             (            os9.d):01158         Sign                EQU       %10000000           sign bit
                      (            os9.d):01159         
                      (            os9.d):01160                             TTL       Error               Code Definitions
                      (            os9.d):01161                             PAG
                      (            os9.d):01162         ************************
                      (            os9.d):01163         * Error Code Definitions
                      (            os9.d):01164         *
                      (            os9.d):01165         * Basic09 Error Codes
                      (            os9.d):01166         *
                      (            os9.d):01167                             ORG       10
000A                  (            os9.d):01168         E$UnkSym            RMB       1                   Unknown symbol
000B                  (            os9.d):01169         E$ExcVrb            RMB       1                   Excessive verbage
000C                  (            os9.d):01170         E$IllStC            RMB       1                   Illegal statement construction
000D                  (            os9.d):01171         E$ICOvf             RMB       1                   I-code overflow
000E                  (            os9.d):01172         E$IChRef            RMB       1                   Illegal channel reference
000F                  (            os9.d):01173         E$IllMod            RMB       1                   Illegal mode
0010                  (            os9.d):01174         E$IllNum            RMB       1                   Illegal number
0011                  (            os9.d):01175         E$IllPrf            RMB       1                   Illegal prefix
0012                  (            os9.d):01176         E$IllOpd            RMB       1                   Illegal operand
0013                  (            os9.d):01177         E$IllOpr            RMB       1                   Illegal operator
0014                  (            os9.d):01178         E$IllRFN            RMB       1                   Illegal record field name
0015                  (            os9.d):01179         E$IllDim            RMB       1                   Illegal dimension
0016                  (            os9.d):01180         E$IllLit            RMB       1                   Illegal literal
0017                  (            os9.d):01181         E$IllRet            RMB       1                   Illegal relational
0018                  (            os9.d):01182         E$IllSfx            RMB       1                   Illegal type suffix
0019                  (            os9.d):01183         E$DimLrg            RMB       1                   Dimension too large
001A                  (            os9.d):01184         E$LinLrg            RMB       1                   Line number too large
001B                  (            os9.d):01185         E$NoAssg            RMB       1                   Missing assignment statement
001C                  (            os9.d):01186         E$NoPath            RMB       1                   Missing path number
001D                  (            os9.d):01187         E$NoComa            RMB       1                   Missing coma
001E                  (            os9.d):01188         E$NoDim             RMB       1                   Missing dimension
001F                  (            os9.d):01189         E$NoDO              RMB       1                   Missing DO statement
0020                  (            os9.d):01190         E$MFull             RMB       1                   Memory full
0021                  (            os9.d):01191         E$NoGoto            RMB       1                   Missing GOTO
0022                  (            os9.d):01192         E$NoLPar            RMB       1                   Missing left parenthesis
0023                  (            os9.d):01193         E$NoLRef            RMB       1                   Missing line reference
0024                  (            os9.d):01194         E$NoOprd            RMB       1                   Missing operand
0025                  (            os9.d):01195         E$NoRPar            RMB       1                   Missing right parenthesis
0026                  (            os9.d):01196         E$NoTHEN            RMB       1                   Missing THEN statement
0027                  (            os9.d):01197         E$NoTO              RMB       1                   Missing TO statement
0028                  (            os9.d):01198         E$NoVRef            RMB       1                   Missing variable reference
0029                  (            os9.d):01199         E$EndQou            RMB       1                   Missing end quote
002A                  (            os9.d):01200         E$SubLrg            RMB       1                   Too many subscripts
002B                  (            os9.d):01201         E$UnkPrc            RMB       1                   Unknown procedure
002C                  (            os9.d):01202         E$MulPrc            RMB       1                   Multiply defined procedure
002D                  (            os9.d):01203         E$DivZer            RMB       1                   Divice by zero
002E                  (            os9.d):01204         E$TypMis            RMB       1                   Operand type mismatch
002F                  (            os9.d):01205         E$StrOvf            RMB       1                   String stack overflow
0030                  (            os9.d):01206         E$NoRout            RMB       1                   Unimplemented routine
0031                  (            os9.d):01207         E$UndVar            RMB       1                   Undefined variable
0032                  (            os9.d):01208         E$FltOvf            RMB       1                   Floating Overflow
0033                  (            os9.d):01209         E$LnComp            RMB       1                   Line with compiler error
0034                  (            os9.d):01210         E$ValRng            RMB       1                   Value out of range for destination
0035                  (            os9.d):01211         E$SubOvf            RMB       1                   Subroutine stack overflow
0036                  (            os9.d):01212         E$SubUnd            RMB       1                   Subroutine stack underflow
0037                  (            os9.d):01213         E$SubRng            RMB       1                   Subscript out of range
0038                  (            os9.d):01214         E$ParmEr            RMB       1                   Paraemter error
0039                  (            os9.d):01215         E$SysOvf            RMB       1                   System stack overflow
003A                  (            os9.d):01216         E$IOMism            RMB       1                   I/O type mismatch
003B                  (            os9.d):01217         E$IONum             RMB       1                   I/O numeric input format bad
003C                  (            os9.d):01218         E$IOConv            RMB       1                   I/O conversion: number out of range
003D                  (            os9.d):01219         E$IllInp            RMB       1                   Illegal input format
003E                  (            os9.d):01220         E$IOFRpt            RMB       1                   I/O format repeat error
003F                  (            os9.d):01221         E$IOFSyn            RMB       1                   I/O format syntax error
0040                  (            os9.d):01222         E$IllPNm            RMB       1                   Illegal path number
0041                  (            os9.d):01223         E$WrSub             RMB       1                   Wrong number of subscripts
0042                  (            os9.d):01224         E$NonRcO            RMB       1                   Non-record type operand
0043                  (            os9.d):01225         E$IllA              RMB       1                   Illegal argument
0044                  (            os9.d):01226         E$IllCnt            RMB       1                   Illegal control structure
0045                  (            os9.d):01227         E$UnmCnt            RMB       1                   Unmatched control structure
0046                  (            os9.d):01228         E$IllFOR            RMB       1                   Illegal FOR variable
0047                  (            os9.d):01229         E$IllExp            RMB       1                   Illegal expression type
0048                  (            os9.d):01230         E$IllDec            RMB       1                   Illegal declarative statement
0049                  (            os9.d):01231         E$ArrOvf            RMB       1                   Array size overflow
004A                  (            os9.d):01232         E$UndLin            RMB       1                   Undefined line number
004B                  (            os9.d):01233         E$MltLin            RMB       1                   Multiply defined line number
004C                  (            os9.d):01234         E$MltVar            RMB       1                   Multiply defined variable
004D                  (            os9.d):01235         E$IllIVr            RMB       1                   Illegal input variable
004E                  (            os9.d):01236         E$SeekRg            RMB       1                   Seek out of range
004F                  (            os9.d):01237         E$NoData            RMB       1                   Missing data statement
                      (            os9.d):01238         
                      (            os9.d):01239         *
                      (            os9.d):01240         * System Dependent Error Codes
                      (            os9.d):01241         *
                      (            os9.d):01242         
                      (            os9.d):01243         * Level 2 windowing error codes
                      (            os9.d):01244                             ORG       183
00B7                  (            os9.d):01245         E$IWTyp             RMB       1                   Illegal window type
00B8                  (            os9.d):01246         E$WADef             RMB       1                   Window already defined
00B9                  (            os9.d):01247         E$NFont             RMB       1                   Font not found
00BA                  (            os9.d):01248         E$StkOvf            RMB       1                   Stack overflow
00BB                  (            os9.d):01249         E$IllArg            RMB       1                   Illegal argument
00BC                  (            os9.d):01250                             RMB       1                   reserved
00BD                  (            os9.d):01251         E$ICoord            RMB       1                   Illegal coordinates
00BE                  (            os9.d):01252         E$Bug               RMB       1                   Bug (should never be returned)
00BF                  (            os9.d):01253         E$BufSiz            RMB       1                   Buffer size is too small
00C0                  (            os9.d):01254         E$IllCmd            RMB       1                   Illegal command
00C1                  (            os9.d):01255         E$TblFul            RMB       1                   Screen or window table is full
00C2                  (            os9.d):01256         E$BadBuf            RMB       1                   Bad/Undefined buffer number
00C3                  (            os9.d):01257         E$IWDef             RMB       1                   Illegal window definition
00C4                  (            os9.d):01258         E$WUndef            RMB       1                   Window undefined
                      (            os9.d):01259         
00C5                  (            os9.d):01260         E$Up                RMB       1                   Up arrow pressed on SCF I$ReadLn with PD.UP enabled
00C6                  (            os9.d):01261         E$Dn                RMB       1                   Down arrow pressed on SCF I$ReadLn with PD.DOWN enabled
00C7                  (            os9.d):01262         E$Alias             RMB       1
                      (            os9.d):01263         
                      (            os9.d):01264         
                      (            os9.d):01265         *
                      (            os9.d):01266         * Standard NitrOS-9 Error Codes
                      (            os9.d):01267         *
                      (            os9.d):01268                             ORG       200
00C8                  (            os9.d):01269         E$PthFul            RMB       1                   Path Table full
00C9                  (            os9.d):01270         E$BPNum             RMB       1                   Bad Path Number
00CA                  (            os9.d):01271         E$Poll              RMB       1                   Polling Table Full
00CB                  (            os9.d):01272         E$BMode             RMB       1                   Bad Mode
00CC                  (            os9.d):01273         E$DevOvf            RMB       1                   Device Table Overflow
00CD                  (            os9.d):01274         E$BMID              RMB       1                   Bad Module ID
00CE                  (            os9.d):01275         E$DirFul            RMB       1                   Module Directory Full
00CF                  (            os9.d):01276         E$MemFul            RMB       1                   Process Memory Full
00D0                  (            os9.d):01277         E$UnkSvc            RMB       1                   Unknown Service Code
00D1                  (            os9.d):01278         E$ModBsy            RMB       1                   Module Busy
00D2                  (            os9.d):01279         E$BPAddr            RMB       1                   Bad Page Address
00D3                  (            os9.d):01280         E$EOF               RMB       1                   End of File
00D4                  (            os9.d):01281                             RMB       1
00D5                  (            os9.d):01282         E$NES               RMB       1                   Non-Existing Segment
00D6                  (            os9.d):01283         E$FNA               RMB       1                   File Not Accesible
00D7                  (            os9.d):01284         E$BPNam             RMB       1                   Bad Path Name
00D8                  (            os9.d):01285         E$PNNF              RMB       1                   Path Name Not Found
00D9                  (            os9.d):01286         E$SLF               RMB       1                   Segment List Full
00DA                  (            os9.d):01287         E$CEF               RMB       1                   Creating Existing File
00DB                  (            os9.d):01288         E$IBA               RMB       1                   Illegal Block Address
00DC                  (            os9.d):01289         E$HangUp            RMB       1                   Carrier Detect Lost
00DD                  (            os9.d):01290         E$MNF               RMB       1                   Module Not Found
00DE                  (            os9.d):01291                             RMB       1
00DF                  (            os9.d):01292         E$DelSP             RMB       1                   Deleting Stack Pointer memory
00E0                  (            os9.d):01293         E$IPrcID            RMB       1                   Illegal Process ID
     00E0             (            os9.d):01294         E$BPrcID            EQU       E$IPrcID            Bad Process ID (formerly #238)
00E1                  (            os9.d):01295                             RMB       1
00E2                  (            os9.d):01296         E$NoChld            RMB       1                   No Children
00E3                  (            os9.d):01297         E$ISWI              RMB       1                   Illegal SWI code
00E4                  (            os9.d):01298         E$PrcAbt            RMB       1                   Process Aborted
00E5                  (            os9.d):01299         E$PrcFul            RMB       1                   Process Table Full
00E6                  (            os9.d):01300         E$IForkP            RMB       1                   Illegal Fork Parameter
00E7                  (            os9.d):01301         E$KwnMod            RMB       1                   Known Module
00E8                  (            os9.d):01302         E$BMCRC             RMB       1                   Bad Module CRC
00E9                  (            os9.d):01303         E$USigP             RMB       1                   Unprocessed Signal Pending
00EA                  (            os9.d):01304         E$NEMod             RMB       1                   Non Existing Module
00EB                  (            os9.d):01305         E$BNam              RMB       1                   Bad Name
00EC                  (            os9.d):01306         E$BMHP              RMB       1                   (bad module header parity)
00ED                  (            os9.d):01307         E$NoRAM             RMB       1                   No (System) RAM Available
00EE                  (            os9.d):01308         E$DNE               RMB       1                   Directory not empty
00EF                  (            os9.d):01309         E$NoTask            RMB       1                   No available Task number
                      (            os9.d):01310                             RMB       $F0-.               reserved
00F0                  (            os9.d):01311         E$Unit              RMB       1                   Illegal Unit (drive)
00F1                  (            os9.d):01312         E$Sect              RMB       1                   Bad Sector number
00F2                  (            os9.d):01313         E$WP                RMB       1                   Write Protect
00F3                  (            os9.d):01314         E$CRC               RMB       1                   Bad Check Sum
00F4                  (            os9.d):01315         E$Read              RMB       1                   Read Error
00F5                  (            os9.d):01316         E$Write             RMB       1                   Write Error
00F6                  (            os9.d):01317         E$NotRdy            RMB       1                   Device Not Ready
00F7                  (            os9.d):01318         E$Seek              RMB       1                   Seek Error
00F8                  (            os9.d):01319         E$Full              RMB       1                   Media Full
00F9                  (            os9.d):01320         E$BTyp              RMB       1                   Bad Type (incompatable) media
00FA                  (            os9.d):01321         E$DevBsy            RMB       1                   Device Busy
00FB                  (            os9.d):01322         E$DIDC              RMB       1                   Disk ID Change
00FC                  (            os9.d):01323         E$Lock              RMB       1                   Record is busy (locked out)
00FD                  (            os9.d):01324         E$Share             RMB       1                   Non-sharable file busy
00FE                  (            os9.d):01325         E$DeadLk            RMB       1                   I/O Deadlock error
                      (            os9.d):01326         
                      (            os9.d):01327         
                      (            os9.d):01328                             IFGT      Level-2
                      (            os9.d):01329         ***************************
                      (            os9.d):01330         * Level 3 Defs
                      (            os9.d):01331         *
                      (            os9.d):01332         * These definitions apply to NitrOS-9 Level 3
                      (            os9.d):01333         *
00FF                  (            os9.d):01334         L3.Start            EQU       $2000               Start off at slot 1
00FF                  (            os9.d):01335         L3.Size             EQU       $40                 Go for 64 pages: 2 slots total
00FF                  (            os9.d):01336         L3.Blks             EQU       L3.Size/$20         Number of slots
00FF                  (            os9.d):01337         L3.End              EQU       L3.Start+L3.Size*$0100 end of L3 memory
00FF                  (            os9.d):01338         L3.SCF              EQU       $0660               SCF block ptr
00FF                  (            os9.d):01339         L3.RBF              EQU       L3.SCF+1            RBF block ptr
                      (            os9.d):01340                             ENDC
                      (            os9.d):01341         
                      (            os9.d):01342                             ENDC
                      (         defsfile):00004                  use   scf.d
                      (            scf.d):00001                             IFNE      SCF.D-1
                      (            scf.d):00002         
     0001             (            scf.d):00003         SCF.D               SET       1
                      (            scf.d):00004         
                      (            scf.d):00005         ********************************************************************
                      (            scf.d):00006         * scf.d - Sequential Character File Manager Definitions
                      (            scf.d):00007         *
                      (            scf.d):00008         * SCF stands for 'Sequential Character Filemanager' and is a package of subroutines
                      (            scf.d):00009         * that define the logical structure of a serial device.
                      (            scf.d):00010         *
                      (            scf.d):00011         * The data structures in this file give SCF its 'personality' and are used
                      (            scf.d):00012         * by SCF itself, as well as applications that will require disk I/O.
                      (            scf.d):00013         *
                      (            scf.d):00014         * Edt/Rev  YYYY/MM/DD  Modified by
                      (            scf.d):00015         * Comment
                      (            scf.d):00016         * ------------------------------------------------------------------
                      (            scf.d):00017         *          1984/01/11  YO
                      (            scf.d):00018         * Added V.KANJI, V.KBUF, V.MODADR for new kanji input process.
                      (            scf.d):00019         *
                      (            scf.d):00020         *          1985/04/20  Mark G. Hawkins
                      (            scf.d):00021         * Added V.PDLHd Path Descriptor List Head.
                      (            scf.d):00022         *
                      (            scf.d):00023         *          1985/04/21  Mark G. Hawkins
                      (            scf.d):00024         * Added PD.PLP and PD.PST for modem handling.
                      (            scf.d):00025         *
                      (            scf.d):00026         *          1987/06/23  Kevin K. Darling
                      (            scf.d):00027         * Updated with Dev Desc info.
                      (            scf.d):00028         *
                      (            scf.d):00029         *          1998/10/03  Boisy G. Pitre
                      (            scf.d):00030         * Consolidated L1/L2 scfdefs.
                      (            scf.d):00031         *
                      (            scf.d):00032         *          2003/01/21  Boisy G. Pitre
                      (            scf.d):00033         * Added symbolics for enhanced SCF line editing.
                      (            scf.d):00034         *
                      (            scf.d):00035         *          2003/06/02  Boisy G. Pitre
                      (            scf.d):00036         * Updated comments for clarity.
                      (            scf.d):00037         *
                      (            scf.d):00038         *          2004/05/17  Boisy G. Pitre
                      (            scf.d):00039         * Added higher baud rates.
                      (            scf.d):00040         
                      (            scf.d):00041                             NAM       scf.d
                      (            scf.d):00042                             TTL       Sequential          File Manager Definitions
                      (            scf.d):00043         
                      (            scf.d):00044                             PAG
                      (            scf.d):00045         *******************************
                      (            scf.d):00046         * SCF Device Descriptor Offsets
                      (            scf.d):00047         *
                      (            scf.d):00048         * These definitions are for SCF device descriptors.
                      (            scf.d):00049         
                      (            scf.d):00050                             ORG       M$DTyp
0012                  (            scf.d):00051         IT.DVC              RMB       1                   Device type (DT.SCF)
0013                  (            scf.d):00052         IT.UPC              RMB       1                   Uppercase flag
0014                  (            scf.d):00053         IT.BSO              RMB       1                   Backspace behavior
0015                  (            scf.d):00054         IT.DLO              RMB       1                   Delete behavior
0016                  (            scf.d):00055         IT.EKO              RMB       1                   Echo flag
0017                  (            scf.d):00056         IT.ALF              RMB       1                   Auto linefeed flag
0018                  (            scf.d):00057         IT.NUL              RMB       1                   End-of-line null count
0019                  (            scf.d):00058         IT.PAU              RMB       1                   Page pause flag
001A                  (            scf.d):00059         IT.PAG              RMB       1                   Number of lines per page
001B                  (            scf.d):00060         IT.BSP              RMB       1                   Backspace character
001C                  (            scf.d):00061         IT.DEL              RMB       1                   Delete-line character
001D                  (            scf.d):00062         IT.EOR              RMB       1                   End-of-record character
001E                  (            scf.d):00063         IT.EOF              RMB       1                   End-of-file character
001F                  (            scf.d):00064         IT.RPR              RMB       1                   Reprint-line character
0020                  (            scf.d):00065         IT.DUP              RMB       1                   Duplicate-last-line character
0021                  (            scf.d):00066         IT.PSC              RMB       1                   Pause character
0022                  (            scf.d):00067         IT.INT              RMB       1                   Interrupt character
0023                  (            scf.d):00068         IT.QUT              RMB       1                   Quit character
0024                  (            scf.d):00069         IT.BSE              RMB       1                   Backspace echo character
0025                  (            scf.d):00070         IT.OVF              RMB       1                   Bell character
0026                  (            scf.d):00071         IT.PAR              RMB       1                   Parity
0027                  (            scf.d):00072         IT.BAU              RMB       1                   Baud rate
0028                  (            scf.d):00073         IT.D2P              RMB       2                   Attached device name string offset
002A                  (            scf.d):00074         IT.XON              RMB       1                   X-ON character
002B                  (            scf.d):00075         IT.XOFF             RMB       1                   X-OFF character
002C                  (            scf.d):00076         IT.COL              RMB       1                   Number of columns for display
002D                  (            scf.d):00077         IT.ROW              RMB       1                   Number of rows for display
002E                  (            scf.d):00078         IT.XTYP             RMB       1                   Extended type (added by BRI)
                      (            scf.d):00079         
                      (            scf.d):00080                             IFGT      Level-1
                      (            scf.d):00081         * Window Descriptor Additions
                      (            scf.d):00082         * For CoCo window, where IT.PAR = $80
                      (            scf.d):00083                             ORG       IT.ROW+1
002F                  (            scf.d):00084         IT.WND              RMB       1                   Window number (matches device name) ($2E)
002F                  (            scf.d):00085         IT.VAL              RMB       1                   Use defaults on Init (0=no, 1=yes)
002F                  (            scf.d):00086         IT.STY              RMB       1                   Screen type default
002F                  (            scf.d):00087         IT.CPX              RMB       1                   Column start default
002F                  (            scf.d):00088         IT.CPY              RMB       1                   Row start default
002F                  (            scf.d):00089         IT.FGC              RMB       1                   Foreground color default
002F                  (            scf.d):00090         IT.BGC              RMB       1                   Background color default
002F                  (            scf.d):00091         IT.BDC              RMB       1                   Border color default
                      (            scf.d):00092                             ENDC
                      (            scf.d):00093         
                      (            scf.d):00094         
                      (            scf.d):00095                             PAG
                      (            scf.d):00096         ********************
                      (            scf.d):00097         * SCF Static Storage
                      (            scf.d):00098         *
                      (            scf.d):00099         * SCF devices must reserve this space for SCF
                      (            scf.d):00100         *
                      (            scf.d):00101                             ORG       V.USER
0006                  (            scf.d):00102         V.TYPE              RMB       1                   Device type or parity
0007                  (            scf.d):00103         V.LINE              RMB       1                   Lines left until end of page
0008                  (            scf.d):00104         V.PAUS              RMB       1                   Immediate Pause request
0009                  (            scf.d):00105         V.DEV2              RMB       2                   Attached device's static
000B                  (            scf.d):00106         V.INTR              RMB       1                   Interrupt char
000C                  (            scf.d):00107         V.QUIT              RMB       1                   Quit char
000D                  (            scf.d):00108         V.PCHR              RMB       1                   Pause char
000E                  (            scf.d):00109         V.ERR               RMB       1                   Accumulated errors
000F                  (            scf.d):00110         V.XON               RMB       1                   X-On char
0010                  (            scf.d):00111         V.XOFF              RMB       1                   X-Off char
0011                  (            scf.d):00112         V.KANJI             RMB       1                   Kanji mode flag
0012                  (            scf.d):00113         V.KBUF              RMB       2                   Kana - Kanji convert routine work address
0014                  (            scf.d):00114         V.MODADR            RMB       2                   Kana - Kanji convert module address
0016                  (            scf.d):00115         V.PDLHd             RMB       2                   Open path descriptor list head pointer
0018                  (            scf.d):00116         V.RSV               RMB       5                   Reserve bytes for future expansion
     001D             (            scf.d):00117         V.SCF               EQU       .                   Total SCF manager static overhead
                      (            scf.d):00118         
                      (            scf.d):00119         
                      (            scf.d):00120                             PAG
                      (            scf.d):00121         ***********************
                      (            scf.d):00122         * Character Definitions
                      (            scf.d):00123         *
     0000             (            scf.d):00124         C$NULL              SET       0                   Null char
     0001             (            scf.d):00125         C$RPET              SET       $01                 (CTRL-A - SOH) Repeat last input line
     0003             (            scf.d):00126         C$INTR              SET       $03                 (CTRL-C - ETX) Keyboard interrupt
     0004             (            scf.d):00127         C$RPRT              SET       $04                 (CTRL-D - EOT) Reprint current input line
     0005             (            scf.d):00128         C$QUIT              SET       $05                 (CTRL-E - ENQ) Keyboard Abort
     0007             (            scf.d):00129         C$BELL              SET       $07                 (CTRL-G - BEL) Line overflow warning
     0008             (            scf.d):00130         C$BSP               SET       $08                 (CTRL-H - BS ) Back space
     0009             (            scf.d):00131         C$RARR              SET       $09                 Right Arrow
     0005             (            scf.d):00132         C$EL                SET       $05                 Erase Line
     000A             (            scf.d):00133         C$LF                SET       $0A                 Line feed
     000B             (            scf.d):00134         C$HOME              SET       $0B                 Home position Code
     0015             (            scf.d):00135         C$Clsgr             SET       $15                 Graphic screen clear (use FM-11)
     0016             (            scf.d):00136         C$Clsall            SET       $16                 Graphic & character clear (use FM-11)
     000D             (            scf.d):00137         C$CR                SET       $0D                 Carriage return
     000C             (            scf.d):00138         C$FORM              SET       $0C                 (CTRL-L - FF ) Form Feed ... screen clear
     000F             (            scf.d):00139         C$SI                SET       $0F                 Shift IN Code
     000E             (            scf.d):00140         C$SO                SET       $0E                 Shift OUT Code
     0010             (            scf.d):00141         C$DELETE            SET       $10                 Delete char (for SCF enhanced line editing)
     0011             (            scf.d):00142         C$XON               SET       $11                 (CTRL-Q - DC1) Transmit Enable
     0011             (            scf.d):00143         C$INSERT            SET       C$XON               Insert char (for SCF enhanced line editing)
     0013             (            scf.d):00144         C$XOFF              SET       $13                 (CTRL-S - DC3) Transmit Disable
     0013             (            scf.d):00145         C$PLINE             SET       C$XOFF              Print remaining line (for SCF enhanced line editing)
     0017             (            scf.d):00146         C$PAUS              SET       $17                 (CTRL-W - ETB) Pause character
     0018             (            scf.d):00147         C$DEL               SET       $18                 (CTRL-X - CAN) Delete line
     0019             (            scf.d):00148         C$SHRARR            SET       $19                 Shift Right-Arrow
     001B             (            scf.d):00149         C$EOF               SET       $1B                 (CTRL-[ - ESC) END of file
     001C             (            scf.d):00150         C$RGT               SET       $1C                 Cursor right
     001D             (            scf.d):00151         C$LFT               SET       $1D                 Cursor left
     001E             (            scf.d):00152         C$UP                SET       $1E                 Cursor up
     001F             (            scf.d):00153         C$DWN               SET       $1F                 Cursor down
     0020             (            scf.d):00154         C$SPAC              SET       $20                 Space
     002E             (            scf.d):00155         C$PERD              SET       '.
     002C             (            scf.d):00156         C$COMA              SET       ',
                      (            scf.d):00157         
                      (            scf.d):00158         
                      (            scf.d):00159                             PAG
                      (            scf.d):00160         *********************************************
                      (            scf.d):00161         * Sequential Character Path Descriptor Format
                      (            scf.d):00162         *
                      (            scf.d):00163         * A path descriptor is created for every new path that is open
                      (            scf.d):00164         * via the I$Open system call (processed by IOMan).  Process
                      (            scf.d):00165         * descriptors track state information of a path.
                      (            scf.d):00166         *
                      (            scf.d):00167                             ORG       PD.FST
000A                  (            scf.d):00168         PD.DV2              RMB       2                   Output device table pointer
000C                  (            scf.d):00169         PD.RAW              RMB       1                   Read/Write or ReadLn/WritLn mode
000D                  (            scf.d):00170         PD.MAX              RMB       2                   ReadLn high byte count
000F                  (            scf.d):00171         PD.MIN              RMB       1                   Devices are "mine" if clear
0010                  (            scf.d):00172         PD.STS              RMB       2                   Status routine module addr
0012                  (            scf.d):00173         PD.STM              RMB       2                   Reserved for status routine
                      (            scf.d):00174                             ORG       PD.OPT
0020                  (            scf.d):00175                             RMB       1                   Device type
0021                  (            scf.d):00176         PD.UPC              RMB       1                   Case (0=both, 1=upper only)
0022                  (            scf.d):00177         PD.BSO              RMB       1                   Backspace (0=BSE, 1=BSE,SP,BSE)
0023                  (            scf.d):00178         PD.DLO              RMB       1                   Delete (0=BSE over line, 1=CRLF)
0024                  (            scf.d):00179         PD.EKO              RMB       1                   Echo (0=No Echo)
0025                  (            scf.d):00180         PD.ALF              RMB       1                   Auto linefeed (0=No auto LF)
0026                  (            scf.d):00181         PD.NUL              RMB       1                   End of Line null count
0027                  (            scf.d):00182         PD.PAU              RMB       1                   Page pause (0=No end of page pause)
0028                  (            scf.d):00183         PD.PAG              RMB       1                   Lines per page
0029                  (            scf.d):00184         PD.BSP              RMB       1                   Backspace character
002A                  (            scf.d):00185         PD.DEL              RMB       1                   Delete Line character
002B                  (            scf.d):00186         PD.EOR              RMB       1                   End of Record character (read only)
002C                  (            scf.d):00187         PD.EOF              RMB       1                   End of File character
002D                  (            scf.d):00188         PD.RPR              RMB       1                   Repront Line character
002E                  (            scf.d):00189         PD.DUP              RMB       1                   Dup Last Line character
002F                  (            scf.d):00190         PD.PSC              RMB       1                   Pause character
0030                  (            scf.d):00191         PD.INT              RMB       1                   Keyboard interrupt character (CTRL-C)
0031                  (            scf.d):00192         PD.QUT              RMB       1                   Keyboard quit character (CTRL-E)
0032                  (            scf.d):00193         PD.BSE              RMB       1                   Backspace echo character
0033                  (            scf.d):00194         PD.OVF              RMB       1                   Line overflow character (BELL)
0034                  (            scf.d):00195         PD.PAR              RMB       1                   Parity code
0035                  (            scf.d):00196         PD.BAU              RMB       1                   ACIA baud rate (Color Computer)
0036                  (            scf.d):00197         PD.D2P              RMB       2                   Offset of DEV2 name
0038                  (            scf.d):00198         PD.XON              RMB       1                   ACIA X-ON character
0039                  (            scf.d):00199         PD.XOFF             RMB       1                   ACIA X-OFF character
     001A             (            scf.d):00200         OPTCNT              EQU       .-PD.OPT            Total user settable options
003A                  (            scf.d):00201         PD.ERR              RMB       1                   Most recent I/O error status
003B                  (            scf.d):00202         PD.TBL              RMB       2                   Device table addr (copy)
003D                  (            scf.d):00203         PD.PLP              RMB       2                   Path Descriptor List Pointer
003F                  (            scf.d):00204         PD.PST              RMB       1                   Current path status
                      (            scf.d):00205         
                      (            scf.d):00206         
                      (            scf.d):00207         * PD.PST values Path Descriptor Status byte
                      (            scf.d):00208         *
     0001             (            scf.d):00209         PST.DCD             EQU       %00000001           Set if DCD is lost on Serial port
                      (            scf.d):00210         
                      (            scf.d):00211         
                      (            scf.d):00212         * PD.PAR definitions
                      (            scf.d):00213         *
                      (            scf.d):00214         * Parity
     0000             (            scf.d):00215         PARNONE             EQU       %00000000
     0020             (            scf.d):00216         PARODD              EQU       %00100000
     0060             (            scf.d):00217         PAREVEN             EQU       %01100000
     00A0             (            scf.d):00218         PARMARK             EQU       %10100000
     00E0             (            scf.d):00219         PARSPACE            EQU       %11100000
     00E0             (            scf.d):00220         PARMASK             EQU       %11100000
                      (            scf.d):00221         
                      (            scf.d):00222         * PD.BAU definitions
                      (            scf.d):00223         *
                      (            scf.d):00224         * Baud rate
     0000             (            scf.d):00225         B110                EQU       %00000000
     0001             (            scf.d):00226         B300                EQU       %00000001
     0002             (            scf.d):00227         B600                EQU       %00000010
     0003             (            scf.d):00228         B1200               EQU       %00000011
     0004             (            scf.d):00229         B2400               EQU       %00000100
     0005             (            scf.d):00230         B4800               EQU       %00000101
     0006             (            scf.d):00231         B9600               EQU       %00000110
     0007             (            scf.d):00232         B19200              EQU       %00000111
     0008             (            scf.d):00233         B38400              EQU       %00001000
     0009             (            scf.d):00234         B57600              EQU       %00001001
     000A             (            scf.d):00235         B115200             EQU       %00001010
                      (            scf.d):00236         * Word size
     0000             (            scf.d):00237         WORD8               EQU       %00000000
     0020             (            scf.d):00238         WORD7               EQU       %00100000
                      (            scf.d):00239         * Stop bits
     0000             (            scf.d):00240         STOP1               EQU       %00000000
     0010             (            scf.d):00241         STOP2               EQU       %00010000
                      (            scf.d):00242         
                      (            scf.d):00243                             ENDC
                      (         defsfile):00005                  use   rbf.d
                      (            rbf.d):00001                             IFNE      RBF.D-1
                      (            rbf.d):00002         
     0001             (            rbf.d):00003         RBF.D               SET       1
                      (            rbf.d):00004         
                      (            rbf.d):00005         ********************************************************************
                      (            rbf.d):00006         * rbf.d - Random Block File Manager Definitions
                      (            rbf.d):00007         *
                      (            rbf.d):00008         * RBF stands for 'Random Block Filemanager' and is a package of subroutines
                      (            rbf.d):00009         * that define the logical structure of a disk and allows access to the files
                      (            rbf.d):00010         * in that structure.
                      (            rbf.d):00011         *
                      (            rbf.d):00012         * The data structures in this file give RBF its 'personality' and are used
                      (            rbf.d):00013         * by RBF itself, as well as applications that will require disk I/O.
                      (            rbf.d):00014         *
                      (            rbf.d):00015         * Edt/Rev  YYYY/MM/DD  Modified by
                      (            rbf.d):00016         * Comment
                      (            rbf.d):00017         * ------------------------------------------------------------------
                      (            rbf.d):00018         *          1982/07/13  Robert F. Doggett
                      (            rbf.d):00019         * PD.Exten added to path descriptor and PE Entries defined.
                      (            rbf.d):00020         *
                      (            rbf.d):00021         *          1982/07/15  Robert F. Doggett
                      (            rbf.d):00022         * V.FileHd inserted in driver static storage.
                      (            rbf.d):00023         *
                      (            rbf.d):00024         *          1982/09/10  WGP
                      (            rbf.d):00025         * Level One/Level Two condionals added.
                      (            rbf.d):00026         *
                      (            rbf.d):00027         *          1982/09/17  WGP
                      (            rbf.d):00028         *
                      (            rbf.d):00029         *          1982/09/17  Robert F. Doggett
                      (            rbf.d):00030         * PD.SLE renamed to PD.Creat.
                      (            rbf.d):00031         *
                      (            rbf.d):00032         *          1982/09/17  Robert F. Doggett
                      (            rbf.d):00033         * V.DiskID, V.BMapSz, V.MapSct added for smart multi-sector bitmap searching.
                      (            rbf.d):00034         *
                      (            rbf.d):00035         *          1982/09/20  Robert F. Doggett
                      (            rbf.d):00036         * Reserved areas added in static storage.
                      (            rbf.d):00037         
                      (            rbf.d):00038         *          1983/06/07  Robert F. Doggett
                      (            rbf.d):00039         * Added InDriver flag in PD.SMF.
                      (            rbf.d):00040         *
                      (            rbf.d):00041         *          1983/06/13  Robert F. Doggett
                      (            rbf.d):00042         * Added PE.Req tmp save for PE.Lock.
                      (            rbf.d):00043         *
                      (            rbf.d):00044         *          1983/08/08  Robert F. Doggett
                      (            rbf.d):00045         * Reserved PD.SToff for Japanese.
                      (            rbf.d):00046         *
                      (            rbf.d):00047         *          1983/11/19  Robert F. Doggett
                      (            rbf.d):00048         * Added V.ResBit in drive tables.
                      (            rbf.d):00049         *
                      (            rbf.d):00050         *          1983/12/12  Robert F. Doggett
                      (            rbf.d):00051         * Added PE.Prior to save process priority.
                      (            rbf.d):00052         *
                      (            rbf.d):00053         *          1983/12/13  Robert F. Doggett
                      (            rbf.d):00054         * Added BufBusy bit in state flag (PD.SMF).
                      (            rbf.d):00055         *
                      (            rbf.d):00056         *          1984/07/06  Mark G. Hawkins
                      (            rbf.d):00057         * Added Bit Definitions for DD.FMT.
                      (            rbf.d):00058         *
                      (            rbf.d):00059         *          1987/06/23  Kevin K. Darling
                      (            rbf.d):00060         * Updated with Dev Desc Info
                      (            rbf.d):00061         *
                      (            rbf.d):00062         *          2003/06/02  Boisy G. Pitre
                      (            rbf.d):00063         * Updated comments for clarity.
                      (            rbf.d):00064         * Added TYP.256-TYP.2048 definitions for future expansion.
                      (            rbf.d):00065         *
                      (            rbf.d):00066         *          2004/04/14  Boisy G. Pitre
                      (            rbf.d):00067         * Added new entries to device descriptor as per OS-9 Level One V2.00.00
                      (            rbf.d):00068         * addendum.  Pointed out by Rodney Hamilton.
                      (            rbf.d):00069         *
                      (            rbf.d):00070         *              2005/05/31  P.Harvey-Smith.
                      (            rbf.d):00071         * Added defines for bit 2 of IT.DNS, which the format command uses to
                      (            rbf.d):00072         * determine if a drive should have it's track 0 as single or double density
                      (            rbf.d):00073         *
                      (            rbf.d):00074         *          2005/11/23  Robert Gault
                      (            rbf.d):00075         * Added IT.MPI giving it duplicate location with IT.TFM. This will not be
                      (            rbf.d):00076         * transferred to the path descriptor, thus the  equ *  rahter than  rmb 1.
                      (            rbf.d):00077         *
                      (            rbf.d):00078         *          2005/12/11  Boisy G. Pitre
                      (            rbf.d):00079         * Added IT.SOFF1-ITSOFF3 and IT.LLDRV for SuperDrivers.
                      (            rbf.d):00080         
                      (            rbf.d):00081                             NAM       rbf.d
                      (            rbf.d):00082                             TTL       Random              Block File Manager Definitions
                      (            rbf.d):00083         
                      (            rbf.d):00084                             PAG
                      (            rbf.d):00085         *******************************
                      (            rbf.d):00086         * RBF Device Descriptor Offsets
                      (            rbf.d):00087         *
                      (            rbf.d):00088         * These definitions are for RBF device descriptors.
                      (            rbf.d):00089         
                      (            rbf.d):00090                             ORG       M$DTyp
0012                  (            rbf.d):00091                             RMB       1                   Device type (DT.RBF)
0013                  (            rbf.d):00092         IT.DRV              RMB       1                   Drive number
0014                  (            rbf.d):00093         IT.STP              RMB       1                   Step rate
0015                  (            rbf.d):00094         IT.TYP              RMB       1                   Disk device type information
0016                  (            rbf.d):00095         IT.DNS              RMB       1                   Density capability
0017                  (            rbf.d):00096         IT.CYL              RMB       2                   Number of cylinders
0019                  (            rbf.d):00097         IT.SID              RMB       1                   Number of surfaces
001A                  (            rbf.d):00098         IT.VFY              RMB       1                   Verify disk writes (0 = verify, 1 = don't)
001B                  (            rbf.d):00099         IT.SCT              RMB       2                   Default sectors/track
001D                  (            rbf.d):00100         IT.T0S              RMB       2                   Default sectors/track for track 0 sector 0
001F                  (            rbf.d):00101         IT.ILV              RMB       1                   Sector interleave offset
0020                  (            rbf.d):00102         IT.SAS              RMB       1                   Segment allocation size
                      (            rbf.d):00103         * The following fields are from the OS-9 Level One V2.00.00 Addendum
0021                  (            rbf.d):00104         IT.TFM              RMB       1                   DMA Transfer Mode
0022                  (            rbf.d):00105         IT.Exten            RMB       2                   Path Extension (PE) for record locking
0024                  (            rbf.d):00106         IT.SToff            RMB       1                   Sector/Track offsets (for "foreign" disk formats)
                      (            rbf.d):00107         * The following fields are not copied to the path descriptor
0025                  (            rbf.d):00108         IT.WPC              RMB       1                   Write precomp cyl/4 (HD)
0026                  (            rbf.d):00109         IT.OFS              RMB       2                   Starting cylinder offset (HD)
0028                  (            rbf.d):00110         IT.RWC              RMB       2                   Reduced write current cylinder (HD)
                      (            rbf.d):00111         * These fields have been added because of SuperDriver.  They probably
                      (            rbf.d):00112         * can be used in other drivers
                      (            rbf.d):00113                             ORG       IT.WPC
0025                  (            rbf.d):00114         IT.SOFF1            RMB       1
0026                  (            rbf.d):00115         IT.SOFF2            RMB       1
0027                  (            rbf.d):00116         IT.SOFF3            RMB       1
0028                  (            rbf.d):00117         IT.LLDRV            RMB       2
002A                  (            rbf.d):00118         IT.MPI              RMB       1
                      (            rbf.d):00119         
                      (            rbf.d):00120         
                      (            rbf.d):00121         * IT.TYP Definitions
                      (            rbf.d):00122         *
     0080             (            rbf.d):00123         TYP.HARD            EQU       %10000000           Hard disk
     0000             (            rbf.d):00124         TYP.FLP             EQU       %00000000           Floppy disk
     0040             (            rbf.d):00125         TYP.NSF             EQU       %01000000           Non-standard format
     0000             (            rbf.d):00126         TYP.SOF             EQU       %00000000           Standard NitrOS-9 format
                      (            rbf.d):00127         
                      (            rbf.d):00128         * IT.TYP bit definitions if bit 7 of IT.TYP is set (hard disk)
     0000             (            rbf.d):00129         TYPH.256            EQU       %00000000           256 byte sector media
     0001             (            rbf.d):00130         TYPH.512            EQU       %00000001           512 byte sector media
     0002             (            rbf.d):00131         TYPH.1024           EQU       %00000010           1024 byte sector media
     0003             (            rbf.d):00132         TYPH.2048           EQU       %00000011           2048 byte sector media
     0003             (            rbf.d):00133         TYPH.SSM            EQU       %00000011           Sector size mask
     000C             (            rbf.d):00134         TYPH.DRSV           EQU       %00001100           Driver-reserved bits
     0010             (            rbf.d):00135         TYPH.DSQ            EQU       %00010000           Drive size query flag
                      (            rbf.d):00136         
                      (            rbf.d):00137         * IT.TYP bit definitions if bit 7 of IT.TYP is clear (floppy disk)
     0000             (            rbf.d):00138         TYP.5               EQU       %00000000           5" media
     0001             (            rbf.d):00139         TYP.3               EQU       %00000001           3.5" media
     0002             (            rbf.d):00140         TYP.SBO             EQU       %00000010           Sector base offset (clear = 0; sect = 1)
     0000             (            rbf.d):00141         TYP.256             EQU       %00000000           256 byte sector media
     0004             (            rbf.d):00142         TYP.512             EQU       %00000100           512 byte sector media
     0020             (            rbf.d):00143         TYP.CCF             EQU       %00100000           CoCo format
     0000             (            rbf.d):00144         TYP.NCCF            EQU       %00000000           Non-CoCo format
                      (            rbf.d):00145         
                      (            rbf.d):00146         * IT.DNS Definitions
                      (            rbf.d):00147         *
                      (            rbf.d):00148         
                      (            rbf.d):00149         * If bit 7 of IT.TYP is set, IT.DNS is driver-dependent
                      (            rbf.d):00150         
                      (            rbf.d):00151         * IT.DNS bit definitions if bit 7 of IT.TYP is clear (floppy disk)
     0000             (            rbf.d):00152         DNS.FM              EQU       %00000000           Single-density (FM)
     0001             (            rbf.d):00153         DNS.MFM             EQU       %00000001           Double-density (MFM)
     0000             (            rbf.d):00154         DNS.STD             EQU       %00000000           Single track distance (48/135 tpi)
     0002             (            rbf.d):00155         DNS.DTD             EQU       %00000010           Double track distance (96 tpi)
                      (            rbf.d):00156         
                      (            rbf.d):00157         * Added PHS,2005-05-31, as format seems to use these
     0000             (            rbf.d):00158         DNS.FM0             EQU       %00000000           Single density track 0
     0004             (            rbf.d):00159         DNS.MFM0            EQU       %00000100           Double density track 0
                      (            rbf.d):00160         
                      (            rbf.d):00161         * Floppy disk step rate definitions
     0000             (            rbf.d):00162         STP.30ms            EQU       0                   30ms step rate
     0001             (            rbf.d):00163         STP.20ms            EQU       1                   20ms step rate
     0002             (            rbf.d):00164         STP.12ms            EQU       2                   12ms step rate
     0003             (            rbf.d):00165         STP.6ms             EQU       3                   6ms step rate
                      (            rbf.d):00166         
                      (            rbf.d):00167                             PAG
                      (            rbf.d):00168         *************************************
                      (            rbf.d):00169         * Random Block Path Descriptor Format
                      (            rbf.d):00170         *
                      (            rbf.d):00171         * A path descriptor is created for every new path that is open
                      (            rbf.d):00172         * via the I$Open system call (processed by IOMan).  Process
                      (            rbf.d):00173         * descriptors track state information of a path.
                      (            rbf.d):00174         *
                      (            rbf.d):00175                             ORG       PD.FST
000A                  (            rbf.d):00176         PD.SMF              RMB       1                   State flags
000B                  (            rbf.d):00177         PD.CP               RMB       4                   Current logical byte position
000F                  (            rbf.d):00178         PD.SIZ              RMB       4                   File size
0013                  (            rbf.d):00179         PD.SBL              RMB       3                   Segment beginning lsn
0016                  (            rbf.d):00180         PD.SBP              RMB       3                   Segment beginning psn
0019                  (            rbf.d):00181         PD.SSZ              RMB       3                   Segment size
001C                  (            rbf.d):00182         PD.DSK              RMB       2                   Disk id
001E                  (            rbf.d):00183         PD.DTB              RMB       2                   Drive table ptr
                      (            rbf.d):00184                             ORG       PD.OPT
0020                  (            rbf.d):00185                             RMB       1                   Device type
0021                  (            rbf.d):00186         PD.DRV              RMB       1                   Drive number
0022                  (            rbf.d):00187         PD.STP              RMB       1                   Step rate
0023                  (            rbf.d):00188         PD.TYP              RMB       1                   Disk device type (5" 8" other)
0024                  (            rbf.d):00189         PD.DNS              RMB       1                   Density capability
0025                  (            rbf.d):00190         PD.CYL              RMB       2                   Number of cylinders
0027                  (            rbf.d):00191         PD.SID              RMB       1                   Number of surfaces
0028                  (            rbf.d):00192         PD.VFY              RMB       1                   0=verify disk writes
0029                  (            rbf.d):00193         PD.SCT              RMB       2                   Default sectors/track
002B                  (            rbf.d):00194         PD.T0S              RMB       2                   Default sectors/track tr00,s0
002D                  (            rbf.d):00195         PD.ILV              RMB       1                   Sector interleave offset
002E                  (            rbf.d):00196         PD.SAS              RMB       1                   Segment allocation size
002F                  (            rbf.d):00197         PD.TFM              RMB       1                   DMA Transfer Mode
0030                  (            rbf.d):00198         PD.Exten            RMB       2                   Path Extension (PE) for record locking
0032                  (            rbf.d):00199         PD.SToff            RMB       1                   Sector/Track offsets (for "foreign" disk formats)
0033                  (            rbf.d):00200         PD.ATT              RMB       1                   File attributes
0034                  (            rbf.d):00201         PD.FD               RMB       3                   File descriptor psn (i.e. 3-byte inode number)
0037                  (            rbf.d):00202         PD.DFD              RMB       3                   Directory file descriptor psn (i.e. 3-byte inode number)
003A                  (            rbf.d):00203         PD.DCP              RMB       4                   File directory entry ptr
003E                  (            rbf.d):00204         PD.DVT              RMB       2                   User readable dev tbl ptr
                      (            rbf.d):00205         
                      (            rbf.d):00206         * State Flags
     0001             (            rbf.d):00207         BUFMOD              EQU       $01                 Buffer modified
     0002             (            rbf.d):00208         SINBUF              EQU       $02                 Sector in buffer
     0004             (            rbf.d):00209         FDBUF               EQU       $04                 File descriptor in buffer
                      (            rbf.d):00210         *EOFSEC equ $08 End of file sector
                      (            rbf.d):00211         *EOF equ $10 End of file
     0020             (            rbf.d):00212         InDriver            EQU       $20                 Currently in Disk Driver, or queued
     0040             (            rbf.d):00213         BufBusy             EQU       $40                 Buffer is currently busy
                      (            rbf.d):00214         
                      (            rbf.d):00215                             IFNE      Level-1
                      (            rbf.d):00216         ************************************
                      (            rbf.d):00217         * Random Block Path Extension Format
                      (            rbf.d):00218         *
                      (            rbf.d):00219         * RBF paths under Level Two have additional information that
                      (            rbf.d):00220         * is referenced by the path extension area.  These are 64-byte
                      (            rbf.d):00221         * allocs from the same table (D.PthDBT) as the Path Descriptors.
                      (            rbf.d):00222         *
                      (            rbf.d):00223                             ORG       0
0040                  (            rbf.d):00224         PE.PE               RMB       1                   PE path number
0040                  (            rbf.d):00225         PE.PDptr            RMB       2                   Back ptr to this PE's Path Descriptor
0040                  (            rbf.d):00226         PE.NxFil            RMB       2                   Drive Open-File list ptr
0040                  (            rbf.d):00227         PE.Confl            RMB       2                   Circular File Conflict list
0040                  (            rbf.d):00228         PE.Lock             RMB       1                   Path lockout status
0040                  (            rbf.d):00229         PE.LoLck            RMB       4                   Low Locked Logical addr
0040                  (            rbf.d):00230         PE.HiLck            RMB       4                   High Locked Logical addr
0040                  (            rbf.d):00231         PE.Wait             RMB       2                   PE ptr to (next) locked-out PE
0040                  (            rbf.d):00232         PE.TmOut            RMB       2                   Max ticks to wait for locked segment
0040                  (            rbf.d):00233         PE.Owner            RMB       1                   Process ID of owner of locked segment
0040                  (            rbf.d):00234         PE.Req              RMB       1                   Temp for PE.Lock in GAIN when LockSeg fails
0040                  (            rbf.d):00235         PE.Prior            RMB       1                   Temp for process priority while in driver
0040                  (            rbf.d):00236         PE.SigSg            RMB       1                   Signal code to send
0040                  (            rbf.d):00237         PE.SigID            RMB       1                   Process ID to send the signal to
                      (            rbf.d):00238                             RMB       32-.                Reserved
0040                  (            rbf.d):00239         PE.FilNm            RMB       32                  Temp for filename during directory search
                      (            rbf.d):00240         
                      (            rbf.d):00241         * PE.Lock status codes
0040                  (            rbf.d):00242         Unlocked            EQU       0                   No portion of file is locked
0040                  (            rbf.d):00243         RcdLock             EQU       1                   Record from LoLck to HiLck locked
0040                  (            rbf.d):00244         FileLock            EQU       2                   Entire file locked
0040                  (            rbf.d):00245         EofLock             EQU       4                   End of file is locked
                      (            rbf.d):00246                             ENDC
                      (            rbf.d):00247         
                      (            rbf.d):00248         
                      (            rbf.d):00249                             PAG
                      (            rbf.d):00250         ***********************
                      (            rbf.d):00251         * LSN0 Disk Data Format
                      (            rbf.d):00252         *
                      (            rbf.d):00253         * Logical Sector Number 0 is the first sector on an RBF formatted device
                      (            rbf.d):00254         * and contains information about the device's size and format.
                      (            rbf.d):00255         *
                      (            rbf.d):00256                             ORG       0
0000                  (            rbf.d):00257         DD.TOT              RMB       3                   Total number of sectors
0003                  (            rbf.d):00258         DD.TKS              RMB       1                   Track size in sectors
0004                  (            rbf.d):00259         DD.MAP              RMB       2                   Number of bytes in allocation bit map
0006                  (            rbf.d):00260         DD.BIT              RMB       2                   Number of sectors/bit
0008                  (            rbf.d):00261         DD.DIR              RMB       3                   Address of root directory fd
000B                  (            rbf.d):00262         DD.OWN              RMB       2                   Owner
000D                  (            rbf.d):00263         DD.ATT              RMB       1                   Attributes
000E                  (            rbf.d):00264         DD.DSK              RMB       2                   Disk ID
0010                  (            rbf.d):00265         DD.FMT              RMB       1                   Disk format; density/sides
0011                  (            rbf.d):00266         DD.SPT              RMB       2                   Sectors/track
0013                  (            rbf.d):00267         DD.RES              RMB       2                   Reserved for future use
     0015             (            rbf.d):00268         DD.SIZ              EQU       .                   Device descriptor minimum size
0015                  (            rbf.d):00269         DD.BT               RMB       3                   System bootstrap sector
0018                  (            rbf.d):00270         DD.BSZ              RMB       2                   Size of system bootstrap
001A                  (            rbf.d):00271         DD.DAT              RMB       5                   Creation date
001F                  (            rbf.d):00272         DD.NAM              RMB       32                  Volume name
003F                  (            rbf.d):00273         DD.OPT              RMB       32                  Option area
                      (            rbf.d):00274         
                      (            rbf.d):00275         *************************
                      (            rbf.d):00276         * 2012/11/09 Gene Heskett - Some additions for bootlink etc use.
                      (            rbf.d):00277                             ORG       $60                 More options from device descriptor
0060                  (            rbf.d):00278         VD.STP              RMB       1                   This is for the /sh and /ih virtual disks in HDBDOS
0061                  (            rbf.d):00279         VD.OFS              RMB       3                   This is DT.WPC and DT.OSF combined, might be more
                      (            rbf.d):00280         
                      (            rbf.d):00281         * DD.FMT Bit Definitions - valid only if device is a floppy disk
     0001             (            rbf.d):00282         FMT.SIDE            EQU       %00000001           Single Sided=0, Double Sided=1
     0002             (            rbf.d):00283         FMT.DNS             EQU       %00000010           Single Density=0, Double Density=1
     0004             (            rbf.d):00284         FMT.TDNS            EQU       %00000100           Track Density: 48/135 TPI=0, 96 TPI=1
     0020             (            rbf.d):00285         FMT.T0DN            EQU       %00100000           Track 0 Density, see FMT.DNS
                      (            rbf.d):00286         
                      (            rbf.d):00287         
                      (            rbf.d):00288                             PAG
                      (            rbf.d):00289         ************************
                      (            rbf.d):00290         * File Descriptor Format
                      (            rbf.d):00291         *
                      (            rbf.d):00292         * The file descriptor is a sector that is present for every file
                      (            rbf.d):00293         * on an RBF device.  It contains attributes, modification dates,
                      (            rbf.d):00294         * and segment information on a file.
                      (            rbf.d):00295         *
                      (            rbf.d):00296                             ORG       0
0000                  (            rbf.d):00297         FD.ATT              RMB       1                   Attributes
0001                  (            rbf.d):00298         FD.OWN              RMB       2                   Owner
0003                  (            rbf.d):00299         FD.DAT              RMB       5                   Date last modified
0008                  (            rbf.d):00300         FD.LNK              RMB       1                   Link count
0009                  (            rbf.d):00301         FD.SIZ              RMB       4                   File size
000D                  (            rbf.d):00302         FD.Creat            RMB       3                   File creation date (YY/MM/DD)
     0010             (            rbf.d):00303         FD.SEG              EQU       .                   Beginning of segment list
                      (            rbf.d):00304         * Segment List Entry Format
                      (            rbf.d):00305                             ORG       0
0000                  (            rbf.d):00306         FDSL.A              RMB       3                   Segment beginning physical sector number
0003                  (            rbf.d):00307         FDSL.B              RMB       2                   Segment size
     0005             (            rbf.d):00308         FDSL.S              EQU       .                   Segment list entry size
     00FB             (            rbf.d):00309         FD.LS1              EQU       FD.SEG+((256-FD.SEG)/FDSL.S-1)*FDSL.S
     00FA             (            rbf.d):00310         FD.LS2              EQU       (256/FDSL.S-1)*FDSL.S
     0010             (            rbf.d):00311         MINSEC              SET       16
                      (            rbf.d):00312         
                      (            rbf.d):00313         
                      (            rbf.d):00314                             PAG
                      (            rbf.d):00315         ************************
                      (            rbf.d):00316         * Directory Entry Format
                      (            rbf.d):00317         *
                      (            rbf.d):00318         * Directory entries are part of a directory and define the name
                      (            rbf.d):00319         * of the file, as well as a pointer to its file descriptor.
                      (            rbf.d):00320         *
                      (            rbf.d):00321                             ORG       0
0000                  (            rbf.d):00322         DIR.NM              RMB       29                  File name
001D                  (            rbf.d):00323         DIR.FD              RMB       3                   File descriptor physical sector number
     0020             (            rbf.d):00324         DIR.SZ              EQU       .                   Directory record size
                      (            rbf.d):00325         
                      (            rbf.d):00326         
                      (            rbf.d):00327                             PAG
                      (            rbf.d):00328         ********************
                      (            rbf.d):00329         * RBF Static Storage
                      (            rbf.d):00330         *
                      (            rbf.d):00331         * Overall Disk Static Storage
                      (            rbf.d):00332         *
                      (            rbf.d):00333         * Note:  This does not reserve any memory for drive tables.  Each
                      (            rbf.d):00334         *        driver is responsible for reserving sufficient memory for
                      (            rbf.d):00335         *        the appropriate number of tables.
                      (            rbf.d):00336         *
                      (            rbf.d):00337                             ORG       V.USER              Reserve required           ($06)
0006                  (            rbf.d):00338         V.NDRV              RMB       1                   Number of drives           ($07)
0007                  (            rbf.d):00339                             RMB       8                   reserved                   ($08)
     000F             (            rbf.d):00340         DRVBEG              EQU       .                   Beginning of drive tables  ($10)
                      (            rbf.d):00341         
                      (            rbf.d):00342         
                      (            rbf.d):00343                             PAG
                      (            rbf.d):00344         ****************
                      (            rbf.d):00345         * Global Storage For Disk Drive Tables
                      (            rbf.d):00346         *
                      (            rbf.d):00347         * Each table contains the first 'DD.SIZ' bytes from
                      (            rbf.d):00348         * LSN 0, and the current track, stepping rate,
                      (            rbf.d):00349         * bitmap use flag, and disk type.
                      (            rbf.d):00350         *
                      (            rbf.d):00351                             ORG       0
0000                  (            rbf.d):00352                             RMB       DD.SIZ              Device descriptor, LSN 0
0015                  (            rbf.d):00353         V.TRAK              RMB       2                   Current track
0017                  (            rbf.d):00354         V.BMB               RMB       1                   Bit-map use flag
0018                  (            rbf.d):00355         V.FileHd            RMB       2                   Open file list for this drive
001A                  (            rbf.d):00356         V.DiskID            RMB       2                   Disk ID
001C                  (            rbf.d):00357         V.BMapSz            RMB       1                   Bitmap Size
001D                  (            rbf.d):00358         V.MapSct            RMB       1                   Lowest reasonable bitmap sector
001E                  (            rbf.d):00359         V.ResBit            RMB       1                   Reserved bitmap sector (for compaction)
001F                  (            rbf.d):00360         V.ScTkOf            RMB       1                   Sector/Track byte (Combined from descriptor)
0020                  (            rbf.d):00361         V.ScOfst            RMB       1                   Sector offset split from byte above
0021                  (            rbf.d):00362         V.TkOfst            RMB       1                   Track offset split from byte above
0022                  (            rbf.d):00363                             RMB       4                   Reserved
     0026             (            rbf.d):00364         DRVMEM              EQU       .
                      (            rbf.d):00365         
                      (            rbf.d):00366                             ENDC
                      (            rbf.d):00367         
                      (         defsfile):00006                  use   mecb.d
                      (           mecb.d):00001                             ifne      MECB.D-1
     0001             (           mecb.d):00002         MECB.D              set       1
                      (           mecb.d):00003         
                      (           mecb.d):00004         ********************************************************************
                      (           mecb.d):00005         * mecb.d - NitrOS-9 System Definitions for the Digicool MECB 6809
                      (           mecb.d):00006         *
                      (           mecb.d):00007         * This is a high level view of the Digicool MECB 6809 memory map as setup by
                      (           mecb.d):00008         * NitrOS-9.
                      (           mecb.d):00009         *
                      (           mecb.d):00010         *     $0000----> ==================================
                      (           mecb.d):00011         *               |                                  |
                      (           mecb.d):00012         *               |      NitrOS-9 Globals/Stack      |
                      (           mecb.d):00013         *               |                                  |
                      (           mecb.d):00014         *     $0500---->|==================================|
                      (           mecb.d):00015         *               |                                  |
                      (           mecb.d):00016         *                 . . . . . . . . . . . . . . . . .
                      (           mecb.d):00017         *               |                                  |
                      (           mecb.d):00018         *               |   RAM available for allocation   |
                      (           mecb.d):00019         *               |       by NitrOS-9 and Apps       |
                      (           mecb.d):00020         *               |                                  |
                      (           mecb.d):00021         *                 . . . . . . . . . . . . . . . . .
                      (           mecb.d):00022         *               |                                  |
                      (           mecb.d):00023         *     $DFFF---->|==================================|
                      (           mecb.d):00024         *               |                                  |
                      (           mecb.d):00025         *  $E000-$E0FF  |    Memory Mapped I/O Region      |
                      (           mecb.d):00026         *               |                                  |
                      (           mecb.d):00027         *     $E100---->|==================================|
                      (           mecb.d):00028         *               |                                  |
                      (           mecb.d):00029         *  $E100-$FFFF  |               ROM                |
                      (           mecb.d):00030         *               |                                  |
                      (           mecb.d):00031         *               |==================================|
                      (           mecb.d):00032         * Edt/Rev  YYYY/MM/DD  Modified by
                      (           mecb.d):00033         * Comment
                      (           mecb.d):00034         * ------------------------------------------------------------------
                      (           mecb.d):00035         *          2017/04/29  Boisy G. Pitre
                      (           mecb.d):00036         * Started
                      (           mecb.d):00037         
                      (           mecb.d):00038                             nam       mecb.d
                      (           mecb.d):00039                             ttl       NitrOS-9 System Definitions for the Digicool MECB 6809
                      (           mecb.d):00040         
                      (           mecb.d):00041         **********************************
                      (           mecb.d):00042         * Ticks per second
                      (           mecb.d):00043         *
                      (           mecb.d):00044                             IFNDEF    TkPerSec
     0032             (           mecb.d):00045         TkPerSec            SET       50
                      (           mecb.d):00046                             ENDC
                      (           mecb.d):00047         
                      (           mecb.d):00048         
                      (           mecb.d):00049         *************************************************
                      (           mecb.d):00050         *
                      (           mecb.d):00051         * NitrOS-9 Level 1 Section
                      (           mecb.d):00052         *
                      (           mecb.d):00053         *************************************************
                      (           mecb.d):00054         
                      (           mecb.d):00055         ; Presumably indicates where hardware is? epaell
     00E0             (           mecb.d):00056         HW.Page             set       $E0                 Device descriptor hardware page
                      (           mecb.d):00057         
                      (           mecb.d):00058         
                      (           mecb.d):00059         ********************************************************************
                      (           mecb.d):00060         * NitrOS-9 Memory Definitions for the DigiCool MECB 6809
                      (           mecb.d):00061         *
                      (           mecb.d):00062         
                      (           mecb.d):00063         ********************************************************************
                      (           mecb.d):00064         * Digicool MECB 6809 Hardware Definitions
                      (           mecb.d):00065         *
                      (           mecb.d):00066         
     FFE3             (           mecb.d):00067         S.FNexec            EQU       $FFE3
     FFE5             (           mecb.d):00068         S.Hex2Out           EQU       $FFE5
     FFE7             (           mecb.d):00069         S.Hex4Out           EQU       $FFE7
     FFE9             (           mecb.d):00070         S.CharOut           EQU       $FFE9
     FFEB             (           mecb.d):00071         S.StringOut         EQU       $FFEB
                      (           mecb.d):00072         
     E000             (           mecb.d):00073         IOBASE              equ       $E000
                      (           mecb.d):00074         
                      (           mecb.d):00075         ;----------------------------------------------------
                      (           mecb.d):00076         ;
                      (           mecb.d):00077         ; Which slot the parallel board is in.  This needs to
                      (           mecb.d):00078         ; be set for the system in use.  As long as the user
                      (           mecb.d):00079         ; programs only call functions in here, no other
                      (           mecb.d):00080         ; file/application should know which slot the board
                      (           mecb.d):00081         ; is in.
                      (           mecb.d):00082         
     E000             (           mecb.d):00083         PTMBase              equ      IOBASE+$0000
     E008             (           mecb.d):00084         UARTBase             equ      IOBASE+$0008
     E010             (           mecb.d):00085         PIA0Base             equ      IOBASE+$0010
     E0C0             (           mecb.d):00086         RTCBase              equ      IOBASE+$00C0
     E0C1             (           mecb.d):00087         IOPORTBase           equ      IOBASE+$00C1
     E0C2             (           mecb.d):00088         FNBASE               equ      IOBASE+$00C2
                      (           mecb.d):00089         
     E000             (           mecb.d):00090         PTM                  equ      PTMBase
     E000             (           mecb.d):00091         PTMCR13              equ      PTMBase         ; Timer Control Registers 1 & 3
     E001             (           mecb.d):00092         PTMSR                equ      PTMBase+1       ; Timer Status Register
     E001             (           mecb.d):00093         PTMCR2               equ      PTMBase+1       ; Timer Control Register 2
     E002             (           mecb.d):00094         PTMT1MSB             equ      PTMBase+2       ; MSB Buffer Register
     E003             (           mecb.d):00095         PTMT1LSB             equ      PTMBase+3       ; Timer #1 Latches
                      (           mecb.d):00096         
                      (           mecb.d):00097                             org       $DFC0
DFC0                  (           mecb.d):00098         C.STACK             RMB       2                   TOP OF INTERNAL STACK / USER VECTOR
DFC2                  (           mecb.d):00099         C.SWI3              RMB       2                   SOFTWARE INTERRUPT VECTOR #3
DFC4                  (           mecb.d):00100         C.SWI2              RMB       2                   SOFTWARE INTERRUPT VECTOR #2
DFC6                  (           mecb.d):00101         C.FIRQ              RMB       2                   FAST INTERRUPT VECTOR
DFC8                  (           mecb.d):00102         C.IRQ               RMB       2                   INTERRUPT VECTOR
DFCA                  (           mecb.d):00103         C.SWI               RMB       2                   SOFTWARE INTERRUPT VECTOR
DFCC                  (           mecb.d):00104         SVCVO               RMB       2                   SUPERVISOR CALL VECTOR ORGIN
DFCE                  (           mecb.d):00105         SVCVL               RMB       2                   SUPERVISOR CALL VECTOR LIMIT
DFD0                  (           mecb.d):00106         LRARAM              RMB       16                  LRA ADDRESSES
                      (           mecb.d):00107         
     E100             (           mecb.d):00108         Bt.Start            EQU       $E100               Start address of the boot ROM in memory
     1F00             (           mecb.d):00109         Bt.Size             EQU       $1F00
     0000             (           mecb.d):00110         Bt.Track            EQU       0
     0000             (           mecb.d):00111         Bt.Sec              EQU       0
                      (           mecb.d):00112         
                      (           mecb.d):00113         ; FujiNet SPI has the following bits:
                      (           mecb.d):00114         ;
                      (           mecb.d):00115         ;  Input:
                      (           mecb.d):00116         ;      Bit 7 = BUS_READY*     (MASK_CMD_READY, BIT_CMD_RDY)
                      (           mecb.d):00117         ;      Bit 6 = BUS_PROCEED*   (MASK_PROCEED, BIT_PROCEED)
                      (           mecb.d):00118         ;      Bit 1-5 = UNUSED
                      (           mecb.d):00119         ;      Bit 0 = BUS_MISO       (MASK_MISO, BIT_MISO)
                      (           mecb.d):00120         ;
     0080             (           mecb.d):00121         MASK_CMD_RDY               equ   $80
     0040             (           mecb.d):00122         MASK_PROCEED               equ   $40
     0001             (           mecb.d):00123         MASK_MISO                  equ   $01
     0007             (           mecb.d):00124         BIT_CMD_RDY                equ   7
     0006             (           mecb.d):00125         BIT_PROCEED                equ   6
     0000             (           mecb.d):00126         BIT_MISO                   equ   0
                      (           mecb.d):00127         
                      (           mecb.d):00128         ;
                      (           mecb.d):00129         ; Output:
                      (           mecb.d):00130         ;      Bit 7 = BUS_CMD*       (MASK_CMD,BIT_CMD)
                      (           mecb.d):00131         ;      Bit 6 = BUS_DATA*
                      (           mecb.d):00132         ;      Bit 3-5 = UNUSED
                      (           mecb.d):00133         ;      Bit 2 = BUS_CS*
                      (           mecb.d):00134         ;      Bit 1 = BUS_MOSI       (MASK_MOSI,BIT_MOSI)
                      (           mecb.d):00135         ;      Bit 0 = BUS_CLK
                      (           mecb.d):00136         ;
     0080             (           mecb.d):00137         MASK_CMD                   equ   $80
     0002             (           mecb.d):00138         MASK_MOSI                  equ   $02
     00FC             (           mecb.d):00139         MASK_SPI                   equ   $fc   ; Mask out all but BUS_CLK and BUS_MOSI
     00FE             (           mecb.d):00140         FN_INIT                    equ   $fe   ; BUS_CLK low, BUS_MOSI high
     0007             (           mecb.d):00141         BIT_CMD                    equ   7
     0001             (           mecb.d):00142         BIT_MOSI                   equ   1
     0000             (           mecb.d):00143         BIT_CLK                    equ   0
                      (           mecb.d):00144         
     007A             (           mecb.d):00145         MSCNT1MHZ   equ   122      ; number of loops to delay 1 mS with 1 MHz 6809 CPU
     00F7             (           mecb.d):00146         MSCNT2MHZ   equ   247      ; number of loops to delay 1 mS with 2 MHz 6809 CPU
                      (           mecb.d):00147         
                      (           mecb.d):00148         ;****************************************************
                      (           mecb.d):00149         ; FujiNet protocol
                      (           mecb.d):00150         ;
     0031             (           mecb.d):00151         RC2014_DEVICEID_DISK                equ   $31
     003F             (           mecb.d):00152         RC2014_DEVICEID_DISK_LAST           equ   $3F
                      (           mecb.d):00153         
     0041             (           mecb.d):00154         RC2014_DEVICEID_PRINTER             equ   $41
     0044             (           mecb.d):00155         RC2014_DEVICEID_PRINTER_LAST        equ   $44
                      (           mecb.d):00156         
     0061             (           mecb.d):00157         RC2014_DEVICEID_FILE                equ   $61
                      (           mecb.d):00158         
     0070             (           mecb.d):00159         RC2014_DEVICEID_FUJINET             equ   $70
     0071             (           mecb.d):00160         RC2014_DEVICEID_NETWORK             equ   $71
     0078             (           mecb.d):00161         RC2014_DEVICEID_NETWORK_LAST        equ   $78
                      (           mecb.d):00162         
     0050             (           mecb.d):00163         RC2014_DEVICEID_MODEM               equ   $50
                      (           mecb.d):00164         
     005A             (           mecb.d):00165         RC2014_DEVICEID_CPM                 equ   $5A
                      (           mecb.d):00166         ;
                      (           mecb.d):00167         ; Device commands
                      (           mecb.d):00168         ;
     004F             (           mecb.d):00169         DEVICE_OPEN                         equ   'O'
     0053             (           mecb.d):00170         DEVICE_STATUS                       equ   'S'
     0052             (           mecb.d):00171         DEVICE_READ                         equ   'R'
     0057             (           mecb.d):00172         DEVICE_WRITE                        equ   'W'
     0043             (           mecb.d):00173         DEVICE_CLOSE                        equ   'C'
     0051             (           mecb.d):00174         DEVICE_QUERY                        equ   'Q'
     0050             (           mecb.d):00175         DEVICE_PARSE                        equ   'P'
     00FD             (           mecb.d):00176         DEVICE_LOGIN                        equ   $FD
     00FC             (           mecb.d):00177         DEVICE_CHANNEL_MODE                 equ   $FC
                      (           mecb.d):00178         ;
                      (           mecb.d):00179         ;
                      (           mecb.d):00180         ; Definition of DCB offsets from common section
                      (           mecb.d):00181         ;
     0000             (           mecb.d):00182         DCB_DEVICE                          equ   0
     0001             (           mecb.d):00183         DCB_COMMAND                         equ   1
     0002             (           mecb.d):00184         DCB_AUX1                            equ   2
     0003             (           mecb.d):00185         DCB_AUX2                            equ   3
     0004             (           mecb.d):00186         DCB_CHECKSUM                        equ   4
     0004             (           mecb.d):00187         DCB_TX_BUFFER                       equ   4
     0006             (           mecb.d):00188         DCB_TX_BUFFER_LEN                   equ   6
     0008             (           mecb.d):00189         DCB_RX_BUFFER                       equ   8
     000A             (           mecb.d):00190         DCB_RX_BUFFER_LEN                   equ   10
     000C             (           mecb.d):00191         DCB_TIMEOUT                         equ   12
                      (           mecb.d):00192         
     000E             (           mecb.d):00193         DCB_SIZE                            equ   14
                      (           mecb.d):00194         
                      (           mecb.d):00195         ;
                      (           mecb.d):00196         ; FUJINET_RC
                      (           mecb.d):00197         ;
     0000             (           mecb.d):00198         FUJINET_RC_OK                       equ   0
     0001             (           mecb.d):00199         FUJINET_RC_NOT_IMPLEMENTED          equ   1
     0002             (           mecb.d):00200         FUJINET_RC_NOT_SUPPORTED            equ   2
     0003             (           mecb.d):00201         FUJINET_RC_INVALID                  equ   3
     0004             (           mecb.d):00202         FUJINET_RC_TIMEOUT                  equ   4
     0005             (           mecb.d):00203         FUJINET_RC_NO_ACK                   equ   5
     0006             (           mecb.d):00204         FUJINET_RC_NO_COMPLETE              equ   6
                      (           mecb.d):00205         ;
                      (           mecb.d):00206         ; WiFi Status Codes
                      (           mecb.d):00207         ;
     0000             (           mecb.d):00208         WIFI_IDLE                           equ   0
     0001             (           mecb.d):00209         WIFI_NOSSID                         equ   1
     0002             (           mecb.d):00210         WIFI_SCAN_COMPLETE                  equ   2
     0003             (           mecb.d):00211         WIFI_CONNECTED                      equ   3
     0004             (           mecb.d):00212         WIFI_CONNECT_FAIL                   equ   4
     0005             (           mecb.d):00213         WIFI_CONNECTION_LOST                equ   5
     0006             (           mecb.d):00214         WIFI_DISCONNECTED                   equ   6
                      (           mecb.d):00215         
                      (           mecb.d):00216         ; Network extended_error
     0001             (           mecb.d):00217         NETWORK_ERROR_SUCCESS                        equ   1     ; $01
     0083             (           mecb.d):00218         NETWORK_ERROR_WRITE_ONLY                     equ   131   ; $83
     0084             (           mecb.d):00219         NETWORK_ERROR_INVALID_COMMAND                equ   132   ; $84
     0087             (           mecb.d):00220         NETWORK_ERROR_READ_ONLY                      equ   135   ; $87
     0088             (           mecb.d):00221         NETWORK_ERROR_END_OF_FILE                    equ   136   ; $88
     008A             (           mecb.d):00222         NETWORK_ERROR_GENERAL_TIMEOUT                equ   138   ; $8a
     0090             (           mecb.d):00223         NETWORK_ERROR_GENERAL                        equ   144   ; $90
     0092             (           mecb.d):00224         NETWORK_ERROR_NOT_IMPLEMENTED                equ   146   ; $92
     0097             (           mecb.d):00225         NETWORK_ERROR_FILE_EXISTS                    equ   151   ; $97
     00A2             (           mecb.d):00226         NETWORK_ERROR_NO_SPACE_ON_DEVICE             equ   162   ; $a2
     00A5             (           mecb.d):00227         NETWORK_ERROR_INVALID_DEVICESPEC             equ   165   ; $a5
     00A7             (           mecb.d):00228         NETWORK_ERROR_ACCESS_DENIED                  equ   167   ; $a7
     00AA             (           mecb.d):00229         NETWORK_ERROR_FILE_NOT_FOUND                 equ   170   ; $aa
     00C8             (           mecb.d):00230         NETWORK_ERROR_CONNECTION_REFUSED             equ   200   ; $c8
     00C9             (           mecb.d):00231         NETWORK_ERROR_NETWORK_UNREACHABLE            equ   201   ; $c9
     00CA             (           mecb.d):00232         NETWORK_ERROR_SOCKET_TIMEOUT                 equ   202   ; $ca
     00CB             (           mecb.d):00233         NETWORK_ERROR_NETWORK_DOWN                   equ   203   ; $cb
     00CC             (           mecb.d):00234         NETWORK_ERROR_CONNECTION_RESET               equ   204   ; $cc
     00CD             (           mecb.d):00235         NETWORK_ERROR_CONNECTION_ALREADY_IN_PROGRESS equ   205   ; $cd
     00CE             (           mecb.d):00236         NETWORK_ERROR_ADDRESS_IN_USE                 equ   206   ; $ce
     00CF             (           mecb.d):00237         NETWORK_ERROR_NOT_CONNECTED                  equ   207   ; $cf
     00D0             (           mecb.d):00238         NETWORK_ERROR_SERVER_NOT_RUNNING             equ   208   ; $d0
     00D1             (           mecb.d):00239         NETWORK_ERROR_NO_CONNECTION_WAITING          equ   209   ; $d1
     00D2             (           mecb.d):00240         NETWORK_ERROR_SERVICE_NOT_AVAILABLE          equ   210   ; $d2
     00D3             (           mecb.d):00241         NETWORK_ERROR_CONNECTION_ABORTED             equ   211   ; $d3
     00D4             (           mecb.d):00242         NETWORK_ERROR_INVALID_USERNAME_OR_PASSWORD   equ   212   ; $d4
     00FF             (           mecb.d):00243         NETWORK_ERROR_COULD_NOT_ALLOCATE_BUFFERS     equ   255   ; $ff
                      (           mecb.d):00244         
                      (           mecb.d):00245         ;
                      (           mecb.d):00246         ; FujiNet commands
                      (           mecb.d):00247         ;
     00FF             (           mecb.d):00248         FUJICMD_RESET                       equ   $FF ; done
     00FE             (           mecb.d):00249         FUJICMD_GET_SSID                    equ   $FE ; F
     00FD             (           mecb.d):00250         FUJICMD_SCAN_NETWORKS               equ   $FD ; done
     00FC             (           mecb.d):00251         FUJICMD_GET_SCAN_RESULT             equ   $FC ; done
     00FB             (           mecb.d):00252         FUJICMD_SET_SSID                    equ   $FB ; done
     00FA             (           mecb.d):00253         FUJICMD_GET_WIFISTATUS              equ   $FA ; F
     00F9             (           mecb.d):00254         FUJICMD_MOUNT_HOST                  equ   $F9 ; done
     00F8             (           mecb.d):00255         FUJICMD_MOUNT_IMAGE                 equ   $F8 ; done
     00F7             (           mecb.d):00256         FUJICMD_OPEN_DIRECTORY              equ   $F7 ; done
     00F6             (           mecb.d):00257         FUJICMD_READ_DIR_ENTRY              equ   $F6 ; done
     00F5             (           mecb.d):00258         FUJICMD_CLOSE_DIRECTORY             equ   $F5 ; done
     00F4             (           mecb.d):00259         FUJICMD_READ_HOST_SLOTS             equ   $F4 ; done
     00F3             (           mecb.d):00260         FUJICMD_WRITE_HOST_SLOTS            equ   $F3 ; F
     00F2             (           mecb.d):00261         FUJICMD_READ_DEVICE_SLOTS           equ   $F2 ; done
     00F1             (           mecb.d):00262         FUJICMD_WRITE_DEVICE_SLOTS          equ   $F1 ; F
     00EA             (           mecb.d):00263         FUJICMD_GET_WIFI_ENABLED            equ   $EA ; not implemented in firmware
     00E9             (           mecb.d):00264         FUJICMD_UNMOUNT_IMAGE               equ   $E9 ; done
     00E8             (           mecb.d):00265         FUJICMD_GET_ADAPTERCONFIG           equ   $E8 ; F
     00E7             (           mecb.d):00266         FUJICMD_NEW_DISK                    equ   $E7 ; not implemented in firmware
     00E6             (           mecb.d):00267         FUJICMD_UNMOUNT_HOST                equ   $E6 ; not implemented in firmware
     00E5             (           mecb.d):00268         FUJICMD_GET_DIRECTORY_POSITION      equ   $E5 ; F
     00E4             (           mecb.d):00269         FUJICMD_SET_DIRECTORY_POSITION      equ   $E4 ; F
     00E2             (           mecb.d):00270         FUJICMD_SET_DEVICE_FULLPATH         equ   $E2 ; F - for a given device slot set the full path for a file
     00E1             (           mecb.d):00271         FUJICMD_SET_HOST_PREFIX             equ   $E1 ; not implemented in firmware
     00E0             (           mecb.d):00272         FUJICMD_GET_HOST_PREFIX             equ   $E0 ; not implemented in firmware
     00DE             (           mecb.d):00273         FUJICMD_WRITE_APPKEY                equ   $DE ; not implemented in firmware
     00DD             (           mecb.d):00274         FUJICMD_READ_APPKEY                 equ   $DD ; not implemented in firmware
     00DC             (           mecb.d):00275         FUJICMD_OPEN_APPKEY                 equ   $DC ; not implemented in firmware
     00DB             (           mecb.d):00276         FUJICMD_CLOSE_APPKEY                equ   $DB ; not implemented in firmware
     00DA             (           mecb.d):00277         FUJICMD_GET_DEVICE_FULLPATH         equ   $DA ; F - for a given device slot return the full path for a file
     00D9             (           mecb.d):00278         FUJICMD_CONFIG_BOOT                 equ   $D9 ; F
     00D8             (           mecb.d):00279         FUJICMD_COPY_FILE                   equ   $D8 ; not implemented in firmware
     00D7             (           mecb.d):00280         FUJICMD_MOUNT_ALL                   equ   $D7 ; done
     00D6             (           mecb.d):00281         FUJICMD_SET_BOOT_MODE               equ   $D6 ; not implemented in firmware
     0053             (           mecb.d):00282         FUJICMD_STATUS                      equ   $53 ; not implemented in firmware
     00D5             (           mecb.d):00283         FUJICMD_ENABLE_DEVICE               equ   $D5 ; F
     00D4             (           mecb.d):00284         FUJICMD_DISABLE_DEVICE              equ   $D4 ; F
     00D3             (           mecb.d):00285         FUJICMD_RANDOM_NUMBER               equ   $D3 ; done
     00D2             (           mecb.d):00286         FUJICMD_GET_TIME                    equ   $D2 ; done
     00D1             (           mecb.d):00287         FUJICMD_DEVICE_ENABLE_STATUS        equ   $D1 ; F
     00D0             (           mecb.d):00288         FUJICMD_BASE64_ENCODE_INPUT         equ   $D0 ; F
     00CF             (           mecb.d):00289         FUJICMD_BASE64_ENCODE_COMPUTE       equ   $CF ; F
     00CE             (           mecb.d):00290         FUJICMD_BASE64_ENCODE_LENGTH        equ   $CE ; F
     00CD             (           mecb.d):00291         FUJICMD_BASE64_ENCODE_OUTPUT        equ   $CD ; F
     00CC             (           mecb.d):00292         FUJICMD_BASE64_DECODE_INPUT         equ   $CC ; F
     00CB             (           mecb.d):00293         FUJICMD_BASE64_DECODE_COMPUTE       equ   $CB ; F
     00CA             (           mecb.d):00294         FUJICMD_BASE64_DECODE_LENGTH        equ   $CA ; F
     00C9             (           mecb.d):00295         FUJICMD_BASE64_DECODE_OUTPUT        equ   $C9 ; F
     00C8             (           mecb.d):00296         FUJICMD_HASH_INPUT                  equ   $C8 ; F
     00C7             (           mecb.d):00297         FUJICMD_HASH_COMPUTE                equ   $C7 ; F
     00C6             (           mecb.d):00298         FUJICMD_HASH_LENGTH                 equ   $C6 ; F
     00C5             (           mecb.d):00299         FUJICMD_HASH_OUTPUT                 equ   $C5 ; F
     00C4             (           mecb.d):00300         FUJICMD_GET_ADAPTERCONFIG_EXTENDED  equ   $C4 ; not implemented in firmware
     00C3             (           mecb.d):00301         FUJICMD_HASH_COMPUTE_NO_CLEAR       equ   $C3 ; F
     00C2             (           mecb.d):00302         FUJICMD_HASH_CLEAR                  equ   $C2 ; F
     00BB             (           mecb.d):00303         FUJICMD_GENERATE_GUID               equ   $BB ; not implemented in firmware
     0081             (           mecb.d):00304         FUJICMD_SET_STATUS                  equ   $81 ; not implemented in firmware
                      (           mecb.d):00305         ;
     3A98             (           mecb.d):00306         FUJINET_TIMEOUT                     equ   15000
     7530             (           mecb.d):00307         FUJINET_NETWORK_TIMEOUT             equ   30000
                      (           mecb.d):00308         ;
                      (           mecb.d):00309         ; Data structures used by FuijiNet
                      (           mecb.d):00310         ;
     0024             (           mecb.d):00311         MAX_FILE_LEN                        equ   36
     0021             (           mecb.d):00312         MAX_SSID_LEN                        equ   33 ; 32 + NULL
     0040             (           mecb.d):00313         MAX_SSID_PW_LEN                     equ   64
     0001             (           mecb.d):00314         MODE_READ                           equ   1
     0002             (           mecb.d):00315         MODE_WRITE                          equ   2
                      (           mecb.d):00316         
     0020             (           mecb.d):00317         MAX_HOST_LEN                        equ   32
     0008             (           mecb.d):00318         NUM_HOST_SLOTS                      equ   8
     0008             (           mecb.d):00319         FUJINET_MAX_HOST_SLOTS              equ   8
     0008             (           mecb.d):00320         FUJINET_MAX_DEVICE_SLOTS            equ   8
     000C             (           mecb.d):00321         DIR_ENTRY_ATTR_LEN                  equ   12
     0100             (           mecb.d):00322         MAX_PATH_LEN                        equ   256
     0100             (           mecb.d):00323         DISK_SECTOR_SIZE                    equ   256
     0008             (           mecb.d):00324         MAX_NETWORK_UNITS                   equ   8
                      (           mecb.d):00325         
                      (           mecb.d):00326         ; Network
     0000             (           mecb.d):00327         CHANNELMODE_PROTOCOL                equ   0
     0001             (           mecb.d):00328         CHANNELMODE_JSON                    equ   1
     0000             (           mecb.d):00329         FN_TIME_YEARH                       equ   0
     0001             (           mecb.d):00330         FN_TIME_YEARL                       equ   1
     0002             (           mecb.d):00331         FN_TIME_MONTH                       equ   2
     0003             (           mecb.d):00332         FN_TIME_MDAY                        equ   3
     0004             (           mecb.d):00333         FN_TIME_HOUR                        equ   4
     0005             (           mecb.d):00334         FN_TIME_MIN                         equ   5
     0006             (           mecb.d):00335         FN_TIME_SEC                         equ   6
                      (           mecb.d):00336         
     0008             (           mecb.d):00337         MAX_FILE_HANDLE                     equ   8
     0006             (           mecb.d):00338         FILE_STATUS_LEN                     equ   6  ; 2 bytes and a long int
     0004             (           mecb.d):00339         NETWORK_STATUS_LEN                  equ   4
     0007             (           mecb.d):00340         TIME_LEN                            equ   7
     0006             (           mecb.d):00341         APPKEY_OPEN_LEN                     equ   6
                      (           mecb.d):00342         
                      (           mecb.d):00343         ;
                      (           mecb.d):00344         ; file modes
                      (           mecb.d):00345         ;
     0004             (           mecb.d):00346         OREAD                               equ   $4
     0008             (           mecb.d):00347         OWRITE                              equ   $8
     000C             (           mecb.d):00348         OUPDATE                             equ   $C
                      (           mecb.d):00349         ;
     0000             (           mecb.d):00350         ENTRY_TYPE_TEXT                     equ   0
     0001             (           mecb.d):00351         ENTRY_TYPE_FOLDER                   equ   1
     0002             (           mecb.d):00352         ENTRY_TYPE_FILE                     equ   2
     0003             (           mecb.d):00353         ENTRY_TYPE_LINK                     equ   3
     0004             (           mecb.d):00354         ENTRY_TYPE_MENU                     equ   4
                      (           mecb.d):00355         
                      (           mecb.d):00356         ; file_flags definitions
     0001             (           mecb.d):00357         DIR_ENTRY_FF_DIR                    equ   1
     0002             (           mecb.d):00358         DIR_ENTRY_FF_TRUNC                  equ   2
                      (           mecb.d):00359         
                      (           mecb.d):00360         ; file_type definitions
     0000             (           mecb.d):00361         DIR_ENTRY_FT_UNKNOWN                equ   0
                      (           mecb.d):00362         
                      (           mecb.d):00363         ; Network line translation
     0000             (           mecb.d):00364         NET_TRANS_NONE                      equ   0
     0001             (           mecb.d):00365         NET_TRANS_CR                        equ   1
     0002             (           mecb.d):00366         NET_TRANS_LF                        equ   2
     0003             (           mecb.d):00367         NET_TRANS_CRLF                      equ   3
                      (           mecb.d):00368         
                      (           mecb.d):00369         ;=====================================================
                      (           mecb.d):00370         ; FNIO subroutine module offsets
                      (           mecb.d):00371         ;
                      (           mecb.d):00372                             org       0
0000                  (           mecb.d):00373         FNIO$Init           rmb       3
0003                  (           mecb.d):00374         FNIO$Exec           rmb       3
0006                  (           mecb.d):00375         FNIO$Term           rmb       3
                      (           mecb.d):00376         
                      (           mecb.d):00377                             endc
                      (1/modules/rbf.asm):00046                             endc
                      (1/modules/rbf.asm):00047         
     0000             (1/modules/rbf.asm):00048         rev                 set       $00
     00D0             (1/modules/rbf.asm):00049         ty                  set       FlMgr
     0001             (1/modules/rbf.asm):00050         lg                  set       Objct
     00D1             (1/modules/rbf.asm):00051         tylg                set       ty+lg
     0080             (1/modules/rbf.asm):00052         atrv                set       ReEnt+rev
     001A             (1/modules/rbf.asm):00053         edition             set       26
                      (1/modules/rbf.asm):00054         
     0000             (1/modules/rbf.asm):00055         size                equ       0                   ; not used in a file manager.
                      (1/modules/rbf.asm):00056         
0000 87CD0DE5000DD180 (1/modules/rbf.asm):00057                             mod       eom,name,tylg,atrv,start,size
     0100110000
                      (1/modules/rbf.asm):00058         
000D 5242C6           (1/modules/rbf.asm):00059         name                fcs       /RBF/
0010 1A               (1/modules/rbf.asm):00060                             fcb       edition
                      (1/modules/rbf.asm):00061         
                      (1/modules/rbf.asm):00062         *L0012    fcb   DRVMEM
                      (1/modules/rbf.asm):00063         
                      (1/modules/rbf.asm):00064         ****************************
                      (1/modules/rbf.asm):00065         * All routines are entered with
                      (1/modules/rbf.asm):00066         * (Y) = Path descriptor pointer
                      (1/modules/rbf.asm):00067         * (U) = Caller's register stack pointer
                      (1/modules/rbf.asm):00068         
                      (1/modules/rbf.asm):00069         ****************************
                      (1/modules/rbf.asm):00070         *
                      (1/modules/rbf.asm):00071         * Main entry point for RBF
                      (1/modules/rbf.asm):00072         *
                      (1/modules/rbf.asm):00073         * Entry: Y = Path descriptor pointer
                      (1/modules/rbf.asm):00074         *        U = Register stack pointer
                      (1/modules/rbf.asm):00075         
0011 160024           (1/modules/rbf.asm):00076         start               lbra      Create
0014 16015E           (1/modules/rbf.asm):00077                             lbra      Open
0017 1601E8           (1/modules/rbf.asm):00078                             lbra      MakDir
001A 160290           (1/modules/rbf.asm):00079                             lbra      ChgDir
001D 1602C0           (1/modules/rbf.asm):00080                             lbra      Delete
0020 160347           (1/modules/rbf.asm):00081                             lbra      Seek
0023 1603D6           (1/modules/rbf.asm):00082                             lbra      Read
0026 160476           (1/modules/rbf.asm):00083                             lbra      Write
0029 160360           (1/modules/rbf.asm):00084                             lbra      ReadLn
002C 160450           (1/modules/rbf.asm):00085                             lbra      WriteLn
002F 1604F0           (1/modules/rbf.asm):00086                             lbra      GetStat
0032 160559           (1/modules/rbf.asm):00087                             lbra      SetStat
0035 160228           (1/modules/rbf.asm):00088                             lbra      Close
                      (1/modules/rbf.asm):00089         
                      (1/modules/rbf.asm):00090         
                      (1/modules/rbf.asm):00091         *
                      (1/modules/rbf.asm):00092         * I$Create Entry Point
                      (1/modules/rbf.asm):00093         *
                      (1/modules/rbf.asm):00094         * Entry: A = access mode desired
                      (1/modules/rbf.asm):00095         *        B = file attributes
                      (1/modules/rbf.asm):00096         *        X = address of the pathlist
                      (1/modules/rbf.asm):00097         *
                      (1/modules/rbf.asm):00098         * Exit:  A = pathnum
                      (1/modules/rbf.asm):00099         *        X = last byte of pathlist address
                      (1/modules/rbf.asm):00100         *
                      (1/modules/rbf.asm):00101         * Error: CC Carry set
                      (1/modules/rbf.asm):00102         *        B = errcode
                      (1/modules/rbf.asm):00103         *
0038.                 (1/modules/rbf.asm):00104         Create
0038 3420             (1/modules/rbf.asm):00105                             pshs      y                   Preserve path desc ptr
003A 327B             (1/modules/rbf.asm):00106                             leas      -$05,s              Make 5 byte buffer on stack
                      (1/modules/rbf.asm):00107                             ifne      UNTESTED_H6309
                      (1/modules/rbf.asm):00108                             aim       #^DIR.,R$B,u
                      (1/modules/rbf.asm):00109                             else
003C A642             (1/modules/rbf.asm):00110                             lda       R$B,u               get perms
003E 847F             (1/modules/rbf.asm):00111                             anda      #^DIR.              mask off dir bit
0040 A742             (1/modules/rbf.asm):00112                             sta       R$B,u               save perms back
                      (1/modules/rbf.asm):00113                             endc
0042 1705FB           (1/modules/rbf.asm):00114                             lbsr      FindFile            try & find it in directory
0045 2502             (1/modules/rbf.asm):00115                             bcs       Creat47             branch if doesn't exist
                      (1/modules/rbf.asm):00116         
                      (1/modules/rbf.asm):00117         * File already exists
0047 C6DA             (1/modules/rbf.asm):00118                             ldb       #E$CEF              else exists error
0049 C1D8             (1/modules/rbf.asm):00119         Creat47             cmpb      #E$PNNF             not found?
004B 2624             (1/modules/rbf.asm):00120                             bne       Creat7E
                      (1/modules/rbf.asm):00121         
                      (1/modules/rbf.asm):00122         * File doesn't exist, create it
004D 812F             (1/modules/rbf.asm):00123                             cmpa      #PDELIM             full path?
004F 2720             (1/modules/rbf.asm):00124                             beq       Creat7E             yes, return
0051 3410             (1/modules/rbf.asm):00125                             pshs      x                   preserve filename pointer
0053 AE26             (1/modules/rbf.asm):00126                             ldx       PD.RGS,y            get register stack pointer
0055 EF04             (1/modules/rbf.asm):00127                             stu       R$X,x               save updated pathname pointer
0057 E6A816           (1/modules/rbf.asm):00128                             ldb       PD.SBP,y            get physical sector # of segment list
005A AEA817           (1/modules/rbf.asm):00129                             ldx       PD.SBP+1,y
005D A6A819           (1/modules/rbf.asm):00130                             lda       PD.SSZ,y            get size of segment list in bytes
0060 EEA81A           (1/modules/rbf.asm):00131                             ldu       PD.SSZ+1,y
0063 3456             (1/modules/rbf.asm):00132                             pshs      u,x,b,a             preserve it all
0065 4F               (1/modules/rbf.asm):00133                             clra
0066 C601             (1/modules/rbf.asm):00134                             ldb       #$01
0068 170934           (1/modules/rbf.asm):00135                             lbsr      FatScan
006B 2409             (1/modules/rbf.asm):00136                             bcc       Creat83
006D 3266             (1/modules/rbf.asm):00137                             leas      $06,s
006F 3262             (1/modules/rbf.asm):00138         Creat7C             leas      2,s                 purge user's pathname pointer
0071 3265             (1/modules/rbf.asm):00139         Creat7E             leas      5,s                 purge local data
0073 160213           (1/modules/rbf.asm):00140                             lbra      ErMemRtn            return with error
                      (1/modules/rbf.asm):00141         
                      (1/modules/rbf.asm):00142         * Create the file
0076 ED6B             (1/modules/rbf.asm):00143         Creat83             std       $0B,s               save segment size
0078 E6A816           (1/modules/rbf.asm):00144                             ldb       PD.SBP,y            save segment physical sector # in path desc.
007B AEA817           (1/modules/rbf.asm):00145                             ldx       PD.SBP+1,y          starting LSN
007E E768             (1/modules/rbf.asm):00146                             stb       $08,s               on stack too
0080 AF69             (1/modules/rbf.asm):00147                             stx       $09,s
0082 3556             (1/modules/rbf.asm):00148                             puls      u,x,b,a             restore segment physical sector # & sizes
0084 E7A816           (1/modules/rbf.asm):00149                             stb       PD.SBP,y            save it as current
0087 AFA817           (1/modules/rbf.asm):00150                             stx       PD.SBP+1,y
008A A7A819           (1/modules/rbf.asm):00151                             sta       PD.SSZ,y
008D EFA81A           (1/modules/rbf.asm):00152                             stu       PD.SSZ+1,y
                      (1/modules/rbf.asm):00153         * Find empty slot in directory sector for new file
                      (1/modules/rbf.asm):00154                             ifne      UNTESTED_H6309
                      (1/modules/rbf.asm):00155                             ldq       PD.DCP,y            get directory entry pointer for new file
                      (1/modules/rbf.asm):00156                             stq       PD.CP,y             save it as current file pointer
                      (1/modules/rbf.asm):00157                             else
0090 ECA83A           (1/modules/rbf.asm):00158                             ldd       PD.DCP,y
0093 ED2B             (1/modules/rbf.asm):00159                             std       PD.CP,y
0095 ECA83C           (1/modules/rbf.asm):00160                             ldd       PD.DCP+2,y
0098 ED2D             (1/modules/rbf.asm):00161                             std       PD.CP+2,y
                      (1/modules/rbf.asm):00162                             endc
009A 170738           (1/modules/rbf.asm):00163                             lbsr      L0957               move entry into sector buffer
009D 2509             (1/modules/rbf.asm):00164                             bcs       CreatB5
009F 6D84             (1/modules/rbf.asm):00165         CreatAC             tst       ,x                  file exist here already?
00A1 2717             (1/modules/rbf.asm):00166                             beq       CreatC7             no, found empty slot, skip ahead
00A3 17071A           (1/modules/rbf.asm):00167                             lbsr      L0942               point to next entry
00A6 24F7             (1/modules/rbf.asm):00168                             bcc       CreatAC             try again
00A8 C1D3             (1/modules/rbf.asm):00169         CreatB5             cmpb      #E$EOF              end of directory?
00AA 26C3             (1/modules/rbf.asm):00170                             bne       Creat7C             no, return error
                      (1/modules/rbf.asm):00171         * Create the directory entry for new file
00AC CC0020           (1/modules/rbf.asm):00172                             ldd       #DIR.SZ             get size of directory entry
00AF 170413           (1/modules/rbf.asm):00173                             lbsr      Writ599             add it to size of directory
00B2 25BB             (1/modules/rbf.asm):00174                             bcs       Creat7C             out of alloc?
00B4 170196           (1/modules/rbf.asm):00175                             lbsr      MDir263             set file size in file descriptor
00B7 17071B           (1/modules/rbf.asm):00176                             lbsr      L0957               read in a directory sector
00BA 3384             (1/modules/rbf.asm):00177         CreatC7             leau      ,x                  point to directory entry
00BC 17009C           (1/modules/rbf.asm):00178                             lbsr      Creat169            clear it out
00BF 3510             (1/modules/rbf.asm):00179                             puls      x                   restore pathname pointer
00C1 103F10           (1/modules/rbf.asm):00180                             os9       F$PrsNam            parse it to get filename
00C4 25AB             (1/modules/rbf.asm):00181                             bcs       Creat7E
00C6 C11D             (1/modules/rbf.asm):00182                             cmpb      #29                 length of name right size?
00C8 2302             (1/modules/rbf.asm):00183                             bls       CreatD9             yes, skip ahead
00CA C61D             (1/modules/rbf.asm):00184                             ldb       #29                 else force it to 29 chars
00CC 4F               (1/modules/rbf.asm):00185         CreatD9             clra                          move length to Y
00CD 1F02             (1/modules/rbf.asm):00186                             tfr       d,y
00CF 170425           (1/modules/rbf.asm):00187                             lbsr      Writ5CB             move name of file to directory entry
00D2 1F20             (1/modules/rbf.asm):00188                             tfr       y,d                 move length of name to D
00D4 10AE65           (1/modules/rbf.asm):00189                             ldy       $05,s               restore PDpointer
00D7 5A               (1/modules/rbf.asm):00190                             decb                          subtract 1 off length
                      (1/modules/rbf.asm):00191                             ifne      UNTESTED_H6309
                      (1/modules/rbf.asm):00192                             oim       #$80,b,u            set high bit on last char of name
                      (1/modules/rbf.asm):00193                             else
00D8 A6C5             (1/modules/rbf.asm):00194                             lda       b,u
00DA 8A80             (1/modules/rbf.asm):00195                             ora       #$80
00DC A7C5             (1/modules/rbf.asm):00196                             sta       b,u
                      (1/modules/rbf.asm):00197                             endc
00DE E6E4             (1/modules/rbf.asm):00198                             ldb       ,s                  get logical sector # of file desc
00E0 AE61             (1/modules/rbf.asm):00199                             ldx       $01,s
00E2 E7C81D           (1/modules/rbf.asm):00200                             stb       DIR.FD,u            save it into directory entry
00E5 AFC81E           (1/modules/rbf.asm):00201                             stx       DIR.FD+1,u
00E8 170C8E           (1/modules/rbf.asm):00202                             lbsr      L1205               flush sector to disk
00EB 2556             (1/modules/rbf.asm):00203                             bcs       Creat151
                      (1/modules/rbf.asm):00204         * Setup file descriptor
00ED EE28             (1/modules/rbf.asm):00205                             ldu       PD.BUF,y            get sector buffer pointer
00EF 8D71             (1/modules/rbf.asm):00206                             bsr       Creat170            clear it out
00F1 8604             (1/modules/rbf.asm):00207                             lda       #FDBUF              get file descriptor in buffer flag
00F3 A72A             (1/modules/rbf.asm):00208                             sta       PD.SMF,y            save it as current sector buffer state
00F5 AE26             (1/modules/rbf.asm):00209                             ldx       PD.RGS,y            get register stack pointer
00F7 A602             (1/modules/rbf.asm):00210                             lda       R$B,x               get file attributes
00F9 A7C4             (1/modules/rbf.asm):00211                             sta       FD.ATT,u            save it as current attributes
00FB 9E4B             (1/modules/rbf.asm):00212                             ldx       <D.Proc             get process pointer
00FD EC09             (1/modules/rbf.asm):00213                             ldd       P$User,x            get user #
00FF ED41             (1/modules/rbf.asm):00214                             std       FD.OWN,u            save creation user
0101 170196           (1/modules/rbf.asm):00215                             lbsr      SetMTime            place date & time into file descriptor
0104 EC43             (1/modules/rbf.asm):00216                             ldd       FD.DAT,u            get date last modified
0106 ED4D             (1/modules/rbf.asm):00217                             std       FD.Creat,u          save it as creation date (since we just made it)
0108 E645             (1/modules/rbf.asm):00218                             ldb       FD.DAT+2,u
010A E74F             (1/modules/rbf.asm):00219                             stb       FD.Creat+2,u
010C C601             (1/modules/rbf.asm):00220                             ldb       #$01                get link count
010E E748             (1/modules/rbf.asm):00221                             stb       FD.LNK,u
0110 EC63             (1/modules/rbf.asm):00222                             ldd       3,s                 get segment size in sectors
                      (1/modules/rbf.asm):00223                             ifne      UNTESTED_H6309
                      (1/modules/rbf.asm):00224                             decd      is                  it 1?
                      (1/modules/rbf.asm):00225                             else
0112 830001           (1/modules/rbf.asm):00226                             subd      #$0001
                      (1/modules/rbf.asm):00227                             endc
0115 2712             (1/modules/rbf.asm):00228                             beq       Creat131            yes, skip ahead
0117 30C810           (1/modules/rbf.asm):00229                             leax      FD.SEG,u            point to the start of the segment list
011A ED03             (1/modules/rbf.asm):00230                             std       FDSL.B,x            save segment size
011C EC61             (1/modules/rbf.asm):00231                             ldd       1,s                 get LSW of physical sector # of seg start
011E C30001           (1/modules/rbf.asm):00232                             addd      #1                  we need to carry below, fr the adcb! (bug fix, thanks Gene K.)
0121 ED01             (1/modules/rbf.asm):00233                             std       FDSL.A+1,x          save LSW
0123 E6E4             (1/modules/rbf.asm):00234                             ldb       ,s                  get MSB of physical sector # of segment start
0125 C900             (1/modules/rbf.asm):00235                             adcb      #$00                need carry status of addd above
0127 E784             (1/modules/rbf.asm):00236                             stb       FDSL.A,x            save MSB
0129 E6E4             (1/modules/rbf.asm):00237         Creat131            ldb       ,s                  get p hysical sector # of segment start
012B AE61             (1/modules/rbf.asm):00238                             ldx       1,s
012D 170C4B           (1/modules/rbf.asm):00239                             lbsr      L1207               flush file descriptor to disk
0130 2511             (1/modules/rbf.asm):00240                             bcs       Creat151
0132 17073B           (1/modules/rbf.asm):00241                             lbsr      L0A90               sort out any conflict for this sector
0135 E7A834           (1/modules/rbf.asm):00242                             stb       PD.FD,y             save file descriptor physical sector # to pd
0138 AFA835           (1/modules/rbf.asm):00243                             stx       PD.FD+1,y
013B 170726           (1/modules/rbf.asm):00244                             lbsr      L0A2A               update file/record lock for this sector
013E 3265             (1/modules/rbf.asm):00245                             leas      $05,s               purge sector buffer from stack
0140 16008B           (1/modules/rbf.asm):00246                             lbra      Open1CC
                      (1/modules/rbf.asm):00247         * Error on FD write to disk
0143 3552             (1/modules/rbf.asm):00248         Creat151            puls      u,x,a               restore segment start & size
0145 A7A816           (1/modules/rbf.asm):00249                             sta       PD.SBP,y            put it into path descriptor
0148 AFA817           (1/modules/rbf.asm):00250                             stx       PD.SBP+1,y
014B 6FA819           (1/modules/rbf.asm):00251                             clr       PD.SSZ,y
014E EFA81A           (1/modules/rbf.asm):00252                             stu       PD.SSZ+1,y
0151 3404             (1/modules/rbf.asm):00253                             pshs      b                   save error code
0153 170A51           (1/modules/rbf.asm):00254                             lbsr      ClrFBits
0156 3504             (1/modules/rbf.asm):00255                             puls      b                   restore error code
0158 16012E           (1/modules/rbf.asm):00256         RtnMemry            lbra      ErMemRtn            return with error
                      (1/modules/rbf.asm):00257         
                      (1/modules/rbf.asm):00258         * Clear out directory entry
                      (1/modules/rbf.asm):00259         * Entry: U = Directory entry pointer
015B.                 (1/modules/rbf.asm):00260         Creat169
015B 3456             (1/modules/rbf.asm):00261                             pshs      u,x,b,a
015D 33C820           (1/modules/rbf.asm):00262                             leau      <$20,u
0160 2006             (1/modules/rbf.asm):00263                             bra       L0169
                      (1/modules/rbf.asm):00264         
                      (1/modules/rbf.asm):00265         * Clear out sector buffer
                      (1/modules/rbf.asm):00266         * Entry: U = Sector buffer pointer
0162.                 (1/modules/rbf.asm):00267         Creat170
0162 3456             (1/modules/rbf.asm):00268                             pshs      u,x,b,a
0164 33C90100         (1/modules/rbf.asm):00269                             leau      >$0100,u
0168 4F               (1/modules/rbf.asm):00270         L0169               clra
0169 5F               (1/modules/rbf.asm):00271                             clrb
016A 1F01             (1/modules/rbf.asm):00272                             tfr       d,x
016C 3616             (1/modules/rbf.asm):00273         L016D               pshu      x,b,a
016E 11A364           (1/modules/rbf.asm):00274                             cmpu      $04,s
0171 22F9             (1/modules/rbf.asm):00275                             bhi       L016D
0173 35D6             (1/modules/rbf.asm):00276                             puls      pc,u,x,b,a
                      (1/modules/rbf.asm):00277         
                      (1/modules/rbf.asm):00278         
                      (1/modules/rbf.asm):00279         *
                      (1/modules/rbf.asm):00280         * I$Open Entry Point
                      (1/modules/rbf.asm):00281         *
                      (1/modules/rbf.asm):00282         * Entry: A = access mode desired
                      (1/modules/rbf.asm):00283         *        X = address of the pathlist
                      (1/modules/rbf.asm):00284         *
                      (1/modules/rbf.asm):00285         * Exit:  A = pathnum
                      (1/modules/rbf.asm):00286         *        X = last byte of pathlist address
                      (1/modules/rbf.asm):00287         *
                      (1/modules/rbf.asm):00288         * Error: CC Carry set
                      (1/modules/rbf.asm):00289         *        B = errcode
                      (1/modules/rbf.asm):00290         *
0175.                 (1/modules/rbf.asm):00291         Open
0175 3420             (1/modules/rbf.asm):00292                             pshs      y                   preserve path descriptor pointer
0177 1704C6           (1/modules/rbf.asm):00293                             lbsr      FindFile            try & find the file in current directory
017A 25DC             (1/modules/rbf.asm):00294                             bcs       RtnMemry            couldn't find it, return error
017C EE26             (1/modules/rbf.asm):00295                             ldu       PD.RGS,y            get register stack pointer
017E AF44             (1/modules/rbf.asm):00296                             stx       R$X,u               save updated pathname pointer
0180 ECA835           (1/modules/rbf.asm):00297                             ldd       PD.FD+1,y           do we have a file descriptor?
0183 2638             (1/modules/rbf.asm):00298                             bne       Open1BB
0185 A6A834           (1/modules/rbf.asm):00299                             lda       PD.FD,y
0188 2633             (1/modules/rbf.asm):00300                             bne       Open1BB             yes, skip ahead
                      (1/modules/rbf.asm):00301         * File descriptor doesn't exist
018A E621             (1/modules/rbf.asm):00302                             ldb       PD.MOD,y            get current file mode
018C C480             (1/modules/rbf.asm):00303                             andb      #DIR.               is it a directory?
018E 102600F5         (1/modules/rbf.asm):00304                             lbne      Clos29D             yes, return not accessible eror
0192 EDA816           (1/modules/rbf.asm):00305                             std       PD.SBP,y            set segment physical start to 0
0195 A7A818           (1/modules/rbf.asm):00306                             sta       PD.SBP+2,y
0198 EDA813           (1/modules/rbf.asm):00307                             std       PD.SBL,y            do logical as well
019B A7A815           (1/modules/rbf.asm):00308                             sta       PD.SBL+2,y
019E AEA81E           (1/modules/rbf.asm):00309                             ldx       PD.DTB,y            get pointer to drive table
01A1 A602             (1/modules/rbf.asm):00310                             lda       DD.TOT+2,x          get total # sectors on drive
                      (1/modules/rbf.asm):00311         * resave nonzero DD.TOT here and recopy
     01A3             (1/modules/rbf.asm):00312         OpenFix             equ       *
01A3 EDA811           (1/modules/rbf.asm):00313                             std       PD.SIZ+2,y          copy it to file size (B=0)
01A6 A7A81B           (1/modules/rbf.asm):00314                             sta       PD.SSZ+2,y          copy it to segment size as well
01A9 EC84             (1/modules/rbf.asm):00315                             ldd       DD.TOT,x
01AB ED2F             (1/modules/rbf.asm):00316                             std       PD.SIZ,y
01AD EDA819           (1/modules/rbf.asm):00317                             std       PD.SSZ,y
                      (1/modules/rbf.asm):00318         * BUG FIX: handle special case of DD.TOT=0 in LSN0 which blocks
                      (1/modules/rbf.asm):00319         * all subsequent accesses.  NOTE: since we can only access LSN0
                      (1/modules/rbf.asm):00320         * for any non-zero value, set DD.TOT=1 to avoid NOT READY error.
01B0 2609             (1/modules/rbf.asm):00321                             bne       OpenRet             MSW nonzero, OK
01B2 A602             (1/modules/rbf.asm):00322                             lda       DD.TOT+2,x          MSW=0, check LSB
01B4 2605             (1/modules/rbf.asm):00323                             bne       OpenRet             LSB nonzero, OK
01B6 4C               (1/modules/rbf.asm):00324                             inca                          DD.TOT=0, make it 1
01B7 A702             (1/modules/rbf.asm):00325                             sta       DD.TOT+2,x          fix drive table
01B9 20E8             (1/modules/rbf.asm):00326                             bra       OpenFix             and resave (B=0)
01BB 35A0             (1/modules/rbf.asm):00327         OpenRet             puls      pc,y                restore & return
                      (1/modules/rbf.asm):00328         
01BD A621             (1/modules/rbf.asm):00329         Open1BB             lda       PD.MOD,y            get file mode
01BF 170668           (1/modules/rbf.asm):00330                             lbsr      ChkAttrs            can user access file?
01C2 2594             (1/modules/rbf.asm):00331                             bcs       RtnMemry            no, return no permission error
01C4 8502             (1/modules/rbf.asm):00332                             bita      #WRITE.             open for write?
01C6 2706             (1/modules/rbf.asm):00333                             beq       Open1CC             no, skip ahead
01C8 1700CF           (1/modules/rbf.asm):00334                             lbsr      SetMTime            update last date modified to current
01CB 170BA3           (1/modules/rbf.asm):00335                             lbsr      L11FD               update file descriptor on disk
01CE 3520             (1/modules/rbf.asm):00336         Open1CC             puls      y                   restore path descriptor pointer
                      (1/modules/rbf.asm):00337         
                      (1/modules/rbf.asm):00338         * Update the path descriptor from the FD sector pointed to by U
01D0.                 (1/modules/rbf.asm):00339         Open1CE
                      (1/modules/rbf.asm):00340                             ifne      UNTESTED_H6309
                      (1/modules/rbf.asm):00341                             clrd                          get a 16 bit zero value
                      (1/modules/rbf.asm):00342                             else
01D0 4F               (1/modules/rbf.asm):00343                             clra
01D1 5F               (1/modules/rbf.asm):00344                             clrb
                      (1/modules/rbf.asm):00345                             endc
                      (1/modules/rbf.asm):00346         * the following two lines are swapped, between level1 and level2.
01D2 ED2B             (1/modules/rbf.asm):00347                             std       PD.CP,y
01D4 ED2D             (1/modules/rbf.asm):00348                             std       PD.CP+2,y           set seek pointer to start of file
01D6 EDA813           (1/modules/rbf.asm):00349                             std       PD.SBL,y            set segment start
01D9 A7A815           (1/modules/rbf.asm):00350                             sta       PD.SBL+2,y
01DC A7A819           (1/modules/rbf.asm):00351                             sta       PD.SSZ,y            set segment size
01DF A6C4             (1/modules/rbf.asm):00352                             lda       FD.ATT,u            get file attributes
01E1 A7A833           (1/modules/rbf.asm):00353                             sta       PD.ATT,y            put it into path descriptor
01E4 ECC810           (1/modules/rbf.asm):00354                             ldd       FD.SEG,u            get the file's segment start sector #
01E7 EDA816           (1/modules/rbf.asm):00355                             std       PD.SBP,y
01EA A6C812           (1/modules/rbf.asm):00356                             lda       FD.SEG+2,u
01ED A7A818           (1/modules/rbf.asm):00357                             sta       PD.SBP+2,y
01F0 ECC813           (1/modules/rbf.asm):00358                             ldd       FD.SEG+FDSL.B,u
01F3 EDA81A           (1/modules/rbf.asm):00359                             std       PD.SSZ+1,y
                      (1/modules/rbf.asm):00360         * ldq   FD.SIZ,u
01F6 EC49             (1/modules/rbf.asm):00361                             ldd       FD.SIZ,u            get file size
01F8 AE4B             (1/modules/rbf.asm):00362                             ldx       FD.SIZ+2,u
                      (1/modules/rbf.asm):00363         * stq PD.SIZ,y
01FA ED2F             (1/modules/rbf.asm):00364         Open209             std       PD.SIZ,y            set file size in path descriptor of caller
01FC AFA811           (1/modules/rbf.asm):00365                             stx       PD.SIZ+2,y
01FF 6F2A             (1/modules/rbf.asm):00366                             clr       PD.SMF,y            clear the state flags
0201 39               (1/modules/rbf.asm):00367         ex                  rts                           return
                      (1/modules/rbf.asm):00368         
                      (1/modules/rbf.asm):00369         
                      (1/modules/rbf.asm):00370         *
                      (1/modules/rbf.asm):00371         * I$MakDir Entry Point
                      (1/modules/rbf.asm):00372         *
                      (1/modules/rbf.asm):00373         * Entry: X = address of the pathlist
                      (1/modules/rbf.asm):00374         *
                      (1/modules/rbf.asm):00375         * Exit:  X = last byte of pathlist address
                      (1/modules/rbf.asm):00376         *
                      (1/modules/rbf.asm):00377         * Error: CC Carry set
                      (1/modules/rbf.asm):00378         *        B = errcode
                      (1/modules/rbf.asm):00379         *
0202 17FE33           (1/modules/rbf.asm):00380         MakDir              lbsr      Create              create a file descriptor
0205 2544             (1/modules/rbf.asm):00381                             bcs       MDir261             problem, return error
0207 CC0040           (1/modules/rbf.asm):00382                             ldd       #$0040
020A EDA811           (1/modules/rbf.asm):00383                             std       <$11,y
020D 8D4E             (1/modules/rbf.asm):00384                             bsr       MDir273
020F 253A             (1/modules/rbf.asm):00385                             bcs       MDir261
0211 170679           (1/modules/rbf.asm):00386                             lbsr      L0C6F
0214 2535             (1/modules/rbf.asm):00387                             bcs       MDir261
0216 170AF4           (1/modules/rbf.asm):00388                             lbsr      RdFlDscr            read in file descriptor
0219 EE28             (1/modules/rbf.asm):00389                             ldu       PD.BUF,y            get pointer to file descriptor
                      (1/modules/rbf.asm):00390                             ifne      UNTESTED_H6309
                      (1/modules/rbf.asm):00391                             oim       #DIR.,FD.ATT,u      set directory bit in attributes
                      (1/modules/rbf.asm):00392                             else
021B A6C4             (1/modules/rbf.asm):00393                             lda       FD.ATT,u
021D 8A80             (1/modules/rbf.asm):00394                             ora       #DIR.
021F A7C4             (1/modules/rbf.asm):00395                             sta       FD.ATT,u
                      (1/modules/rbf.asm):00396                             endc
0221 8D2D             (1/modules/rbf.asm):00397                             bsr       MDir266
0223 2526             (1/modules/rbf.asm):00398                             bcs       MDir261
0225 17FF3A           (1/modules/rbf.asm):00399                             lbsr      Creat170            clear out sector
0228 CC2EAE           (1/modules/rbf.asm):00400                             ldd       #$2EAE              get directory entry name for current & parent dir
022B EDC4             (1/modules/rbf.asm):00401                             std       ,u                  save parent name
022D E7C820           (1/modules/rbf.asm):00402                             stb       DIR.SZ,u            save current name
                      (1/modules/rbf.asm):00403         * This 4-line comment was in Level2 -- is it good for level1 or not?
                      (1/modules/rbf.asm):00404         * This is smaller and faster than the old method
                      (1/modules/rbf.asm):00405         *         ldq   PD.DFD-1,y      get directory FD pointer into low 24-bits of Q
                      (1/modules/rbf.asm):00406         *         clra                  make sure high byte is zero
                      (1/modules/rbf.asm):00407         *         stq   DIR.FD-1,u      save in the dir: '.' and '..' have <28 char names
0230 A6A837           (1/modules/rbf.asm):00408                             lda       PD.DFD,y
0233 A7C81D           (1/modules/rbf.asm):00409                             sta       DIR.FD,u
0236 ECA838           (1/modules/rbf.asm):00410                             ldd       PD.DFD+1,y
0239 EDC81E           (1/modules/rbf.asm):00411                             std       DIR.FD+1,u
                      (1/modules/rbf.asm):00412         *         ldq   PD.FD-1,y       get current FD into lower 24-bits of Q
                      (1/modules/rbf.asm):00413         *         clra                  ensure high byte is zero
                      (1/modules/rbf.asm):00414         *         stq   DIR.SZ+DIR.FD-1,u       save in the directory
023C A6A834           (1/modules/rbf.asm):00415                             lda       PD.FD,y
023F A7C83D           (1/modules/rbf.asm):00416                             sta       DIR.SZ+DIR.FD,u
0242 ECA835           (1/modules/rbf.asm):00417                             ldd       PD.FD+1,y
0245 EDC83E           (1/modules/rbf.asm):00418                             std       DIR.SZ+DIR.FD+1,u
                      (1/modules/rbf.asm):00419         
0248 170B2E           (1/modules/rbf.asm):00420                             lbsr      L1205               flush new directory ssector to disk
024B 203F             (1/modules/rbf.asm):00421         MDir261             bra       Rt100Mem            return to system all ok
                      (1/modules/rbf.asm):00422         
                      (1/modules/rbf.asm):00423         * Set new file size in file descriptor
                      (1/modules/rbf.asm):00424         * Entry: None
                      (1/modules/rbf.asm):00425         * Exit : New file size set in file descriptor on disk
024D 170ABD           (1/modules/rbf.asm):00426         MDir263             lbsr      RdFlDscr            read in file descriptor
0250 AE28             (1/modules/rbf.asm):00427         MDir266             ldx       PD.BUF,y            get sector pointer
                      (1/modules/rbf.asm):00428                             ifne      UNTESTED_H6309
                      (1/modules/rbf.asm):00429                             ldq       PD.SIZ,y            get current file size
                      (1/modules/rbf.asm):00430                             stq       FD.SIZ,x            save it in file descriptor
                      (1/modules/rbf.asm):00431                             else
0252 EC2F             (1/modules/rbf.asm):00432                             ldd       PD.SIZ,y
0254 ED09             (1/modules/rbf.asm):00433                             std       FD.SIZ,x
0256 ECA811           (1/modules/rbf.asm):00434                             ldd       PD.SIZ+2,y
0259 ED0B             (1/modules/rbf.asm):00435                             std       FD.SIZ+2,x
                      (1/modules/rbf.asm):00436                             endc
025B 6F2A             (1/modules/rbf.asm):00437                             clr       PD.SMF,y            clear state flags
025D 160B11           (1/modules/rbf.asm):00438         MDir273             lbra      L11FD
                      (1/modules/rbf.asm):00439         
                      (1/modules/rbf.asm):00440         
                      (1/modules/rbf.asm):00441         *
                      (1/modules/rbf.asm):00442         * I$Close Entry Point
                      (1/modules/rbf.asm):00443         *
                      (1/modules/rbf.asm):00444         * Entry: A = path number
                      (1/modules/rbf.asm):00445         *
                      (1/modules/rbf.asm):00446         * Exit:
                      (1/modules/rbf.asm):00447         *
                      (1/modules/rbf.asm):00448         * Error: CC Carry set
                      (1/modules/rbf.asm):00449         *        B = errcode
                      (1/modules/rbf.asm):00450         *
0260 4F               (1/modules/rbf.asm):00451         Close               clra
0261 6D22             (1/modules/rbf.asm):00452                             tst       PD.CNT,y            any open paths?
0263 2621             (1/modules/rbf.asm):00453                             bne       Clos29C             yes, return
0265 170B41           (1/modules/rbf.asm):00454                             lbsr      L1237               flush current sector of needed
0268 2522             (1/modules/rbf.asm):00455                             bcs       Rt100Mem            error, skip ahead
026A E621             (1/modules/rbf.asm):00456                             ldb       PD.MOD,y            get access mode
026C C502             (1/modules/rbf.asm):00457                             bitb      #WRITE.             is it write?
026E 271C             (1/modules/rbf.asm):00458                             beq       Rt100Mem            no, skip ahead
0270 ECA834           (1/modules/rbf.asm):00459                             ldd       PD.FD,y
0273 2605             (1/modules/rbf.asm):00460                             bne       Clos290
0275 A6A836           (1/modules/rbf.asm):00461                             lda       PD.FD+2,y
0278 2712             (1/modules/rbf.asm):00462                             beq       Rt100Mem
027A 8DD1             (1/modules/rbf.asm):00463         Clos290             bsr       MDir263             set new file size in file descriptor
027C 1702AF           (1/modules/rbf.asm):00464                             lbsr      Gst5E5              reached EOF?
027F 240B             (1/modules/rbf.asm):00465                             bcc       Rt100Mem            no, skip ahead
0281 170864           (1/modules/rbf.asm):00466                             lbsr      L0EFE
0284 2006             (1/modules/rbf.asm):00467                             bra       Rt100Mem            skip ahead
0286 39               (1/modules/rbf.asm):00468         Clos29C             rts                           return
                      (1/modules/rbf.asm):00469         * Return file not accessible error
0287 C6D6             (1/modules/rbf.asm):00470         Clos29D             ldb       #E$FNA
0289 43               (1/modules/rbf.asm):00471         ErMemRtn            coma
028A 3520             (1/modules/rbf.asm):00472         Clos2A0             puls      y
                      (1/modules/rbf.asm):00473         
                      (1/modules/rbf.asm):00474         * Generalized return to system
028C 3405             (1/modules/rbf.asm):00475         Rt100Mem            pshs      b,cc                preserve error status
028E EE28             (1/modules/rbf.asm):00476                             ldu       PD.BUF,y            get sector buffer pointer
0290 2706             (1/modules/rbf.asm):00477                             beq       RtMem2CF            none, skip ahead
0292 CC0100           (1/modules/rbf.asm):00478                             ldd       #$0100              get size of sector buffer
0295 103F29           (1/modules/rbf.asm):00479                             os9       F$SRtMem            return the memory to system
0298 3585             (1/modules/rbf.asm):00480         RtMem2CF            puls      pc,b,cc             restore error status & return
                      (1/modules/rbf.asm):00481         
                      (1/modules/rbf.asm):00482         * Place date & time into file descriptor
029A 170A70           (1/modules/rbf.asm):00483         SetMTime            lbsr      RdFlDscr            read in file descriptor sector
029D EE28             (1/modules/rbf.asm):00484                             ldu       PD.BUF,y            get pointer to it
029F A648             (1/modules/rbf.asm):00485                             lda       FD.LNK,u            get link count
02A1 3402             (1/modules/rbf.asm):00486                             pshs      a
02A3 3043             (1/modules/rbf.asm):00487                             leax      $03,u
02A5 103F15           (1/modules/rbf.asm):00488                             os9       F$Time
02A8 3502             (1/modules/rbf.asm):00489                             puls      a
02AA A748             (1/modules/rbf.asm):00490                             sta       $08,u
02AC 39               (1/modules/rbf.asm):00491                             rts
                      (1/modules/rbf.asm):00492         
                      (1/modules/rbf.asm):00493         
                      (1/modules/rbf.asm):00494         *
                      (1/modules/rbf.asm):00495         * I$ChgDir Entry Point
                      (1/modules/rbf.asm):00496         *    The user's requested mode is in PD.MOD,y.
                      (1/modules/rbf.asm):00497         *    It should have at least one bit of READ. or WRITE. or EXEC.
                      (1/modules/rbf.asm):00498         *    CWD is changed if READ. ($1) or WRITE. ($2) is set.
                      (1/modules/rbf.asm):00499         *    CXD is changed if EXEC. ($4) is set.
                      (1/modules/rbf.asm):00500         *    Both may be changed.
                      (1/modules/rbf.asm):00501         *    If no bits were set, it does nothing but returns OK.
                      (1/modules/rbf.asm):00502         *
                      (1/modules/rbf.asm):00503         *    (Level 1 used to allow PEXEC. ($20) as well as EXEC. ($4),
                      (1/modules/rbf.asm):00504         *    but Level 2 did not.  To unify the levels, now both will
                      (1/modules/rbf.asm):00505         *    accept PEXEC., but this was probably never documented.)
                      (1/modules/rbf.asm):00506         *
                      (1/modules/rbf.asm):00507         *    IOMan creates a temporary 64-byte Path Descriptor,
                      (1/modules/rbf.asm):00508         *    and closes the descriptor before IOMan returns.
                      (1/modules/rbf.asm):00509         *    That is the path descriptor passed to ChgDir in the Y register.
                      (1/modules/rbf.asm):00510         *
                      (1/modules/rbf.asm):00511         *    Using that path descriptor, IOMan calls I$Attach on the device before
                      (1/modules/rbf.asm):00512         *    calling the ChgDir entry here, and calls I$Detach on the device after
                      (1/modules/rbf.asm):00513         *    we return.  I$Attach links the Device Descriptor module, its Driver
                      (1/modules/rbf.asm):00514         *    module, and its File Mananger module.  I$Detach unlinks all three.
                      (1/modules/rbf.asm):00515         *
                      (1/modules/rbf.asm):00516         *    Here's how this seems to work.  In the process descriptor,
                      (1/modules/rbf.asm):00517         *    there are 12 bytes, starting with the label P$DIO.  The headers
                      (1/modules/rbf.asm):00518         *    do not describe the internal structure.
                      (1/modules/rbf.asm):00519         *
                      (1/modules/rbf.asm):00520         *    IOMan imposes this much structure:
                      (1/modules/rbf.asm):00521         *    The Device Table Entry Pointer for the CWD device
                      (1/modules/rbf.asm):00522         *    is two bytes stored at offset 0.
                      (1/modules/rbf.asm):00523         *    The Device Table Entry Pointer for the CXD device
                      (1/modules/rbf.asm):00524         *    is two bytes stored at offset 6.
                      (1/modules/rbf.asm):00525         *    That implies that the File Manager of a device with directories
                      (1/modules/rbf.asm):00526         *    can use four bytes, offsets 2 through 5, to remember which directory
                      (1/modules/rbf.asm):00527         *    is the CWD; and can use four bytes, offsets 8 through 11,
                      (1/modules/rbf.asm):00528         *    to remember which directory is the CXD.
                      (1/modules/rbf.asm):00529         *
                      (1/modules/rbf.asm):00530         *    RBF saves the 3-byte PSN Sector Number of the inode of the CWD
                      (1/modules/rbf.asm):00531         *    in offsets 3 through 5.  It appears offset 2 is unused.
                      (1/modules/rbf.asm):00532         *
                      (1/modules/rbf.asm):00533         *    RBF saves the 3-byte PSN Sector Number of the inode of the CXD
                      (1/modules/rbf.asm):00534         *    in offsets 9 through 11.  It appears offset 8 is unused.
                      (1/modules/rbf.asm):00535         *
                      (1/modules/rbf.asm):00536         *    Is there any Link Count on the Device (in the Device Table Entry)
                      (1/modules/rbf.asm):00537         *    to mark the fact that a process is using it for its CWD or CXD?
                      (1/modules/rbf.asm):00538         *    It seems to me (strick) that there should be, but I cannot find
                      (1/modules/rbf.asm):00539         *    where a link count is being maintained.  This should involve
                      (1/modules/rbf.asm):00540         *    three things:  1. A new process inherits CWD and CXD from its
                      (1/modules/rbf.asm):00541         *    parent process, so it should add a link to each device;
                      (1/modules/rbf.asm):00542         *    2.  When a process changes a current directory, it should unlink
                      (1/modules/rbf.asm):00543         *    the old one, and link the new one;  and 3.  A process unlinks them
                      (1/modules/rbf.asm):00544         *    when the process dies.
                      (1/modules/rbf.asm):00545         *
                      (1/modules/rbf.asm):00546         *    However I think in Nitros9 actually 1. A new process gets a copy
                      (1/modules/rbf.asm):00547         *    of its parent's 12 byte P$DIO structure, but no links are done;
                      (1/modules/rbf.asm):00548         *    2. When one changes directories, the old values are ignored
                      (1/modules/rbf.asm):00549         *    and the new values are not linked; and 3. When a process dies,
                      (1/modules/rbf.asm):00550         *    its P$DIO structure is ignored, and just vanishes.
                      (1/modules/rbf.asm):00551         *
                      (1/modules/rbf.asm):00552         *    (In most unices, the CWD and CRD (working and root) directories
                      (1/modules/rbf.asm):00553         *    are ordinary open paths to the directory, which would link the
                      (1/modules/rbf.asm):00554         *    usage of the device.  Why didn't OS9 do the same thing?)
                      (1/modules/rbf.asm):00555         *
                      (1/modules/rbf.asm):00556         *    Fact: The name `P$DIO` does not occur in any of the Level2
                      (1/modules/rbf.asm):00557         *    kernel module sources.   In Level1, it only appears in `ffork.asm`
                      (1/modules/rbf.asm):00558         *    where it is used to copy the 12 bytes from parent to child.
                      (1/modules/rbf.asm):00559         *
                      (1/modules/rbf.asm):00560         *    Bug?  If you unlink a device (with no open paths) while some
                      (1/modules/rbf.asm):00561         *    process uses it for CWD or CXD, are not the Device Table
                      (1/modules/rbf.asm):00562         *    Entry Pointers now pointing to garbage?
                      (1/modules/rbf.asm):00563         *
                      (1/modules/rbf.asm):00564         * Entry:
                      (1/modules/rbf.asm):00565         *    Y -> a temporary path descriptor, created just for this operation.
                      (1/modules/rbf.asm):00566         *
                      (1/modules/rbf.asm):00567         * How this block exits:
                      (1/modules/rbf.asm):00568         *    The entry Y value should have been pushed onto the stack.
                      (1/modules/rbf.asm):00569         *    Notice all exits are branches to Clos2A0.
                      (1/modules/rbf.asm):00570         *
                      (1/modules/rbf.asm):00571         * Exit:
                      (1/modules/rbf.asm):00572         *    The only result is a side effect in the P$DIO structure in the
                      (1/modules/rbf.asm):00573         *    process descriptor.
                      (1/modules/rbf.asm):00574         *
                      (1/modules/rbf.asm):00575         * Error: CC Carry set
                      (1/modules/rbf.asm):00576         *        B = errcode
                      (1/modules/rbf.asm):00577         *
02AD 3420             (1/modules/rbf.asm):00578         ChgDir              pshs      y                   preserve path descriptor pointer (to be pulled at Clos2A0)
                      (1/modules/rbf.asm):00579                             ifne      UNTESTED_H6309
                      (1/modules/rbf.asm):00580                             oim       #DIR.,PD.MOD,y      ensure the directory bit is set
                      (1/modules/rbf.asm):00581                             else
02AF A621             (1/modules/rbf.asm):00582                             lda       PD.MOD,y            get mode from caller,
02B1 8A80             (1/modules/rbf.asm):00583                             ora       #DIR.               add the directory bit,
02B3 A721             (1/modules/rbf.asm):00584                             sta       PD.MOD,y            and save back to pd.
                      (1/modules/rbf.asm):00585                             endc
02B5 17FEBD           (1/modules/rbf.asm):00586                             lbsr      Open                go open the directory in the path descriptor at Y.
02B8 25D0             (1/modules/rbf.asm):00587                             bcs       Clos2A0             exit on error
02BA 9E4B             (1/modules/rbf.asm):00588                             ldx       <D.Proc             get current process pointer
02BC EEA835           (1/modules/rbf.asm):00589                             ldu       PD.FD+1,y           get LSW of file descriptor sector # (i.e. inode)
02BF E621             (1/modules/rbf.asm):00590                             ldb       PD.MOD,y            get current file mode
02C1 C503             (1/modules/rbf.asm):00591                             bitb      #UPDAT.             read or write mode?
02C3 2709             (1/modules/rbf.asm):00592                             beq       CD30D               no, skip ahead
                      (1/modules/rbf.asm):00593         * Change current data dir
02C5 E6A834           (1/modules/rbf.asm):00594                             ldb       PD.FD,y             get MSB of file descriptor sector # (i.e. inode)
02C8 E7881D           (1/modules/rbf.asm):00595                             stb       P$DIO+3,x           save MSB in Proc descriptor (changes the CWD of the proc)
02CB EF881E           (1/modules/rbf.asm):00596                             stu       P$DIO+4,x           save LSW in Proc descriptor (changes the CWD of the proc)
02CE E621             (1/modules/rbf.asm):00597         CD30D               ldb       PD.MOD,y            get current file mode
02D0 C524             (1/modules/rbf.asm):00598                             bitb      #PEXEC.+EXEC.       is it execution dir?
02D2 2709             (1/modules/rbf.asm):00599                             beq       CD31C               no, skip ahead (do nothing but return OK, if no R, W, or E mode bits)
                      (1/modules/rbf.asm):00600         * Change current execution directory
02D4 E6A834           (1/modules/rbf.asm):00601                             ldb       PD.FD,y             get MSB of file descriptor sector # (i.e. inode)
02D7 E78823           (1/modules/rbf.asm):00602                             stb       P$DIO+9,x           save MSB in Proc descriptor (changes the CXD of the proc)
02DA EF8824           (1/modules/rbf.asm):00603                             stu       P$DIO+10,x          save LSW in Proc descriptor (changes the CXD of the proc)
02DD 5F               (1/modules/rbf.asm):00604         CD31C               clrb                          clear errors
02DE 20AA             (1/modules/rbf.asm):00605                             bra       Clos2A0             Close the path that was Opened above, and return to system.
                      (1/modules/rbf.asm):00606         
                      (1/modules/rbf.asm):00607         
                      (1/modules/rbf.asm):00608         *
                      (1/modules/rbf.asm):00609         * I$Delete Entry Point
                      (1/modules/rbf.asm):00610         *
                      (1/modules/rbf.asm):00611         * Entry:
                      (1/modules/rbf.asm):00612         *
                      (1/modules/rbf.asm):00613         * Exit:
                      (1/modules/rbf.asm):00614         *
                      (1/modules/rbf.asm):00615         * Error: CC Carry set
                      (1/modules/rbf.asm):00616         *        B = errcode
                      (1/modules/rbf.asm):00617         *
                      (1/modules/rbf.asm):00618         * NOTE: Bug for write protected disk has been fixed - 93/09/19
                      (1/modules/rbf.asm):00619         *
02E0.                 (1/modules/rbf.asm):00620         Delete
02E0 3420             (1/modules/rbf.asm):00621                             pshs      y                   preserve path descriptor pointer
02E2 17035B           (1/modules/rbf.asm):00622                             lbsr      FindFile            does the file exist?
02E5 25A3             (1/modules/rbf.asm):00623                             bcs       Clos2A0             no, return error
02E7 ECA835           (1/modules/rbf.asm):00624                             ldd       PD.FD+1,y           do we have a file descriptor?
02EA 2605             (1/modules/rbf.asm):00625                             bne       Del332              yes, skip ahead
02EC 6DA834           (1/modules/rbf.asm):00626                             tst       PD.FD,y
02EF 2796             (1/modules/rbf.asm):00627                             beq       Clos29D
02F1 8642             (1/modules/rbf.asm):00628         Del332              lda       #SHARE.+WRITE.      get attributes to check
02F3 170534           (1/modules/rbf.asm):00629                             lbsr      ChkAttrs            can user delete ths file?
02F6 256F             (1/modules/rbf.asm):00630                             bcs       Clos2A02            no, return error
02F8 EE26             (1/modules/rbf.asm):00631                             ldu       PD.RGS,y            get registered stack pointer
02FA AF44             (1/modules/rbf.asm):00632                             stx       R$X,u               save updated pathname pointer
02FC 170A0E           (1/modules/rbf.asm):00633                             lbsr      RdFlDscr            read in file descriptor
02FF 2566             (1/modules/rbf.asm):00634                             bcs       Clos2A02
0301 AE28             (1/modules/rbf.asm):00635                             ldx       PD.BUF,y            get pointer to the file descriptor
0303 6A08             (1/modules/rbf.asm):00636                             dec       FD.LNK,x            decrement link count
0305 2705             (1/modules/rbf.asm):00637                             beq       L0304
0307 170A67           (1/modules/rbf.asm):00638                             lbsr      L11FD               write updated file descriptor
030A 2026             (1/modules/rbf.asm):00639                             bra       L032A
030C.                 (1/modules/rbf.asm):00640         L0304
030C 4F               (1/modules/rbf.asm):00641                             clra
030D 5F               (1/modules/rbf.asm):00642                             clrb
030E ED2F             (1/modules/rbf.asm):00643                             std       $0F,y
0310 EDA811           (1/modules/rbf.asm):00644                             std       <$11,y
0313 1707D2           (1/modules/rbf.asm):00645                             lbsr      L0EFE
0316 254F             (1/modules/rbf.asm):00646                             bcs       Clos2A02
0318 E6A834           (1/modules/rbf.asm):00647                             ldb       PD.FD,y             grab file descriptor sector number
031B AEA835           (1/modules/rbf.asm):00648                             ldx       PD.FD+1,y
031E E7A816           (1/modules/rbf.asm):00649                             stb       PD.SBP,y            copy it to the segment beginning sector number
0321 AFA817           (1/modules/rbf.asm):00650                             stx       PD.SBP+1,y
0324 AE28             (1/modules/rbf.asm):00651                             ldx       PD.BUF,y            point to the buffer
0326 EC8813           (1/modules/rbf.asm):00652                             ldd       <$13,x              this code is REQUIRED for multiple
0329 C30001           (1/modules/rbf.asm):00653                             addd      #$0001              sector cluster operation, DO NOT REMOVE!
032C EDA81A           (1/modules/rbf.asm):00654                             std       PD.SSZ+1,y
032F 170875           (1/modules/rbf.asm):00655                             lbsr      ClrFBits            delete a segment
0332 2533             (1/modules/rbf.asm):00656         L032A               bcs       Clos2A02
0334 170A72           (1/modules/rbf.asm):00657                             lbsr      L1237               flush the sector
0337 170536           (1/modules/rbf.asm):00658                             lbsr      L0A90
033A A6A837           (1/modules/rbf.asm):00659                             lda       PD.DFD,y
033D A7A834           (1/modules/rbf.asm):00660                             sta       PD.FD,y
0340 ECA838           (1/modules/rbf.asm):00661                             ldd       PD.DFD+1,y
0343 EDA835           (1/modules/rbf.asm):00662                             std       PD.FD+1,y
0346 1709C4           (1/modules/rbf.asm):00663                             lbsr      RdFlDscr            get the file descriptor
0349 251C             (1/modules/rbf.asm):00664                             bcs       Clos2A02
034B 170516           (1/modules/rbf.asm):00665                             lbsr      L0A2A
034E EE28             (1/modules/rbf.asm):00666                             ldu       PD.BUF,y
0350 17FE7D           (1/modules/rbf.asm):00667                             lbsr      Open1CE             update PD entries from FD entries
                      (1/modules/rbf.asm):00668                             ifne      UNTESTED_H6309
                      (1/modules/rbf.asm):00669                             ldq       PD.DCP,y            get current directory entry pointer
                      (1/modules/rbf.asm):00670                             stq       PD.CP,y             save it as current pointer
                      (1/modules/rbf.asm):00671                             else
0353 ECA83A           (1/modules/rbf.asm):00672                             ldd       PD.DCP,y
0356 ED2B             (1/modules/rbf.asm):00673                             std       PD.CP,y
0358 ECA83C           (1/modules/rbf.asm):00674                             ldd       PD.DCP+2,y
035B ED2D             (1/modules/rbf.asm):00675                             std       PD.CP+2,y
                      (1/modules/rbf.asm):00676                             endc
035D 170475           (1/modules/rbf.asm):00677                             lbsr      L0957               read in the directory sector
0360 2505             (1/modules/rbf.asm):00678                             bcs       Clos2A02
0362 6F84             (1/modules/rbf.asm):00679                             clr       ,x                  clear first byte of filename in directory entry
0364 170A12           (1/modules/rbf.asm):00680                             lbsr      L1205               flush the sector to disk
0367 16FF20           (1/modules/rbf.asm):00681         Clos2A02            lbra      Clos2A0
                      (1/modules/rbf.asm):00682         
                      (1/modules/rbf.asm):00683         
                      (1/modules/rbf.asm):00684         *
                      (1/modules/rbf.asm):00685         * I$Seek Entry Point
                      (1/modules/rbf.asm):00686         *
                      (1/modules/rbf.asm):00687         * Entry:
                      (1/modules/rbf.asm):00688         *
                      (1/modules/rbf.asm):00689         * Exit:
                      (1/modules/rbf.asm):00690         *
                      (1/modules/rbf.asm):00691         * Error: CC Carry set
                      (1/modules/rbf.asm):00692         *        B = errcode
                      (1/modules/rbf.asm):00693         *
036A E62A             (1/modules/rbf.asm):00694         Seek                ldb       PD.SMF,y            get state flags
036C C502             (1/modules/rbf.asm):00695                             bitb      #SINBUF             do we have a sector in buffer?
036E 2713             (1/modules/rbf.asm):00696                             beq       Seek417             no, skip ahead
0370 A645             (1/modules/rbf.asm):00697                             lda       R$X+1,u             calculate if we need a new sector
0372 E648             (1/modules/rbf.asm):00698                             ldb       R$U,u
0374 A32C             (1/modules/rbf.asm):00699                             subd      PD.CP+1,y
0376 2606             (1/modules/rbf.asm):00700                             bne       Seek412
0378 A644             (1/modules/rbf.asm):00701                             lda       R$X,u
037A A22B             (1/modules/rbf.asm):00702                             sbca      PD.CP,y
037C 2709             (1/modules/rbf.asm):00703                             beq       Seek41B             no need to get another sector, skip ahead
037E 170A28           (1/modules/rbf.asm):00704         Seek412             lbsr      L1237               flush the current sector to disk
0381 2508             (1/modules/rbf.asm):00705                             bcs       Seek41F
0383 EC44             (1/modules/rbf.asm):00706         Seek417             ldd       R$X,u               get & set new file pointer
0385 ED2B             (1/modules/rbf.asm):00707                             std       PD.CP,y
0387 EC48             (1/modules/rbf.asm):00708         Seek41B             ldd       R$U,u
0389 ED2D             (1/modules/rbf.asm):00709                             std       PD.CP+2,y
038B 39               (1/modules/rbf.asm):00710         Seek41F             rts                           return
                      (1/modules/rbf.asm):00711         
                      (1/modules/rbf.asm):00712         
                      (1/modules/rbf.asm):00713         *
                      (1/modules/rbf.asm):00714         * I$ReadLn Entry Point
                      (1/modules/rbf.asm):00715         *
                      (1/modules/rbf.asm):00716         * Entry:
                      (1/modules/rbf.asm):00717         *
                      (1/modules/rbf.asm):00718         * Exit:
                      (1/modules/rbf.asm):00719         *
                      (1/modules/rbf.asm):00720         * Error: CC Carry set
                      (1/modules/rbf.asm):00721         *        B = errcode
                      (1/modules/rbf.asm):00722         *
038C 8D3B             (1/modules/rbf.asm):00723         ReadLn              bsr       RdLn463             check if record locked for amount to be read
038E 2722             (1/modules/rbf.asm):00724                             beq       RdLn446             zero bytes to read, return
0390 8D21             (1/modules/rbf.asm):00725                             bsr       RdLn447
0392 3476             (1/modules/rbf.asm):00726                             pshs      u,y,x,b,a
0394 1E13             (1/modules/rbf.asm):00727                             exg       x,u
                      (1/modules/rbf.asm):00728                             ifne      UNTESTED_H6309
                      (1/modules/rbf.asm):00729                             tfr       0,y                 smaller, same speed as LDY #$0000
                      (1/modules/rbf.asm):00730                             else
0396 108E0000         (1/modules/rbf.asm):00731                             ldy       #$0000
                      (1/modules/rbf.asm):00732                             endc
039A 860D             (1/modules/rbf.asm):00733                             lda       #$0D                a carriage return
039C 3121             (1/modules/rbf.asm):00734         RdLn430             leay      1,y                 go up one byte
039E A180             (1/modules/rbf.asm):00735                             cmpa      ,x+                 is it a CR?
03A0 2703             (1/modules/rbf.asm):00736                             beq       RdLn439             yes, we're done
03A2 5A               (1/modules/rbf.asm):00737                             decb                          count down
03A3 26F7             (1/modules/rbf.asm):00738                             bne       RdLn430             until done one sector, at least
03A5.                 (1/modules/rbf.asm):00739         RdLn439
03A5 AE66             (1/modules/rbf.asm):00740                             ldx       6,s                 get old U
03A7 8D50             (1/modules/rbf.asm):00741                             bsr       RdLn49B             move bytes from the system to user
03A9 10AF6A           (1/modules/rbf.asm):00742                             sty       $0A,s               save Y on-stack, above calling routine????
03AC 3576             (1/modules/rbf.asm):00743                             puls      u,y,x,b,a           restore registers
03AE EC62             (1/modules/rbf.asm):00744                             ldd       $02,s               get old saved Y from above
03B0 308B             (1/modules/rbf.asm):00745                             leax      d,x                 point to how many bytes we've read
03B2 39               (1/modules/rbf.asm):00746         RdLn446             rts                           and exit
                      (1/modules/rbf.asm):00747         
03B3 8D64             (1/modules/rbf.asm):00748         RdLn447             bsr       Read4D3             do reading, calling this routine back again
03B5 A682             (1/modules/rbf.asm):00749                             lda       ,-x
03B7 810D             (1/modules/rbf.asm):00750                             cmpa      #$0D                is it a CR?
03B9 2704             (1/modules/rbf.asm):00751                             beq       RdLn459             yes, skip ahead
03BB EC62             (1/modules/rbf.asm):00752                             ldd       $02,s               check data saved on-stack???
03BD 2660             (1/modules/rbf.asm):00753                             bne       Read4D9             if not zero, skip ahead
03BF EE26             (1/modules/rbf.asm):00754         RdLn459             ldu       PD.RGS,y            grab caller's register stack
03C1 EC46             (1/modules/rbf.asm):00755                             ldd       R$Y,u               get number of bytes to read
03C3 A362             (1/modules/rbf.asm):00756                             subd      $02,s               take out data read last sector??
03C5 ED46             (1/modules/rbf.asm):00757                             std       R$Y,u               save as data bytes to read
03C7 204A             (1/modules/rbf.asm):00758                             bra       Read4C0             skip ahead
                      (1/modules/rbf.asm):00759         
                      (1/modules/rbf.asm):00760         * Calculate if read will be record locked with another process
                      (1/modules/rbf.asm):00761         * Entry: U=Register stack pointer
03C9 EC46             (1/modules/rbf.asm):00762         RdLn463             ldd       R$Y,u               get requested read length
03CB 8D05             (1/modules/rbf.asm):00763                             bsr       RdLn473             calculate if we will have an EOF error
03CD 2527             (1/modules/rbf.asm):00764                             bcs       RdLn497             we did, return error
03CF ED46             (1/modules/rbf.asm):00765                             std       R$Y,u               save # bytes available
03D1 39               (1/modules/rbf.asm):00766                             rts                           return
                      (1/modules/rbf.asm):00767         
                      (1/modules/rbf.asm):00768         * Calculate if read length will overrun file length
                      (1/modules/rbf.asm):00769         * Entry: D=Requested # bytes to read from file
                      (1/modules/rbf.asm):00770         * Exit : D=# bytes available
03D2 3406             (1/modules/rbf.asm):00771         RdLn473             pshs      d                   preserve length
03D4 ECA811           (1/modules/rbf.asm):00772                             ldd       <$11,y
03D7 A32D             (1/modules/rbf.asm):00773                             subd      $0D,y
03D9 1F01             (1/modules/rbf.asm):00774                             tfr       d,x
03DB EC2F             (1/modules/rbf.asm):00775                             ldd       PD.SIZ,y
03DD E22C             (1/modules/rbf.asm):00776                             sbcb      PD.CP+1,y
03DF A22B             (1/modules/rbf.asm):00777                             sbca      PD.CP,y
03E1 2510             (1/modules/rbf.asm):00778                             bcs       RdLn494             it will overrun, return EOF error
03E3 260B             (1/modules/rbf.asm):00779                             bne       RdLn491             some bytes left, return OK
03E5 5D               (1/modules/rbf.asm):00780                             tstb
03E6 2608             (1/modules/rbf.asm):00781                             bne       RdLn491
03E8 ACE4             (1/modules/rbf.asm):00782                             cmpx      ,s                  do we have enough bytes?
03EA 2404             (1/modules/rbf.asm):00783                             bcc       RdLn491
03EC AFE4             (1/modules/rbf.asm):00784                             stx       ,s                  save # bytes available
03EE 2703             (1/modules/rbf.asm):00785                             beq       RdLn494             it's 0, return EOF error
03F0 5F               (1/modules/rbf.asm):00786         RdLn491             clrb                          clear error status
03F1 3586             (1/modules/rbf.asm):00787                             puls      pc,b,a              retrieve # bytes & return
                      (1/modules/rbf.asm):00788         * Return EOF error
03F3 53               (1/modules/rbf.asm):00789         RdLn494             comb                          set carry for error
03F4 C6D3             (1/modules/rbf.asm):00790                             ldb       #E$EOF              get error code
03F6 3262             (1/modules/rbf.asm):00791         RdLn497             leas      $02,s               purge length off stack
03F8 39               (1/modules/rbf.asm):00792                             rts
03F9 1600FB           (1/modules/rbf.asm):00793         RdLn49B             lbra      Writ5CB
                      (1/modules/rbf.asm):00794         
                      (1/modules/rbf.asm):00795         *
                      (1/modules/rbf.asm):00796         * I$Read Entry Point
                      (1/modules/rbf.asm):00797         *
                      (1/modules/rbf.asm):00798         * Entry:
                      (1/modules/rbf.asm):00799         *
                      (1/modules/rbf.asm):00800         * Exit:
                      (1/modules/rbf.asm):00801         *
                      (1/modules/rbf.asm):00802         * Error: CC Carry set
                      (1/modules/rbf.asm):00803         *        B = errcode
                      (1/modules/rbf.asm):00804         *
03FC 8DCB             (1/modules/rbf.asm):00805         Read                bsr       RdLn463             record locked?
03FE 270E             (1/modules/rbf.asm):00806                             beq       Read4BB             no, allow it
0400 8D0D             (1/modules/rbf.asm):00807                             bsr       Read4BC             do reading
0402.                 (1/modules/rbf.asm):00808         Read4AF
0402 3476             (1/modules/rbf.asm):00809                             pshs      u,y,x,b,a           save data on the stack
0404 1E13             (1/modules/rbf.asm):00810                             exg       x,u
0406 1F02             (1/modules/rbf.asm):00811                             tfr       d,y
0408 8DEF             (1/modules/rbf.asm):00812                             bsr       RdLn49B             move bytes from system to user
040A 3576             (1/modules/rbf.asm):00813                             puls      u,y,x,b,a           restore registers
040C 308B             (1/modules/rbf.asm):00814                             leax      d,x                 point to end of data copied?
040E 39               (1/modules/rbf.asm):00815         Read4BB             rts
                      (1/modules/rbf.asm):00816         
040F 8D08             (1/modules/rbf.asm):00817         Read4BC             bsr       Read4D3             do some reading/writing
0411 260C             (1/modules/rbf.asm):00818                             bne       Read4D9             not done, continue
0413 5F               (1/modules/rbf.asm):00819         Read4C0             clrb
0414 327E             (1/modules/rbf.asm):00820         Read4C1             leas      -2,s                clear out crap on the stack
0416 326A             (1/modules/rbf.asm):00821         Read4C3             leas      $0A,s
0418 39               (1/modules/rbf.asm):00822                             rts
                      (1/modules/rbf.asm):00823         
                      (1/modules/rbf.asm):00824         * do reading/writing
0419 EC44             (1/modules/rbf.asm):00825         Read4D3             ldd       R$X,u               get caller's buffer pointer
041B AE46             (1/modules/rbf.asm):00826                             ldx       R$Y,u               get length of read
041D 3416             (1/modules/rbf.asm):00827                             pshs      x,b,a               preserve 'em
041F A62A             (1/modules/rbf.asm):00828         Read4D9             lda       PD.SMF,y            get stat flags
0421 8502             (1/modules/rbf.asm):00829                             bita      #SINBUF             sector in buffer/
0423 261A             (1/modules/rbf.asm):00830                             bne       Read4F9             yes, read it
0425 6D2E             (1/modules/rbf.asm):00831                             tst       PD.CP+3,y           read pointer on even sector?
0427 2611             (1/modules/rbf.asm):00832                             bne       Read4F4             no, skip ahead
0429 6D62             (1/modules/rbf.asm):00833                             tst       $02,s               MSB of length have anything?
042B 270D             (1/modules/rbf.asm):00834                             beq       Read4F4             no, skip ahead
042D 308D0078         (1/modules/rbf.asm):00835                             leax      >Writ571,pcr        WritLn or ReadLn?
0431 AC66             (1/modules/rbf.asm):00836                             cmpx      $06,s               check the stack
0433 2605             (1/modules/rbf.asm):00837                             bne       Read4F4             skipahead
0435 17084A           (1/modules/rbf.asm):00838                             lbsr      L1098               find a segment
0438 2003             (1/modules/rbf.asm):00839                             bra       Read4F7
                      (1/modules/rbf.asm):00840         
043A 17098B           (1/modules/rbf.asm):00841         Read4F4             lbsr      L1256
043D 25D5             (1/modules/rbf.asm):00842         Read4F7             bcs       Read4C1
043F EE28             (1/modules/rbf.asm):00843         Read4F9             ldu       PD.BUF,y            get sector buffer pointer
0441 4F               (1/modules/rbf.asm):00844                             clra
0442 E62E             (1/modules/rbf.asm):00845                             ldb       PD.CP+3,y
0444 33CB             (1/modules/rbf.asm):00846                             leau      d,u                 point to offset within the buffer
0446 50               (1/modules/rbf.asm):00847                             negb                          get D=number of byte left to read in the sector?
0447 82FF             (1/modules/rbf.asm):00848                             sbca      #$FF                not quite sure what this is...
0449 AEE4             (1/modules/rbf.asm):00849                             ldx       ,s                  grab caller's buffer pointer
044B 10A362           (1/modules/rbf.asm):00850                             cmpd      $02,s               check bytes left in sector against number to read
044E 2302             (1/modules/rbf.asm):00851                             bls       Read50C             lower, OK
0450 EC62             (1/modules/rbf.asm):00852                             ldd       $02,s               grab number of bytes to read
0452 3406             (1/modules/rbf.asm):00853         Read50C             pshs      b,a                 save
0454 ADF808           (1/modules/rbf.asm):00854                             jsr       [$08,s]             call our calling routine!
0457 AF62             (1/modules/rbf.asm):00855                             stx       $02,s               save new address to write to on-stack
0459 A62A             (1/modules/rbf.asm):00856                             lda       $0A,y
045B 84BF             (1/modules/rbf.asm):00857                             anda      #$BF
045D A72A             (1/modules/rbf.asm):00858                             sta       $0A,y
045F E661             (1/modules/rbf.asm):00859                             ldb       $01,s               get LSB of bytes read
0461 EB2E             (1/modules/rbf.asm):00860                             addb      PD.CP+3,y           add it to current pointer
0463 E72E             (1/modules/rbf.asm):00861                             stb       PD.CP+3,y           save new file position
0465 260F             (1/modules/rbf.asm):00862                             bne       Read530             didn't grab whole sector, skip ahead
0467 17093F           (1/modules/rbf.asm):00863                             lbsr      L1237               flush the sector
046A 6C2D             (1/modules/rbf.asm):00864                             inc       PD.CP+2,y           add
046C 2606             (1/modules/rbf.asm):00865                             bne       Read52E
046E 6C2C             (1/modules/rbf.asm):00866                             inc       PD.CP+1,y
0470 2602             (1/modules/rbf.asm):00867                             bne       Read52E
0472 6C2B             (1/modules/rbf.asm):00868                             inc       PD.CP,y
0474 25A0             (1/modules/rbf.asm):00869         Read52E             bcs       Read4C3
0476 EC64             (1/modules/rbf.asm):00870         Read530             ldd       $04,s               grab number of bytes to read/write
0478 A3E1             (1/modules/rbf.asm):00871                             subd      ,s++                take out number we've read/written
047A ED62             (1/modules/rbf.asm):00872                             std       $02,s               save on-stack
047C 6EF804           (1/modules/rbf.asm):00873                             jmp       [$04,s]             go back to calling routine with D,X on-stack
                      (1/modules/rbf.asm):00874         
                      (1/modules/rbf.asm):00875         
                      (1/modules/rbf.asm):00876         *
                      (1/modules/rbf.asm):00877         * I$WritLn Entry Point
                      (1/modules/rbf.asm):00878         *
                      (1/modules/rbf.asm):00879         * Entry:
                      (1/modules/rbf.asm):00880         *
                      (1/modules/rbf.asm):00881         * Exit:
                      (1/modules/rbf.asm):00882         *
                      (1/modules/rbf.asm):00883         * Error: CC Carry set
                      (1/modules/rbf.asm):00884         *        B = errcode
                      (1/modules/rbf.asm):00885         *
047F 3420             (1/modules/rbf.asm):00886         WriteLn             pshs      y                   save PD pointer
0481 5F               (1/modules/rbf.asm):00887                             clrb
0482 10AE46           (1/modules/rbf.asm):00888                             ldy       R$Y,u               grab size of data to write
0485 2716             (1/modules/rbf.asm):00889                             beq       WtLn55E             exit if none
0487 AE44             (1/modules/rbf.asm):00890                             ldx       R$X,u
0489 313F             (1/modules/rbf.asm):00891         WtLn547             leay      -$01,y              back up one byte
048B 2710             (1/modules/rbf.asm):00892                             beq       WtLn55E             if done, exit
048D A680             (1/modules/rbf.asm):00893                             lda       ,x+
048F 810D             (1/modules/rbf.asm):00894                             cmpa      #$0D                is it a CR?
0491 26F6             (1/modules/rbf.asm):00895                             bne       WtLn547             no, keep it up until done
0493 1F20             (1/modules/rbf.asm):00896                             tfr       y,d                 get number of bytes left
0495 40               (1/modules/rbf.asm):00897                             nega                          \
                      (1/modules/rbf.asm):00898         * a negd was tried here, but may have caused runaway writes>64k
0496 50               (1/modules/rbf.asm):00899                             negb                          /     invert it
0497 8200             (1/modules/rbf.asm):00900                             sbca      #$00
0499 E346             (1/modules/rbf.asm):00901                             addd      R$Y,u               add to bytes to write
049B ED46             (1/modules/rbf.asm):00902                             std       R$Y,u               save new number of bytes to write
049D 3520             (1/modules/rbf.asm):00903         WtLn55E             puls      y                   restore PD pointer, and fall through to Write
                      (1/modules/rbf.asm):00904         
                      (1/modules/rbf.asm):00905         
                      (1/modules/rbf.asm):00906         *
                      (1/modules/rbf.asm):00907         * I$Write Entry Point
                      (1/modules/rbf.asm):00908         *
                      (1/modules/rbf.asm):00909         * Entry:
                      (1/modules/rbf.asm):00910         *
                      (1/modules/rbf.asm):00911         * Exit:
                      (1/modules/rbf.asm):00912         *
                      (1/modules/rbf.asm):00913         * Error: CC Carry set
                      (1/modules/rbf.asm):00914         *        B = errcode
                      (1/modules/rbf.asm):00915         *
049F EC46             (1/modules/rbf.asm):00916         Write               ldd       R$Y,u               get size of write
04A1 2720             (1/modules/rbf.asm):00917                             beq       Writ597
04A3 8D20             (1/modules/rbf.asm):00918                             bsr       Writ599
04A5 251D             (1/modules/rbf.asm):00919                             bcs       Writ598
04A7 8D11             (1/modules/rbf.asm):00920                             bsr       L04B5
04A9.                 (1/modules/rbf.asm):00921         Writ571
04A9 3426             (1/modules/rbf.asm):00922                             pshs      y,b,a
04AB 1F02             (1/modules/rbf.asm):00923                             tfr       d,y
04AD 8D48             (1/modules/rbf.asm):00924                             bsr       Writ5CB
04AF 3526             (1/modules/rbf.asm):00925                             puls      y,b,a
04B1 308B             (1/modules/rbf.asm):00926                             leax      d,x
04B3 A62A             (1/modules/rbf.asm):00927                             lda       $0A,y
04B5 8A03             (1/modules/rbf.asm):00928                             ora       #$03
04B7 A72A             (1/modules/rbf.asm):00929                             sta       $0A,y
04B9 39               (1/modules/rbf.asm):00930                             rts
04BA 17FF5C           (1/modules/rbf.asm):00931         L04B5               lbsr      Read4D3
04BD 1026FF5E         (1/modules/rbf.asm):00932                             lbne      Read4D9
04C1 3268             (1/modules/rbf.asm):00933                             leas      $08,s
04C3 5F               (1/modules/rbf.asm):00934         Writ597             clrb
04C4 39               (1/modules/rbf.asm):00935         Writ598             rts
                      (1/modules/rbf.asm):00936         
                      (1/modules/rbf.asm):00937         * Add bytes to current file position with file length extension
                      (1/modules/rbf.asm):00938         * Entry: D=# bytes to add
04C5 E32D             (1/modules/rbf.asm):00939         Writ599             addd      PD.CP+2,y           add length to LSW of current pointer
04C7 1F01             (1/modules/rbf.asm):00940                             tfr       d,x                 copy it
04C9 EC2B             (1/modules/rbf.asm):00941                             ldd       PD.CP,y             get MSW
                      (1/modules/rbf.asm):00942                             ifne      UNTESTED_H6309
                      (1/modules/rbf.asm):00943                             adcd      #0                  add in any carry from above
                      (1/modules/rbf.asm):00944                             else
04CB C900             (1/modules/rbf.asm):00945                             adcb      #0
04CD 8900             (1/modules/rbf.asm):00946                             adca      #0
                      (1/modules/rbf.asm):00947                             endc
04CF 10A32F           (1/modules/rbf.asm):00948         Writ5A3             cmpd      PD.SIZ,y            MSW past eof?
04D2 25EF             (1/modules/rbf.asm):00949                             bcs       Writ597             no, return
04D4 2205             (1/modules/rbf.asm):00950                             bhi       Writ5AF             yes, add a sector
04D6 ACA811           (1/modules/rbf.asm):00951                             cmpx      PD.SIZ+2,y          LSW past eof?
04D9 23E8             (1/modules/rbf.asm):00952                             bls       Writ597             no, return
04DB 3440             (1/modules/rbf.asm):00953         Writ5AF             pshs      u                   preserve U
04DD EEA811           (1/modules/rbf.asm):00954                             ldu       PD.SIZ+2,y          get LSW of current size
04E0 AFA811           (1/modules/rbf.asm):00955                             stx       PD.SIZ+2,y          save new size
04E3 AE2F             (1/modules/rbf.asm):00956                             ldx       PD.SIZ,y            get MSW of new size
04E5 ED2F             (1/modules/rbf.asm):00957                             std       PD.SIZ,y            save new size
                      (1/modules/rbf.asm):00958         * ATD: L0C6F looks like it already saves U and X, so saving them here is
                      (1/modules/rbf.asm):00959         * unnecessary.
04E7 3450             (1/modules/rbf.asm):00960                             pshs      u,x                 preserve old size
04E9 1703A1           (1/modules/rbf.asm):00961                             lbsr      L0C6F               allocate new size of file
04EC 3550             (1/modules/rbf.asm):00962                             puls      u,x                 restore old size
04EE 2405             (1/modules/rbf.asm):00963                             bcc       Writ5C9             no error from allocate, return
04F0 AF2F             (1/modules/rbf.asm):00964                             stx       PD.SIZ,y            put old size back
04F2 EFA811           (1/modules/rbf.asm):00965                             stu       PD.SIZ+2,y
04F5 35C0             (1/modules/rbf.asm):00966         Writ5C9             puls      pc,u                restore U & return
                      (1/modules/rbf.asm):00967         
                      (1/modules/rbf.asm):00968         * Move bytes from user to system
                      (1/modules/rbf.asm):00969         * Entry: X=Source pointer
                      (1/modules/rbf.asm):00970         *        Y=Byte count
                      (1/modules/rbf.asm):00971         *        U=Destination pointer
04F7 3470             (1/modules/rbf.asm):00972         Writ5CB             pshs      u,y,x
04F9 EC62             (1/modules/rbf.asm):00973                             ldd       $02,s
04FB 2723             (1/modules/rbf.asm):00974                             beq       L051B
04FD 31CB             (1/modules/rbf.asm):00975                             leay      d,u
04FF 54               (1/modules/rbf.asm):00976                             lsrb
0500 2404             (1/modules/rbf.asm):00977                             bcc       L0501
0502 A680             (1/modules/rbf.asm):00978                             lda       ,x+
0504 A7C0             (1/modules/rbf.asm):00979                             sta       ,u+
0506 54               (1/modules/rbf.asm):00980         L0501               lsrb
0507 2404             (1/modules/rbf.asm):00981                             bcc       L0508
0509 EC81             (1/modules/rbf.asm):00982                             ldd       ,x++
050B EDC1             (1/modules/rbf.asm):00983                             std       ,u++
050D 3420             (1/modules/rbf.asm):00984         L0508               pshs      y
050F 1E13             (1/modules/rbf.asm):00985                             exg       x,u
0511 2007             (1/modules/rbf.asm):00986                             bra       L0515
0513 3726             (1/modules/rbf.asm):00987         L050E               pulu      y,b,a
0515 ED81             (1/modules/rbf.asm):00988                             std       ,x++
0517 10AF81           (1/modules/rbf.asm):00989                             sty       ,x++
051A ACE4             (1/modules/rbf.asm):00990         L0515               cmpx      ,s
051C 25F5             (1/modules/rbf.asm):00991                             bcs       L050E
051E 3262             (1/modules/rbf.asm):00992                             leas      $02,s
0520 35F0             (1/modules/rbf.asm):00993         L051B               puls      pc,u,y,x
                      (1/modules/rbf.asm):00994         
                      (1/modules/rbf.asm):00995         *
                      (1/modules/rbf.asm):00996         * I$GetStat Entry Point
                      (1/modules/rbf.asm):00997         *
                      (1/modules/rbf.asm):00998         * Entry:
                      (1/modules/rbf.asm):00999         *
                      (1/modules/rbf.asm):01000         * Exit:
                      (1/modules/rbf.asm):01001         *
                      (1/modules/rbf.asm):01002         * Error: CC Carry set
                      (1/modules/rbf.asm):01003         *        B = errcode
                      (1/modules/rbf.asm):01004         *
0522 E642             (1/modules/rbf.asm):01005         GetStat             ldb       R$B,u               get function code
0524 C100             (1/modules/rbf.asm):01006                             cmpb      #SS.Opt
0526 2720             (1/modules/rbf.asm):01007                             beq       Gst5FFX             it's SS.Opt, go process
0528 C106             (1/modules/rbf.asm):01008                             cmpb      #SS.EOF             EOF check?
052A 2608             (1/modules/rbf.asm):01009                             bne       Gst5EB              no, skip ahead
052C 6F42             (1/modules/rbf.asm):01010                             clr       R$B,u               default to no EOF
052E 4F               (1/modules/rbf.asm):01011         Gst5E5              clra                          get length & clear carry
052F C601             (1/modules/rbf.asm):01012                             ldb       #$01
0531 16FE9E           (1/modules/rbf.asm):01013                             lbra      RdLn473             go calculate EOF status & return
                      (1/modules/rbf.asm):01014         
                      (1/modules/rbf.asm):01015         * SS.Ready
                      (1/modules/rbf.asm):01016         * check for data avail on dev
                      (1/modules/rbf.asm):01017         * Entry A=path number
                      (1/modules/rbf.asm):01018         *       B=$01
0534 C101             (1/modules/rbf.asm):01019         Gst5EB              cmpb      #SS.Ready           is it SS.Ready?
0536 2603             (1/modules/rbf.asm):01020                             bne       Gst5F2              no, keep checking
0538 6F42             (1/modules/rbf.asm):01021                             clr       R$B,u               always mark no data ready
053A 39               (1/modules/rbf.asm):01022                             rts
                      (1/modules/rbf.asm):01023         
                      (1/modules/rbf.asm):01024         * SS.SIZ
                      (1/modules/rbf.asm):01025         * Entry A=path num
                      (1/modules/rbf.asm):01026         *       B=$02
                      (1/modules/rbf.asm):01027         * Exit  X=msw of files size
                      (1/modules/rbf.asm):01028         *       U=lsw of files size
053B C102             (1/modules/rbf.asm):01029         Gst5F2              cmpb      #SS.Size            is it SS.Size?
053D 260A             (1/modules/rbf.asm):01030                             bne       Gst600              no, keep checking
053F EC2F             (1/modules/rbf.asm):01031                             ldd       PD.SIZ,y
0541 ED44             (1/modules/rbf.asm):01032                             std       R$X,u
0543 ECA811           (1/modules/rbf.asm):01033                             ldd       PD.SIZ+2,y
0546 ED48             (1/modules/rbf.asm):01034                             std       R$U,u
0548 39               (1/modules/rbf.asm):01035         Gst5FFX             rts                           return
                      (1/modules/rbf.asm):01036         
                      (1/modules/rbf.asm):01037         * SS.Pos
                      (1/modules/rbf.asm):01038         * Entry A=path num
                      (1/modules/rbf.asm):01039         *       B=$05
                      (1/modules/rbf.asm):01040         * Exit  X=msw of pos
                      (1/modules/rbf.asm):01041         *       U=lsw of pos
0549 C105             (1/modules/rbf.asm):01042         Gst600              cmpb      #SS.Pos             is it SS.Pos?
054B 2609             (1/modules/rbf.asm):01043                             bne       Gst60D              no, keep checking
054D EC2B             (1/modules/rbf.asm):01044                             ldd       PD.CP,y             get current file pointer
054F ED44             (1/modules/rbf.asm):01045                             std       R$X,u               save MSW
0551 EC2D             (1/modules/rbf.asm):01046                             ldd       PD.CP+2,y           get current file pointer
0553 ED48             (1/modules/rbf.asm):01047                             std       R$U,u               save LSW
0555.                 (1/modules/rbf.asm):01048         Gst5FF
0555 39               (1/modules/rbf.asm):01049                             rts
                      (1/modules/rbf.asm):01050         
                      (1/modules/rbf.asm):01051         * Getstt(SS.FD)
                      (1/modules/rbf.asm):01052         * Entry: R$A = Path #
                      (1/modules/rbf.asm):01053         *        R$B = SS.FD ($0F)
                      (1/modules/rbf.asm):01054         *        R$X = ptr to 256 byte buffer
                      (1/modules/rbf.asm):01055         *        R$Y = # of bytes of FD required
0556 C10F             (1/modules/rbf.asm):01056         Gst60D              cmpb      #SS.FD              is it SS.FD?
0558 2616             (1/modules/rbf.asm):01057                             bne       Gst627              no, keep checking
055A 1707B0           (1/modules/rbf.asm):01058                             lbsr      RdFlDscr            go get file descriptor
055D 25E9             (1/modules/rbf.asm):01059                             bcs       Gst5FFX             exit on error
055F EE26             (1/modules/rbf.asm):01060                             ldu       PD.RGS,y            get register stack pointer
0561 EC46             (1/modules/rbf.asm):01061                             ldd       R$Y,u               get # bytesof FD he wants
0563 4D               (1/modules/rbf.asm):01062                             tsta                          legal value?
0564 2703             (1/modules/rbf.asm):01063                             beq       Gst620              yes, skip ahead
0566 CC0100           (1/modules/rbf.asm):01064                             ldd       #$0100              get max size of FD
0569 AE44             (1/modules/rbf.asm):01065         Gst620              ldx       R$X,u               get pointer
056B EE28             (1/modules/rbf.asm):01066                             ldu       PD.BUF,y            get pointer to FD
056D 16FE92           (1/modules/rbf.asm):01067                             lbra      Read4AF             move it to user space
                      (1/modules/rbf.asm):01068         
                      (1/modules/rbf.asm):01069         * Getstt(SS.FDInf)
                      (1/modules/rbf.asm):01070         * Entry: R$A = Path #
                      (1/modules/rbf.asm):01071         *        R$B = SS.FDInf ($20)
                      (1/modules/rbf.asm):01072         *        R$X = ptr to 256 byte buffer
                      (1/modules/rbf.asm):01073         *        R$Y = msb - Length of read
                      (1/modules/rbf.asm):01074         *              lsb - MSB of LSN
                      (1/modules/rbf.asm):01075         *        R$U = LSW of LSN
0570 C120             (1/modules/rbf.asm):01076         Gst627              cmpb      #SS.FDInf           SS.FDInf?
0572 2615             (1/modules/rbf.asm):01077                             bne       Gst640              no, let driver handle it
0574 170832           (1/modules/rbf.asm):01078                             lbsr      L1237               check for sector flush
0577 25DC             (1/modules/rbf.asm):01079                             bcs       Gst5FF
0579 E646             (1/modules/rbf.asm):01080                             ldb       R$Y,u               get MSB of sector #
057B AE48             (1/modules/rbf.asm):01081                             ldx       R$U,u               get LSW of sector #
057D 1707A4           (1/modules/rbf.asm):01082                             lbsr      L113A               read the sector
0580 25D3             (1/modules/rbf.asm):01083                             bcs       Gst5FF              error, return
0582 EE26             (1/modules/rbf.asm):01084                             ldu       PD.RGS,y            get register stack pointer
0584 EC46             (1/modules/rbf.asm):01085                             ldd       R$Y,u               get length of data to move
0586 4F               (1/modules/rbf.asm):01086                             clra                          clear MSB
0587 20E0             (1/modules/rbf.asm):01087                             bra       Gst620              move it to user
                      (1/modules/rbf.asm):01088         
                      (1/modules/rbf.asm):01089         * Let driver handle the rest
0589 8609             (1/modules/rbf.asm):01090         Gst640              lda       #D$GSTA             get getstat function offset
058B 160798           (1/modules/rbf.asm):01091                             lbra      L113C               send it to driver
                      (1/modules/rbf.asm):01092         
                      (1/modules/rbf.asm):01093         
                      (1/modules/rbf.asm):01094         *
                      (1/modules/rbf.asm):01095         * I$SetStat Entry Point
                      (1/modules/rbf.asm):01096         *
                      (1/modules/rbf.asm):01097         * Entry:
                      (1/modules/rbf.asm):01098         *
                      (1/modules/rbf.asm):01099         * Exit:
                      (1/modules/rbf.asm):01100         *
                      (1/modules/rbf.asm):01101         * Error: CC Carry set
                      (1/modules/rbf.asm):01102         *        B = errcode
                      (1/modules/rbf.asm):01103         *
058E E642             (1/modules/rbf.asm):01104         SetStat             ldb       R$B,u               get function code
                      (1/modules/rbf.asm):01105         * TODO: remove next line since SS.Opt is 0
0590 C100             (1/modules/rbf.asm):01106                             cmpb      #SS.Opt
0592 260E             (1/modules/rbf.asm):01107                             bne       Sst659              not SS.Opt, skip ahead
0594 AE44             (1/modules/rbf.asm):01108                             ldx       R$X,u               get pointer to option packet
0596 3002             (1/modules/rbf.asm):01109                             leax      $02,x               skip device type and drive #
0598 33A822           (1/modules/rbf.asm):01110                             leau      PD.STP,y            get pointer to start of data
059B 108E000D         (1/modules/rbf.asm):01111                             ldy       #(PD.TFM-PD.STP)    get # bytes to move (not including PD.TFM)
059F 16FF55           (1/modules/rbf.asm):01112                             lbra      Writ5CB             move 'em & return
                      (1/modules/rbf.asm):01113         
                      (1/modules/rbf.asm):01114         * SS.Size
05A2 C102             (1/modules/rbf.asm):01115         Sst659              cmpb      #SS.Size            is it SS.Size?
05A4 263E             (1/modules/rbf.asm):01116                             bne       Sst69B
05A6 ECA835           (1/modules/rbf.asm):01117                             ldd       PD.FD+1,y           is there a file descriptor?
05A9 2607             (1/modules/rbf.asm):01118                             bne       Sst669
05AB 6DA834           (1/modules/rbf.asm):01119                             tst       PD.FD,y
05AE 1027008A         (1/modules/rbf.asm):01120                             lbeq      Sst7A8              no, return error
05B2 A621             (1/modules/rbf.asm):01121         Sst669              lda       PD.MOD,y            get file mode
05B4 8502             (1/modules/rbf.asm):01122                             bita      #WRITE.             is it write?
05B6 2728             (1/modules/rbf.asm):01123                             beq       Sst697              no, return error
05B8 EC44             (1/modules/rbf.asm):01124                             ldd       R$X,u               get MSW of new size
05BA AE48             (1/modules/rbf.asm):01125                             ldx       R$U,u               get LSW of new size
05BC 10A32F           (1/modules/rbf.asm):01126                             cmpd      PD.SIZ,y
05BF 250A             (1/modules/rbf.asm):01127                             bcs       Sst682
05C1 2605             (1/modules/rbf.asm):01128                             bne       Sst67F
05C3 ACA811           (1/modules/rbf.asm):01129                             cmpx      PD.SIZ+2,y
05C6 2503             (1/modules/rbf.asm):01130                             bcs       Sst682
                      (1/modules/rbf.asm):01131         * New size is larger
05C8 16FF04           (1/modules/rbf.asm):01132         Sst67F              lbra      Writ5A3             add new size to file
                      (1/modules/rbf.asm):01133         * New size is smaller
05CB ED2F             (1/modules/rbf.asm):01134         Sst682              std       PD.SIZ,y
05CD AFA811           (1/modules/rbf.asm):01135                             stx       PD.SIZ+2,y
05D0 EC2B             (1/modules/rbf.asm):01136                             ldd       PD.CP,y
05D2 AE2D             (1/modules/rbf.asm):01137                             ldx       PD.CP+2,y
05D4 3416             (1/modules/rbf.asm):01138                             pshs      x,b,a
05D6 17050F           (1/modules/rbf.asm):01139                             lbsr      L0EFE               delete from end of the file
05D9 3550             (1/modules/rbf.asm):01140                             puls      u,x
05DB AF2B             (1/modules/rbf.asm):01141                             stx       PD.CP,y             restore current position
05DD EF2D             (1/modules/rbf.asm):01142                             stu       PD.CP+2,y
05DF 39               (1/modules/rbf.asm):01143                             rts
                      (1/modules/rbf.asm):01144         * Return bad mode error
05E0 53               (1/modules/rbf.asm):01145         Sst697              comb
05E1 C6CB             (1/modules/rbf.asm):01146                             ldb       #E$BMode            get bad mod error
05E3 39               (1/modules/rbf.asm):01147                             rts
                      (1/modules/rbf.asm):01148         
                      (1/modules/rbf.asm):01149         * SetStt(SS.FD) #$0F - returns FD to disk
                      (1/modules/rbf.asm):01150         * Entry: R$A = Path #
                      (1/modules/rbf.asm):01151         *        R$B = SS.FD ($0F)
                      (1/modules/rbf.asm):01152         *        R$X = ptr to 256 byte buffer
                      (1/modules/rbf.asm):01153         *        R$Y = # bytes to write
05E4 C10F             (1/modules/rbf.asm):01154         Sst69B              cmpb      #SS.FD              is it SS.FD?
05E6 263F             (1/modules/rbf.asm):01155                             bne       Sst6D9              no, keep checking
05E8 170722           (1/modules/rbf.asm):01156                             lbsr      RdFlDscr            read in file descriptor
05EB 2552             (1/modules/rbf.asm):01157                             bcs       Sst7AB              error, return
05ED 3420             (1/modules/rbf.asm):01158                             pshs      y                   preserve path descriptor pointer
05EF AE44             (1/modules/rbf.asm):01159                             ldx       R$X,u               get pointer to caller's buffer
05F1 EE28             (1/modules/rbf.asm):01160                             ldu       PD.BUF,y            get pointer to FD
05F3 A621             (1/modules/rbf.asm):01161                             lda       PD.MOD,y
05F5 8502             (1/modules/rbf.asm):01162                             bita      #WRITE.             is it write mode?
05F7 2716             (1/modules/rbf.asm):01163                             beq       Sst6BF              no, only change attrs
05F9 109E4B           (1/modules/rbf.asm):01164                             ldy       <D.Proc             get current process pointer
05FC EC29             (1/modules/rbf.asm):01165                             ldd       P$User,y            get user #
05FE 2605             (1/modules/rbf.asm):01166                             bne       Sst6BC              not super user, skip ahead
                      (1/modules/rbf.asm):01167         * Change owner of file
0600 CC0102           (1/modules/rbf.asm):01168                             ldd       #$0102              get offset & # of bytes to move
0603 8D14             (1/modules/rbf.asm):01169                             bsr       Sst6CB
                      (1/modules/rbf.asm):01170         * Change date last modified
0605 CC0305           (1/modules/rbf.asm):01171         Sst6BC              ldd       #$0305
0608 8D0F             (1/modules/rbf.asm):01172                             bsr       Sst6CB
                      (1/modules/rbf.asm):01173         * Change creation date
060A CC0D03           (1/modules/rbf.asm):01174                             ldd       #$0D03
060D 8D0A             (1/modules/rbf.asm):01175                             bsr       Sst6CB
                      (1/modules/rbf.asm):01176         * Change attrs
060F CC0001           (1/modules/rbf.asm):01177         Sst6BF              ldd       #$0001
0612 8D05             (1/modules/rbf.asm):01178                             bsr       Sst6CB
0614 3520             (1/modules/rbf.asm):01179                             puls      y
0616 160758           (1/modules/rbf.asm):01180                             lbra      L11FD
                      (1/modules/rbf.asm):01181         * Offset into FD sector
                      (1/modules/rbf.asm):01182         * Entry: A=# bytes to offset
                      (1/modules/rbf.asm):01183         *        B=# bytes to put
0619 3450             (1/modules/rbf.asm):01184         Sst6CB              pshs      u,x
061B 3086             (1/modules/rbf.asm):01185                             leax      a,x
061D 33C6             (1/modules/rbf.asm):01186                             leau      a,u
061F 4F               (1/modules/rbf.asm):01187                             clra
0620 1F02             (1/modules/rbf.asm):01188                             tfr       d,y
0622 17FED2           (1/modules/rbf.asm):01189                             lbsr      Writ5CB
0625 35D0             (1/modules/rbf.asm):01190                             puls      pc,u,x
                      (1/modules/rbf.asm):01191         
0627 C11E             (1/modules/rbf.asm):01192         Sst6D9              cmpb      #$1E
0629 260C             (1/modules/rbf.asm):01193                             bne       L0614
062B AEA81E           (1/modules/rbf.asm):01194                             ldx       <$1E,y
062E A645             (1/modules/rbf.asm):01195                             lda       R$X+1,u
0630 A7881E           (1/modules/rbf.asm):01196                             sta       <$1E,x
0633 6F881D           (1/modules/rbf.asm):01197                             clr       <$1D,x
0636 39               (1/modules/rbf.asm):01198                             rts
0637 860C             (1/modules/rbf.asm):01199         L0614               lda       #$0C
0639 1606EA           (1/modules/rbf.asm):01200                             lbra      L113C
                      (1/modules/rbf.asm):01201         
063C 53               (1/modules/rbf.asm):01202         Sst7A8              comb
063D C6D0             (1/modules/rbf.asm):01203                             ldb       #E$UnkSvc           unknown service request
063F 39               (1/modules/rbf.asm):01204         Sst7AB              rts
                      (1/modules/rbf.asm):01205         
                      (1/modules/rbf.asm):01206         
                      (1/modules/rbf.asm):01207         * Find a file in current data/execution directory
                      (1/modules/rbf.asm):01208         * Called by Create/Open & Delete
                      (1/modules/rbf.asm):01209         *
                      (1/modules/rbf.asm):01210         * Entry: U=caller's stack reg. ptr
                      (1/modules/rbf.asm):01211         *        Y=Path dsc. ptr
0640.                 (1/modules/rbf.asm):01212         FindFile
                      (1/modules/rbf.asm):01213         **** ADDED 06/19/2004 ****
                      (1/modules/rbf.asm):01214         * Call to SS.VarSect in Driver:
                      (1/modules/rbf.asm):01215         *
                      (1/modules/rbf.asm):01216         * This code calls the driver's SS.VarSect GetStat, which will
                      (1/modules/rbf.asm):01217         * update the PD.TYP byte in the path descriptor to the sector
                      (1/modules/rbf.asm):01218         * size of the media to which this path references.
                      (1/modules/rbf.asm):01219         * If the driver doesn't support the GetStat, it will return
                      (1/modules/rbf.asm):01220         * an error, and won't touch the PD.TYP anyway, so we ignore it.
0640 AE26             (1/modules/rbf.asm):01221                             ldx       PD.RGS,y            get caller's regs
0642 A602             (1/modules/rbf.asm):01222                             lda       R$B,x               get caller's B
0644 3412             (1/modules/rbf.asm):01223                             pshs      x,a                 save PD.RGS ptr and caller's original B
0646 CC0912           (1/modules/rbf.asm):01224                             ldd       #D$GSTA*256+SS.VarSect getstat function/SS.VarSect GetStat
0649 E702             (1/modules/rbf.asm):01225                             stb       R$B,x               put SS.VarSect into caller's B
064B 1706D8           (1/modules/rbf.asm):01226                             lbsr      L113C               send it to driver
064E 3512             (1/modules/rbf.asm):01227                             puls      a,x                 get caller's original B and saved PD.RGS
0650 A702             (1/modules/rbf.asm):01228                             sta       R$B,x               restore caller's original B
0652 2406             (1/modules/rbf.asm):01229                             bcc       ok@                 branch if no error on GetStat
0654 C1D0             (1/modules/rbf.asm):01230                             cmpb      #E$UnkSvc           Unknown Service call error?
0656 102604EF         (1/modules/rbf.asm):01231                             lbne      L0F6E               if not, return with error
                      (1/modules/rbf.asm):01232         ****
065A CC0100           (1/modules/rbf.asm):01233         ok@                 ldd       #256
065D E72A             (1/modules/rbf.asm):01234                             stb       PD.BUF+2,y
065F 103F28           (1/modules/rbf.asm):01235                             os9       F$SRqMem
0662 25DB             (1/modules/rbf.asm):01236                             bcs       Sst7AB
0664 EF28             (1/modules/rbf.asm):01237                             stu       PD.BUF,y
0666 AE26             (1/modules/rbf.asm):01238                             ldx       PD.RGS,y            get register stack pointer
0668 AE04             (1/modules/rbf.asm):01239                             ldx       R$X,x               get pointer to pathname
066A 3470             (1/modules/rbf.asm):01240                             pshs      u,y,x
066C 327C             (1/modules/rbf.asm):01241                             leas      -$04,s              make a buffer
                      (1/modules/rbf.asm):01242                             ifne      UNTESTED_H6309
                      (1/modules/rbf.asm):01243                             clrd
                      (1/modules/rbf.asm):01244                             else
066E 4F               (1/modules/rbf.asm):01245                             clra
066F 5F               (1/modules/rbf.asm):01246                             clrb
                      (1/modules/rbf.asm):01247                             endc
0670 A7A834           (1/modules/rbf.asm):01248                             sta       PD.FD,y             init file descriptor logical sector #
0673 EDA835           (1/modules/rbf.asm):01249                             std       PD.FD+1,y
0676 EDA81C           (1/modules/rbf.asm):01250                             std       PD.DSK,y            init disk ID
0679 A684             (1/modules/rbf.asm):01251                             lda       ,x
067B A7E4             (1/modules/rbf.asm):01252                             sta       ,s                  save it
067D 812F             (1/modules/rbf.asm):01253                             cmpa      #PDELIM             is it a device?
067F 2610             (1/modules/rbf.asm):01254                             bne       Sst7FB              no, skip ahead
0681 170171           (1/modules/rbf.asm):01255                             lbsr      GtDvcNam            go parse it
0684 A7E4             (1/modules/rbf.asm):01256                             sta       ,s                  save last character
0686 10250101         (1/modules/rbf.asm):01257                             lbcs      L090D               error in parse, return
068A 30A4             (1/modules/rbf.asm):01258                             leax      ,y                  point X to last character
068C 10AE66           (1/modules/rbf.asm):01259                             ldy       $06,s               get path descriptor pointer
068F 2023             (1/modules/rbf.asm):01260                             bra       Sst81E              skip ahead
0691 847F             (1/modules/rbf.asm):01261         Sst7FB              anda      #$7F                strip high bit
0693 8140             (1/modules/rbf.asm):01262                             cmpa      #PENTIR             entire device flag?
0695 271D             (1/modules/rbf.asm):01263                             beq       Sst81E              yes, go process
0697 862F             (1/modules/rbf.asm):01264                             lda       #PDELIM             place delimiter as last char
0699 A7E4             (1/modules/rbf.asm):01265                             sta       ,s
069B 301F             (1/modules/rbf.asm):01266                             leax      -$01,x              bump path pointer back 1
069D A621             (1/modules/rbf.asm):01267                             lda       PD.MOD,y            get file mode
069F DE4B             (1/modules/rbf.asm):01268                             ldu       <D.Proc             get pointer to current process
06A1 33C81A           (1/modules/rbf.asm):01269                             leau      P$DIO,u             point to default data directory FD sector # (i.e. CWD inode # is at offset 3)
06A4 8504             (1/modules/rbf.asm):01270                             bita      #EXEC.              do they want execution dir?
06A6 2702             (1/modules/rbf.asm):01271                             beq       Sst814              no, skip ahead
06A8 3346             (1/modules/rbf.asm):01272                             leau      $06,u               point to execution dir (i.e. CXD inode # is at offset 3)
06AA E643             (1/modules/rbf.asm):01273         Sst814              ldb       $03,u               get MSB of logical sector # of FD to dir
06AC E7A834           (1/modules/rbf.asm):01274                             stb       PD.FD,y             put it in path descriptor
06AF EC44             (1/modules/rbf.asm):01275                             ldd       $04,u               get LSW of logical sector # of FD to dir
06B1 EDA835           (1/modules/rbf.asm):01276                             std       PD.FD+1,y
06B4 EE23             (1/modules/rbf.asm):01277         Sst81E              ldu       PD.DEV,y            get pointer to device table
06B6 EFA83E           (1/modules/rbf.asm):01278                             stu       PD.DVT,y            copy it for user
06B9 A6A821           (1/modules/rbf.asm):01279                             lda       PD.DRV,y            get drive #
06BC C626             (1/modules/rbf.asm):01280                             ldb       #DRVMEM             get sizeof drive tables
                      (1/modules/rbf.asm):01281         * confusion reigns supreme here - NO MORE!
                      (1/modules/rbf.asm):01282         * The data stored at L0012 *IS* the drive table sizeof.
                      (1/modules/rbf.asm):01283         * MY question is why this RBF constant is stored as a variable.
                      (1/modules/rbf.asm):01284         * Why would it need to be changed, and by who?
06BE 3D               (1/modules/rbf.asm):01285                             mul                           calculate offset into drive tables
06BF E342             (1/modules/rbf.asm):01286                             addd      V$STAT,u            add start of static memory
06C1 C3000F           (1/modules/rbf.asm):01287                             addd      #DRVBEG             add offset to drive tables
06C4 EDA81E           (1/modules/rbf.asm):01288                             std       PD.DTB,y            save pointer to drive table
06C7 A6E4             (1/modules/rbf.asm):01289                             lda       ,s                  get character back
06C9 847F             (1/modules/rbf.asm):01290                             anda      #$7F                strip high bit
06CB 8140             (1/modules/rbf.asm):01291                             cmpa      #PENTIR             was it entire flag?
06CD 2604             (1/modules/rbf.asm):01292                             bne       Sst83F              no, keep going
06CF 3001             (1/modules/rbf.asm):01293                             leax      $01,x               move to next character
06D1 2022             (1/modules/rbf.asm):01294                             bra       Sst861              go on
                      (1/modules/rbf.asm):01295         
06D3 170624           (1/modules/rbf.asm):01296         Sst83F              lbsr      L1110               read in LSN0
06D6 102500B9         (1/modules/rbf.asm):01297                             lbcs      L0915               error, return
06DA EE28             (1/modules/rbf.asm):01298                             ldu       PD.BUF,y            get sector buffer pointer from the read-in sector
                      (1/modules/rbf.asm):01299         * otherwise use the pointer from PD.DTB
06DC EC4E             (1/modules/rbf.asm):01300                             ldd       DD.DSK,u            get disk ID
06DE EDA81C           (1/modules/rbf.asm):01301                             std       PD.DSK,y            put it in path descriptor
06E1 ECA835           (1/modules/rbf.asm):01302                             ldd       PD.FD+1,y           does it have a file descriptor?
06E4 260F             (1/modules/rbf.asm):01303                             bne       Sst861              yes, skip ahead
06E6 A6A834           (1/modules/rbf.asm):01304                             lda       PD.FD,y
06E9 260A             (1/modules/rbf.asm):01305                             bne       Sst861
06EB A648             (1/modules/rbf.asm):01306                             lda       DD.DIR,u            get LSN of root directory
06ED A7A834           (1/modules/rbf.asm):01307                             sta       PD.FD,y             put it in path descriptor
06F0 EC49             (1/modules/rbf.asm):01308                             ldd       DD.DIR+1,u
06F2 EDA835           (1/modules/rbf.asm):01309                             std       PD.FD+1,y
06F5 AF64             (1/modules/rbf.asm):01310         Sst861              stx       $04,s               save pointer to pathname
06F7 AF68             (1/modules/rbf.asm):01311                             stx       $08,s
                      (1/modules/rbf.asm):01312         
06F9 1706AD           (1/modules/rbf.asm):01313         Sst865              lbsr      L1237               flush sector buffer
06FC 10250093         (1/modules/rbf.asm):01314                             lbcs      L0915               error, exit
0700 A6E4             (1/modules/rbf.asm):01315                             lda       ,s                  get last character of pathname
0702 847F             (1/modules/rbf.asm):01316                             anda      #$7F                mask off high bit
0704 8140             (1/modules/rbf.asm):01317                             cmpa      #PENTIR             entire device flag?
0706 2707             (1/modules/rbf.asm):01318                             beq       Sst87B              yes, skip ahead
0708 170602           (1/modules/rbf.asm):01319                             lbsr      RdFlDscr            read in file descriptor
070B 10250084         (1/modules/rbf.asm):01320                             lbcs      L0915               error, return
070F 170152           (1/modules/rbf.asm):01321         Sst87B              lbsr      L0A2A               check if directory is busy
0712 A6E4             (1/modules/rbf.asm):01322                             lda       ,s
0714 812F             (1/modules/rbf.asm):01323                             cmpa      #PDELIM             was the trailing character a slash?
0716 2655             (1/modules/rbf.asm):01324                             bne       L08EF               no, skip ahead
0718 6F62             (1/modules/rbf.asm):01325                             clr       $02,s
071A 6F63             (1/modules/rbf.asm):01326                             clr       $03,s
071C A621             (1/modules/rbf.asm):01327                             lda       PD.MOD,y            get file mode
071E 8A80             (1/modules/rbf.asm):01328                             ora       #DIR.               mask in directory bit
0720 170107           (1/modules/rbf.asm):01329                             lbsr      ChkAttrs            can user access directory?
0723 2566             (1/modules/rbf.asm):01330                             bcs       L090D               no, return
0725 17FAA8           (1/modules/rbf.asm):01331                             lbsr      Open1CE             setup path descriptor & start scan
0728 AE68             (1/modules/rbf.asm):01332                             ldx       $08,s               get pathname pointer
072A 3001             (1/modules/rbf.asm):01333                             leax      $01,x               bump to next character
072C 1700C6           (1/modules/rbf.asm):01334                             lbsr      GtDvcNam            check for valid name
072F EDE4             (1/modules/rbf.asm):01335                             std       ,s                  save length of name
0731 AF64             (1/modules/rbf.asm):01336                             stx       $04,s               save updated name pointer
0733 10AF68           (1/modules/rbf.asm):01337                             sty       $08,s
0736 10AE66           (1/modules/rbf.asm):01338                             ldy       $06,s               get path descriptor pointer
0739 2550             (1/modules/rbf.asm):01339                             bcs       L090D               error in pathname, return
073B 170097           (1/modules/rbf.asm):01340                             lbsr      L0957
073E 2004             (1/modules/rbf.asm):01341                             bra       L08C1
                      (1/modules/rbf.asm):01342         
                      (1/modules/rbf.asm):01343         * Scan diretory for name
0740 8D54             (1/modules/rbf.asm):01344         L08BC               bsr       L0918               get file descriptor
0742 8D7C             (1/modules/rbf.asm):01345         L08BE               bsr       L0942
0744 2545             (1/modules/rbf.asm):01346         L08C1               bcs       L090D               error,
0746 6D84             (1/modules/rbf.asm):01347                             tst       ,x                  filename exists?
0748 27F6             (1/modules/rbf.asm):01348                             beq       L08BC               no, get next entry
074A 4F               (1/modules/rbf.asm):01349                             clra
074B E661             (1/modules/rbf.asm):01350                             ldb       $01,s
074D 3184             (1/modules/rbf.asm):01351                             leay      ,x
074F AE64             (1/modules/rbf.asm):01352                             ldx       $04,s
0751 103F11           (1/modules/rbf.asm):01353                             os9       F$CmpNam
0754 AE66             (1/modules/rbf.asm):01354                             ldx       $06,s               get pointer to path descriptor
0756 1E12             (1/modules/rbf.asm):01355                             exg       x,y
0758 25E8             (1/modules/rbf.asm):01356                             bcs       L08BE               names don't match, skip to next
075A 8D48             (1/modules/rbf.asm):01357                             bsr       L0926               cop this DIR file descriptor to path descriptor
075C A6881D           (1/modules/rbf.asm):01358                             lda       DIR.FD,x
075F A7A834           (1/modules/rbf.asm):01359                             sta       PD.FD,y
0762 EC881E           (1/modules/rbf.asm):01360                             ldd       DIR.FD+1,x
0765 EDA835           (1/modules/rbf.asm):01361                             std       PD.FD+1,y
0768 170105           (1/modules/rbf.asm):01362                             lbsr      L0A90               check record lock?
076B 208C             (1/modules/rbf.asm):01363                             bra       Sst865              go try again
                      (1/modules/rbf.asm):01364         
076D AE68             (1/modules/rbf.asm):01365         L08EF               ldx       $08,s
076F 4D               (1/modules/rbf.asm):01366                             tsta                          last character?
0770 2B08             (1/modules/rbf.asm):01367                             bmi       L08FC               yes, skip ahead
0772 103F10           (1/modules/rbf.asm):01368                             os9       F$PrsNam            parse the name
0775 30A4             (1/modules/rbf.asm):01369                             leax      ,y                  go to the next part of the name
0777 10AE66           (1/modules/rbf.asm):01370                             ldy       $06,s
077A AF64             (1/modules/rbf.asm):01371         L08FC               stx       $04,s
077C 4F               (1/modules/rbf.asm):01372                             clra
077D A6E4             (1/modules/rbf.asm):01373         L08FF               lda       ,s
077F 3264             (1/modules/rbf.asm):01374                             leas      $04,s
0781 3407             (1/modules/rbf.asm):01375                             pshs      b,a,cc
                      (1/modules/rbf.asm):01376                             ifne      UNTESTED_H6309
                      (1/modules/rbf.asm):01377                             aim       #^BufBusy,PD.SMF,y
                      (1/modules/rbf.asm):01378                             else
0783 A62A             (1/modules/rbf.asm):01379                             lda       PD.SMF,y
0785 84BF             (1/modules/rbf.asm):01380                             anda      #^BufBusy
0787 A72A             (1/modules/rbf.asm):01381                             sta       PD.SMF,y
                      (1/modules/rbf.asm):01382                             endc
0789 35F7             (1/modules/rbf.asm):01383                             puls      pc,u,y,x,b,a,cc
                      (1/modules/rbf.asm):01384         
078B C1D3             (1/modules/rbf.asm):01385         L090D               cmpb      #E$EOF
078D 2604             (1/modules/rbf.asm):01386                             bne       L0915
078F 8D05             (1/modules/rbf.asm):01387                             bsr       L0918
0791 C6D8             (1/modules/rbf.asm):01388                             ldb       #E$PNNF
0793 43               (1/modules/rbf.asm):01389         L0915               coma
0794 20E7             (1/modules/rbf.asm):01390                             bra       L08FF
                      (1/modules/rbf.asm):01391         
0796 3406             (1/modules/rbf.asm):01392         L0918               pshs      d
0798 A664             (1/modules/rbf.asm):01393                             lda       $04,s
079A 812F             (1/modules/rbf.asm):01394                             cmpa      #PDELIM
079C 2720             (1/modules/rbf.asm):01395                             beq       L0940
079E EC66             (1/modules/rbf.asm):01396                             ldd       $06,s
07A0 261C             (1/modules/rbf.asm):01397                             bne       L0940
07A2 3506             (1/modules/rbf.asm):01398                             puls      b,a
07A4 3406             (1/modules/rbf.asm):01399         L0926               pshs      d
07A6 AF66             (1/modules/rbf.asm):01400                             stx       $06,s
07A8 A6A834           (1/modules/rbf.asm):01401                             lda       PD.FD,y
07AB A7A837           (1/modules/rbf.asm):01402                             sta       PD.DFD,y
07AE ECA835           (1/modules/rbf.asm):01403                             ldd       PD.FD+1,y
07B1 EDA838           (1/modules/rbf.asm):01404                             std       PD.DFD+1,y
                      (1/modules/rbf.asm):01405                             ifne      UNTESTED_H6309
                      (1/modules/rbf.asm):01406                             ldq       PD.CP,y
                      (1/modules/rbf.asm):01407                             stq       PD.DCP,y
                      (1/modules/rbf.asm):01408                             else
07B4 EC2B             (1/modules/rbf.asm):01409                             ldd       PD.CP,y
07B6 EDA83A           (1/modules/rbf.asm):01410                             std       PD.DCP,y
07B9 EC2D             (1/modules/rbf.asm):01411                             ldd       PD.CP+2,y
07BB EDA83C           (1/modules/rbf.asm):01412                             std       PD.DCP+2,y
                      (1/modules/rbf.asm):01413                             endc
07BE 3586             (1/modules/rbf.asm):01414         L0940               puls      pc,b,a
                      (1/modules/rbf.asm):01415         
                      (1/modules/rbf.asm):01416         * Move to next directory entry
07C0 E62E             (1/modules/rbf.asm):01417         L0942               ldb       PD.CP+3,y           get current byte pointer
07C2 CB20             (1/modules/rbf.asm):01418                             addb      #DIR.SZ             add in diretory entry size
07C4 E72E             (1/modules/rbf.asm):01419                             stb       PD.CP+3,y           save it back
07C6 240D             (1/modules/rbf.asm):01420                             bcc       L0957               didn't wrap, skip ahead (need new sector)
07C8 1705DE           (1/modules/rbf.asm):01421                             lbsr      L1237               check for sector flush
07CB 6C2D             (1/modules/rbf.asm):01422                             inc       PD.CP+2,y
07CD 2606             (1/modules/rbf.asm):01423                             bne       L0957
07CF 6C2C             (1/modules/rbf.asm):01424                             inc       PD.CP+1,y
07D1 2602             (1/modules/rbf.asm):01425                             bne       L0957
07D3 6C2B             (1/modules/rbf.asm):01426                             inc       PD.CP,y
07D5 CC0020           (1/modules/rbf.asm):01427         L0957               ldd       #DIR.SZ             get directory entry size
07D8 17FBF7           (1/modules/rbf.asm):01428                             lbsr      RdLn473             end of directory?
07DB 2517             (1/modules/rbf.asm):01429                             bcs       L097E               yes, return
07DD A62A             (1/modules/rbf.asm):01430                             lda       PD.SMF,y            get state flags
07DF 8502             (1/modules/rbf.asm):01431                             bita      #SINBUF             sector in buffer?
07E1 260A             (1/modules/rbf.asm):01432                             bne       L0977               yes, skip ahead
07E3 17049C           (1/modules/rbf.asm):01433                             lbsr      L1098
07E6 250C             (1/modules/rbf.asm):01434                             bcs       L097E
07E8 1705DD           (1/modules/rbf.asm):01435                             lbsr      L1256
07EB 2507             (1/modules/rbf.asm):01436                             bcs       L097E
07ED E62E             (1/modules/rbf.asm):01437         L0977               ldb       PD.CP+3,y           get offset into sector
07EF A628             (1/modules/rbf.asm):01438                             lda       PD.BUF,y            get MSB of sector buffer pointer
07F1 1F01             (1/modules/rbf.asm):01439                             tfr       d,x                 move it to X
07F3 5F               (1/modules/rbf.asm):01440                             clrb                          clear error status
07F4 39               (1/modules/rbf.asm):01441         L097E               rts                           return
                      (1/modules/rbf.asm):01442         
                      (1/modules/rbf.asm):01443                             ifgt      Level-1
                      (1/modules/rbf.asm):01444         * Get a byte from other task
07F5.                 (1/modules/rbf.asm):01445         L097F               pshs      u,x,b
                      (1/modules/rbf.asm):01446                             ldu       <D.Proc
                      (1/modules/rbf.asm):01447                             ldb       P$Task,u
                      (1/modules/rbf.asm):01448                             os9       F$LDABX
                      (1/modules/rbf.asm):01449                             puls      pc,u,x,b
                      (1/modules/rbf.asm):01450                             endc
                      (1/modules/rbf.asm):01451         
07F5 103F10           (1/modules/rbf.asm):01452         GtDvcNam            os9       F$PrsNam            parse the filename
07F8 3410             (1/modules/rbf.asm):01453                             pshs      x                   preserve pointer to name
07FA 2426             (1/modules/rbf.asm):01454                             bcc       L09B7               no error, check name length & return
07FC 5F               (1/modules/rbf.asm):01455                             clrb                          clear a counter flag
07FD 3402             (1/modules/rbf.asm):01456         L0992               pshs      a                   preserve last character
07FF 847F             (1/modules/rbf.asm):01457                             anda      #$7F                clear high bit of last character
0801 812E             (1/modules/rbf.asm):01458                             cmpa      #'.                 is it current data directory?
0803 3502             (1/modules/rbf.asm):01459                             puls      a                   restore last character
0805 2611             (1/modules/rbf.asm):01460                             bne       L09AD               no, skip ahead
0807 5C               (1/modules/rbf.asm):01461                             incb                          flag it's a dir
0808 3001             (1/modules/rbf.asm):01462                             leax      1,x
080A 4D               (1/modules/rbf.asm):01463                             tsta                          is it the last character of pathname?
080B 2B0B             (1/modules/rbf.asm):01464                             bmi       L09AD               yes, skip ahead
080D A684             (1/modules/rbf.asm):01465                             lda       ,x
080F C103             (1/modules/rbf.asm):01466                             cmpb      #$03                third character of DIR?
0811 25EA             (1/modules/rbf.asm):01467                             bcs       L0992               no, try again
0813 862F             (1/modules/rbf.asm):01468                             lda       #PDELIM
0815 5A               (1/modules/rbf.asm):01469                             decb
0816 301D             (1/modules/rbf.asm):01470                             leax      -3,x
0818 5D               (1/modules/rbf.asm):01471         L09AD               tstb
0819 2605             (1/modules/rbf.asm):01472                             bne       L09B5
081B 53               (1/modules/rbf.asm):01473         L09B0               comb
081C C6D7             (1/modules/rbf.asm):01474                             ldb       #E$BPNam
081E 3590             (1/modules/rbf.asm):01475                             puls      pc,x
                      (1/modules/rbf.asm):01476         
0820 3184             (1/modules/rbf.asm):01477         L09B5               leay      ,x
0822 C120             (1/modules/rbf.asm):01478         L09B7               cmpb      #$20
0824 22F5             (1/modules/rbf.asm):01479                             bhi       L09B0               yes, return error
0826 1CFE             (1/modules/rbf.asm):01480                             andcc     #^Carry             clear error status
0828 3590             (1/modules/rbf.asm):01481                             puls      pc,x                return
                      (1/modules/rbf.asm):01482         
                      (1/modules/rbf.asm):01483         * Check if user can access file/directory
                      (1/modules/rbf.asm):01484         * Entry: A=Attributes of file/directory to check
                      (1/modules/rbf.asm):01485         * Exit : Carry set - User cannot access otherwise clear
082A 1F89             (1/modules/rbf.asm):01486         ChkAttrs            tfr       a,b                 copy attributes
082C 8407             (1/modules/rbf.asm):01487                             anda      #(EXEC.!UPDAT.)     keep only file related junk
082E C4C0             (1/modules/rbf.asm):01488                             andb      #(DIR.!SHARE.)      ...and directory related junk
0830 3416             (1/modules/rbf.asm):01489                             pshs      x,b,a               preserve
0832 1704D8           (1/modules/rbf.asm):01490                             lbsr      RdFlDscr            get file descriptor
0835 2522             (1/modules/rbf.asm):01491                             bcs       L0A0C               error, return
0837 EE28             (1/modules/rbf.asm):01492                             ldu       PD.BUF,y            get pointer to FD
0839 9E4B             (1/modules/rbf.asm):01493                             ldx       <D.Proc             get current process pointer
083B EC09             (1/modules/rbf.asm):01494                             ldd       P$User,x            get user #
083D 2703             (1/modules/rbf.asm):01495                             beq       L09F5               super user, skp ahead
083F 10A341           (1/modules/rbf.asm):01496                             cmpd      FD.OWN,u            match owner of file?
0842 3502             (1/modules/rbf.asm):01497         L09F5               puls      a                   restore owner attributes
0844 2703             (1/modules/rbf.asm):01498                             beq       L09FC               got owner, skip ahead
0846 48               (1/modules/rbf.asm):01499                             lsla                          shift attributes to public area
0847 48               (1/modules/rbf.asm):01500                             lsla
0848 48               (1/modules/rbf.asm):01501                             lsla
0849 AAE4             (1/modules/rbf.asm):01502         L09FC               ora       ,s                  merge with directory bits
084B 84BF             (1/modules/rbf.asm):01503                             anda      #^SHARE.            strip off shareable bit
084D 3402             (1/modules/rbf.asm):01504                             pshs      a                   save it
084F 8A80             (1/modules/rbf.asm):01505                             ora       #DIR.               set directory bit
0851 A4C4             (1/modules/rbf.asm):01506                             anda      FD.ATT,u            keep only bits we want from attributes
0853 A1E4             (1/modules/rbf.asm):01507                             cmpa      ,s                  can he access it?
0855 270B             (1/modules/rbf.asm):01508                             beq       L0A15
0857 C6D6             (1/modules/rbf.asm):01509                             ldb       #E$FNA              get error code
0859 3262             (1/modules/rbf.asm):01510         L0A0C               leas      $02,s               purge attributes from stack
085B 43               (1/modules/rbf.asm):01511                             coma                          set carry
085C 3590             (1/modules/rbf.asm):01512                             puls      pc,x                restore & return
                      (1/modules/rbf.asm):01513         
                      (1/modules/rbf.asm):01514         
                      (1/modules/rbf.asm):01515         ; TODO(strick): NOT REACHED!?  L0A11 not used in L1!?
085E C6FD             (1/modules/rbf.asm):01516         L0A11               ldb       #E$Share            get shareable file error
0860 20F7             (1/modules/rbf.asm):01517                             bra       L0A0C               return
                      (1/modules/rbf.asm):01518         
0862 3596             (1/modules/rbf.asm):01519         L0A15               puls      pc,x,b,a
                      (1/modules/rbf.asm):01520         
0864.                 (1/modules/rbf.asm):01521         L0A2A
0864 4F               (1/modules/rbf.asm):01522                             clra
0865 5F               (1/modules/rbf.asm):01523                             clrb
0866 ED2B             (1/modules/rbf.asm):01524                             std       PD.CP,y             init current byte pointer
0868 ED2D             (1/modules/rbf.asm):01525                             std       PD.CP+2,y           smaller than STQ
086A A7A819           (1/modules/rbf.asm):01526                             sta       PD.SSZ,y            init segment size
086D EDA81A           (1/modules/rbf.asm):01527                             std       PD.SSZ+1,y
0870 39               (1/modules/rbf.asm):01528         L0A90               rts
                      (1/modules/rbf.asm):01529         
                      (1/modules/rbf.asm):01530         * "wake up the process"
0871 3436             (1/modules/rbf.asm):01531         L0C56               pshs      y,x,b,a
0873 9E4B             (1/modules/rbf.asm):01532                             ldx       <D.Proc
0875 A68811           (1/modules/rbf.asm):01533                             lda       P$IOQN,x            get I/O queue next ptr
0878 2710             (1/modules/rbf.asm):01534                             beq       L0C6C               none, exit
087A 6F8811           (1/modules/rbf.asm):01535                             clr       P$IOQN,x            set to none
087D C601             (1/modules/rbf.asm):01536                             ldb       #S$Wake
087F 103F08           (1/modules/rbf.asm):01537                             os9       F$Send              wake up
0882 9E49             (1/modules/rbf.asm):01538                             ldx       <D.PrcDBT
0884 103F2F           (1/modules/rbf.asm):01539                             os9       F$Find64
0887 6FA810           (1/modules/rbf.asm):01540                             clr       P$IOQP,y            clear its I/O queue previous pointer
088A 5F               (1/modules/rbf.asm):01541         L0C6C               clrb
088B 35B6             (1/modules/rbf.asm):01542                             puls      pc,y,x,b,a
                      (1/modules/rbf.asm):01543         
088D 3450             (1/modules/rbf.asm):01544         L0C6F               pshs      u,x
088F 8D5A             (1/modules/rbf.asm):01545         L0C71               bsr       L0CD1
0891 260C             (1/modules/rbf.asm):01546                             bne       L0C81
0893 ACA81A           (1/modules/rbf.asm):01547                             cmpx      PD.SSZ+1,y
0896 254E             (1/modules/rbf.asm):01548                             bcs       L0CC8
0898 2605             (1/modules/rbf.asm):01549                             bne       L0C81
089A A6A812           (1/modules/rbf.asm):01550                             lda       PD.SIZ+3,y
089D 2747             (1/modules/rbf.asm):01551                             beq       L0CC8
089F 17046B           (1/modules/rbf.asm):01552         L0C81               lbsr      RdFlDscr
08A2 253F             (1/modules/rbf.asm):01553                             bcs       L0CC5
08A4 AE2B             (1/modules/rbf.asm):01554                             ldx       PD.CP,y
08A6 EE2D             (1/modules/rbf.asm):01555                             ldu       PD.CP+2,y           grab current position
08A8 3450             (1/modules/rbf.asm):01556                             pshs      u,x                 save it
                      (1/modules/rbf.asm):01557                             ifne      UNTESTED_H6309
                      (1/modules/rbf.asm):01558                             ldq       PD.SIZ,y            go to the end of the file
                      (1/modules/rbf.asm):01559                             stq       PD.CP,y
                      (1/modules/rbf.asm):01560                             else
08AA EC2F             (1/modules/rbf.asm):01561                             ldd       PD.SIZ,y
08AC ED2B             (1/modules/rbf.asm):01562                             std       PD.CP,y
08AE ECA811           (1/modules/rbf.asm):01563                             ldd       PD.SIZ+2,y
08B1 ED2D             (1/modules/rbf.asm):01564                             std       PD.CP+2,y
                      (1/modules/rbf.asm):01565                             endc
08B3 1703E6           (1/modules/rbf.asm):01566                             lbsr      L10B2               search ???
08B6 3550             (1/modules/rbf.asm):01567                             puls      u,x                 restore current position
08B8 AF2B             (1/modules/rbf.asm):01568                             stx       PD.CP,y             and save back in PD again
08BA EF2D             (1/modules/rbf.asm):01569                             stu       PD.CP+2,y
08BC 2428             (1/modules/rbf.asm):01570                             bcc       L0CC8
08BE C1D5             (1/modules/rbf.asm):01571                             cmpb      #E$NES              non-existing segment error?
08C0 2621             (1/modules/rbf.asm):01572                             bne       L0CC5
08C2 8D27             (1/modules/rbf.asm):01573                             bsr       L0CD1
08C4 2609             (1/modules/rbf.asm):01574                             bne       L0CB1
08C6 6DA812           (1/modules/rbf.asm):01575                             tst       PD.SIZ+3,y
08C9 2707             (1/modules/rbf.asm):01576                             beq       L0CB4
08CB 3001             (1/modules/rbf.asm):01577                             leax      1,x
08CD 2603             (1/modules/rbf.asm):01578                             bne       L0CB4
08CF 8EFFFF           (1/modules/rbf.asm):01579         L0CB1               ldx       #$FFFF
08D2 1F10             (1/modules/rbf.asm):01580         L0CB4               tfr       x,d
08D4 4D               (1/modules/rbf.asm):01581                             tsta
08D5 2608             (1/modules/rbf.asm):01582                             bne       L0CC1
08D7 E1A82E           (1/modules/rbf.asm):01583                             cmpb      PD.SAS,y
08DA 2403             (1/modules/rbf.asm):01584                             bcc       L0CC1
08DC E6A82E           (1/modules/rbf.asm):01585                             ldb       PD.SAS,y
08DF 8D18             (1/modules/rbf.asm):01586         L0CC1               bsr       L0D07               go do something...
08E1 24AC             (1/modules/rbf.asm):01587                             bcc       L0C71
08E3 43               (1/modules/rbf.asm):01588         L0CC5               coma
08E4 35D0             (1/modules/rbf.asm):01589                             puls      pc,u,x
                      (1/modules/rbf.asm):01590         
08E6 170399           (1/modules/rbf.asm):01591         L0CC8               lbsr      L1098
08E9 35D0             (1/modules/rbf.asm):01592                             puls      pc,u,x
                      (1/modules/rbf.asm):01593         
08EB ECA810           (1/modules/rbf.asm):01594         L0CD1               ldd       PD.SIZ+1,y
08EE A3A814           (1/modules/rbf.asm):01595                             subd      PD.SBL+1,y
08F1 1F01             (1/modules/rbf.asm):01596                             tfr       d,x
08F3 E62F             (1/modules/rbf.asm):01597                             ldb       PD.SIZ,y
08F5 E2A813           (1/modules/rbf.asm):01598                             sbcb      PD.SBL,y
08F8 39               (1/modules/rbf.asm):01599                             rts
                      (1/modules/rbf.asm):01600         
                      (1/modules/rbf.asm):01601         * Update a file descriptor
08F9 3450             (1/modules/rbf.asm):01602         L0D07               pshs      u,x
08FB 1700A1           (1/modules/rbf.asm):01603                             lbsr      FatScan             search and allocate D sectors
08FE 2538             (1/modules/rbf.asm):01604                             bcs       L0D4E               exit on error
0900 17040A           (1/modules/rbf.asm):01605                             lbsr      RdFlDscr            read a FD from disk
0903 2533             (1/modules/rbf.asm):01606                             bcs       L0D4E               exit on error
0905 EE28             (1/modules/rbf.asm):01607                             ldu       PD.BUF,y            grab the buffer pointer
                      (1/modules/rbf.asm):01608                             ifne      UNTESTED_H6309
                      (1/modules/rbf.asm):01609                             clrd
                      (1/modules/rbf.asm):01610                             tfr       d,w
                      (1/modules/rbf.asm):01611                             stq       FD.SIZ,u            set the file size to zero
                      (1/modules/rbf.asm):01612                             else
0907 4F               (1/modules/rbf.asm):01613                             clra
0908 5F               (1/modules/rbf.asm):01614                             clrb
0909 ED49             (1/modules/rbf.asm):01615                             std       FD.SIZ,u
090B ED4B             (1/modules/rbf.asm):01616                             std       FD.SIZ+2,u
                      (1/modules/rbf.asm):01617                             endc
090D 30C810           (1/modules/rbf.asm):01618                             leax      FD.SEG,u            point to the segment size
0910 EC03             (1/modules/rbf.asm):01619                             ldd       FDSL.B,x            grab the segment size
0912 276C             (1/modules/rbf.asm):01620                             beq       L0D96               exit if zero
0914 EC28             (1/modules/rbf.asm):01621                             ldd       PD.BUF,y            grab the buffer pointer
0916 4C               (1/modules/rbf.asm):01622                             inca                          point to the end of it
0917 3406             (1/modules/rbf.asm):01623                             pshs      d                   save on-stack
0919 200D             (1/modules/rbf.asm):01624                             bra       L0D36               skip ahead
                      (1/modules/rbf.asm):01625         
091B 5F               (1/modules/rbf.asm):01626         L0D29               clrb
091C EC1E             (1/modules/rbf.asm):01627                             ldd       -$02,x              grab previous segment sector size
091E 2714             (1/modules/rbf.asm):01628                             beq       L0D4A               zero: exit
                      (1/modules/rbf.asm):01629         * Add in checks to see if this segment's LSN is $00000000?
0920 E34A             (1/modules/rbf.asm):01630                             addd      FD.SIZ+1,u          add sector size to total file size
0922 ED4A             (1/modules/rbf.asm):01631                             std       FD.SIZ+1,u
0924 2402             (1/modules/rbf.asm):01632                             bcc       L0D36
0926 6C49             (1/modules/rbf.asm):01633                             inc       FD.SIZ,u            increment file size if 24-bit overflow
0928 3005             (1/modules/rbf.asm):01634         L0D36               leax      FDSL.S,x            go up one segment in the FD
092A ACE4             (1/modules/rbf.asm):01635                             cmpx      ,s                  done yet?
092C 25ED             (1/modules/rbf.asm):01636                             bcs       L0D29               no, continue
                      (1/modules/rbf.asm):01637         * or do check for last segment LSN0, size 1 here?
092E 170276           (1/modules/rbf.asm):01638                             lbsr      ClrFBits            delete a segment?
0931 53               (1/modules/rbf.asm):01639                             comb
0932 C6D9             (1/modules/rbf.asm):01640                             ldb       #E$SLF              segment list full error
                      (1/modules/rbf.asm):01641         
0934 3262             (1/modules/rbf.asm):01642         L0D4A               leas      2,s                 remove pointer to end of PD.BUF from the stack
0936 301B             (1/modules/rbf.asm):01643                             leax      -FDSL.S,x           back up a segment
0938 2563             (1/modules/rbf.asm):01644         L0D4E               bcs       L0DB3
093A EC1C             (1/modules/rbf.asm):01645                             ldd       -4,x
093C E31E             (1/modules/rbf.asm):01646                             addd      -2,x
093E 3406             (1/modules/rbf.asm):01647                             pshs      b,a
0940 E61B             (1/modules/rbf.asm):01648                             ldb       -5,x
0942 C900             (1/modules/rbf.asm):01649                             adcb      #$00
0944 E1A816           (1/modules/rbf.asm):01650                             cmpb      PD.SBP,y
0947 3506             (1/modules/rbf.asm):01651                             puls      d
0949 2635             (1/modules/rbf.asm):01652                             bne       L0D96
094B 10A3A817         (1/modules/rbf.asm):01653                             cmpd      PD.SBP+1,y
094F 262F             (1/modules/rbf.asm):01654                             bne       L0D96
0951 EEA81E           (1/modules/rbf.asm):01655                             ldu       PD.DTB,y
0954 EC46             (1/modules/rbf.asm):01656                             ldd       DD.BIT,u
0956 EE28             (1/modules/rbf.asm):01657                             ldu       PD.BUF,y
0958 830001           (1/modules/rbf.asm):01658                             subd      #1
095B 43               (1/modules/rbf.asm):01659                             coma
095C 53               (1/modules/rbf.asm):01660                             comb                          comd is prolly wrong reg order!
095D 3406             (1/modules/rbf.asm):01661                             pshs      d
095F EC1B             (1/modules/rbf.asm):01662                             ldd       -$05,x
0961 A8A816           (1/modules/rbf.asm):01663                             eora      PD.SBP,y
0964 E8A817           (1/modules/rbf.asm):01664                             eorb      PD.SBP+1,y
0967 44               (1/modules/rbf.asm):01665                             lsra
0968 56               (1/modules/rbf.asm):01666                             rorb
0969 44               (1/modules/rbf.asm):01667                             lsra
096A 56               (1/modules/rbf.asm):01668                             rorb
096B 44               (1/modules/rbf.asm):01669                             lsra
096C 56               (1/modules/rbf.asm):01670                             rorb
096D A4E0             (1/modules/rbf.asm):01671                             anda      ,s+
096F E4E0             (1/modules/rbf.asm):01672                             andb      ,s+
0971 ED7E             (1/modules/rbf.asm):01673                             std       -$02,s
0973 260B             (1/modules/rbf.asm):01674                             bne       L0D96
0975 EC1E             (1/modules/rbf.asm):01675                             ldd       -2,x
0977 E3A81A           (1/modules/rbf.asm):01676                             addd      PD.SSZ+1,y
097A 2504             (1/modules/rbf.asm):01677                             bcs       L0D96
097C ED1E             (1/modules/rbf.asm):01678                             std       -2,x
097E 200F             (1/modules/rbf.asm):01679                             bra       L0DA5
                      (1/modules/rbf.asm):01680         
0980 ECA816           (1/modules/rbf.asm):01681         L0D96               ldd       PD.SBP,y
0983 ED84             (1/modules/rbf.asm):01682                             std       ,x
0985 A6A818           (1/modules/rbf.asm):01683                             lda       PD.SBP+2,y
0988 A702             (1/modules/rbf.asm):01684                             sta       2,x
098A ECA81A           (1/modules/rbf.asm):01685                             ldd       PD.SSZ+1,y
098D ED03             (1/modules/rbf.asm):01686                             std       3,x
098F EC4A             (1/modules/rbf.asm):01687         L0DA5               ldd       FD.SIZ+1,u
0991 E3A81A           (1/modules/rbf.asm):01688                             addd      PD.SSZ+1,y
0994 ED4A             (1/modules/rbf.asm):01689                             std       FD.SIZ+1,u
0996 2402             (1/modules/rbf.asm):01690                             bcc       L0DB0
0998 6C49             (1/modules/rbf.asm):01691                             inc       FD.SIZ,u
                      (1/modules/rbf.asm):01692         
099A 1703D4           (1/modules/rbf.asm):01693         L0DB0               lbsr      L11FD               flush a FD sector tothe disk
099D 35D0             (1/modules/rbf.asm):01694         L0DB3               puls      pc,u,x
                      (1/modules/rbf.asm):01695         
                      (1/modules/rbf.asm):01696         * Search the allocation bitmap for a number of free sectors
                      (1/modules/rbf.asm):01697         * Entry: D = number of sectors to look for
                      (1/modules/rbf.asm):01698         *        Y = PD pointer
                      (1/modules/rbf.asm):01699         * 0,S  = number of clusters to allocate
                      (1/modules/rbf.asm):01700         * 2,S  = DD.BIT  number of sectors per cluster
                      (1/modules/rbf.asm):01701         * 4,S  = DD.MAP  number of bytes in the allocation bitmap
                      (1/modules/rbf.asm):01702         * 6,S  = V.MapSCT lowest reasonable bitmap sector number (current bitmap sect)
                      (1/modules/rbf.asm):01703         * 7,S  = sector number of the largest contiguous free bits found
                      (1/modules/rbf.asm):01704         * 8,S  = number of contiguous free bits found
                      (1/modules/rbf.asm):01705         * 10,s = bit offset into the sector of the found contiguous bits
                      (1/modules/rbf.asm):01706         * 10,s = also  DD.BIT  number of sectors per cluster
                      (1/modules/rbf.asm):01707         * 12,S = number of sectors to search for  (D from the calling routine)
                      (1/modules/rbf.asm):01708         * 16,S = PD pointer (Y from the calling routine)
099F 3476             (1/modules/rbf.asm):01709         FatScan             pshs      u,y,x,b,a
09A1 C60C             (1/modules/rbf.asm):01710                             ldb       #$0C
09A3 6FE2             (1/modules/rbf.asm):01711         L0DB9               clr       ,-s                 reserve 12 bytes of junk on-stack
09A5 5A               (1/modules/rbf.asm):01712                             decb
09A6 26FB             (1/modules/rbf.asm):01713                             bne       L0DB9
09A8 AEA81E           (1/modules/rbf.asm):01714                             ldx       PD.DTB,y
09AB EC04             (1/modules/rbf.asm):01715                             ldd       DD.MAP,x            number of bytes in allocation bitmap
09AD ED64             (1/modules/rbf.asm):01716                             std       4,s
09AF EC06             (1/modules/rbf.asm):01717                             ldd       DD.BIT,x            number of sectors per cluster
09B1 ED62             (1/modules/rbf.asm):01718                             std       2,s
09B3 ED6A             (1/modules/rbf.asm):01719                             std       10,s
09B5 AE23             (1/modules/rbf.asm):01720                             ldx       PD.DEV,y            get pointer to device table entry
09B7 AE04             (1/modules/rbf.asm):01721                             ldx       V$DESC,x            point to descriptor
09B9 308812           (1/modules/rbf.asm):01722                             leax      M$DTyp,x            get device type
09BC 830001           (1/modules/rbf.asm):01723                             subd      #1
09BF EB0E             (1/modules/rbf.asm):01724                             addb      IT.SAS-M$DTyp,x     add in one sector allocation size
09C1 8900             (1/modules/rbf.asm):01725                             adca      #0                  make it 16-bit
09C3 2002             (1/modules/rbf.asm):01726                             bra       L0DDD               default to greater of SAS or DD.BIT
                      (1/modules/rbf.asm):01727         ;foo
     09C5             (1/modules/rbf.asm):01728         L0DDB               equ       *
                      (1/modules/rbf.asm):01729                             ifne      UNTESTED_H6309
                      (1/modules/rbf.asm):01730                             lsrd                          shift D to the right
                      (1/modules/rbf.asm):01731                             else
09C5 44               (1/modules/rbf.asm):01732                             lsra
09C6 56               (1/modules/rbf.asm):01733                             rorb
                      (1/modules/rbf.asm):01734                             endc
09C7 646A             (1/modules/rbf.asm):01735         L0DDD               lsr       $0A,s               shift DD.BIT to the right
09C9 666B             (1/modules/rbf.asm):01736                             ror       $0B,s
09CB 24F8             (1/modules/rbf.asm):01737                             bcc       L0DDB               loop until carry is set
09CD EDE4             (1/modules/rbf.asm):01738                             std       ,s                  D = number of clusters to allocate
09CF EC62             (1/modules/rbf.asm):01739                             ldd       2,s                 get old DD.BIT
09D1 ED6A             (1/modules/rbf.asm):01740                             std       $0A,s               save on-stack again
09D3 830001           (1/modules/rbf.asm):01741                             subd      #$0001
09D6 E36C             (1/modules/rbf.asm):01742                             addd      $0C,s               add in to the number of sectors we're asked to
09D8 2407             (1/modules/rbf.asm):01743                             bcc       L0DF7               allocate
09DA CCFFFF           (1/modules/rbf.asm):01744                             ldd       #$FFFF              if larger than 64K sectors, default to 64K
09DD 2002             (1/modules/rbf.asm):01745                             bra       L0DF7               skip ahead
                      (1/modules/rbf.asm):01746         
     09DF             (1/modules/rbf.asm):01747         L0DF5               equ       *
                      (1/modules/rbf.asm):01748                             ifne      UNTESTED_H6309
                      (1/modules/rbf.asm):01749                             lsrd                          shift number of sectors to allocate
                      (1/modules/rbf.asm):01750                             else
09DF 44               (1/modules/rbf.asm):01751                             lsra
09E0 56               (1/modules/rbf.asm):01752                             rorb
                      (1/modules/rbf.asm):01753                             endc
                      (1/modules/rbf.asm):01754         
09E1 646A             (1/modules/rbf.asm):01755         L0DF7               lsr       $0A,s
09E3 666B             (1/modules/rbf.asm):01756                             ror       $0B,s
09E5 24F8             (1/modules/rbf.asm):01757                             bcc       L0DF5               loop, and continue
                      (1/modules/rbf.asm):01758         * ATD: remove this code for HD's, to allow >2048 cluster segments???
                      (1/modules/rbf.asm):01759         * It may be easier to read in the FD, and COMPACT it by looking for
                      (1/modules/rbf.asm):01760         * LSN+SIZE=next segment LSN.  But that would take 48*(30?) clock cycles,
                      (1/modules/rbf.asm):01761         * which is a lot of time... but maybe not compared to F$All/F$Sch, and
                      (1/modules/rbf.asm):01762         * the sector read/writes...
09E7 8108             (1/modules/rbf.asm):01763                             cmpa      #8                  at least 256*8 bits to allocate?
09E9 2503             (1/modules/rbf.asm):01764                             bcs       L0E04               number of clusters is OK, skip ahead
09EB CC0800           (1/modules/rbf.asm):01765                             ldd       #$0800              force one sector of clusters max. to be allocated
09EE ED6C             (1/modules/rbf.asm):01766         L0E04               std       $0C,s               save as the number of clusters to allocate
09F0 17021E           (1/modules/rbf.asm):01767                             lbsr      L1036               make us the current user of the allocation bitmap
09F3 102500E5         (1/modules/rbf.asm):01768                             lbcs      L0EF2               exit on error
09F7 AEA81E           (1/modules/rbf.asm):01769                             ldx       PD.DTB,y            get drive table
09FA EC881A           (1/modules/rbf.asm):01770                             ldd       V.DiskID,x          and old disk ID
09FD 10A30E           (1/modules/rbf.asm):01771                             cmpd      DD.DSK,x            check against the current disk ID
0A00 260E             (1/modules/rbf.asm):01772                             bne       L0E26               if not the same, make us the current disk ID
0A02 A6881C           (1/modules/rbf.asm):01773                             lda       V.BMapSz,x          same allocation bitmap size?
0A05 A104             (1/modules/rbf.asm):01774                             cmpa      DD.MAP,x
0A07 2607             (1/modules/rbf.asm):01775                             bne       L0E26               no, skip ahead
0A09 E6881D           (1/modules/rbf.asm):01776                             ldb       V.MapSct,x          another check
0A0C E104             (1/modules/rbf.asm):01777                             cmpb      DD.MAP,x
0A0E 250E             (1/modules/rbf.asm):01778                             bcs       L0E34
                      (1/modules/rbf.asm):01779         
0A10 EC0E             (1/modules/rbf.asm):01780         L0E26               ldd       DD.DSK,x            get current disk ID
0A12 ED881A           (1/modules/rbf.asm):01781                             std       V.DiskID,x          make us the disk to use
0A15 A604             (1/modules/rbf.asm):01782                             lda       DD.MAP,x            grab number of sectors in allocation bitmap
0A17 A7881C           (1/modules/rbf.asm):01783                             sta       V.BMapSz,x          save for later
0A1A 5F               (1/modules/rbf.asm):01784                             clrb
0A1B E7881D           (1/modules/rbf.asm):01785                             stb       V.MapSct,x          make this zero for now
0A1E 5C               (1/modules/rbf.asm):01786         L0E34               incb                          account for LSN0
0A1F E766             (1/modules/rbf.asm):01787                             stb       6,s                 lowest reasonable bitmap sector number
                      (1/modules/rbf.asm):01788         * ATD: Is this line necessary?  All calls to L0E34 set up X already
0A21 AEA81E           (1/modules/rbf.asm):01789                             ldx       PD.DTB,y            get drive table pointer again
0A24 E1881E           (1/modules/rbf.asm):01790                             cmpb      V.ResBit,x          check B against reserved bitmap sector
0A27 2731             (1/modules/rbf.asm):01791                             beq       L0E70               same, skip ahead
0A29 170240           (1/modules/rbf.asm):01792                             lbsr      L1091               go read in a bitmap sector
0A2C 102500AC         (1/modules/rbf.asm):01793                             lbcs      L0EF2
0A30 E666             (1/modules/rbf.asm):01794                             ldb       6,s                 grab copy of V.MapSCT again
0A32 E164             (1/modules/rbf.asm):01795                             cmpb      4,s                 check against number of sectors in allocation bitmap
0A34 2305             (1/modules/rbf.asm):01796                             bls       L0E51               lower, continue
0A36 4F               (1/modules/rbf.asm):01797                             clra                          if at end of the allocation bitmap,
0A37 E665             (1/modules/rbf.asm):01798                             ldb       5,s                 don't search it all, but just to the end of the
0A39 2003             (1/modules/rbf.asm):01799                             bra       L0E54               last sector in the allocation bitmap
                      (1/modules/rbf.asm):01800         
                      (1/modules/rbf.asm):01801         * ATD: This the routine that we would fix to cache a compressed version
                      (1/modules/rbf.asm):01802         * of the allocation bitmap.  i.e. largest group of contiguous free sectors,
                      (1/modules/rbf.asm):01803         * where 255 == 256 by definition. At 1 byte/sector, max. 256 sectors in the
                      (1/modules/rbf.asm):01804         * allocation bitmap, max. 256 bytes.  The search should be a LOT faster then,
                      (1/modules/rbf.asm):01805         * as we'll only have to search memory and not read in all those sectors.
                      (1/modules/rbf.asm):01806         * If we're really daring, we could build the new FD without reading the
                      (1/modules/rbf.asm):01807         * allocation bitmap _at_all_, and just use a 'best-fit' algorithm on the
                      (1/modules/rbf.asm):01808         * cached version, and update the bitmap later.
                      (1/modules/rbf.asm):01809         * RBF doesn't do any other search bit calls, so this is the routine.
0A3B CC0100           (1/modules/rbf.asm):01810         L0E51               ldd       #$0100
0A3E AE28             (1/modules/rbf.asm):01811         L0E54               ldx       PD.BUF,y            where to start searching
0A40 338B             (1/modules/rbf.asm):01812                             leau      d,x                 where to stop searching
0A42 10AE6C           (1/modules/rbf.asm):01813                             ldy       $0C,s               number of bits to find
                      (1/modules/rbf.asm):01814         * ATD: force it to be less than 1 sector here...
                      (1/modules/rbf.asm):01815                             ifne      UNTESTED_H6309
                      (1/modules/rbf.asm):01816                             clrd                          at starting bit number 0
                      (1/modules/rbf.asm):01817                             else
0A45 4F               (1/modules/rbf.asm):01818                             clra
0A46 5F               (1/modules/rbf.asm):01819                             clrb
                      (1/modules/rbf.asm):01820                             endc
0A47 103F12           (1/modules/rbf.asm):01821                             os9       F$SchBit
0A4A 243B             (1/modules/rbf.asm):01822                             bcc       L0E9D               found bits
0A4C 10AC68           (1/modules/rbf.asm):01823                             cmpy      8,s                 check number of found bits against our maximum
0A4F 2309             (1/modules/rbf.asm):01824                             bls       L0E70               smaller, skip ahead
0A51 10AF68           (1/modules/rbf.asm):01825                             sty       8,s                 save as new maximum
0A54 ED6A             (1/modules/rbf.asm):01826                             std       $0A,s               save starting bit number
0A56 A666             (1/modules/rbf.asm):01827                             lda       6,s                 grab current sector
0A58 A767             (1/modules/rbf.asm):01828                             sta       7,s                 save for later
0A5A 10AEE810         (1/modules/rbf.asm):01829         L0E70               ldy       <$10,s              grab old PD pointer
0A5E E666             (1/modules/rbf.asm):01830                             ldb       6,s                 grab current bitmap sector number
0A60 E164             (1/modules/rbf.asm):01831                             cmpb      4,s                 check against highest sector number of bitmap
0A62 2507             (1/modules/rbf.asm):01832                             bcs       L0E81               we're OK, skip ahead
0A64 2204             (1/modules/rbf.asm):01833                             bhi       L0E80               we're too high, skip ahead
0A66 6D65             (1/modules/rbf.asm):01834                             tst       5,s                 check bytes in the sector
0A68 2601             (1/modules/rbf.asm):01835                             bne       L0E81               not zero: skip ahead
0A6A 5F               (1/modules/rbf.asm):01836         L0E80               clrb
0A6B AEA81E           (1/modules/rbf.asm):01837         L0E81               ldx       PD.DTB,y            get drive table pointer again
0A6E E1881D           (1/modules/rbf.asm):01838                             cmpb      V.MapSct,x          check against lowest reasonable bitmap sector
0A71 26AB             (1/modules/rbf.asm):01839                             bne       L0E34               ifnot the same, continue
                      (1/modules/rbf.asm):01840         
0A73 E667             (1/modules/rbf.asm):01841                             ldb       7,s                 grab sector number of largest block found
0A75 2763             (1/modules/rbf.asm):01842                             beq       L0EF0               zero, exit with E$Full error
0A77 E166             (1/modules/rbf.asm):01843                             cmpb      6,s                 is it the current sector?
0A79 2705             (1/modules/rbf.asm):01844                             beq       L0E96               yes, skip ahead
0A7B E766             (1/modules/rbf.asm):01845                             stb       6,s                 make it the current sector
0A7D 1701EC           (1/modules/rbf.asm):01846                             lbsr      L1091               go read the sector in from disk
                      (1/modules/rbf.asm):01847         
0A80 AE28             (1/modules/rbf.asm):01848         L0E96               ldx       PD.BUF,y            point to the sector in the buffer
0A82 EC6A             (1/modules/rbf.asm):01849                             ldd       $0A,s               grab starting bit number
0A84 10AE68           (1/modules/rbf.asm):01850                             ldy       8,s                 and number of bits to allocate
0A87 ED6A             (1/modules/rbf.asm):01851         L0E9D               std       $0A,s               save starting bit number
0A89 10AF68           (1/modules/rbf.asm):01852                             sty       8,s                 and number of bits to allocate
0A8C 103F13           (1/modules/rbf.asm):01853                             os9       F$AllBit            go allocate the bits
0A8F 10AEE810         (1/modules/rbf.asm):01854                             ldy       $10,s               grab the PD pointer again
0A93 E666             (1/modules/rbf.asm):01855                             ldb       $06,s               and the sector number
0A95 1701AC           (1/modules/rbf.asm):01856                             lbsr      L1069               write it out to disk
0A98 2542             (1/modules/rbf.asm):01857                             bcs       L0EF2               exit on error
                      (1/modules/rbf.asm):01858         * ATD: add check for segments left to allocate, if we've allocated
                      (1/modules/rbf.asm):01859         * one entire sector's worth???
                      (1/modules/rbf.asm):01860         * What about special-purpose code to read the allocation bitmap byte by byte
                      (1/modules/rbf.asm):01861         * and do it that way?  I dunno...
                      (1/modules/rbf.asm):01862         * Have some routine inside L0DB5 call another routine which allocates segments
                      (1/modules/rbf.asm):01863         * one sector at a time... have a check: got one sector?
                      (1/modules/rbf.asm):01864         * ATD: We'll probably have to add in allocation bitmap caching for this
                      (1/modules/rbf.asm):01865         * to work properly....
0A9A AEA81E           (1/modules/rbf.asm):01866                             ldx       PD.DTB,y            drive table pointer
0A9D A666             (1/modules/rbf.asm):01867                             lda       6,s                 current sector
0A9F 4A               (1/modules/rbf.asm):01868                             deca                          decreemnt
0AA0 A7881D           (1/modules/rbf.asm):01869                             sta       V.MapSct,x          AHA! Last searched sector for later use
0AA3 5F               (1/modules/rbf.asm):01870                             clrb
0AA4 48               (1/modules/rbf.asm):01871                             lsla                          move high bit of A into CC.C
0AA5 59               (1/modules/rbf.asm):01872                             rolb                          move CC.C into B
0AA6 48               (1/modules/rbf.asm):01873                             lsla                          etc.
0AA7 59               (1/modules/rbf.asm):01874                             rolb                          cannot do a ROLD, as that would be LSB, ROLA
0AA8 48               (1/modules/rbf.asm):01875                             lsla                          i.e. move the 3 high bits of A into low bits of B
0AA9 59               (1/modules/rbf.asm):01876                             rolb                          and shift A by 3
0AAA E7A816           (1/modules/rbf.asm):01877                             stb       PD.SBP,y            save segment beginning physical sector number
0AAD AA6A             (1/modules/rbf.asm):01878                             ora       $0A,s               OR in with the start bit number
0AAF E66B             (1/modules/rbf.asm):01879                             ldb       $0B,s               grab LSB of starting bit number
0AB1 AE68             (1/modules/rbf.asm):01880                             ldx       8,s                 and number of free sectors found
                      (1/modules/rbf.asm):01881         * ATD: Is this next line really necessary?
0AB3 10AEE810         (1/modules/rbf.asm):01882                             ldy       $10,s               get PD pointer
0AB7 EDA817           (1/modules/rbf.asm):01883                             std       PD.SBP+1,y          save low 2 bytes of segment beginning physical SN
0ABA AFA81A           (1/modules/rbf.asm):01884                             stx       PD.SSZ+1,y          and segment size in clusters
0ABD EC62             (1/modules/rbf.asm):01885                             ldd       2,s                 grab number of sectors per cluster
0ABF 200F             (1/modules/rbf.asm):01886                             bra       L0EE6
                      (1/modules/rbf.asm):01887         
0AC1 68A818           (1/modules/rbf.asm):01888         L0ED7               lsl       PD.SBP+2,y          shift physical sector numberup
0AC4 69A817           (1/modules/rbf.asm):01889                             rol       PD.SBP+1,y          to LSN, to account for cluster size
0AC7 69A816           (1/modules/rbf.asm):01890                             rol       PD.SBP,y
0ACA 68A81B           (1/modules/rbf.asm):01891                             lsl       PD.SSZ+2,y
0ACD 69A81A           (1/modules/rbf.asm):01892                             rol       PD.SSZ+1,y          shift segment cluster size to sector size
0AD0.                 (1/modules/rbf.asm):01893         L0EE6
                      (1/modules/rbf.asm):01894                             ifne      UNTESTED_H6309
                      (1/modules/rbf.asm):01895                             lsrd
                      (1/modules/rbf.asm):01896                             else
0AD0 44               (1/modules/rbf.asm):01897                             lsra
0AD1 56               (1/modules/rbf.asm):01898                             rorb
                      (1/modules/rbf.asm):01899                             endc
0AD2 24ED             (1/modules/rbf.asm):01900                             bcc       L0ED7
                      (1/modules/rbf.asm):01901         
0AD4 5F               (1/modules/rbf.asm):01902                             clrb                          no errors
0AD5 ECA81A           (1/modules/rbf.asm):01903                             ldd       PD.SSZ+1,y          number of sectors allocated
0AD8 200A             (1/modules/rbf.asm):01904                             bra       L0EFA               and return to the user
                      (1/modules/rbf.asm):01905         
0ADA C6F8             (1/modules/rbf.asm):01906         L0EF0               ldb       #E$Full
0ADC 10AEE810         (1/modules/rbf.asm):01907         L0EF2               ldy       $10,s               get old Y off of the stack
0AE0 170168           (1/modules/rbf.asm):01908                             lbsr      L1070               return allocation bitmap?
0AE3 43               (1/modules/rbf.asm):01909                             coma
0AE4 326E             (1/modules/rbf.asm):01910         L0EFA               leas      $0E,s               skip 12-byte buffer, and D
0AE6 35F0             (1/modules/rbf.asm):01911                             puls      pc,u,y,x
                      (1/modules/rbf.asm):01912         
                      (1/modules/rbf.asm):01913         * Set the size of a file to PD.SIZ, where PD.SIZ is SMALLER than the
                      (1/modules/rbf.asm):01914         * current size of the file.
0AE8 4F               (1/modules/rbf.asm):01915         L0EFE               clra                          clear the carry
                      (1/modules/rbf.asm):01916         * This code ensures that directories are never shrunk in size.
0AE9 A621             (1/modules/rbf.asm):01917                             lda       PD.MOD,y            access mode
0AEB 8580             (1/modules/rbf.asm):01918                             bita      #DIR.               directory?
0AED 265B             (1/modules/rbf.asm):01919                             bne       L0F6F               yes (bit set), exit immediately
                      (1/modules/rbf.asm):01920         
                      (1/modules/rbf.asm):01921                             ifne      UNTESTED_H6309
                      (1/modules/rbf.asm):01922                             ldq       PD.SIZ,y            grab size of the file
                      (1/modules/rbf.asm):01923                             stq       PD.CP,y             make it the current position
                      (1/modules/rbf.asm):01924                             else
0AEF EC2F             (1/modules/rbf.asm):01925                             ldd       PD.SIZ,y
0AF1 ED2B             (1/modules/rbf.asm):01926                             std       PD.CP,y
0AF3 ECA811           (1/modules/rbf.asm):01927                             ldd       PD.SIZ+2,y
0AF6 ED2D             (1/modules/rbf.asm):01928                             std       PD.CP+2,y
                      (1/modules/rbf.asm):01929                             endc
                      (1/modules/rbf.asm):01930         
0AF8 1701A1           (1/modules/rbf.asm):01931                             lbsr      L10B2               find a segment
0AFB 2404             (1/modules/rbf.asm):01932                             bcc       L0F26
0AFD C1D5             (1/modules/rbf.asm):01933                             cmpb      #E$NES              non-existing segment error
0AFF 2041             (1/modules/rbf.asm):01934                             bra       L0F67
                      (1/modules/rbf.asm):01935         
0B01 ECA814           (1/modules/rbf.asm):01936         L0F26               ldd       PD.SBL+1,y          not quite sure what's going on here...
0B04 A32C             (1/modules/rbf.asm):01937                             subd      PD.CP+1,y
0B06 E3A81A           (1/modules/rbf.asm):01938                             addd      PD.SSZ+1,y
0B09 6D2E             (1/modules/rbf.asm):01939                             tst       PD.CP+3,y           on a sector boundary?
0B0B 2703             (1/modules/rbf.asm):01940                             beq       L0F35               yes, skip ahead
                      (1/modules/rbf.asm):01941                             ifne      UNTESTED_H6309
                      (1/modules/rbf.asm):01942                             decd      ok                  here, carry NOT used below
                      (1/modules/rbf.asm):01943                             else
0B0D 830001           (1/modules/rbf.asm):01944                             subd      #$0001
                      (1/modules/rbf.asm):01945                             endc
0B10 3406             (1/modules/rbf.asm):01946         L0F35               pshs      d
0B12 EEA81E           (1/modules/rbf.asm):01947                             ldu       PD.DTB,y            number of sectors per cluster
0B15 EC46             (1/modules/rbf.asm):01948                             ldd       DD.BIT,u
                      (1/modules/rbf.asm):01949                             ifne      UNTESTED_H6309
                      (1/modules/rbf.asm):01950                             decd
                      (1/modules/rbf.asm):01951                             comd
                      (1/modules/rbf.asm):01952                             andd      ,s++
                      (1/modules/rbf.asm):01953                             else
0B17 830001           (1/modules/rbf.asm):01954                             subd      #$0001
0B1A 43               (1/modules/rbf.asm):01955                             coma
0B1B 53               (1/modules/rbf.asm):01956                             comb
0B1C A4E0             (1/modules/rbf.asm):01957                             anda      ,s+
0B1E E4E0             (1/modules/rbf.asm):01958                             andb      ,s+
                      (1/modules/rbf.asm):01959                             endc
0B20 EEA81A           (1/modules/rbf.asm):01960                             ldu       PD.SSZ+1,y
0B23 EDA81A           (1/modules/rbf.asm):01961                             std       PD.SSZ+1,y
0B26 271C             (1/modules/rbf.asm):01962                             beq       L0F69
0B28 1F30             (1/modules/rbf.asm):01963                             tfr       u,d
0B2A A3A81A           (1/modules/rbf.asm):01964                             subd      PD.SSZ+1,y
0B2D 3416             (1/modules/rbf.asm):01965                             pshs      x,b,a
0B2F E3A817           (1/modules/rbf.asm):01966                             addd      PD.SBP+1,y
0B32 EDA817           (1/modules/rbf.asm):01967                             std       PD.SBP+1,y
0B35 2403             (1/modules/rbf.asm):01968                             bcc       L0F5F
0B37 6CA816           (1/modules/rbf.asm):01969                             inc       PD.SBP,y
0B3A 8D6B             (1/modules/rbf.asm):01970         L0F5F               bsr       ClrFBits            delete a segment
0B3C 240D             (1/modules/rbf.asm):01971                             bcc       L0F70
0B3E 3264             (1/modules/rbf.asm):01972                             leas      4,s
0B40 C1DB             (1/modules/rbf.asm):01973                             cmpb      #E$IBA              illegal block address
                      (1/modules/rbf.asm):01974         
0B42 2605             (1/modules/rbf.asm):01975         L0F67               bne       L0F6E
0B44 1701C6           (1/modules/rbf.asm):01976         L0F69               lbsr      RdFlDscr
0B47 240B             (1/modules/rbf.asm):01977                             bcc       L0F79
0B49 43               (1/modules/rbf.asm):01978         L0F6E               coma
0B4A 39               (1/modules/rbf.asm):01979         L0F6F               rts
                      (1/modules/rbf.asm):01980         
0B4B 1701BF           (1/modules/rbf.asm):01981         L0F70               lbsr      RdFlDscr
0B4E 2554             (1/modules/rbf.asm):01982                             bcs       L0FC9
0B50 3516             (1/modules/rbf.asm):01983                             puls      x,b,a
0B52 ED03             (1/modules/rbf.asm):01984                             std       FDSL.B,x
0B54 EE28             (1/modules/rbf.asm):01985         L0F79               ldu       PD.BUF,y
                      (1/modules/rbf.asm):01986         * TODO(strick): These ldd/std pairs are swapped in Level2.
0B56 ECA811           (1/modules/rbf.asm):01987                             ldd       PD.SIZ+2,y
0B59 ED4B             (1/modules/rbf.asm):01988                             std       FD.SIZ+2,u
0B5B EC2F             (1/modules/rbf.asm):01989                             ldd       PD.SIZ,y
0B5D ED49             (1/modules/rbf.asm):01990                             std       FD.SIZ,u
0B5F 1F10             (1/modules/rbf.asm):01991                             tfr       x,d
0B61 5F               (1/modules/rbf.asm):01992                             clrb
0B62 4C               (1/modules/rbf.asm):01993                             inca
0B63 3005             (1/modules/rbf.asm):01994                             leax      FDSL.S,x            go to the next segment
0B65 3416             (1/modules/rbf.asm):01995                             pshs      x,b,a
0B67 2026             (1/modules/rbf.asm):01996                             bra       L0FB4
0B69 EC1E             (1/modules/rbf.asm):01997         L0F8E               ldd       -2,x
0B6B 272F             (1/modules/rbf.asm):01998                             beq       L0FC1
0B6D EDA81A           (1/modules/rbf.asm):01999                             std       PD.SSZ+1,y
0B70 EC1B             (1/modules/rbf.asm):02000                             ldd       -FDSL.S,x           grab stuff from the last segment
0B72 EDA816           (1/modules/rbf.asm):02001                             std       PD.SBP,y
0B75 A61D             (1/modules/rbf.asm):02002                             lda       -FDSL.B,x
0B77 A7A818           (1/modules/rbf.asm):02003                             sta       PD.SBP+2,y          save sector beginning physical sector number
0B7A 8D2B             (1/modules/rbf.asm):02004                             bsr       ClrFBits            delete a segment
0B7C 2526             (1/modules/rbf.asm):02005                             bcs       L0FC9
0B7E AF62             (1/modules/rbf.asm):02006                             stx       2,s
0B80 17018A           (1/modules/rbf.asm):02007                             lbsr      RdFlDscr
0B83 251F             (1/modules/rbf.asm):02008                             bcs       L0FC9
0B85 AE62             (1/modules/rbf.asm):02009                             ldx       2,s
                      (1/modules/rbf.asm):02010                             ifne      UNTESTED_H6309
                      (1/modules/rbf.asm):02011                             clrd
                      (1/modules/rbf.asm):02012                             else
0B87 4F               (1/modules/rbf.asm):02013                             clra
0B88 5F               (1/modules/rbf.asm):02014                             clrb
                      (1/modules/rbf.asm):02015                             endc
0B89 ED1B             (1/modules/rbf.asm):02016                             std       -$05,x              clear out the segment
0B8B A71D             (1/modules/rbf.asm):02017                             sta       -$03,x
0B8D ED1E             (1/modules/rbf.asm):02018                             std       -$02,x
0B8F 1701DF           (1/modules/rbf.asm):02019         L0FB4               lbsr      L11FD
0B92 2510             (1/modules/rbf.asm):02020                             bcs       L0FC9
0B94 AE62             (1/modules/rbf.asm):02021                             ldx       2,s
0B96 3005             (1/modules/rbf.asm):02022                             leax      FDSL.S,x            go to the next segment
0B98 ACE4             (1/modules/rbf.asm):02023                             cmpx      ,s
0B9A 25CD             (1/modules/rbf.asm):02024                             bcs       L0F8E               if not done, do another
     0B9C             (1/modules/rbf.asm):02025         L0FC1               equ       *
                      (1/modules/rbf.asm):02026                             ifne      UNTESTED_H6309
                      (1/modules/rbf.asm):02027                             clrd
                      (1/modules/rbf.asm):02028                             else
0B9C 4F               (1/modules/rbf.asm):02029                             clra
0B9D 5F               (1/modules/rbf.asm):02030                             clrb
                      (1/modules/rbf.asm):02031                             endc
0B9E A7A819           (1/modules/rbf.asm):02032                             sta       PD.SSZ,y
0BA1 EDA81A           (1/modules/rbf.asm):02033                             std       PD.SSZ+1,y          segment size is zero
0BA4 3264             (1/modules/rbf.asm):02034         L0FC9               leas      4,s
0BA6 39               (1/modules/rbf.asm):02035                             rts
                      (1/modules/rbf.asm):02036         
                      (1/modules/rbf.asm):02037         * de-allocate a segment
0BA7 3472             (1/modules/rbf.asm):02038         ClrFBits            pshs      u,y,x,a             get device table pointer
0BA9 AEA81E           (1/modules/rbf.asm):02039                             ldx       PD.DTB,y
                      (1/modules/rbf.asm):02040         
                      (1/modules/rbf.asm):02041         * ATD: Added next few lines to ENSURE that LSN0 and the allocation bitmap
                      (1/modules/rbf.asm):02042         * are NEVER marked as de-allocated in the allocation bitmap
                      (1/modules/rbf.asm):02043         *         ldd   PD.SBP,y     grab beginning segment physical LSN
                      (1/modules/rbf.asm):02044         *         bne   L0FD0        skip next code if too high
                      (1/modules/rbf.asm):02045         *         ldd   DD.MAP,x     get number of bytes in allocation bitmap
                      (1/modules/rbf.asm):02046         *         addd  #$01FF       add 1 for LSN0, round up a sector: A=lowest LSN
                      (1/modules/rbf.asm):02047         *         cmpa  PD.SBP+2,y   check LSN0 + DD.MAP against LSN to deallocate
                      (1/modules/rbf.asm):02048         *         blo   L0FD0        if PD.SBP is higher than LSN0 + DD.MAP, allow it
                      (1/modules/rbf.asm):02049         *         ldb   #E$IBA       illegal block address: can't deallocate LSN0
                      (1/modules/rbf.asm):02050         *         bra   L1033        or the allocation bitmap sectors from the bitmap!
                      (1/modules/rbf.asm):02051         
0BAC EC06             (1/modules/rbf.asm):02052                             ldd       DD.BIT,x
                      (1/modules/rbf.asm):02053                             ifne      UNTESTED_H6309
                      (1/modules/rbf.asm):02054                             decd
                      (1/modules/rbf.asm):02055                             else
0BAE 830001           (1/modules/rbf.asm):02056                             subd      #$0001
                      (1/modules/rbf.asm):02057                             endc
0BB1 E3A817           (1/modules/rbf.asm):02058                             addd      PD.SBP+1,y
0BB4 EDA817           (1/modules/rbf.asm):02059                             std       PD.SBP+1,y
0BB7 EC06             (1/modules/rbf.asm):02060                             ldd       DD.BIT,x
0BB9 2414             (1/modules/rbf.asm):02061                             bcc       L0FF4
0BBB 6CA816           (1/modules/rbf.asm):02062                             inc       PD.SBP,y
0BBE 200F             (1/modules/rbf.asm):02063                             bra       L0FF4
                      (1/modules/rbf.asm):02064         
0BC0 64A816           (1/modules/rbf.asm):02065         L0FE5               lsr       PD.SBP,y            convert sector number to cluster number
0BC3 66A817           (1/modules/rbf.asm):02066                             ror       PD.SBP+1,y
0BC6 66A818           (1/modules/rbf.asm):02067                             ror       PD.SBP+2,y
0BC9 64A81A           (1/modules/rbf.asm):02068                             lsr       PD.SSZ+1,y
0BCC 66A81B           (1/modules/rbf.asm):02069                             ror       PD.SSZ+2,y
     0BCF             (1/modules/rbf.asm):02070         L0FF4               equ       *
                      (1/modules/rbf.asm):02071                             ifne      UNTESTED_H6309
                      (1/modules/rbf.asm):02072                             lsrd
                      (1/modules/rbf.asm):02073                             else
0BCF 44               (1/modules/rbf.asm):02074                             lsra
0BD0 56               (1/modules/rbf.asm):02075                             rorb
                      (1/modules/rbf.asm):02076                             endc
0BD1 24ED             (1/modules/rbf.asm):02077                             bcc       L0FE5
                      (1/modules/rbf.asm):02078         
0BD3 5F               (1/modules/rbf.asm):02079                             clrb
0BD4 ECA81A           (1/modules/rbf.asm):02080                             ldd       PD.SSZ+1,y
0BD7 2736             (1/modules/rbf.asm):02081                             beq       L1034
0BD9 ECA816           (1/modules/rbf.asm):02082                             ldd       PD.SBP,y
                      (1/modules/rbf.asm):02083                             ifne      UNTESTED_H6309
                      (1/modules/rbf.asm):02084                             lsrd
                      (1/modules/rbf.asm):02085                             lsrd
                      (1/modules/rbf.asm):02086                             lsrd                          get cluster byte number into D
                      (1/modules/rbf.asm):02087                             else
0BDC 44               (1/modules/rbf.asm):02088                             lsra
0BDD 56               (1/modules/rbf.asm):02089                             rorb
0BDE 44               (1/modules/rbf.asm):02090                             lsra
0BDF 56               (1/modules/rbf.asm):02091                             rorb
0BE0 44               (1/modules/rbf.asm):02092                             lsra
0BE1 56               (1/modules/rbf.asm):02093                             rorb
                      (1/modules/rbf.asm):02094                             endc
0BE2 1F98             (1/modules/rbf.asm):02095                             tfr       b,a
0BE4 C6DB             (1/modules/rbf.asm):02096                             ldb       #E$IBA
0BE6 A104             (1/modules/rbf.asm):02097                             cmpa      DD.MAP,x            is the LSN too high: mapped outside of the bitmap?
0BE8 2224             (1/modules/rbf.asm):02098                             bhi       L1033               yes, error out
0BEA 4C               (1/modules/rbf.asm):02099                             inca
0BEB A7E4             (1/modules/rbf.asm):02100                             sta       ,s
0BED 8D22             (1/modules/rbf.asm):02101         L1012               bsr       L1036               flush the sector, and OWN the bitmap
0BEF 25FC             (1/modules/rbf.asm):02102                             bcs       L1012
0BF1 E6E4             (1/modules/rbf.asm):02103                             ldb       ,s                  grab the sector number
0BF3 8D77             (1/modules/rbf.asm):02104                             bsr       L1091               go read a sector fro the allocation bitmap
0BF5 2517             (1/modules/rbf.asm):02105                             bcs       L1033
0BF7 AE28             (1/modules/rbf.asm):02106                             ldx       PD.BUF,y            where to start
0BF9 ECA817           (1/modules/rbf.asm):02107                             ldd       PD.SBP+1,y          bit offset to delete
                      (1/modules/rbf.asm):02108         * ATD: keep deleting sectors until we're done!
0BFC 8407             (1/modules/rbf.asm):02109                             anda      #$07                make sure it's within the current sector
                      (1/modules/rbf.asm):02110         * ATD: fix segment sizes!
0BFE 10AEA81A         (1/modules/rbf.asm):02111                             ldy       PD.SSZ+1,y          number of clusters to deallocate
0C02 103F14           (1/modules/rbf.asm):02112                             os9       F$DelBit            go delete them (no error possible)
0C05 10AE63           (1/modules/rbf.asm):02113                             ldy       3,s
0C08 E6E4             (1/modules/rbf.asm):02114                             ldb       ,s                  grab bitmap sector number again
0C0A 8D38             (1/modules/rbf.asm):02115                             bsr       L1069               go write it out
0C0C 2401             (1/modules/rbf.asm):02116                             bcc       L1034               xit on error
0C0E 43               (1/modules/rbf.asm):02117         L1033               coma
0C0F 35F2             (1/modules/rbf.asm):02118         L1034               puls      pc,u,y,x,a
                      (1/modules/rbf.asm):02119         
0C11 170195           (1/modules/rbf.asm):02120         L1036               lbsr      L1237               flush the sector to disk
0C14 2008             (1/modules/rbf.asm):02121                             bra       L1043               skip ahead
                      (1/modules/rbf.asm):02122         
0C16 17FC58           (1/modules/rbf.asm):02123         L103B               lbsr      L0C56               wakeup the process
0C19 103F2B           (1/modules/rbf.asm):02124                             os9       F$IOQu              queue the process
0C1C 8D10             (1/modules/rbf.asm):02125                             bsr       L1053               check for process wakeup
0C1E 250D             (1/modules/rbf.asm):02126         L1043               bcs       L1052               error, return
0C20 AEA81E           (1/modules/rbf.asm):02127                             ldx       PD.DTB,y            get drive table ptr
0C23 A68817           (1/modules/rbf.asm):02128                             lda       V.BMB,x             bitmap sector
0C26 26EE             (1/modules/rbf.asm):02129                             bne       L103B               if set, continue
0C28 A625             (1/modules/rbf.asm):02130                             lda       PD.CPR,y            get our process number
0C2A A78817           (1/modules/rbf.asm):02131                             sta       V.BMB,x             make us the current user of the bitmap
0C2D 39               (1/modules/rbf.asm):02132         L1052               rts
                      (1/modules/rbf.asm):02133         
                      (1/modules/rbf.asm):02134         * Wait for process to wakeup
0C2E DE4B             (1/modules/rbf.asm):02135         L1053               ldu       <D.Proc             get current process pointer
0C30 E6C836           (1/modules/rbf.asm):02136                             ldb       P$Signal,u          get pending signal
0C33 C101             (1/modules/rbf.asm):02137                             cmpb      #S$Wake             is it what we're looking for?
0C35 2304             (1/modules/rbf.asm):02138                             bls       L1060               yes, skip ahead
0C37 C103             (1/modules/rbf.asm):02139                             cmpb      #S$Intrpt           is it a keyboard interrupt?
0C39 2307             (1/modules/rbf.asm):02140                             bls       L1067               no, return error [B]=Error code
0C3B 4F               (1/modules/rbf.asm):02141         L1060               clra                          clear error status
                      (1/modules/rbf.asm):02142         
                      (1/modules/rbf.asm):02143                             ifne      UNTESTED_H6309
                      (1/modules/rbf.asm):02144                             tim       #Condem,P$State,u   is process dead?
                      (1/modules/rbf.asm):02145                             else
0C3C A64D             (1/modules/rbf.asm):02146                             lda       P$State,u
0C3E 8502             (1/modules/rbf.asm):02147                             bita      #Condem
                      (1/modules/rbf.asm):02148                             endc
                      (1/modules/rbf.asm):02149         
0C40 2701             (1/modules/rbf.asm):02150                             beq       L1068               no, skip ahead
0C42 43               (1/modules/rbf.asm):02151         L1067               coma                          flag error
0C43 39               (1/modules/rbf.asm):02152         L1068               rts                           return
                      (1/modules/rbf.asm):02153         
                      (1/modules/rbf.asm):02154         * Write a file allocation bitmap sector
                      (1/modules/rbf.asm):02155         * Entry: B=Logical sector #
0C44 4F               (1/modules/rbf.asm):02156         L1069               clra                          clear MSB of LSW to logical sector #
0C45 1F01             (1/modules/rbf.asm):02157                             tfr       d,x                 move it to proper register
0C47 5F               (1/modules/rbf.asm):02158                             clrb                          clear MSB of logical sector #
0C48 170130           (1/modules/rbf.asm):02159                             lbsr      L1207               flush the sector to drive
0C4B 3401             (1/modules/rbf.asm):02160         L1070               pshs      cc                  preserve error status from write
0C4D AEA81E           (1/modules/rbf.asm):02161                             ldx       PD.DTB,y            get drive table pointer
0C50 A625             (1/modules/rbf.asm):02162                             lda       PD.CPR,y            get the current process using it
0C52 A18817           (1/modules/rbf.asm):02163                             cmpa      V.BMB,x             same as process using the bit-map sector?
0C55 2613             (1/modules/rbf.asm):02164                             bne       L108F               no, return
0C57 6F8817           (1/modules/rbf.asm):02165                             clr       V.BMB,x             clear the use flag
0C5A 9E4B             (1/modules/rbf.asm):02166                             ldx       <D.Proc             get current process pointer
0C5C A68811           (1/modules/rbf.asm):02167                             lda       P$IOQN,x            get next process in line for sector
0C5F 2709             (1/modules/rbf.asm):02168                             beq       L108F               none, return
0C61 17FC0D           (1/modules/rbf.asm):02169                             lbsr      L0C56               wake up the process
0C64 8E0001           (1/modules/rbf.asm):02170                             ldx       #1                  sleep for balance of tick
0C67 103F0A           (1/modules/rbf.asm):02171                             os9       F$Sleep
0C6A 3581             (1/modules/rbf.asm):02172         L108F               puls      pc,cc               restore error status & return
                      (1/modules/rbf.asm):02173         
                      (1/modules/rbf.asm):02174         * Read a sector from file allocation bit map
                      (1/modules/rbf.asm):02175         * Entry: B=Logical sector #
0C6C 4F               (1/modules/rbf.asm):02176         L1091               clra                          clear MSB of LSW to logical sector #
0C6D 1F01             (1/modules/rbf.asm):02177                             tfr       d,x                 move to proper register
0C6F 5F               (1/modules/rbf.asm):02178                             clrb                          clear MSB of logical sector #
0C70 1600B1           (1/modules/rbf.asm):02179                             lbra      L113A               go read the sector
                      (1/modules/rbf.asm):02180         
                      (1/modules/rbf.asm):02181         *** TODO(strick): BEGIN: The following are not reached?
0C73 3450             (1/modules/rbf.asm):02182                             pshs      u,x
0C75 170101           (1/modules/rbf.asm):02183                             lbsr      L1205
0C78 2506             (1/modules/rbf.asm):02184                             bcs       NR_L0C47
0C7A A62A             (1/modules/rbf.asm):02185                             lda       $0A,y
0C7C 84FE             (1/modules/rbf.asm):02186                             anda      #$FE
0C7E A72A             (1/modules/rbf.asm):02187                             sta       $0A,y
0C80 35D0             (1/modules/rbf.asm):02188         NR_L0C47            puls      pc,u,x
                      (1/modules/rbf.asm):02189         *** TODO(strick): END: not reached?
                      (1/modules/rbf.asm):02190         
                      (1/modules/rbf.asm):02191         * Entry: Y=Path descriptor pointer
0C82 EC2C             (1/modules/rbf.asm):02192         L1098               ldd       PD.CP+1,y
0C84 A3A814           (1/modules/rbf.asm):02193                             subd      PD.SBL+1,y
0C87 1F01             (1/modules/rbf.asm):02194                             tfr       d,x
0C89 E62B             (1/modules/rbf.asm):02195                             ldb       PD.CP,y
0C8B E2A813           (1/modules/rbf.asm):02196                             sbcb      PD.SBL,y
0C8E E1A819           (1/modules/rbf.asm):02197                             cmpb      PD.SSZ,y
0C91 2507             (1/modules/rbf.asm):02198                             bcs       L10B0
0C93 2207             (1/modules/rbf.asm):02199                             bhi       L10B2               yes, scan the segment list
0C95 ACA81A           (1/modules/rbf.asm):02200                             cmpx      PD.SSZ+1,y
0C98 2402             (1/modules/rbf.asm):02201                             bcc       L10B2
0C9A 5F               (1/modules/rbf.asm):02202         L10B0               clrb
0C9B 39               (1/modules/rbf.asm):02203         L10B1               rts
                      (1/modules/rbf.asm):02204         
                      (1/modules/rbf.asm):02205         * Scan file segment list to get proper segment based on current byte position
                      (1/modules/rbf.asm):02206         * in the file.  Once found it will be placed in the path descriptor
                      (1/modules/rbf.asm):02207         * Entry: None
0C9C 3440             (1/modules/rbf.asm):02208         L10B2               pshs      u                   preserve
0C9E 8D6D             (1/modules/rbf.asm):02209                             bsr       RdFlDscr            get the file descriptor
0CA0 2556             (1/modules/rbf.asm):02210                             bcs       L110E               error, return
                      (1/modules/rbf.asm):02211                             ifne      UNTESTED_H6309      init the start point of search in path descriptor
                      (1/modules/rbf.asm):02212                             clrd
                      (1/modules/rbf.asm):02213                             else
0CA2 4F               (1/modules/rbf.asm):02214                             clra
0CA3 5F               (1/modules/rbf.asm):02215                             clrb
                      (1/modules/rbf.asm):02216                             endc
0CA4 EDA813           (1/modules/rbf.asm):02217                             std       PD.SBL,y
0CA7 E7A815           (1/modules/rbf.asm):02218                             stb       PD.SBL+2,y
0CAA EE28             (1/modules/rbf.asm):02219                             ldu       PD.BUF,y            get sector buffer pointer
0CAC 30C810           (1/modules/rbf.asm):02220                             leax      FD.SEG,u            point to segment list
0CAF A628             (1/modules/rbf.asm):02221                             lda       PD.BUF,y            get MSB of sector buffer pointer
0CB1 C6FC             (1/modules/rbf.asm):02222                             ldb       #$FC                get size of segment table
0CB3 3406             (1/modules/rbf.asm):02223                             pshs      b,a                 save as table end pointer
                      (1/modules/rbf.asm):02224         * Scan segment list for the proper segment
0CB5 EC03             (1/modules/rbf.asm):02225         L10CB               ldd       FDSL.B,x            get segment size in sectors
0CB7 2721             (1/modules/rbf.asm):02226                             beq       L10F0               last one, exit with non existing segment error
0CB9 E3A814           (1/modules/rbf.asm):02227                             addd      PD.SBL+1,y          add to segment start LSN
0CBC 1F03             (1/modules/rbf.asm):02228                             tfr       d,u                 copy it
0CBE E6A813           (1/modules/rbf.asm):02229                             ldb       PD.SBL,y
0CC1 C900             (1/modules/rbf.asm):02230                             adcb      #0
0CC3 E12B             (1/modules/rbf.asm):02231                             cmpb      PD.CP,y             this the segment we want?
0CC5 2220             (1/modules/rbf.asm):02232                             bhi       L10FD               yes, move the segment start & size to descriptor
0CC7 2605             (1/modules/rbf.asm):02233                             bne       L10E4               no, save this segment & keep looking
0CC9 11A32C           (1/modules/rbf.asm):02234                             cmpu      PD.CP+1,y
0CCC 2219             (1/modules/rbf.asm):02235                             bhi       L10FD
0CCE E7A813           (1/modules/rbf.asm):02236         L10E4               stb       PD.SBL,y
0CD1 EFA814           (1/modules/rbf.asm):02237                             stu       PD.SBL+1,y
0CD4 3005             (1/modules/rbf.asm):02238                             leax      FDSL.S,x            move to next segment
0CD6 ACE4             (1/modules/rbf.asm):02239                             cmpx      ,s                  done?
0CD8 25DB             (1/modules/rbf.asm):02240                             bcs       L10CB               no, keep going
                      (1/modules/rbf.asm):02241         
                      (1/modules/rbf.asm):02242         * Return Non-Existing segment error
     0CDA             (1/modules/rbf.asm):02243         L10F0               equ       *
                      (1/modules/rbf.asm):02244                             ifne      UNTESTED_H6309
                      (1/modules/rbf.asm):02245                             clrd
                      (1/modules/rbf.asm):02246                             else
0CDA 4F               (1/modules/rbf.asm):02247                             clra
0CDB 5F               (1/modules/rbf.asm):02248                             clrb
                      (1/modules/rbf.asm):02249                             endc
0CDC A7A819           (1/modules/rbf.asm):02250                             sta       PD.SSZ,y            zero out the segment
0CDF EDA81A           (1/modules/rbf.asm):02251                             std       PD.SSZ+1,y
0CE2 53               (1/modules/rbf.asm):02252                             comb                          set the carry
0CE3 C6D5             (1/modules/rbf.asm):02253                             ldb       #E$NES              non-existing segment
0CE5 200F             (1/modules/rbf.asm):02254                             bra       L110C               return
                      (1/modules/rbf.asm):02255         
                      (1/modules/rbf.asm):02256         * Move segment to path descriptor
0CE7 EC84             (1/modules/rbf.asm):02257         L10FD               ldd       FDSL.A,x            get start physical sector #
0CE9 EDA816           (1/modules/rbf.asm):02258                             std       PD.SBP,y            put it in path descriptor
0CEC A602             (1/modules/rbf.asm):02259                             lda       FDSL.A+2,x
0CEE A7A818           (1/modules/rbf.asm):02260                             sta       PD.SBP+2,y
0CF1 EC03             (1/modules/rbf.asm):02261                             ldd       FDSL.B,x            get segment size
0CF3 EDA81A           (1/modules/rbf.asm):02262                             std       PD.SSZ+1,y          put it in path descriptor
0CF6 3262             (1/modules/rbf.asm):02263         L110C               leas      2,s
0CF8 35C0             (1/modules/rbf.asm):02264         L110E               puls      pc,u
                      (1/modules/rbf.asm):02265         
                      (1/modules/rbf.asm):02266         * Read LSN0 from drive
                      (1/modules/rbf.asm):02267         * Entry: Y=Path descriptor pointer
0CFA 3414             (1/modules/rbf.asm):02268         L1110               pshs      x,b                 preserve regs used
0CFC 1700AA           (1/modules/rbf.asm):02269                             lbsr      L1237               flush sector buffer
0CFF 2508             (1/modules/rbf.asm):02270                             bcs       L111F               error, return
0D01 5F               (1/modules/rbf.asm):02271                             clrb                          get LSN
0D02 8E0000           (1/modules/rbf.asm):02272                             ldx       #$0000
0D05 8D1D             (1/modules/rbf.asm):02273                             bsr       L113A               read the sector
0D07 2402             (1/modules/rbf.asm):02274                             bcc       L1121               no error, return
0D09 E7E4             (1/modules/rbf.asm):02275         L111F               stb       ,s                  save error code
0D0B 3594             (1/modules/rbf.asm):02276         L1121               puls      pc,x,b              restore & return
                      (1/modules/rbf.asm):02277         
                      (1/modules/rbf.asm):02278         * Read a file descriptor from disk
                      (1/modules/rbf.asm):02279         * Entry: Y=Path descriptor pointer
0D0D.                 (1/modules/rbf.asm):02280         RdFlDscr
                      (1/modules/rbf.asm):02281                             ifne      UNTESTED_H6309
                      (1/modules/rbf.asm):02282                             tim       #FDBUF,PD.SMF,y     FD already here?
                      (1/modules/rbf.asm):02283                             else
0D0D E62A             (1/modules/rbf.asm):02284                             ldb       PD.SMF,y
0D0F C504             (1/modules/rbf.asm):02285                             bitb      #FDBUF
                      (1/modules/rbf.asm):02286                             endc
0D11 2687             (1/modules/rbf.asm):02287                             bne       L10B0               yes, return no error
0D13 170093           (1/modules/rbf.asm):02288                             lbsr      L1237               flush any sector here
0D16 2583             (1/modules/rbf.asm):02289                             bcs       L10B1               error, return
                      (1/modules/rbf.asm):02290                             ifne      UNTESTED_H6309
                      (1/modules/rbf.asm):02291                             oim       #FDBUF,PD.SMF,y
                      (1/modules/rbf.asm):02292                             else
                      (1/modules/rbf.asm):02293         * TODO(strick): Level1 uses B, Level2 uses A, next 3 instructions.
0D18 E62A             (1/modules/rbf.asm):02294                             ldb       PD.SMF,y
0D1A CA04             (1/modules/rbf.asm):02295                             orb       #FDBUF
0D1C E72A             (1/modules/rbf.asm):02296                             stb       PD.SMF,y
                      (1/modules/rbf.asm):02297                             endc
0D1E E6A834           (1/modules/rbf.asm):02298                             ldb       PD.FD,y             get MSB of logical sector
0D21 AEA835           (1/modules/rbf.asm):02299                             ldx       PD.FD+1,y           get LSW of logical sector
0D24 8603             (1/modules/rbf.asm):02300         L113A               lda       #D$READ             get read offset
                      (1/modules/rbf.asm):02301         * Send command to device driver
                      (1/modules/rbf.asm):02302         * Entry: A=Driver Command offset
                      (1/modules/rbf.asm):02303         *        B=MSB of logical sector #
                      (1/modules/rbf.asm):02304         *        X=LSW of logical sector #
                      (1/modules/rbf.asm):02305         *        Y=Path descriptor pointer
0D26 3476             (1/modules/rbf.asm):02306         L113C               pshs      u,y,x,b,a           preserve it all
                      (1/modules/rbf.asm):02307                             ifne      UNTESTED_H6309
                      (1/modules/rbf.asm):02308                             oim       #InDriver,PD.SMF,y  flag we're in ddriver
                      (1/modules/rbf.asm):02309                             else
0D28 A62A             (1/modules/rbf.asm):02310                             lda       PD.SMF,y
0D2A 8A20             (1/modules/rbf.asm):02311                             ora       #InDriver
0D2C A72A             (1/modules/rbf.asm):02312                             sta       PD.SMF,y
                      (1/modules/rbf.asm):02313                             endc
0D2E EE23             (1/modules/rbf.asm):02314                             ldu       PD.DEV,y            get device table pointer
0D30 EE42             (1/modules/rbf.asm):02315                             ldu       V$STAT,u            get static mem pointer
0D32 2006             (1/modules/rbf.asm):02316                             bra       L1166               go execute driver
                      (1/modules/rbf.asm):02317         * Wait for device
0D34 17FB3A           (1/modules/rbf.asm):02318         L1160               lbsr      L0C56               wakeup waiting process
0D37 103F2B           (1/modules/rbf.asm):02319                             os9       F$IOQu              queue device
                      (1/modules/rbf.asm):02320         * Device ready, send command
0D3A A644             (1/modules/rbf.asm):02321         L1166               lda       V.BUSY,u            driver already busy?
0D3C 26F6             (1/modules/rbf.asm):02322                             bne       L1160               yes, queue it
0D3E A625             (1/modules/rbf.asm):02323                             lda       PD.CPR,y            get current process #
0D40 A744             (1/modules/rbf.asm):02324                             sta       V.BUSY,u            save it as busy
0D42 ECE4             (1/modules/rbf.asm):02325                             ldd       ,s                  get command & logical sector from stack
0D44 AE62             (1/modules/rbf.asm):02326                             ldx       2,s
0D46 3440             (1/modules/rbf.asm):02327                             pshs      u                   save static mem
0D48 8D15             (1/modules/rbf.asm):02328                             bsr       L11EB               send it to driver
0D4A 3540             (1/modules/rbf.asm):02329                             puls      u                   restore static mem
0D4C 10AE64           (1/modules/rbf.asm):02330                             ldy       4,s                 get path descriptor pointer
0D4F 3401             (1/modules/rbf.asm):02331                             pshs      cc                  preserve driver error status
0D51 2402             (1/modules/rbf.asm):02332                             bcc       L1181               no error, skip ahead
0D53 E762             (1/modules/rbf.asm):02333                             stb       2,s                 save driver's error code
     0D55             (1/modules/rbf.asm):02334         L1181               equ       *
                      (1/modules/rbf.asm):02335                             ifne      UNTESTED_H6309
                      (1/modules/rbf.asm):02336                             aim       #^InDriver,PD.SMF,y clear in driver flag
                      (1/modules/rbf.asm):02337                             else
0D55 A62A             (1/modules/rbf.asm):02338                             lda       PD.SMF,y
0D57 84DF             (1/modules/rbf.asm):02339                             anda      #^InDriver
0D59 A72A             (1/modules/rbf.asm):02340                             sta       PD.SMF,y
                      (1/modules/rbf.asm):02341                             endc
0D5B 6F44             (1/modules/rbf.asm):02342                             clr       V.BUSY,u
0D5D 35F7             (1/modules/rbf.asm):02343         L11E9               puls      pc,u,y,x,b,a,cc     restore & return
                      (1/modules/rbf.asm):02344         
                      (1/modules/rbf.asm):02345         * Execute device driver
                      (1/modules/rbf.asm):02346         * Entry: A=Driver command offset      (one of D$INIT=0, D$READ=3, D$WRIT=6, etc.)
                      (1/modules/rbf.asm):02347         *        B=MSB of logical sector #
                      (1/modules/rbf.asm):02348         *        X=LSW of logical sector #
                      (1/modules/rbf.asm):02349         *        Y=Path descriptor pointer
                      (1/modules/rbf.asm):02350         *        U=Static memory pointer
0D5F 3496             (1/modules/rbf.asm):02351         L11EB               pshs      pc,x,b,a           pushes PC just to reserve space
0D61 AE23             (1/modules/rbf.asm):02352                             ldx       PD.DEV,y
0D63 EC84             (1/modules/rbf.asm):02353                             ldd       V$DRIV,x           device driver module
0D65 AE84             (1/modules/rbf.asm):02354                             ldx       V$DRIV,x           device driver module, again
0D67 E309             (1/modules/rbf.asm):02355                             addd      M$Exec,x           where in drive module the entry table is
0D69 EBE4             (1/modules/rbf.asm):02356                             addb      ,s                 adds driver offset to D by adding it to B
0D6B 8900             (1/modules/rbf.asm):02357                             adca      #$00               correct A, in case of carry out of B.
0D6D ED64             (1/modules/rbf.asm):02358                             std       $04,s              overwrite PC with Driver Entry address
0D6F 3596             (1/modules/rbf.asm):02359                             puls      pc,x,b,a           jumps to driver entry, restoring LSN
                      (1/modules/rbf.asm):02360         
                      (1/modules/rbf.asm):02361         * Write file descriptor to disk
                      (1/modules/rbf.asm):02362         * Entry: Y=Path descriptor pointer
0D71 E6A834           (1/modules/rbf.asm):02363         L11FD               ldb       PD.FD,y             get MSB of LSN
0D74 AEA835           (1/modules/rbf.asm):02364                             ldx       PD.FD+1,y           get LSW of LSn
0D77 2002             (1/modules/rbf.asm):02365                             bra       L1207               send it to disk
                      (1/modules/rbf.asm):02366         
                      (1/modules/rbf.asm):02367         
                      (1/modules/rbf.asm):02368         * Flush sector buffer to disk
                      (1/modules/rbf.asm):02369         * Entry: Y=Path descriptor pointer
0D79 8D17             (1/modules/rbf.asm):02370         L1205               bsr       L1220               calulate LSN
0D7B 8606             (1/modules/rbf.asm):02371         L1207               lda       #D$WRIT             get driver write offset
0D7D 3416             (1/modules/rbf.asm):02372                             pshs      x,b,a               preserve that & LSN
0D7F ECA81C           (1/modules/rbf.asm):02373                             ldd       PD.DSK,y            get disk ID of this sector
0D82 2706             (1/modules/rbf.asm):02374                             beq       L1216               nothing, send it to driver
0D84 AEA81E           (1/modules/rbf.asm):02375                             ldx       PD.DTB,y            get drive table pointer
0D87 10A30E           (1/modules/rbf.asm):02376                             cmpd      DD.DSK,x            match ID from drive?
0D8A 3516             (1/modules/rbf.asm):02377         L1216               puls      x,b,a               restore regs
0D8C 2798             (1/modules/rbf.asm):02378                             beq       L113C               ID matches, send data to driver
0D8E 53               (1/modules/rbf.asm):02379                             comb                          set carry
0D8F C6FB             (1/modules/rbf.asm):02380                             ldb       #E$DIDC             get ID change error code
0D91 39               (1/modules/rbf.asm):02381                             rts                           return
                      (1/modules/rbf.asm):02382         
                      (1/modules/rbf.asm):02383         * Calculate logical sector # of current sector in buffer
                      (1/modules/rbf.asm):02384         * Exit : B=MSB of logical sector #
                      (1/modules/rbf.asm):02385         *        X=LSW of logical sector #
0D92 EC2C             (1/modules/rbf.asm):02386         L1220               ldd       PD.CP+1,y           get current logical sector loaded
0D94 A3A814           (1/modules/rbf.asm):02387                             subd      PD.SBL+1,y          subtract it from segment list LSN
0D97 1F01             (1/modules/rbf.asm):02388                             tfr       d,x                 copy answer
0D99 E62B             (1/modules/rbf.asm):02389                             ldb       PD.CP,y             get MSB of byte position
0D9B E2A813           (1/modules/rbf.asm):02390                             sbcb      PD.SBL,y            subtract it from segment start
0D9E 1E01             (1/modules/rbf.asm):02391                             exg       d,x
0DA0 E3A817           (1/modules/rbf.asm):02392                             addd      PD.SBP+1,y          add in physical segment sector #
0DA3 1E01             (1/modules/rbf.asm):02393                             exg       d,x
0DA5 E9A816           (1/modules/rbf.asm):02394                             adcb      PD.SBP,y            now the MSB
0DA8 39               (1/modules/rbf.asm):02395                             rts                           return
                      (1/modules/rbf.asm):02396         
                      (1/modules/rbf.asm):02397         * Check if sector buffer needs to be flushed to disk
                      (1/modules/rbf.asm):02398         * Entry: Y=Path descriptor pointer
0DA9 5F               (1/modules/rbf.asm):02399         L1237               clrb                          clear carry
0DAA 3450             (1/modules/rbf.asm):02400                             pshs      u,x                 preserve regs
0DAC E62A             (1/modules/rbf.asm):02401                             ldb       PD.SMF,y            get state flags
0DAE C446             (1/modules/rbf.asm):02402                             andb      #(BufBusy!FDBUF!SINBUF) anything in buffer?
0DB0 2714             (1/modules/rbf.asm):02403                             beq       L1254               no, return
0DB2 1F98             (1/modules/rbf.asm):02404                             tfr       b,a                 duplicate flags
0DB4 E82A             (1/modules/rbf.asm):02405                             eorb      PD.SMF,y            clear them
0DB6 E72A             (1/modules/rbf.asm):02406                             stb       PD.SMF,y            save 'em
0DB8 C401             (1/modules/rbf.asm):02407                             andb      #BUFMOD             has buffer been modified?
0DBA 270A             (1/modules/rbf.asm):02408                             beq       L1254               no, return
0DBC E82A             (1/modules/rbf.asm):02409                             eorb      PD.SMF,y            clear that bit
0DBE E72A             (1/modules/rbf.asm):02410                             stb       PD.SMF,y            save it
0DC0 8502             (1/modules/rbf.asm):02411                             bita      #SINBUF             is there even a sector in buffer?
0DC2 2702             (1/modules/rbf.asm):02412                             beq       L1254               no, return
0DC4 8DB3             (1/modules/rbf.asm):02413                             bsr       L1205               flush the sector to drive
0DC6 35D0             (1/modules/rbf.asm):02414         L1254               puls      pc,u,x              restore & return
                      (1/modules/rbf.asm):02415         
0DC8 3450             (1/modules/rbf.asm):02416         L1256               pshs      u,x
0DCA 17FEB5           (1/modules/rbf.asm):02417                             lbsr      L1098
0DCD 2511             (1/modules/rbf.asm):02418                             bcs       L12C6
0DCF 8DD8             (1/modules/rbf.asm):02419                             bsr       L1237
0DD1 250D             (1/modules/rbf.asm):02420                             bcs       L12C6
0DD3 8DBD             (1/modules/rbf.asm):02421                             bsr       L1220
0DD5 17FF4C           (1/modules/rbf.asm):02422                             lbsr      L113A
0DD8 2506             (1/modules/rbf.asm):02423                             bcs       L12C6
0DDA A62A             (1/modules/rbf.asm):02424                             lda       PD.SMF,y
0DDC 8A42             (1/modules/rbf.asm):02425                             ora       #(BufBusy!SINBUF)
0DDE A72A             (1/modules/rbf.asm):02426                             sta       PD.SMF,y
0DE0 35D0             (1/modules/rbf.asm):02427         L12C6               puls      pc,u,x
                      (1/modules/rbf.asm):02428         
0DE2 46EAAA           (1/modules/rbf.asm):02429                             emod
     0DE5             (1/modules/rbf.asm):02430         eom                 equ       *
                      (1/modules/rbf.asm):02431                             end

Symbol Table:
[ G] APPKEY_OPEN_LEN                  0006
[SG] atrv                             0080
[ G] AttrMask                         00F0
[ G] B110                             0000
[ G] B115200                          000A
[ G] B1200                            0003
[ G] B19200                           0007
[ G] B2400                            0004
[ G] B300                             0001
[ G] B38400                           0008
[ G] B4800                            0005
[ G] B57600                           0009
[ G] B600                             0002
[ G] B9600                            0006
[ G] badinstr                         0040
[ G] BIT_CLK                          0000
[ G] BIT_CMD                          0007
[ G] BIT_CMD_RDY                      0007
[ G] BIT_MISO                         0000
[ G] BIT_MOSI                         0001
[ G] BIT_PROCEED                      0006
[ G] BMAPSZ                           0020
[ G] BootStr                          0014
[ G] Bt.Sec                           0000
[ G] Bt.Size                          1F00
[ G] Bt.Start                         E100
[ G] Bt.Track                         0000
[ G] BufBusy                          0040
[ G] BUFMOD                           0001
[ G] BufReads                         0010
[ G] BufWrits                         0040
[ G] BuildInfo                        0021
[SG] C$BELL                           0007
[SG] C$BSP                            0008
[SG] C$Clsall                         0016
[SG] C$Clsgr                          0015
[SG] C$COMA                           002C
[SG] C$CR                             000D
[SG] C$DEL                            0018
[SG] C$DELETE                         0010
[SG] C$DWN                            001F
[SG] C$EL                             0005
[SG] C$EOF                            001B
[SG] C$FORM                           000C
[SG] C$HOME                           000B
[SG] C$INSERT                         0011
[SG] C$INTR                           0003
[SG] C$LF                             000A
[SG] C$LFT                            001D
[SG] C$NULL                           0000
[SG] C$PAUS                           0017
[SG] C$PERD                           002E
[SG] C$PLINE                          0013
[SG] C$QUIT                           0005
[SG] C$RARR                           0009
[SG] C$RGT                            001C
[SG] C$RPET                           0001
[SG] C$RPRT                           0004
[SG] C$SHRARR                         0019
[SG] C$SI                             000F
[SG] C$SO                             000E
[SG] C$SPAC                           0020
[SG] C$UP                             001E
[SG] C$XOFF                           0013
[SG] C$XON                            0011
[ G] C.FIRQ                           DFC6
[ G] C.IRQ                            DFC8
[ G] C.STACK                          DFC0
[ G] C.SWI                            DFCA
[ G] C.SWI2                           DFC4
[ G] C.SWI3                           DFC2
[ G] Carry                            0001
[ G] CblCode                          0005
[ G] CCode                            0004
[ G] CD30D                            02CE
[ G] CD31C                            02DD
[ G] CHANNELMODE_JSON                 0001
[ G] CHANNELMODE_PROTOCOL             0000
[ G] ChgDir                           02AD
[ G] ChkAttrs                         082A
[ G] Clos290                          027A
[ G] Clos29C                          0286
[ G] Clos29D                          0287
[ G] Clos2A0                          028A
[ G] Clos2A02                         0367
[ G] Close                            0260
[ G] ClrFBits                         0BA7
[ G] Condem                           0002
[ G] CRCCon1                          0080
[ G] CRCCon23                         0FE3
[ G] CRCOff                           0000
[ G] CRCOn                            0001
[ G] Creat131                         0129
[ G] Creat151                         0143
[ G] Creat169                         015B
[ G] Creat170                         0162
[ G] Creat47                          0049
[ G] Creat7C                          006F
[ G] Creat7E                          0071
[ G] Creat83                          0076
[ G] CreatAC                          009F
[ G] CreatB5                          00A8
[ G] CreatC7                          00BA
[ G] CreatD9                          00CC
[ G] Create                           0038
[ G] D$GSTA                           0009
[ G] D$INIT                           0000
[ G] D$PSTA                           000C
[ G] D$READ                           0003
[ G] D$TERM                           000F
[ G] D$WRIT                           0006
[ G] D.AltIRQ                         006B
[ G] D.AProcQ                         004D
[ G] D.Boot                           0083
[ G] D.BTHI                           0068
[ G] D.BTLO                           0066
[ G] D.CBStrt                         0071
[ G] D.Clock                          0081
[ G] D.Clock2                         008A
[ G] D.CLTb                           0086
[ G] D.COCOXT                         0009
[ G] D.CRC                            0089
[ G] D.Day                            0055
[ G] D.DbgMem                         000A
[ G] D.DevTbl                         0060
[ G] D.DMAReq                         006A
[ G] D.DskTmr                         006F
[ G] D.DWSrvID                        0010
[ G] D.DWStat                         000E
[ G] D.DWSubAddr                      000C
[ G] D.FIRQ                           0030
[ G] D.FMBM                           0020
[ G] D.Hour                           0056
[ G] D.Init                           002A
[ G] D.IOMH                           005E
[ G] D.IOML                           005C
[ G] D.IRQ                            0032
[ G] D.IRQTmp                         0011
[ G] D.KbdSta                         006D
[ G] D.MDREG                          0088
[ G] D.Min                            0057
[ G] D.MLIM                           0024
[ G] D.ModDir                         0026
[ G] D.Month                          0054
[ G] D.NMI                            0036
[ G] D.Poll                           003A
[ G] D.PolTbl                         0062
[ G] D.PrcDBT                         0049
[ G] D.Proc                           004B
[ G] D.PthDBT                         0064
[ G] D.Sec                            0058
[ G] D.Slice                          0048
[ G] D.SProcQ                         0051
[ G] D.SvcIRQ                         0038
[ G] D.SWI                            0034
[ G] D.SWI2                           002E
[ G] D.SWI3                           002C
[ G] D.SWPage                         0003
[ G] D.SysDis                         0046
[ G] D.SysIRQ                         003E
[ G] D.SysSvc                         0042
[ G] D.Tick                           0059
[ G] D.Time                           0053
[ G] D.TSec                           005A
[ G] D.TSlice                         005B
[ G] D.URtoSs                         0084
[ G] D.UsrDis                         0044
[ G] D.UsrIRQ                         003C
[ G] D.UsrSvc                         0040
[ G] D.WDAddr                         0000
[ G] D.WDBtDr                         0002
[ G] D.WProcQ                         004F
[ G] D.XFIRQ                          010F
[ G] D.XIRQ                           010C
[ G] D.XNMI                           0109
[ G] D.XSWI                           0106
[ G] D.XSWI2                          0103
[ G] D.XSWI3                          0100
[ G] D.Year                           0053
[ G] Data                             0040
[ G] DCB_AUX1                         0002
[ G] DCB_AUX2                         0003
[ G] DCB_CHECKSUM                     0004
[ G] DCB_COMMAND                      0001
[ G] DCB_DEVICE                       0000
[ G] DCB_RX_BUFFER                    0008
[ G] DCB_RX_BUFFER_LEN                000A
[ G] DCB_SIZE                         000E
[ G] DCB_TIMEOUT                      000C
[ G] DCB_TX_BUFFER                    0004
[ G] DCB_TX_BUFFER_LEN                0006
[ G] DD.ATT                           000D
[ G] DD.BIT                           0006
[ G] DD.BSZ                           0018
[ G] DD.BT                            0015
[ G] DD.DAT                           001A
[ G] DD.DIR                           0008
[ G] DD.DSK                           000E
[ G] DD.FMT                           0010
[ G] DD.MAP                           0004
[ G] DD.NAM                           001F
[ G] DD.OPT                           003F
[ G] DD.OWN                           000B
[ G] DD.RES                           0013
[ G] DD.SIZ                           0015
[ G] DD.SPT                           0011
[ G] DD.TKS                           0003
[ G] DD.TOT                           0000
[ G] Dead                             0001
[ G] DefIOSiz                         000C
[ G] Del332                           02F1
[ G] Delete                           02E0
[ G] DevCnt                           000D
[ G] Devic                            00F0
[ G] DEVICE_CHANNEL_MODE              00FC
[ G] DEVICE_CLOSE                     0043
[ G] DEVICE_LOGIN                     00FD
[ G] DEVICE_OPEN                      004F
[ G] DEVICE_PARSE                     0050
[ G] DEVICE_QUERY                     0051
[ G] DEVICE_READ                      0052
[ G] DEVICE_STATUS                    0053
[ G] DEVICE_WRITE                     0057
[ G] DEVSIZ                           0009
[ G] DIR.                             0080
[ G] DIR.FD                           001D
[ G] DIR.NM                           0000
[ G] DIR.SZ                           0020
[ G] DIR_ENTRY_ATTR_LEN               000C
[ G] DIR_ENTRY_FF_DIR                 0001
[ G] DIR_ENTRY_FF_TRUNC               0002
[ G] DIR_ENTRY_FT_UNKNOWN             0000
[ G] DISK_SECTOR_SIZE                 0100
[ G] DIV0                             0080
[ G] DNS.DTD                          0002
[ G] DNS.FM                           0000
[ G] DNS.FM0                          0000
[ G] DNS.MFM                          0001
[ G] DNS.MFM0                         0004
[ G] DNS.STD                          0000
[ G] Drivr                            00E0
[ G] DRVBEG                           000F
[ G] DRVMEM                           0026
[ G] DT.CDFM                          0005
[ G] DT.NFM                           0004
[ G] DT.Pipe                          0002
[ G] DT.RBF                           0001
[ G] DT.RFM                           0006
[ G] DT.SBF                           0003
[ G] DT.SCF                           0000
[ G] E$Alias                          00C7
[ G] E$ArrOvf                         0049
[ G] E$BadBuf                         00C2
[ G] E$BMCRC                          00E8
[ G] E$BMHP                           00EC
[ G] E$BMID                           00CD
[ G] E$BMode                          00CB
[ G] E$BNam                           00EB
[ G] E$BPAddr                         00D2
[ G] E$BPNam                          00D7
[ G] E$BPNum                          00C9
[ G] E$BPrcID                         00E0
[ G] E$BTyp                           00F9
[ G] E$BufSiz                         00BF
[ G] E$Bug                            00BE
[ G] E$CEF                            00DA
[ G] E$CRC                            00F3
[ G] E$DeadLk                         00FE
[ G] E$DelSP                          00DF
[ G] E$DevBsy                         00FA
[ G] E$DevOvf                         00CC
[ G] E$DIDC                           00FB
[ G] E$DimLrg                         0019
[ G] E$DirFul                         00CE
[ G] E$DivZer                         002D
[ G] E$Dn                             00C6
[ G] E$DNE                            00EE
[ G] E$EndQou                         0029
[ G] E$EOF                            00D3
[ G] E$ExcVrb                         000B
[ G] E$FltOvf                         0032
[ G] E$FNA                            00D6
[ G] E$Full                           00F8
[ G] E$HangUp                         00DC
[ G] E$IBA                            00DB
[ G] E$IChRef                         000E
[ G] E$ICoord                         00BD
[ G] E$ICOvf                          000D
[ G] E$IForkP                         00E6
[ G] E$IllA                           0043
[ G] E$IllArg                         00BB
[ G] E$IllCmd                         00C0
[ G] E$IllCnt                         0044
[ G] E$IllDec                         0048
[ G] E$IllDim                         0015
[ G] E$IllExp                         0047
[ G] E$IllFOR                         0046
[ G] E$IllInp                         003D
[ G] E$IllIVr                         004D
[ G] E$IllLit                         0016
[ G] E$IllMod                         000F
[ G] E$IllNum                         0010
[ G] E$IllOpd                         0012
[ G] E$IllOpr                         0013
[ G] E$IllPNm                         0040
[ G] E$IllPrf                         0011
[ G] E$IllRet                         0017
[ G] E$IllRFN                         0014
[ G] E$IllSfx                         0018
[ G] E$IllStC                         000C
[ G] E$IOConv                         003C
[ G] E$IOFRpt                         003E
[ G] E$IOFSyn                         003F
[ G] E$IOMism                         003A
[ G] E$IONum                          003B
[ G] E$IPrcID                         00E0
[ G] E$ISWI                           00E3
[ G] E$IWDef                          00C3
[ G] E$IWTyp                          00B7
[ G] E$KwnMod                         00E7
[ G] E$LinLrg                         001A
[ G] E$LnComp                         0033
[ G] E$Lock                           00FC
[ G] E$MemFul                         00CF
[ G] E$MFull                          0020
[ G] E$MltLin                         004B
[ G] E$MltVar                         004C
[ G] E$MNF                            00DD
[ G] E$ModBsy                         00D1
[ G] E$MulPrc                         002C
[ G] E$NEMod                          00EA
[ G] E$NES                            00D5
[ G] E$NFont                          00B9
[ G] E$NoAssg                         001B
[ G] E$NoChld                         00E2
[ G] E$NoComa                         001D
[ G] E$NoData                         004F
[ G] E$NoDim                          001E
[ G] E$NoDO                           001F
[ G] E$NoGoto                         0021
[ G] E$NoLPar                         0022
[ G] E$NoLRef                         0023
[ G] E$NonRcO                         0042
[ G] E$NoOprd                         0024
[ G] E$NoPath                         001C
[ G] E$NoRAM                          00ED
[ G] E$NoRout                         0030
[ G] E$NoRPar                         0025
[ G] E$NoTask                         00EF
[ G] E$NoTHEN                         0026
[ G] E$NoTO                           0027
[ G] E$NotRdy                         00F6
[ G] E$NoVRef                         0028
[ G] E$ParmEr                         0038
[ G] E$PNNF                           00D8
[ G] E$Poll                           00CA
[ G] E$PrcAbt                         00E4
[ G] E$PrcFul                         00E5
[ G] E$PthFul                         00C8
[ G] E$Read                           00F4
[ G] E$Sect                           00F1
[ G] E$Seek                           00F7
[ G] E$SeekRg                         004E
[ G] E$Share                          00FD
[ G] E$SLF                            00D9
[ G] E$StkOvf                         00BA
[ G] E$StrOvf                         002F
[ G] E$SubLrg                         002A
[ G] E$SubOvf                         0035
[ G] E$SubRng                         0037
[ G] E$SubUnd                         0036
[ G] E$SysOvf                         0039
[ G] E$TblFul                         00C1
[ G] E$TypMis                         002E
[ G] E$UndLin                         004A
[ G] E$UndVar                         0031
[ G] E$Unit                           00F0
[ G] E$UnkPrc                         002B
[ G] E$UnkSvc                         00D0
[ G] E$UnkSym                         000A
[ G] E$UnmCnt                         0045
[ G] E$Up                             00C5
[ G] E$USigP                          00E9
[ G] E$ValRng                         0034
[ G] E$WADef                          00B8
[ G] E$WP                             00F2
[ G] E$Write                          00F5
[ G] E$WrSub                          0041
[ G] E$WUndef                         00C4
[SG] edition                          001A
[ G] Entire                           0080
[ G] ENTRY_TYPE_FILE                  0002
[ G] ENTRY_TYPE_FOLDER                0001
[ G] ENTRY_TYPE_LINK                  0003
[ G] ENTRY_TYPE_MENU                  0004
[ G] ENTRY_TYPE_TEXT                  0000
[ G] eom                              0DE5
[ G] ErMemRtn                         0289
[ G] ex                               0201
[ G] EXEC.                            0004
[ G] F$All64                          0030
[ G] F$AllBit                         0013
[ G] F$AProc                          002C
[ G] F$Chain                          0005
[ G] F$CmpNam                         0011
[ G] F$CRC                            0017
[ G] F$Debug                          0023
[ G] F$DelBit                         0014
[ G] F$Exit                           0006
[ G] F$Find64                         002F
[ G] F$Fork                           0003
[ G] F$Icpt                           0009
[ G] F$ID                             000C
[ G] F$IODel                          0033
[ G] F$IOQu                           002B
[ G] F$IRQ                            002A
[ G] F$Link                           0000
[ G] F$Load                           0001
[ G] F$Mem                            0007
[ G] F$NProc                          002D
[ G] F$PErr                           000F
[ G] F$PrsNam                         0010
[ G] F$Ret64                          0031
[ G] F$SchBit                         0012
[ G] F$Send                           0008
[ G] F$Sleep                          000A
[ G] F$SPrior                         000D
[ G] F$SRqMem                         0028
[ G] F$SRtMem                         0029
[ G] F$SSpd                           000B
[ G] F$SSvc                           0032
[ G] F$SSWI                           000E
[ G] F$STime                          0016
[ G] F$Time                           0015
[ G] F$UnLink                         0002
[ G] F$VIRQ                           0027
[ G] F$VModul                         002E
[ G] F$Wait                           0004
[ G] false                            0000
[ G] FatScan                          099F
[ G] FD.ATT                           0000
[ G] FD.Creat                         000D
[ G] FD.DAT                           0003
[ G] FD.LNK                           0008
[ G] FD.LS1                           00FB
[ G] FD.LS2                           00FA
[ G] FD.OWN                           0001
[ G] FD.SEG                           0010
[ G] FD.SIZ                           0009
[ G] FDBUF                            0004
[ G] FDSL.A                           0000
[ G] FDSL.B                           0003
[ G] FDSL.S                           0005
[ G] Feature1                         001B
[ G] Feature2                         001C
[ G] FILE_STATUS_LEN                  0006
[ G] FindFile                         0640
[ G] FIRQMask                         0040
[ G] FlMgr                            00D0
[ G] FMCDIR                           0009
[ G] FMCLOS                           0024
[ G] FMCREA                           0000
[ G] FMDLET                           000C
[ G] FMGSTA                           001E
[ G] FMMDIR                           0006
[ G] FMOPEN                           0003
[ G] FMRDLN                           0018
[ G] FMREAD                           0012
[ G] FMSEEK                           000F
[ G] FMSSTA                           0021
[ G] FMT.DNS                          0002
[ G] FMT.SIDE                         0001
[ G] FMT.T0DN                         0020
[ G] FMT.TDNS                         0004
[ G] FMWRIT                           0015
[ G] FMWRLN                           001B
[ G] FN_INIT                          00FE
[ G] FN_TIME_HOUR                     0004
[ G] FN_TIME_MDAY                     0003
[ G] FN_TIME_MIN                      0005
[ G] FN_TIME_MONTH                    0002
[ G] FN_TIME_SEC                      0006
[ G] FN_TIME_YEARH                    0000
[ G] FN_TIME_YEARL                    0001
[ G] FNBASE                           E0C2
[ G] FNIO$Exec                        0003
[ G] FNIO$Init                        0000
[ G] FNIO$Term                        0006
[ G] FrtnCode                         0006
[ G] FUJICMD_BASE64_DECODE_COMPUTE    00CB
[ G] FUJICMD_BASE64_DECODE_INPUT      00CC
[ G] FUJICMD_BASE64_DECODE_LENGTH     00CA
[ G] FUJICMD_BASE64_DECODE_OUTPUT     00C9
[ G] FUJICMD_BASE64_ENCODE_COMPUTE    00CF
[ G] FUJICMD_BASE64_ENCODE_INPUT      00D0
[ G] FUJICMD_BASE64_ENCODE_LENGTH     00CE
[ G] FUJICMD_BASE64_ENCODE_OUTPUT     00CD
[ G] FUJICMD_CLOSE_APPKEY             00DB
[ G] FUJICMD_CLOSE_DIRECTORY          00F5
[ G] FUJICMD_CONFIG_BOOT              00D9
[ G] FUJICMD_COPY_FILE                00D8
[ G] FUJICMD_DEVICE_ENABLE_STATUS     00D1
[ G] FUJICMD_DISABLE_DEVICE           00D4
[ G] FUJICMD_ENABLE_DEVICE            00D5
[ G] FUJICMD_GENERATE_GUID            00BB
[ G] FUJICMD_GET_ADAPTERCONFIG        00E8
[ G] FUJICMD_GET_ADAPTERCONFIG_EXTENDED 00C4
[ G] FUJICMD_GET_DEVICE_FULLPATH      00DA
[ G] FUJICMD_GET_DIRECTORY_POSITION   00E5
[ G] FUJICMD_GET_HOST_PREFIX          00E0
[ G] FUJICMD_GET_SCAN_RESULT          00FC
[ G] FUJICMD_GET_SSID                 00FE
[ G] FUJICMD_GET_TIME                 00D2
[ G] FUJICMD_GET_WIFI_ENABLED         00EA
[ G] FUJICMD_GET_WIFISTATUS           00FA
[ G] FUJICMD_HASH_CLEAR               00C2
[ G] FUJICMD_HASH_COMPUTE             00C7
[ G] FUJICMD_HASH_COMPUTE_NO_CLEAR    00C3
[ G] FUJICMD_HASH_INPUT               00C8
[ G] FUJICMD_HASH_LENGTH              00C6
[ G] FUJICMD_HASH_OUTPUT              00C5
[ G] FUJICMD_MOUNT_ALL                00D7
[ G] FUJICMD_MOUNT_HOST               00F9
[ G] FUJICMD_MOUNT_IMAGE              00F8
[ G] FUJICMD_NEW_DISK                 00E7
[ G] FUJICMD_OPEN_APPKEY              00DC
[ G] FUJICMD_OPEN_DIRECTORY           00F7
[ G] FUJICMD_RANDOM_NUMBER            00D3
[ G] FUJICMD_READ_APPKEY              00DD
[ G] FUJICMD_READ_DEVICE_SLOTS        00F2
[ G] FUJICMD_READ_DIR_ENTRY           00F6
[ G] FUJICMD_READ_HOST_SLOTS          00F4
[ G] FUJICMD_RESET                    00FF
[ G] FUJICMD_SCAN_NETWORKS            00FD
[ G] FUJICMD_SET_BOOT_MODE            00D6
[ G] FUJICMD_SET_DEVICE_FULLPATH      00E2
[ G] FUJICMD_SET_DIRECTORY_POSITION   00E4
[ G] FUJICMD_SET_HOST_PREFIX          00E1
[ G] FUJICMD_SET_SSID                 00FB
[ G] FUJICMD_SET_STATUS               0081
[ G] FUJICMD_STATUS                   0053
[ G] FUJICMD_UNMOUNT_HOST             00E6
[ G] FUJICMD_UNMOUNT_IMAGE            00E9
[ G] FUJICMD_WRITE_APPKEY             00DE
[ G] FUJICMD_WRITE_DEVICE_SLOTS       00F1
[ G] FUJICMD_WRITE_HOST_SLOTS         00F3
[ G] FUJINET_MAX_DEVICE_SLOTS         0008
[ G] FUJINET_MAX_HOST_SLOTS           0008
[ G] FUJINET_NETWORK_TIMEOUT          7530
[ G] FUJINET_RC_INVALID               0003
[ G] FUJINET_RC_NO_ACK                0005
[ G] FUJINET_RC_NO_COMPLETE           0006
[ G] FUJINET_RC_NOT_IMPLEMENTED       0001
[ G] FUJINET_RC_NOT_SUPPORTED         0002
[ G] FUJINET_RC_OK                    0000
[ G] FUJINET_RC_TIMEOUT               0004
[ G] FUJINET_TIMEOUT                  3A98
[ G] GetStat                          0522
[ G] Gst5E5                           052E
[ G] Gst5EB                           0534
[ G] Gst5F2                           053B
[ G] Gst5FF                           0555
[ G] Gst5FFX                          0548
[ G] Gst600                           0549
[ G] Gst60D                           0556
[ G] Gst620                           0569
[ G] Gst627                           0570
[ G] Gst640                           0589
[ G] GtDvcNam                         07F5
[ G] HalfCrry                         0020
[SG] HW.Page                          00E0
[ G] I$Attach                         0080
[ G] I$ChgDir                         0086
[ G] I$Close                          008F
[ G] I$Create                         0083
[ G] I$Delete                         0087
[ G] I$DeletX                         0090
[ G] I$Detach                         0081
[ G] I$Dup                            0082
[ G] I$GetStt                         008D
[ G] I$MakDir                         0085
[ G] I$ModDsc                         0091
[ G] I$Open                           0084
[ G] I$Read                           0089
[ G] I$ReadLn                         008B
[ G] I$Seek                           0088
[ G] I$SetStt                         008E
[ G] I$Write                          008A
[ G] I$WritLn                         008C
[ G] ICode                            0002
[ G] ImgChg                           0010
[ G] InDriver                         0020
[ G] InitStr                          000E
[ G] InstallName                      001F
[ G] IntMasks                         0050
[ G] IOBASE                           E000
[ G] IOPORTBase                       E0C1
[ G] IRQMask                          0010
[ G] ISIZ.                            0020
[ G] IT.ALF                           0017
[ G] IT.BAU                           0027
[ G] IT.BSE                           0024
[ G] IT.BSO                           0014
[ G] IT.BSP                           001B
[ G] IT.COL                           002C
[ G] IT.CYL                           0017
[ G] IT.D2P                           0028
[ G] IT.DEL                           001C
[ G] IT.DLO                           0015
[ G] IT.DNS                           0016
[ G] IT.DRV                           0013
[ G] IT.DTP                           0012
[ G] IT.DUP                           0020
[ G] IT.DVC                           0012
[ G] IT.EKO                           0016
[ G] IT.EOF                           001E
[ G] IT.EOR                           001D
[ G] IT.Exten                         0022
[ G] IT.ILV                           001F
[ G] IT.INT                           0022
[ G] IT.LLDRV                         0028
[ G] IT.MPI                           002A
[ G] IT.NUL                           0018
[ G] IT.OFS                           0026
[ G] IT.OVF                           0025
[ G] IT.PAG                           001A
[ G] IT.PAR                           0026
[ G] IT.PAU                           0019
[ G] IT.PSC                           0021
[ G] IT.QUT                           0023
[ G] IT.ROW                           002D
[ G] IT.RPR                           001F
[ G] IT.RWC                           0028
[ G] IT.SAS                           0020
[ G] IT.SCT                           001B
[ G] IT.SID                           0019
[ G] IT.SOFF1                         0025
[ G] IT.SOFF2                         0026
[ G] IT.SOFF3                         0027
[ G] IT.SToff                         0024
[ G] IT.STP                           0014
[ G] IT.T0S                           001D
[ G] IT.TFM                           0021
[ G] IT.TYP                           0015
[ G] IT.UPC                           0013
[ G] IT.VFY                           001A
[ G] IT.WPC                           0025
[ G] IT.XOFF                          002B
[ G] IT.XON                           002A
[ G] IT.XTYP                          002E
[ G] L0169                            0168
[ G] L016D                            016C
[ G] L0304                            030C
[ G] L032A                            0332
[ G] L04B5                            04BA
[ G] L0501                            0506
[ G] L0508                            050D
[ G] L050E                            0513
[ G] L0515                            051A
[ G] L051B                            0520
[ G] L0614                            0637
[ G] L08BC                            0740
[ G] L08BE                            0742
[ G] L08C1                            0744
[ G] L08EF                            076D
[ G] L08FC                            077A
[ G] L08FF                            077D
[ G] L090D                            078B
[ G] L0915                            0793
[ G] L0918                            0796
[ G] L0926                            07A4
[ G] L0940                            07BE
[ G] L0942                            07C0
[ G] L0957                            07D5
[ G] L0977                            07ED
[ G] L097E                            07F4
[ G] L0992                            07FD
[ G] L09AD                            0818
[ G] L09B0                            081B
[ G] L09B5                            0820
[ G] L09B7                            0822
[ G] L09F5                            0842
[ G] L09FC                            0849
[ G] L0A0C                            0859
[ G] L0A11                            085E
[ G] L0A15                            0862
[ G] L0A2A                            0864
[ G] L0A90                            0870
[ G] L0C56                            0871
[ G] L0C6C                            088A
[ G] L0C6F                            088D
[ G] L0C71                            088F
[ G] L0C81                            089F
[ G] L0CB1                            08CF
[ G] L0CB4                            08D2
[ G] L0CC1                            08DF
[ G] L0CC5                            08E3
[ G] L0CC8                            08E6
[ G] L0CD1                            08EB
[ G] L0D07                            08F9
[ G] L0D29                            091B
[ G] L0D36                            0928
[ G] L0D4A                            0934
[ G] L0D4E                            0938
[ G] L0D96                            0980
[ G] L0DA5                            098F
[ G] L0DB0                            099A
[ G] L0DB3                            099D
[ G] L0DB9                            09A3
[ G] L0DDB                            09C5
[ G] L0DDD                            09C7
[ G] L0DF5                            09DF
[ G] L0DF7                            09E1
[ G] L0E04                            09EE
[ G] L0E26                            0A10
[ G] L0E34                            0A1E
[ G] L0E51                            0A3B
[ G] L0E54                            0A3E
[ G] L0E70                            0A5A
[ G] L0E80                            0A6A
[ G] L0E81                            0A6B
[ G] L0E96                            0A80
[ G] L0E9D                            0A87
[ G] L0ED7                            0AC1
[ G] L0EE6                            0AD0
[ G] L0EF0                            0ADA
[ G] L0EF2                            0ADC
[ G] L0EFA                            0AE4
[ G] L0EFE                            0AE8
[ G] L0F26                            0B01
[ G] L0F35                            0B10
[ G] L0F5F                            0B3A
[ G] L0F67                            0B42
[ G] L0F69                            0B44
[ G] L0F6E                            0B49
[ G] L0F6F                            0B4A
[ G] L0F70                            0B4B
[ G] L0F79                            0B54
[ G] L0F8E                            0B69
[ G] L0FB4                            0B8F
[ G] L0FC1                            0B9C
[ G] L0FC9                            0BA4
[ G] L0FE5                            0BC0
[ G] L0FF4                            0BCF
[ G] L1012                            0BED
[ G] L1033                            0C0E
[ G] L1034                            0C0F
[ G] L1036                            0C11
[ G] L103B                            0C16
[ G] L1043                            0C1E
[ G] L1052                            0C2D
[ G] L1053                            0C2E
[ G] L1060                            0C3B
[ G] L1067                            0C42
[ G] L1068                            0C43
[ G] L1069                            0C44
[ G] L1070                            0C4B
[ G] L108F                            0C6A
[ G] L1091                            0C6C
[ G] L1098                            0C82
[ G] L10B0                            0C9A
[ G] L10B1                            0C9B
[ G] L10B2                            0C9C
[ G] L10CB                            0CB5
[ G] L10E4                            0CCE
[ G] L10F0                            0CDA
[ G] L10FD                            0CE7
[ G] L110C                            0CF6
[ G] L110E                            0CF8
[ G] L1110                            0CFA
[ G] L111F                            0D09
[ G] L1121                            0D0B
[ G] L113A                            0D24
[ G] L113C                            0D26
[ G] L1160                            0D34
[ G] L1166                            0D3A
[ G] L1181                            0D55
[ G] L11E9                            0D5D
[ G] L11EB                            0D5F
[ G] L11FD                            0D71
[ G] L1205                            0D79
[ G] L1207                            0D7B
[ G] L1216                            0D8A
[ G] L1220                            0D92
[ G] L1237                            0DA9
[ G] L1254                            0DC6
[ G] L1256                            0DC8
[ G] L12C6                            0DE0
[ G] LangMask                         000F
[ G] Level                            0001
[SG] lg                               0001
[ G] LRARAM                           DFD0
[ G] M$DTyp                           0012
[ G] M$Exec                           0009
[ G] M$FMgr                           0009
[ G] M$ID                             0000
[ G] M$ID1                            0087
[ G] M$ID12                           87CD
[ G] M$ID2                            00CD
[ G] M$IDSize                         0009
[ G] M$Mem                            000B
[ G] M$Mode                           000D
[ G] M$Name                           0004
[ G] M$Opt                            0011
[ G] M$Parity                         0008
[ G] M$PDev                           000B
[ G] M$Port                           000E
[ G] M$Revs                           0007
[ G] M$Size                           0002
[ G] M$Type                           0006
[ G] MakDir                           0202
[ G] MASK_CMD                         0080
[ G] MASK_CMD_RDY                     0080
[ G] MASK_MISO                        0001
[ G] MASK_MOSI                        0002
[ G] MASK_PROCEED                     0040
[ G] MASK_SPI                         00FC
[ G] MAX_FILE_HANDLE                  0008
[ G] MAX_FILE_LEN                     0024
[ G] MAX_HOST_LEN                     0020
[ G] MAX_NETWORK_UNITS                0008
[ G] MAX_PATH_LEN                     0100
[ G] MAX_SSID_LEN                     0021
[ G] MAX_SSID_PW_LEN                  0040
[ G] MaxMem                           0009
[ G] MD$ESize                         0004
[ G] MD$Link                          0002
[ G] MD$MPtr                          0000
[ G] MDir261                          024B
[ G] MDir263                          024D
[ G] MDir266                          0250
[ G] MDir273                          025D
[SG] mecb                             0001
[SG] MECB.D                           0001
[SG] MINSEC                           0010
[ G] MODE_READ                        0001
[ G] MODE_WRITE                       0002
[ G] ModNat                           0020
[ G] ModProt                          0040
[ G] MSCNT1MHZ                        007A
[ G] MSCNT2MHZ                        00F7
[ G] Multi                            0030
[ G] name                             000D
[ G] Negative                         0008
[ G] NET_TRANS_CR                     0001
[ G] NET_TRANS_CRLF                   0003
[ G] NET_TRANS_LF                     0002
[ G] NET_TRANS_NONE                   0000
[ G] NETWORK_ERROR_ACCESS_DENIED      00A7
[ G] NETWORK_ERROR_ADDRESS_IN_USE     00CE
[ G] NETWORK_ERROR_CONNECTION_ABORTED 00D3
[ G] NETWORK_ERROR_CONNECTION_ALREADY_IN_PROGRESS 00CD
[ G] NETWORK_ERROR_CONNECTION_REFUSED 00C8
[ G] NETWORK_ERROR_CONNECTION_RESET   00CC
[ G] NETWORK_ERROR_COULD_NOT_ALLOCATE_BUFFERS 00FF
[ G] NETWORK_ERROR_END_OF_FILE        0088
[ G] NETWORK_ERROR_FILE_EXISTS        0097
[ G] NETWORK_ERROR_FILE_NOT_FOUND     00AA
[ G] NETWORK_ERROR_GENERAL            0090
[ G] NETWORK_ERROR_GENERAL_TIMEOUT    008A
[ G] NETWORK_ERROR_INVALID_COMMAND    0084
[ G] NETWORK_ERROR_INVALID_DEVICESPEC 00A5
[ G] NETWORK_ERROR_INVALID_USERNAME_OR_PASSWORD 00D4
[ G] NETWORK_ERROR_NETWORK_DOWN       00CB
[ G] NETWORK_ERROR_NETWORK_UNREACHABLE 00C9
[ G] NETWORK_ERROR_NO_CONNECTION_WAITING 00D1
[ G] NETWORK_ERROR_NO_SPACE_ON_DEVICE 00A2
[ G] NETWORK_ERROR_NOT_CONNECTED      00CF
[ G] NETWORK_ERROR_NOT_IMPLEMENTED    0092
[ G] NETWORK_ERROR_READ_ONLY          0087
[ G] NETWORK_ERROR_SERVER_NOT_RUNNING 00D0
[ G] NETWORK_ERROR_SERVICE_NOT_AVAILABLE 00D2
[ G] NETWORK_ERROR_SOCKET_TIMEOUT     00CA
[ G] NETWORK_ERROR_SUCCESS            0001
[ G] NETWORK_ERROR_WRITE_ONLY         0083
[ G] NETWORK_STATUS_LEN               0004
[SG] NOS9MAJ                          0003
[SG] NOS9MIN                          0000
[SG] NOS9VER                          0003
[ G] NR_L0C47                         0C80
[ G] NUM_HOST_SLOTS                   0008
[ G] NumPaths                         0010
[ G] Obj6309                          0007
[ G] Objct                            0001
[ L] ok@                              065A
[ G] Open                             0175
[ G] Open1BB                          01BD
[ G] Open1CC                          01CE
[ G] Open1CE                          01D0
[ G] Open209                          01FA
[ G] OpenFix                          01A3
[ G] OpenRet                          01BB
[ G] OPTCNT                           001A
[ G] OREAD                            0004
[SG] OS9.D                            0001
[ G] OSLevel                          0017
[ G] OSMajor                          0019
[ G] OSMinor                          001A
[ G] OSName                           001D
[ G] OSVer                            0018
[ G] OUPDATE                          000C
[ G] OWRITE                           0008
[ G] P$ADDR                           0007
[ G] P$Age                            000C
[ G] P$CHAP                           0006
[ G] P$CID                            0003
[ G] P$DIO                            001A
[ G] P$ID                             0000
[ G] P$IOQN                           0011
[ G] P$IOQP                           0010
[ G] P$NIO                            003B
[ G] P$PagCnt                         0008
[ G] P$PATH                           0026
[ G] P$PID                            0001
[ G] P$PModul                         0012
[ G] P$Prior                          000B
[ G] P$Queue                          000E
[ G] P$SID                            0002
[ G] P$SigDat                         0039
[ G] P$Signal                         0036
[ G] P$SigVec                         0037
[ G] P$Size                           0040
[ G] P$SP                             0004
[ G] P$State                          000D
[ G] P$SWI                            0014
[ G] P$SWI2                           0016
[ G] P$SWI3                           0018
[ G] P$User                           0009
[ G] PAREVEN                          0060
[ G] PARMARK                          00A0
[ G] PARMASK                          00E0
[ G] PARNONE                          0000
[ G] PARODD                           0020
[ G] PARSPACE                         00E0
[ G] PCode                            0003
[ G] PD.ALF                           0025
[ G] PD.ATT                           0033
[ G] PD.BAU                           0035
[ G] PD.BSE                           0032
[ G] PD.BSO                           0022
[ G] PD.BSP                           0029
[ G] PD.BUF                           0008
[ G] PD.CNT                           0002
[ G] PD.CP                            000B
[ G] PD.CPR                           0005
[ G] PD.CYL                           0025
[ G] PD.D2P                           0036
[ G] PD.DCP                           003A
[ G] PD.DEL                           002A
[ G] PD.DEV                           0003
[ G] PD.DFD                           0037
[ G] PD.DLO                           0023
[ G] PD.DNS                           0024
[ G] PD.DRV                           0021
[ G] PD.DSK                           001C
[ G] PD.DTB                           001E
[ G] PD.DTP                           0020
[ G] PD.DUP                           002E
[ G] PD.DV2                           000A
[ G] PD.DVT                           003E
[ G] PD.EKO                           0024
[ G] PD.EOF                           002C
[ G] PD.EOR                           002B
[ G] PD.ERR                           003A
[ G] PD.Exten                         0030
[ G] PD.FD                            0034
[ G] PD.FST                           000A
[ G] PD.ILV                           002D
[ G] PD.INT                           0030
[ G] PD.MAX                           000D
[ G] PD.MIN                           000F
[ G] PD.MOD                           0001
[ G] PD.NUL                           0026
[ G] PD.OPT                           0020
[ G] PD.OVF                           0033
[ G] PD.PAG                           0028
[ G] PD.PAR                           0034
[ G] PD.PAU                           0027
[ G] PD.PD                            0000
[ G] PD.PLP                           003D
[ G] PD.PSC                           002F
[ G] PD.PST                           003F
[ G] PD.QUT                           0031
[ G] PD.RAW                           000C
[ G] PD.RGS                           0006
[ G] PD.RPR                           002D
[ G] PD.SAS                           002E
[ G] PD.SBL                           0013
[ G] PD.SBP                           0016
[ G] PD.SCT                           0029
[ G] PD.SID                           0027
[ G] PD.SIZ                           000F
[ G] PD.SMF                           000A
[ G] PD.SSZ                           0019
[ G] PD.STM                           0012
[ G] PD.SToff                         0032
[ G] PD.STP                           0022
[ G] PD.STS                           0010
[ G] PD.T0S                           002B
[ G] PD.TBL                           003B
[ G] PD.TFM                           002F
[ G] PD.TYP                           0023
[ G] PD.UPC                           0021
[ G] PD.VFY                           0028
[ G] PD.XOFF                          0039
[ G] PD.XON                           0038
[ G] PDELIM                           002F
[ G] PDIR                             002E
[ G] PDSIZE                           0040
[ G] PENTIR                           0040
[ G] PEXEC.                           0020
[ G] PIA0Base                         E010
[ G] PollCnt                          000C
[ G] POLSIZ                           0009
[ G] PREAD.                           0008
[ G] Prgrm                            0010
[ G] Proc6309                         0002
[ G] Proc6809                         0000
[ G] ProtFlag                         0016
[ G] PST.DCD                          0001
[ G] PTM                              E000
[ G] PTMBase                          E000
[ G] PTMCR13                          E000
[ G] PTMCR2                           E001
[ G] PTMSR                            E001
[ G] PTMT1LSB                         E003
[ G] PTMT1MSB                         E002
[ G] PWRIT.                           0010
[ G] Q$FLIP                           0002
[ G] Q$MASK                           0003
[ G] Q$POLL                           0000
[ G] Q$PRTY                           0008
[ G] Q$SERV                           0004
[ G] Q$STAT                           0006
[ G] R$A                              0001
[ G] R$B                              0002
[ G] R$CC                             0000
[ G] R$D                              0001
[ G] R$DP                             0003
[ G] R$PC                             000A
[ G] R$Size                           000C
[ G] R$U                              0008
[ G] R$X                              0004
[ G] R$Y                              0006
[SG] RBF.D                            0001
[ G] RC2014_DEVICEID_CPM              005A
[ G] RC2014_DEVICEID_DISK             0031
[ G] RC2014_DEVICEID_DISK_LAST        003F
[ G] RC2014_DEVICEID_FILE             0061
[ G] RC2014_DEVICEID_FUJINET          0070
[ G] RC2014_DEVICEID_MODEM            0050
[ G] RC2014_DEVICEID_NETWORK          0071
[ G] RC2014_DEVICEID_NETWORK_LAST     0078
[ G] RC2014_DEVICEID_PRINTER          0041
[ G] RC2014_DEVICEID_PRINTER_LAST     0044
[ G] RdFlDscr                         0D0D
[ G] RdLn430                          039C
[ G] RdLn439                          03A5
[ G] RdLn446                          03B2
[ G] RdLn447                          03B3
[ G] RdLn459                          03BF
[ G] RdLn463                          03C9
[ G] RdLn473                          03D2
[ G] RdLn491                          03F0
[ G] RdLn494                          03F3
[ G] RdLn497                          03F6
[ G] RdLn49B                          03F9
[ G] Read                             03FC
[ G] READ.                            0001
[ G] Read4AF                          0402
[ G] Read4BB                          040E
[ G] Read4BC                          040F
[ G] Read4C0                          0413
[ G] Read4C1                          0414
[ G] Read4C3                          0416
[ G] Read4D3                          0419
[ G] Read4D9                          041F
[ G] Read4F4                          043A
[ G] Read4F7                          043D
[ G] Read4F9                          043F
[ G] Read50C                          0452
[ G] Read52E                          0474
[ G] Read530                          0476
[ G] ReadLn                           038C
[ G] ReEnt                            0080
[SG] rev                              0000
[ G] RevsMask                         000F
[ G] Rt100Mem                         028C
[ G] RTCBase                          E0C0
[ G] RtMem2CF                         0298
[ G] RtnMemry                         0158
[ G] S$Abort                          0002
[ G] S$Alarm                          0005
[ G] S$HUP                            0004
[ G] S$Intrpt                         0003
[ G] S$Kill                           0000
[ G] S$Wake                           0001
[ G] S$Window                         0004
[ G] S.CharOut                        FFE9
[ G] S.FNexec                         FFE3
[ G] S.Hex2Out                        FFE5
[ G] S.Hex4Out                        FFE7
[ G] S.StringOut                      FFEB
[ G] Sbrtn                            0020
[SG] SCF.D                            0001
[ G] Seek                             036A
[ G] Seek412                          037E
[ G] Seek417                          0383
[ G] Seek41B                          0387
[ G] Seek41F                          038B
[ G] SetMTime                         029A
[ G] SetStat                          058E
[ G] SHARE.                           0040
[ G] ShellSub                         0050
[ G] Sign                             0080
[ G] SINBUF                           0002
[ G] size                             0000
[ G] SS.AAGBf                         0080
[ G] SS.AlfaS                         001C
[ G] SS.AnPal                         009A
[ G] SS.AScrn                         008B
[ G] SS.Attr                          001C
[ G] SS.BlkRd                         0014
[ G] SS.BlkWr                         0015
[ G] SS.Break                         001D
[ G] SS.CDRel                         009B
[ G] SS.CDSig                         009A
[ G] SS.CDSta                         0099
[ G] SS.Close                         002A
[ G] SS.ComSt                         0028
[ G] SS.Cursr                         0025
[ G] SS.DCmd                          000D
[ G] SS.DevNm                         000E
[ G] SS.DfPal                         0097
[ G] SS.DirEnt                        0020
[ G] SS.DScrn                         008C
[ G] SS.DSize                         0026
[ G] SS.DStat                         0012
[ G] SS.ECC                           00B0
[ G] SS.ELog                          0019
[ G] SS.EOF                           0006
[ G] SS.FBRgs                         0096
[ G] SS.FD                            000F
[ G] SS.FDInf                         0020
[ G] SS.Feed                          0009
[ G] SS.Fill                          00A0
[ G] SS.FndBf                         009B
[ G] SS.Frz                           000A
[ G] SS.FScrn                         008D
[ G] SS.FSig                          002C
[ G] SS.GIP                           0094
[ G] SS.GIP2                          0099
[ G] SS.Hist                          00A1
[ G] SS.HngUp                         002B
[ G] SS.Joy                           0013
[ G] SS.KySns                         0027
[ G] SS.Link                          0007
[ G] SS.Lock                          0011
[ G] SS.MnSel                         0087
[ G] SS.Montr                         0092
[ G] SS.Mount                         0082
[ G] SS.Mouse                         0089
[ G] SS.MpGPB                         0084
[ G] SS.MsSig                         008A
[ G] SS.Open                          0029
[ G] SS.Opt                           0000
[ G] SS.Palet                         0091
[ G] SS.Pos                           0005
[ G] SS.PScrn                         008E
[ G] SS.RdNet                         0083
[ G] SS.Ready                         0001
[ G] SS.Relea                         001B
[ G] SS.Reset                         0003
[ G] SS.Reten                         0016
[ G] SS.RFM                           0018
[ G] SS.RsBit                         001E
[ G] SS.SBar                          0088
[ G] SS.ScInf                         008F
[ G] SS.ScSiz                         0026
[ G] SS.ScTyp                         0093
[ G] SS.SetMF                         0024
[ G] SS.Size                          0002
[ G] SS.SLGBf                         0081
[ G] SS.Slots                         0085
[ G] SS.SPT                           000B
[ G] SS.SQD                           000C
[ G] SS.SSig                          001A
[ G] SS.Ticks                         0010
[ G] SS.Tone                          0098
[ G] SS.ULink                         0008
[ G] SS.UMBar                         0095
[ G] SS.VarSect                       0012
[ G] SS.WFM                           0017
[ G] SS.WnSet                         0086
[ G] SS.WTrk                          0004
[ G] Sst659                           05A2
[ G] Sst669                           05B2
[ G] Sst67F                           05C8
[ G] Sst682                           05CB
[ G] Sst697                           05E0
[ G] Sst69B                           05E4
[ G] Sst6BC                           0605
[ G] Sst6BF                           060F
[ G] Sst6CB                           0619
[ G] Sst6D9                           0627
[ G] Sst7A8                           063C
[ G] Sst7AB                           063F
[ G] Sst7FB                           0691
[ G] Sst814                           06AA
[ G] Sst81E                           06B4
[ G] Sst83F                           06D3
[ G] Sst861                           06F5
[ G] Sst865                           06F9
[ G] Sst87B                           070F
[ G] start                            0011
[ G] StdStr                           0012
[ G] STOP1                            0000
[ G] STOP2                            0010
[ G] STP.12ms                         0002
[ G] STP.20ms                         0001
[ G] STP.30ms                         0000
[ G] STP.6ms                          0003
[ G] SVCTNM                           0002
[ G] SVCTSZ                           006E
[ G] SVCVL                            DFCE
[ G] SVCVO                            DFCC
[ G] SysState                         0080
[ G] SysStr                           0010
[ G] Systm                            00C0
[ G] TIME_LEN                         0007
[ G] TimOut                           0020
[ G] TimSleep                         0040
[SG] TkPerSec                         0032
[ G] true                             0001
[ G] TwosOvfl                         0002
[SG] ty                               00D0
[SG] tylg                             00D1
[ G] TYP.256                          0000
[ G] TYP.3                            0001
[ G] TYP.5                            0000
[ G] TYP.512                          0004
[ G] TYP.CCF                          0020
[ G] TYP.FLP                          0000
[ G] TYP.HARD                         0080
[ G] TYP.NCCF                         0000
[ G] TYP.NSF                          0040
[ G] TYP.SBO                          0002
[ G] TYP.SOF                          0000
[ G] TypeMask                         00F0
[ G] TYPH.1024                        0002
[ G] TYPH.2048                        0003
[ G] TYPH.256                         0000
[ G] TYPH.512                         0001
[ G] TYPH.DRSV                        000C
[ G] TYPH.DSQ                         0010
[ G] TYPH.SSM                         0003
[ G] UARTBase                         E008
[ G] UPDAT.                           0003
[ G] V$DESC                           0004
[ G] V$DRIV                           0000
[ G] V$FMGR                           0006
[ G] V$STAT                           0002
[ G] V$USRS                           0008
[ G] V.BMapSz                         001C
[ G] V.BMB                            0017
[ G] V.BUSY                           0004
[ G] V.DEV2                           0009
[ G] V.DiskID                         001A
[ G] V.ERR                            000E
[ G] V.FileHd                         0018
[ G] V.INTR                           000B
[ G] V.KANJI                          0011
[ G] V.KBUF                           0012
[ G] V.LINE                           0007
[ G] V.LPRC                           0003
[ G] V.MapSct                         001D
[ G] V.MODADR                         0014
[ G] V.NDRV                           0006
[ G] V.PAGE                           0000
[ G] V.PAUS                           0008
[ G] V.PCHR                           000D
[ G] V.PDLHd                          0016
[ G] V.PORT                           0001
[ G] V.QUIT                           000C
[ G] V.ResBit                         001E
[ G] V.RSV                            0018
[ G] V.SCF                            001D
[ G] V.ScOfst                         0020
[ G] V.ScTkOf                         001F
[ G] V.TkOfst                         0021
[ G] V.TRAK                           0015
[ G] V.TYPE                           0006
[ G] V.USER                           0006
[ G] V.WAKE                           0005
[ G] V.XOFF                           0010
[ G] V.XON                            000F
[ G] VD.OFS                           0061
[ G] VD.STP                           0060
[ G] Vi.Cnt                           0000
[ G] Vi.IFlag                         0001
[ G] Vi.PkSz                          0005
[ G] Vi.Rst                           0002
[ G] Vi.Stat                          0004
[ G] WIFI_CONNECT_FAIL                0004
[ G] WIFI_CONNECTED                   0003
[ G] WIFI_CONNECTION_LOST             0005
[ G] WIFI_DISCONNECTED                0006
[ G] WIFI_IDLE                        0000
[ G] WIFI_NOSSID                      0001
[ G] WIFI_SCAN_COMPLETE               0002
[ G] WORD7                            0020
[ G] WORD8                            0000
[ G] Writ571                          04A9
[ G] Writ597                          04C3
[ G] Writ598                          04C4
[ G] Writ599                          04C5
[ G] Writ5A3                          04CF
[ G] Writ5AF                          04DB
[ G] Writ5C9                          04F5
[ G] Writ5CB                          04F7
[ G] Write                            049F
[ G] WRITE.                           0002
[ G] WriteLn                          047F
[ G] WtLn547                          0489
[ G] WtLn55E                          049D
[ G] Zero                             0004
