                      (    wildbitsl2.as):00001                        use       sys6809l2.as
                      (     sys6809l2.as):00001                             section   _constant
                      (     sys6809l2.as):00002         
     0002             (     sys6809l2.as):00003         Level               equ       2
                      (     sys6809l2.as):00004                             ifndef    H6309
     0000             (     sys6809l2.as):00005         H6309               equ       0
                      (     sys6809l2.as):00006                             endc
                      (     sys6809l2.as):00007         
                      (     sys6809l2.as):00008                             use       ../defs/os9.d
                      (    ../defs/os9.d):00001                             IFNE      OS9.D-1
                      (    ../defs/os9.d):00002         
     0001             (    ../defs/os9.d):00003         OS9.D               SET       1
                      (    ../defs/os9.d):00004         
                      (    ../defs/os9.d):00005         ********************************************************************
                      (    ../defs/os9.d):00006         * os9.d - NitrOS-9 System Definitions
                      (    ../defs/os9.d):00007         *
                      (    ../defs/os9.d):00008         * Edt/Rev  YYYY/MM/DD  Modified by
                      (    ../defs/os9.d):00009         * Comment
                      (    ../defs/os9.d):00010         * ------------------------------------------------------------------ 
                      (    ../defs/os9.d):00011         *          1983/03/01
                      (    ../defs/os9.d):00012         * Six new Status codes added: SS.BlkRd - SS.ELog.
                      (    ../defs/os9.d):00013         *
                      (    ../defs/os9.d):00014         *          1983/03/08
                      (    ../defs/os9.d):00015         * New status code added: SS.SSig.
                      (    ../defs/os9.d):00016         *
                      (    ../defs/os9.d):00017         *          1983/04/21
                      (    ../defs/os9.d):00018         * Added new F$ call for 7 day clock function for control level II.
                      (    ../defs/os9.d):00019         *
                      (    ../defs/os9.d):00020         *          1983/05/04  William G. Phelps
                      (    ../defs/os9.d):00021         * F$CMDir service request added for NCM.
                      (    ../defs/os9.d):00022         *
                      (    ../defs/os9.d):00023         *          1983/06/29
                      (    ../defs/os9.d):00024         * Added ProfFlag to init module offsets.
                      (    ../defs/os9.d):00025         *
                      (    ../defs/os9.d):00026         *          1983/07/12  Mark G. Hawkins
                      (    ../defs/os9.d):00027         * Added SS.Atlas for CoCo.
                      (    ../defs/os9.d):00028         *
                      (    ../defs/os9.d):00029         *          1983/10/08  Robert E. Sorensen
                      (    ../defs/os9.d):00030         * Added SS.Break for ACIA Break command.
                      (    ../defs/os9.d):00031         *
                      (    ../defs/os9.d):00032         *          1983/11/29
                      (    ../defs/os9.d):00033         * Added SS.RsBit to reserve (not allocate in) bitmap sector.
                      (    ../defs/os9.d):00034         *
                      (    ../defs/os9.d):00035         *          1984/02/17
                      (    ../defs/os9.d):00036         * Added reserved status codes for Hoshi and Gimix.
                      (    ../defs/os9.d):00037         *
                      (    ../defs/os9.d):00038         *          1984/03/07  Mark G. Hawkins
                      (    ../defs/os9.d):00039         * Added SS.Cursr and SS.ScSiz for CoCo.
                      (    ../defs/os9.d):00040         * Added New signal code S$Window ... CoCo future.
                      (    ../defs/os9.d):00041         *
                      (    ../defs/os9.d):00042         *          1984/04/11  Mark G. Hawkins
                      (    ../defs/os9.d):00043         * Added SS.Sound for CoCo.
                      (    ../defs/os9.d):00044         *
                      (    ../defs/os9.d):00045         *          1984/05/05  Mark G. Hawkins
                      (    ../defs/os9.d):00046         * Added label SS.SetMF to Gimix Reserved byte
                      (    ../defs/os9.d):00047         * Changed SS.Sound to SS.KySns.
                      (    ../defs/os9.d):00048         *
                      (    ../defs/os9.d):00049         *          1985/05/24  Mark G. Hawkins
                      (    ../defs/os9.d):00050         * Added SS.ComSt Communication Set (Parity,Baud).
                      (    ../defs/os9.d):00051         *
                      (    ../defs/os9.d):00052         *          1985/05/28  Tim A. Harris
                      (    ../defs/os9.d):00053         * Added F$VIRQ for Virtual IRQ.
                      (    ../defs/os9.d):00054         *
                      (    ../defs/os9.d):00055         *          1985/07/30  Mark G. Hawkins
                      (    ../defs/os9.d):00056         * Added SS.Open, SS.Close, SS.HngUP.
                      (    ../defs/os9.d):00057         *
                      (    ../defs/os9.d):00058         *          1985/07/30  Mark G. Hawkins
                      (    ../defs/os9.d):00059         * Added E$HangUp error for CDC Lost.
                      (    ../defs/os9.d):00060         *
                      (    ../defs/os9.d):00061         *          1985/08/24  Doug J. Nicholson
                      (    ../defs/os9.d):00062         * Added DT.NFM device type.
                      (    ../defs/os9.d):00063         *
                      (    ../defs/os9.d):00064         *          1985/06/20  Mark G. Hawkins
                      (    ../defs/os9.d):00065         * Added SS.MAGBf, SS.SLCBf.
                      (    ../defs/os9.d):00066         *
                      (    ../defs/os9.d):00067         *          1985/08/29  Ken Mizuno
                      (    ../defs/os9.d):00068         * Fixed DT.SBF/NFM values to 3/4.
                      (    ../defs/os9.d):00069         *
                      (    ../defs/os9.d):00070         *          1985/09/01  Ken Mizuno
                      (    ../defs/os9.d):00071         * Added SS.FDInf, SS.Attr to accept 68K request thru NET.
                      (    ../defs/os9.d):00072         *
                      (    ../defs/os9.d):00073         *          1985/09/03  Ken Mizuno/Robert F. Doggett
                      (    ../defs/os9.d):00074         * Eliminated E$BPrcID, made Error #238 become E$DNE for
                      (    ../defs/os9.d):00075         * 68000 compatability.
                      (    ../defs/os9.d):00076         *
                      (    ../defs/os9.d):00077         *          1986/04/15  Mark G. Hawkins
                      (    ../defs/os9.d):00078         * F$AlHRAM System call added for CoCo.
                      (    ../defs/os9.d):00079         *
                      (    ../defs/os9.d):00080         *          1986/09/08  Mark G. Hawkins
                      (    ../defs/os9.d):00081         * F$Alarm for CoCo Clock Module.
                      (    ../defs/os9.d):00082         *
                      (    ../defs/os9.d):00083         *          1986/09/17  Mark G. Hawkins
                      (    ../defs/os9.d):00084         * SS.Tone For CoCo.
                      (    ../defs/os9.d):00085         *
                      (    ../defs/os9.d):00086         *          1986/09/23  Mark G. Hawkins
                      (    ../defs/os9.d):00087         * Added F$NMLink and F$NMLoad for CoCo.
                      (    ../defs/os9.d):00088         *
                      (    ../defs/os9.d):00089         *          1986/09/30  Mark G. Hawkins
                      (    ../defs/os9.d):00090         * Added Reserved User $70 to $7f in system calls.
                      (    ../defs/os9.d):00091         *
                      (    ../defs/os9.d):00092         *          1986/09/30  Mark G. Hawkins
                      (    ../defs/os9.d):00093         * Created Color Computer 3 Version of OS9Defs.
                      (    ../defs/os9.d):00094         *
                      (    ../defs/os9.d):00095         *          1998/10/03  Boisy G. Pitre
                      (    ../defs/os9.d):00096         * Consolidated Level 1/Level 2 os9defs.
                      (    ../defs/os9.d):00097         *
                      (    ../defs/os9.d):00098         *          2002/04/04  Boisy G. Pitre
                      (    ../defs/os9.d):00099         * Consolidated Level 2/Level 2 V3 os9defs.
                      (    ../defs/os9.d):00100         *
                      (    ../defs/os9.d):00101         *          2002/04/30  Boisy G. Pitre
                      (    ../defs/os9.d):00102         * Added NitrOS-9 definitions.
                      (    ../defs/os9.d):00103         *
                      (    ../defs/os9.d):00104         *          2003/05/30  Boisy G. Pitre
                      (    ../defs/os9.d):00105         * Added WD1002 sys vars to Level One section.
                      (    ../defs/os9.d):00106         *
                      (    ../defs/os9.d):00107         *          2003/06/02  Boisy G. Pitre
                      (    ../defs/os9.d):00108         * Fixed incorrectly ordered D.X*** system globals for OS-9 Level One and
                      (    ../defs/os9.d):00109         * changed the sizes from 2 to 3 bytes.
                      (    ../defs/os9.d):00110         * DT.NFM is now the same for both Level One and Level Two.
                      (    ../defs/os9.d):00111         * Added DT.CDFM type for future CD-ROM file manager
                      (    ../defs/os9.d):00112         *
                      (    ../defs/os9.d):00113         *          2003/11/05  Robert Gault
                      (    ../defs/os9.d):00114         * Fixed MouseInf. Made it rmb 2 as it should be. Also changes to init and cc3io.
                      (    ../defs/os9.d):00115         *
                      (    ../defs/os9.d):00116         *              2005/11/02  P.Harvey-Smith
                      (    ../defs/os9.d):00117         * Added definitions for boot areas on Dragon computers.
                      (    ../defs/os9.d):00118         *
                      (    ../defs/os9.d):00119         *              2006/03/03  Boisy G. Pitre
                      (    ../defs/os9.d):00120         * Added F$Debug and D.DbgMem areas, common to all levels of NitrOS-9
                      (    ../defs/os9.d):00121         *
                      (    ../defs/os9.d):00122         *        2019/10/30  Bill Nobel, from discussions with L. Curtis Boyle
                      (    ../defs/os9.d):00123         * Added I$ModDsc call (modify device descriptor in system memory) BN/LCB
                      (    ../defs/os9.d):00124         *
                      (    ../defs/os9.d):00125         *        2019/12/27 L. Curtis Boyle
                      (    ../defs/os9.d):00126         * Added D.IRQTmp for faster temp vars (currently used in Krn F$Move/6809,
                      (    ../defs/os9.d):00127         *   can be used elsewheres later, in small routines with IRQ's turned off).
                      (    ../defs/os9.d):00128         *
                      (    ../defs/os9.d):00129         *        2019/10/30  Bill Nobel, from discussions with L. Curtis Boyle
                      (    ../defs/os9.d):00130         * Added S$FS2Sig & S$KQ3Sig (both $80) FS2 & KQ3 (VRN) signal codes added (LCB).
                      (    ../defs/os9.d):00131         
                      (    ../defs/os9.d):00132                             NAM       os9.d
                      (    ../defs/os9.d):00133                             IFEQ      Level-1
                      (    ../defs/os9.d):00134                             TTL       NitrOS-9            Level 1 System Symbol Definitions
                      (    ../defs/os9.d):00135                             ELSE
                      (    ../defs/os9.d):00136                             IFEQ      Level-2
                      (    ../defs/os9.d):00137                             TTL       NitrOS-9            Level 2 System Symbol Definitions
                      (    ../defs/os9.d):00138                             ELSE
                      (    ../defs/os9.d):00139                             TTL       NitrOS-9            Level 3 System Symbol Definitions
                      (    ../defs/os9.d):00140                             ENDC
                      (    ../defs/os9.d):00141                             ENDC
                      (    ../defs/os9.d):00142         
                      (    ../defs/os9.d):00143         * Common definitions
     0001             (    ../defs/os9.d):00144         true                EQU       1                   useful name
     0000             (    ../defs/os9.d):00145         false               EQU       0                   useful name
                      (    ../defs/os9.d):00146         
                      (    ../defs/os9.d):00147                             PAG
                      (    ../defs/os9.d):00148         *****************************************
                      (    ../defs/os9.d):00149         * System Service Request Code Definitions
                      (    ../defs/os9.d):00150         *
                      (    ../defs/os9.d):00151                             ORG       0
0000                  (    ../defs/os9.d):00152         F$Link              RMB       1                   Link to Module
0001                  (    ../defs/os9.d):00153         F$Load              RMB       1                   Load Module from File
0002                  (    ../defs/os9.d):00154         F$UnLink            RMB       1                   Unlink Module
0003                  (    ../defs/os9.d):00155         F$Fork              RMB       1                   Start New Process
0004                  (    ../defs/os9.d):00156         F$Wait              RMB       1                   Wait for Child Process to Die
0005                  (    ../defs/os9.d):00157         F$Chain             RMB       1                   Chain Process to New Module
0006                  (    ../defs/os9.d):00158         F$Exit              RMB       1                   Terminate Process
0007                  (    ../defs/os9.d):00159         F$Mem               RMB       1                   Set Memory Size
0008                  (    ../defs/os9.d):00160         F$Send              RMB       1                   Send Signal to Process
0009                  (    ../defs/os9.d):00161         F$Icpt              RMB       1                   Set Signal Intercept
000A                  (    ../defs/os9.d):00162         F$Sleep             RMB       1                   Suspend Process
000B                  (    ../defs/os9.d):00163         F$SSpd              RMB       1                   Suspend Process
000C                  (    ../defs/os9.d):00164         F$ID                RMB       1                   Return Process ID
000D                  (    ../defs/os9.d):00165         F$SPrior            RMB       1                   Set Process Priority
000E                  (    ../defs/os9.d):00166         F$SSWI              RMB       1                   Set Software Interrupt
000F                  (    ../defs/os9.d):00167         F$PErr              RMB       1                   Print Error
0010                  (    ../defs/os9.d):00168         F$PrsNam            RMB       1                   Parse Pathlist Name
0011                  (    ../defs/os9.d):00169         F$CmpNam            RMB       1                   Compare Two Names
0012                  (    ../defs/os9.d):00170         F$SchBit            RMB       1                   Search Bit Map
0013                  (    ../defs/os9.d):00171         F$AllBit            RMB       1                   Allocate in Bit Map
0014                  (    ../defs/os9.d):00172         F$DelBit            RMB       1                   Deallocate in Bit Map
0015                  (    ../defs/os9.d):00173         F$Time              RMB       1                   Get Current Time
0016                  (    ../defs/os9.d):00174         F$STime             RMB       1                   Set Current Time
0017                  (    ../defs/os9.d):00175         F$CRC               RMB       1                   Generate CRC ($17)
                      (    ../defs/os9.d):00176         
                      (    ../defs/os9.d):00177                             IFGT      Level-1
                      (    ../defs/os9.d):00178         
                      (    ../defs/os9.d):00179         * NitrOS-9 Level 2 system calls
0018                  (    ../defs/os9.d):00180         F$GPrDsc            RMB       1                   Get Process Descriptor copy ($18)
0019                  (    ../defs/os9.d):00181         F$GBlkMp            RMB       1                   Get System Block Map copy ($19)
001A                  (    ../defs/os9.d):00182         F$GModDr            RMB       1                   Get Module Directory copy ($1A)
001B                  (    ../defs/os9.d):00183         F$CpyMem            RMB       1                   Copy External Memory ($1B)
001C                  (    ../defs/os9.d):00184         F$SUser             RMB       1                   Set User ID number ($1C)
001D                  (    ../defs/os9.d):00185         F$UnLoad            RMB       1                   Unlink Module by name ($1D)
001E                  (    ../defs/os9.d):00186         F$Alarm             RMB       1                   Color Computer 3 Alarm Call ($1E)
001F                  (    ../defs/os9.d):00187                             RMB       2                   Reserved - For overlap of other systems ($1F)
0021                  (    ../defs/os9.d):00188         F$NMLink            RMB       1                   Color Computer 3 Non-Mapping Link ($21)
0022                  (    ../defs/os9.d):00189         F$NMLoad            RMB       1                   Color Computer 3 Non-Mapping Load ($22)
                      (    ../defs/os9.d):00190         
                      (    ../defs/os9.d):00191                             ELSE
                      (    ../defs/os9.d):00192         
                      (    ../defs/os9.d):00193         * NitrOS-9 Level 1 system call padding
                      (    ../defs/os9.d):00194                             RMB       11
                      (    ../defs/os9.d):00195         
                      (    ../defs/os9.d):00196                             ENDC
                      (    ../defs/os9.d):00197         
0023                  (    ../defs/os9.d):00198         F$Debug             RMB       1                   Drop the system into the debugger ($23)
                      (    ../defs/os9.d):00199         
                      (    ../defs/os9.d):00200                             IFGT      Level-1
                      (    ../defs/os9.d):00201         
                      (    ../defs/os9.d):00202                             ORG       $25
0025                  (    ../defs/os9.d):00203         F$TPS               RMB       1                   Return System's Ticks Per Second
0026                  (    ../defs/os9.d):00204         F$TimAlm            RMB       1                   CoCo individual process alarm call
                      (    ../defs/os9.d):00205         
                      (    ../defs/os9.d):00206                             ENDC
                      (    ../defs/os9.d):00207         
                      (    ../defs/os9.d):00208                             ORG       $27                 Beginning of System Reserved Calls
                      (    ../defs/os9.d):00209         * NitrOS-9 common system calls
0027                  (    ../defs/os9.d):00210         F$VIRQ              RMB       1                   Install/Delete Virtual IRQ
0028                  (    ../defs/os9.d):00211         F$SRqMem            RMB       1                   System Memory Request
0029                  (    ../defs/os9.d):00212         F$SRtMem            RMB       1                   System Memory Return
002A                  (    ../defs/os9.d):00213         F$IRQ               RMB       1                   Enter IRQ Polling Table
002B                  (    ../defs/os9.d):00214         F$IOQu              RMB       1                   Enter I/O Queue
002C                  (    ../defs/os9.d):00215         F$AProc             RMB       1                   Enter Active Process Queue
002D                  (    ../defs/os9.d):00216         F$NProc             RMB       1                   Start Next Process
002E                  (    ../defs/os9.d):00217         F$VModul            RMB       1                   Validate Module
002F                  (    ../defs/os9.d):00218         F$Find64            RMB       1                   Find Process/Path Descriptor
0030                  (    ../defs/os9.d):00219         F$All64             RMB       1                   Allocate Process/Path Descriptor
0031                  (    ../defs/os9.d):00220         F$Ret64             RMB       1                   Return Process/Path Descriptor
0032                  (    ../defs/os9.d):00221         F$SSvc              RMB       1                   Service Request Table Initialization
0033                  (    ../defs/os9.d):00222         F$IODel             RMB       1                   Delete I/O Module
                      (    ../defs/os9.d):00223         
                      (    ../defs/os9.d):00224                             IFGT      Level-1
                      (    ../defs/os9.d):00225         
0034                  (    ../defs/os9.d):00226         F$SLink             RMB       1                   System Link
0035                  (    ../defs/os9.d):00227         F$Boot              RMB       1                   Bootstrap System
0036                  (    ../defs/os9.d):00228         F$BtMem             RMB       1                   Bootstrap Memory Request
0037                  (    ../defs/os9.d):00229         F$GProcP            RMB       1                   Get Process ptr
0038                  (    ../defs/os9.d):00230         F$Move              RMB       1                   Move Data (low bound first)
0039                  (    ../defs/os9.d):00231         F$AllRAM            RMB       1                   Allocate RAM blocks
003A                  (    ../defs/os9.d):00232         F$AllImg            RMB       1                   Allocate Image RAM blocks
003B                  (    ../defs/os9.d):00233         F$DelImg            RMB       1                   Deallocate Image RAM blocks
003C                  (    ../defs/os9.d):00234         F$SetImg            RMB       1                   Set Process DAT Image
003D                  (    ../defs/os9.d):00235         F$FreeLB            RMB       1                   Get Free Low Block
003E                  (    ../defs/os9.d):00236         F$FreeHB            RMB       1                   Get Free High Block
003F                  (    ../defs/os9.d):00237         F$AllTsk            RMB       1                   Allocate Process Task number
0040                  (    ../defs/os9.d):00238         F$DelTsk            RMB       1                   Deallocate Process Task number
0041                  (    ../defs/os9.d):00239         F$SetTsk            RMB       1                   Set Process Task DAT registers
0042                  (    ../defs/os9.d):00240         F$ResTsk            RMB       1                   Reserve Task number
0043                  (    ../defs/os9.d):00241         F$RelTsk            RMB       1                   Release Task number
0044                  (    ../defs/os9.d):00242         F$DATLog            RMB       1                   Convert DAT Block/Offset to Logical
0045                  (    ../defs/os9.d):00243         F$DATTmp            RMB       1                   Make temporary DAT image (Obsolete)
0046                  (    ../defs/os9.d):00244         F$LDAXY             RMB       1                   Load A [X,[Y]]
0047                  (    ../defs/os9.d):00245         F$LDAXYP            RMB       1                   Load A [X+,[Y]]
0048                  (    ../defs/os9.d):00246         F$LDDDXY            RMB       1                   Load D [D+X,[Y]]
0049                  (    ../defs/os9.d):00247         F$LDABX             RMB       1                   Load A from 0,X in task B
004A                  (    ../defs/os9.d):00248         F$STABX             RMB       1                   Store A at 0,X in task B
004B                  (    ../defs/os9.d):00249         F$AllPrc            RMB       1                   Allocate Process Descriptor
004C                  (    ../defs/os9.d):00250         F$DelPrc            RMB       1                   Deallocate Process Descriptor
004D                  (    ../defs/os9.d):00251         F$ELink             RMB       1                   Link using Module Directory Entry
004E                  (    ../defs/os9.d):00252         F$FModul            RMB       1                   Find Module Directory Entry
004F                  (    ../defs/os9.d):00253         F$MapBlk            RMB       1                   Map Specific Block
0050                  (    ../defs/os9.d):00254         F$ClrBlk            RMB       1                   Clear Specific Block
0051                  (    ../defs/os9.d):00255         F$DelRAM            RMB       1                   Deallocate RAM blocks
0052                  (    ../defs/os9.d):00256         F$GCMDir            RMB       1                   Pack module directory
0053                  (    ../defs/os9.d):00257         F$AlHRAM            RMB       1                   Allocate HIGH RAM Blocks
                      (    ../defs/os9.d):00258         
                      (    ../defs/os9.d):00259         * Alan DeKok additions
0054                  (    ../defs/os9.d):00260         F$ReBoot            RMB       1                   Reboot machine (reload OS9Boot) or drop to RSDOS
0055                  (    ../defs/os9.d):00261         F$CRCMod            RMB       1                   CRC mode, toggle or report current status
0056                  (    ../defs/os9.d):00262         F$XTime             RMB       1                   Get Extended time packet from RTC (fractions of second)
0057                  (    ../defs/os9.d):00263         F$VBlock            RMB       1                   Verify modules in a block of memory, add to module directory
                      (    ../defs/os9.d):00264         
                      (    ../defs/os9.d):00265                             ENDC
                      (    ../defs/os9.d):00266         
                      (    ../defs/os9.d):00267         *
                      (    ../defs/os9.d):00268         * Numbers $70 through $7F are reserved for user definitions
                      (    ../defs/os9.d):00269         *
                      (    ../defs/os9.d):00270                             ORG       $70
                      (    ../defs/os9.d):00271         
                      (    ../defs/os9.d):00272                             IFEQ      Level-1
                      (    ../defs/os9.d):00273         
                      (    ../defs/os9.d):00274                             RMB       16                  Reserved for user definition
                      (    ../defs/os9.d):00275         
                      (    ../defs/os9.d):00276                             ELSE
                      (    ../defs/os9.d):00277         
0070                  (    ../defs/os9.d):00278         F$RegDmp            RMB       1                   Ron Lammardo's debugging register dump
0071                  (    ../defs/os9.d):00279         F$NVRAM             RMB       1                   Non Volatile RAM (RTC battery backed static) read/write
                      (    ../defs/os9.d):00280         
0072                  (    ../defs/os9.d):00281                             RMB       $80-.               Reserved for user definitions
                      (    ../defs/os9.d):00282                             ENDC
                      (    ../defs/os9.d):00283         
                      (    ../defs/os9.d):00284                             PAG
                      (    ../defs/os9.d):00285         **************************************
                      (    ../defs/os9.d):00286         * I/O Service Request Code Definitions
                      (    ../defs/os9.d):00287         *
                      (    ../defs/os9.d):00288                             ORG       $80
0080                  (    ../defs/os9.d):00289         I$Attach            RMB       1                   Attach I/O Device
0081                  (    ../defs/os9.d):00290         I$Detach            RMB       1                   Detach I/O Device
0082                  (    ../defs/os9.d):00291         I$Dup               RMB       1                   Duplicate Path
0083                  (    ../defs/os9.d):00292         I$Create            RMB       1                   Create New File
0084                  (    ../defs/os9.d):00293         I$Open              RMB       1                   Open Existing File
0085                  (    ../defs/os9.d):00294         I$MakDir            RMB       1                   Make Directory File
0086                  (    ../defs/os9.d):00295         I$ChgDir            RMB       1                   Change Default Directory
0087                  (    ../defs/os9.d):00296         I$Delete            RMB       1                   Delete File
0088                  (    ../defs/os9.d):00297         I$Seek              RMB       1                   Change Current Position
0089                  (    ../defs/os9.d):00298         I$Read              RMB       1                   Read Data
008A                  (    ../defs/os9.d):00299         I$Write             RMB       1                   Write Data
008B                  (    ../defs/os9.d):00300         I$ReadLn            RMB       1                   Read Line of ASCII Data
008C                  (    ../defs/os9.d):00301         I$WritLn            RMB       1                   Write Line of ASCII Data
008D                  (    ../defs/os9.d):00302         I$GetStt            RMB       1                   Get Path Status
008E                  (    ../defs/os9.d):00303         I$SetStt            RMB       1                   Set Path Status
008F                  (    ../defs/os9.d):00304         I$Close             RMB       1                   Close Path
0090                  (    ../defs/os9.d):00305         I$DeletX            RMB       1                   Delete from current exec dir
0091                  (    ../defs/os9.d):00306         I$ModDsc            RMB       1                   Modify SCF/RBF Descriptor in Memory
                      (    ../defs/os9.d):00307         
                      (    ../defs/os9.d):00308         *******************
                      (    ../defs/os9.d):00309         * File Access Modes
                      (    ../defs/os9.d):00310         *
     0001             (    ../defs/os9.d):00311         READ.               EQU       %00000001
     0002             (    ../defs/os9.d):00312         WRITE.              EQU       %00000010
     0003             (    ../defs/os9.d):00313         UPDAT.              EQU       READ.+WRITE.
     0004             (    ../defs/os9.d):00314         EXEC.               EQU       %00000100
     0008             (    ../defs/os9.d):00315         PREAD.              EQU       %00001000
     0010             (    ../defs/os9.d):00316         PWRIT.              EQU       %00010000
     0020             (    ../defs/os9.d):00317         PEXEC.              EQU       %00100000
     0040             (    ../defs/os9.d):00318         SHARE.              EQU       %01000000
     0080             (    ../defs/os9.d):00319         DIR.                EQU       %10000000
     0020             (    ../defs/os9.d):00320         ISIZ.               EQU       %00100000
                      (    ../defs/os9.d):00321         
                      (    ../defs/os9.d):00322         **************
                      (    ../defs/os9.d):00323         * Signal Codes
                      (    ../defs/os9.d):00324         *
                      (    ../defs/os9.d):00325                             ORG       0
0000                  (    ../defs/os9.d):00326         S$Kill              RMB       1                   Non-Interceptable Abort
0001                  (    ../defs/os9.d):00327         S$Wake              RMB       1                   Wake-up Sleeping Process
0002                  (    ../defs/os9.d):00328         S$Abort             RMB       1                   Keyboard Abort
0003                  (    ../defs/os9.d):00329         S$Intrpt            RMB       1                   Keyboard Interrupt
0004                  (    ../defs/os9.d):00330         S$Window            RMB       1                   Window Change
     0004             (    ../defs/os9.d):00331         S$HUP               EQU       S$Window            Hang Up
0005                  (    ../defs/os9.d):00332         S$Alarm             RMB       1                   CoCo individual process' alarm signal
                      (    ../defs/os9.d):00333         
                      (    ../defs/os9.d):00334                             ifgt      Level-1
                      (    ../defs/os9.d):00335                             ORG       $80
0080                  (    ../defs/os9.d):00336         S$FS2Sig            RMB       1                   FS2 VIRQ Signal code (VRN)
     0080             (    ../defs/os9.d):00337         S$KQ3Sig            EQU       S$FS2Sig            KQ3 VIRQ Signal code (VRN)
                      (    ../defs/os9.d):00338                             endc
                      (    ../defs/os9.d):00339         
                      (    ../defs/os9.d):00340                             PAG
                      (    ../defs/os9.d):00341         **********************************
                      (    ../defs/os9.d):00342         * Status Codes for GetStat/GetStat
                      (    ../defs/os9.d):00343         *
                      (    ../defs/os9.d):00344                             ORG       0
0000                  (    ../defs/os9.d):00345         SS.Opt              RMB       1                   Read/Write PD Options
0001                  (    ../defs/os9.d):00346         SS.Ready            RMB       1                   Check for Device Ready
0002                  (    ../defs/os9.d):00347         SS.Size             RMB       1                   Read/Write File Size
0003                  (    ../defs/os9.d):00348         SS.Reset            RMB       1                   Device Restore
0004                  (    ../defs/os9.d):00349         SS.WTrk             RMB       1                   Device Write Track
0005                  (    ../defs/os9.d):00350         SS.Pos              RMB       1                   Get File Current Position
0006                  (    ../defs/os9.d):00351         SS.EOF              RMB       1                   Test for End of File
0007                  (    ../defs/os9.d):00352         SS.Link             RMB       1                   Link to Status routines
0008                  (    ../defs/os9.d):00353         SS.ULink            RMB       1                   Unlink Status routines
0009                  (    ../defs/os9.d):00354         SS.Feed             RMB       1                   Issue form feed
000A                  (    ../defs/os9.d):00355         SS.Frz              RMB       1                   Freeze DD. information
000B                  (    ../defs/os9.d):00356         SS.SPT              RMB       1                   Set DD.TKS to given value
000C                  (    ../defs/os9.d):00357         SS.SQD              RMB       1                   Sequence down hard disk
000D                  (    ../defs/os9.d):00358         SS.DCmd             RMB       1                   Send direct command to disk
000E                  (    ../defs/os9.d):00359         SS.DevNm            RMB       1                   Return Device name (32-bytes at [X])
000F                  (    ../defs/os9.d):00360         SS.FD               RMB       1                   Return File Descriptor (Y-bytes at [X])
0010                  (    ../defs/os9.d):00361         SS.Ticks            RMB       1                   Set Lockout honor duration
0011                  (    ../defs/os9.d):00362         SS.Lock             RMB       1                   Lock/Release record
0012                  (    ../defs/os9.d):00363         SS.DStat            RMB       1                   Return Display Status (CoCo)
0013                  (    ../defs/os9.d):00364         SS.Joy              RMB       1                   Return Joystick Value (CoCo)
0014                  (    ../defs/os9.d):00365         SS.BlkRd            RMB       1                   Block Read
0015                  (    ../defs/os9.d):00366         SS.BlkWr            RMB       1                   Block Write
0016                  (    ../defs/os9.d):00367         SS.Reten            RMB       1                   Retension cycle
0017                  (    ../defs/os9.d):00368         SS.WFM              RMB       1                   Write File Mark
0018                  (    ../defs/os9.d):00369         SS.RFM              RMB       1                   Read past File Mark
0019                  (    ../defs/os9.d):00370         SS.ELog             RMB       1                   Read Error Log
001A                  (    ../defs/os9.d):00371         SS.SSig             RMB       1                   Send signal on data ready
001B                  (    ../defs/os9.d):00372         SS.Relea            RMB       1                   Release device
001C                  (    ../defs/os9.d):00373         SS.AlfaS            RMB       1                   Return Alfa Display Status (CoCo, SCF/GetStat)
     001C             (    ../defs/os9.d):00374         SS.Attr             EQU       SS.AlfaS            To serve 68K/RBF/SetStat only, thru NET
001D                  (    ../defs/os9.d):00375         SS.Break            RMB       1                   Send break signal out acia
001E                  (    ../defs/os9.d):00376         SS.RsBit            RMB       1                   Reserve bitmap sector (do not allocate in) LSB(X)=sct#
001F                  (    ../defs/os9.d):00377                             RMB       1                   Reserved
     0020             (    ../defs/os9.d):00378         SS.FDInf            EQU       $20                 To serve 68K/RBF/GetStat only, thru NET
0020                  (    ../defs/os9.d):00379         SS.DirEnt           RMB       1                   Reserve bitmap sector (do not allocate in) LSB(X)=sct#
0021                  (    ../defs/os9.d):00380                             RMB       3                   Reserve $20-$23 for Japanese version (Hoshi)
0024                  (    ../defs/os9.d):00381         SS.SetMF            RMB       1                   Reserve $24 for Gimix G68 (Flex compatability?)
0025                  (    ../defs/os9.d):00382         SS.Cursr            RMB       1                   Cursor information for COCO
0026                  (    ../defs/os9.d):00383         SS.ScSiz            RMB       1                   Return screen size for COCO
0027                  (    ../defs/os9.d):00384         SS.KySns            RMB       1                   Getstat/SetStat for COCO keyboard
0028                  (    ../defs/os9.d):00385         SS.ComSt            RMB       1                   Getstat/SetStat for Baud/Parity
0029                  (    ../defs/os9.d):00386         SS.Open             RMB       1                   SetStat to tell driver a path was opened
002A                  (    ../defs/os9.d):00387         SS.Close            RMB       1                   SetStat to tell driver a path was closed
002B                  (    ../defs/os9.d):00388         SS.HngUp            RMB       1                   SetStat to tell driver to hangup phone
002C                  (    ../defs/os9.d):00389         SS.FSig             RMB       1                   New signal for temp locked files
     0026             (    ../defs/os9.d):00390         SS.DSize            EQU       SS.ScSiz            Return disk size (RBF GetStat)
     0012             (    ../defs/os9.d):00391         SS.VarSect          EQU       SS.DStat            Variable Sector Size (RBF GetStat)
                      (    ../defs/os9.d):00392         
                      (    ../defs/os9.d):00393         * System Specific and User defined codes above $80
                      (    ../defs/os9.d):00394                             ORG       $80
0080                  (    ../defs/os9.d):00395         SS.AAGBf            RMB       1                   SetStat to Allocate Additional Graphic Buffer
0081                  (    ../defs/os9.d):00396         SS.SLGBf            RMB       1                   SetStat to Select a different Graphic Buffer
0082                  (    ../defs/os9.d):00397         SS.Mount            RMB       1                   Network 4 Mount Setstat
0083                  (    ../defs/os9.d):00398         SS.RdNet            RMB       1                   Read Raw Sector from Network 4 Omnidrive
0084                  (    ../defs/os9.d):00399         SS.MpGPB            RMB       1                   SetStat to request a Get/Put Buffer be mapped in workspace
0085                  (    ../defs/os9.d):00400         SS.Slots            RMB       1                   Network 4 slots? getstat
                      (    ../defs/os9.d):00401         
                      (    ../defs/os9.d):00402         *               IFGT      Level-1
                      (    ../defs/os9.d):00403                             IFNE      1
                      (    ../defs/os9.d):00404         * Level 2 Windowing
0086                  (    ../defs/os9.d):00405         SS.WnSet            RMB       1                   Set up High Level Windowing Information
0087                  (    ../defs/os9.d):00406         SS.MnSel            RMB       1                   Request High level Menu Handler take determine next event
0088                  (    ../defs/os9.d):00407         SS.SBar             RMB       1                   SetStat to set position block on Window scroll bars
0089                  (    ../defs/os9.d):00408         SS.Mouse            RMB       1                   Return Mouse information packet (COCO)
008A                  (    ../defs/os9.d):00409         SS.MsSig            RMB       1                   SetStat to tell driver to send signal on mouse event
008B                  (    ../defs/os9.d):00410         SS.AScrn            RMB       1                   Allocate a screen for application poking
008C                  (    ../defs/os9.d):00411         SS.DScrn            RMB       1                   Display a screen allocated by SS.AScrn
008D                  (    ../defs/os9.d):00412         SS.FScrn            RMB       1                   Free a screen allocated by SS.AScrn
008E                  (    ../defs/os9.d):00413         SS.PScrn            RMB       1                   Polymorph Screen into different screen type
008F                  (    ../defs/os9.d):00414         SS.ScInf            RMB       1                   Get Current screen info for direct writes
0090                  (    ../defs/os9.d):00415                             RMB       1                   Reserved
0091                  (    ../defs/os9.d):00416         SS.Palet            RMB       1                   Return palette information
0092                  (    ../defs/os9.d):00417         SS.Montr            RMB       1                   Get and Set Monitor Type
0093                  (    ../defs/os9.d):00418         SS.ScTyp            RMB       1                   Get screen type information
0094                  (    ../defs/os9.d):00419         SS.GIP              RMB       1                   Global Input Parameters (SetStat)
0095                  (    ../defs/os9.d):00420         SS.UMBar            RMB       1                   update menu bar (SetStat)
0096                  (    ../defs/os9.d):00421         SS.FBRgs            RMB       1                   return color registers (GetStat)
0097                  (    ../defs/os9.d):00422         SS.DfPal            RMB       1                   set/return default palette registers (Getstat/Setstat)
0098                  (    ../defs/os9.d):00423         SS.Tone             RMB       1                   Generate a tone using 6 bit sound
0099                  (    ../defs/os9.d):00424         SS.GIP2             RMB       1                   Global Input Params #2 (L2V3)
009A                  (    ../defs/os9.d):00425         SS.AnPal            RMB       1                   Animate palettes (L2V3)
009B                  (    ../defs/os9.d):00426         SS.FndBf            RMB       1                   Find named buffer (L2V3)
                      (    ../defs/os9.d):00427         
                      (    ../defs/os9.d):00428         * sc6551 defined
     0099             (    ../defs/os9.d):00429         SS.CDSta            EQU       SS.GIP2
     009A             (    ../defs/os9.d):00430         SS.CDSig            EQU       SS.AnPal
     009B             (    ../defs/os9.d):00431         SS.CDRel            EQU       SS.FndBf
                      (    ../defs/os9.d):00432                             ELSE
                      (    ../defs/os9.d):00433         * These are wide open in Level 1
                      (    ../defs/os9.d):00434                             RMB       19
                      (    ../defs/os9.d):00435         
                      (    ../defs/os9.d):00436         * sc6551 defined
009C                  (    ../defs/os9.d):00437         SS.CDSta            RMB       1
009C                  (    ../defs/os9.d):00438         SS.CDSig            RMB       1
009C                  (    ../defs/os9.d):00439         SS.CDRel            RMB       1
                      (    ../defs/os9.d):00440                             ENDC
                      (    ../defs/os9.d):00441         
                      (    ../defs/os9.d):00442                             ORG       $A0
                      (    ../defs/os9.d):00443         *
                      (    ../defs/os9.d):00444         * New Default SCF input buffer Set status call
00A0                  (    ../defs/os9.d):00445         SS.Fill             RMB       1                   Pre-load SCF device input buffer
00A1                  (    ../defs/os9.d):00446         SS.Hist             RMB       1                   Enable command-line history easily
                      (    ../defs/os9.d):00447         
                      (    ../defs/os9.d):00448         
                      (    ../defs/os9.d):00449                             ORG       $B0
                      (    ../defs/os9.d):00450         *
                      (    ../defs/os9.d):00451         * New WDDisk get/set status calls
00B0                  (    ../defs/os9.d):00452         SS.ECC              RMB       1                   ECC corrected data error enable/disable (GetStat/SetStat)
                      (    ../defs/os9.d):00453         
                      (    ../defs/os9.d):00454         *
                      (    ../defs/os9.d):00455                             IFGT      Level-1
                      (    ../defs/os9.d):00456         
                      (    ../defs/os9.d):00457         * VRN get/set status calls.  Named by Alan DeKok.
     0080             (    ../defs/os9.d):00458         SS.VCtr             EQU       $80                 Return FS2 total VIRQ counter
     0081             (    ../defs/os9.d):00459         SS.VSig             EQU       $81                 Return FS2 number of signals sent
                      (    ../defs/os9.d):00460         
     0081             (    ../defs/os9.d):00461         SS.FClr             EQU       $81                 Set/clear FS2 VIRQ
     00C7             (    ../defs/os9.d):00462         SS.FSet             EQU       $C7                 Set FS2+ VIRQ
     00C8             (    ../defs/os9.d):00463         SS.KSet             EQU       $C8                 Set KQ3 VIRQ
     00C9             (    ../defs/os9.d):00464         SS.KClr             EQU       $C9                 Clr KQ3 VIRQ
     00CA             (    ../defs/os9.d):00465         SS.ARAM             EQU       $CA                 Allocate RAM blocks
     00CB             (    ../defs/os9.d):00466         SS.DRAM             EQU       $CB                 De-allocate RAM blocks
                      (    ../defs/os9.d):00467         
                      (    ../defs/os9.d):00468         * SDisk 3 Definition Equates
     0080             (    ../defs/os9.d):00469         SS.DRead            EQU       SS.AAGBf            SDisk3 Direct Sector Read ($80)
     0080             (    ../defs/os9.d):00470         SS.DWrit            EQU       SS.DRead            SDisk3 Direct sector Write ($80)
     0081             (    ../defs/os9.d):00471         SS.UnFrz            EQU       SS.SLGBf            SDisk3 UNFreeze DD info ($81)
     0082             (    ../defs/os9.d):00472         SS.MOFF             EQU       SS.Mount            SDisk3 fast motor off call ($82)
     0083             (    ../defs/os9.d):00473         SS.MoTim            EQU       SS.RdNet            SDisk3 Set motor shut off time ($83)
     0084             (    ../defs/os9.d):00474         SS.SDRD             EQU       SS.MpGPB            SDisk3 System direct read ($84)
     0084             (    ../defs/os9.d):00475         SS.SDWRT            EQU       SS.SDRD             SDisk3 System direct writes ($84)
     0085             (    ../defs/os9.d):00476         SS.Sleep            EQU       SS.Slots            SDisk3 (DMC ONLY) Enable/disable F$Sleep calls in read/write 1773 I/O ($85)
     0086             (    ../defs/os9.d):00477         SS.DrvCh            EQU       SS.WnSet            SDisk3 (DMC ONLY) Set drive number to cache, or return drive number being cached ($86)
                      (    ../defs/os9.d):00478         
                      (    ../defs/os9.d):00479                             ENDC
                      (    ../defs/os9.d):00480         
                      (    ../defs/os9.d):00481                             TTL       Direct              Page Definitions
                      (    ../defs/os9.d):00482                             PAG
                      (    ../defs/os9.d):00483         
                      (    ../defs/os9.d):00484         **********************************
                      (    ../defs/os9.d):00485         * Direct Page Variable Definitions
                      (    ../defs/os9.d):00486         *
                      (    ../defs/os9.d):00487                             ORG       $00
0000                  (    ../defs/os9.d):00488         D.WDAddr            RMB       2                   FHL/Isted WD1002-05 interface base address
0002                  (    ../defs/os9.d):00489         D.WDBtDr            RMB       1                   FHL/Isted WD1002-05 boot physical device drive num.
0003                  (    ../defs/os9.d):00490         D.SWPage            RMB       1                   SmartWatch page # (see clock2_smart)
0004                  (    ../defs/os9.d):00491                             RMB       5
0009                  (    ../defs/os9.d):00492         D.COCOXT            RMB       1                   Busy flag for CoCo-XT driver (one drive at a time)
000A                  (    ../defs/os9.d):00493         D.DbgMem            RMB       2                   Debug memory pointer
000C                  (    ../defs/os9.d):00494         D.DWSubAddr         RMB       2                   DriveWire subroutine module pointer
000E                  (    ../defs/os9.d):00495         D.DWStat            RMB       2                   DriveWire statics page
0010                  (    ../defs/os9.d):00496         D.DWSrvID           RMB       1                   DriveWire server ID
0011                  (    ../defs/os9.d):00497         D.IRQTmp            RMB       2                   1 or 2 byte DP scratch var (for when IRQ's are off)
                      (    ../defs/os9.d):00498         
                      (    ../defs/os9.d):00499                             ORG       $20
                      (    ../defs/os9.d):00500         
                      (    ../defs/os9.d):00501                             IFEQ      Level-1
                      (    ../defs/os9.d):00502         
                      (    ../defs/os9.d):00503         * Level 1 DP vars
0020                  (    ../defs/os9.d):00504         D.FMBM              RMB       4                   Free memory bit map pointers
0020                  (    ../defs/os9.d):00505         D.MLIM              RMB       2                   Memory limit $24
0020                  (    ../defs/os9.d):00506         D.ModDir            RMB       4                   Module directory $26
0020                  (    ../defs/os9.d):00507         D.Init              RMB       2                   Rom base address $2A
0020                  (    ../defs/os9.d):00508         D.SWI3              RMB       2                   Swi3 vector $2C
0020                  (    ../defs/os9.d):00509         D.SWI2              RMB       2                   Swi2 vector $2E
0020                  (    ../defs/os9.d):00510         D.FIRQ              RMB       2                   Firq vector $30
0020                  (    ../defs/os9.d):00511         D.IRQ               RMB       2                   Irq vector $32
0020                  (    ../defs/os9.d):00512         D.SWI               RMB       2                   Swi vector $34
0020                  (    ../defs/os9.d):00513         D.NMI               RMB       2                   Nmi vector $36
0020                  (    ../defs/os9.d):00514         D.SvcIRQ            RMB       2                   Interrupt service entry $38
0020                  (    ../defs/os9.d):00515         D.Poll              RMB       2                   Interrupt polling routine $3A
0020                  (    ../defs/os9.d):00516         D.UsrIRQ            RMB       2                   User irq routine $3C
0020                  (    ../defs/os9.d):00517         D.SysIRQ            RMB       2                   System irq routine $3E
0020                  (    ../defs/os9.d):00518         D.UsrSvc            RMB       2                   User service request routine $40
0020                  (    ../defs/os9.d):00519         D.SysSvc            RMB       2                   System service request routine $42
0020                  (    ../defs/os9.d):00520         D.UsrDis            RMB       2                   User service request dispatch table
0020                  (    ../defs/os9.d):00521         D.SysDis            RMB       2                   System service reuest dispatch table
0020                  (    ../defs/os9.d):00522         D.Slice             RMB       1                   Process time slice count $48
0020                  (    ../defs/os9.d):00523         D.PrcDBT            RMB       2                   Process descriptor block address  $49
0020                  (    ../defs/os9.d):00524         D.Proc              RMB       2                   Process descriptor address $4B
0020                  (    ../defs/os9.d):00525         D.AProcQ            RMB       2                   Active process queue $4D
0020                  (    ../defs/os9.d):00526         D.WProcQ            RMB       2                   Waiting process queue $4F
0020                  (    ../defs/os9.d):00527         D.SProcQ            RMB       2                   Sleeping process queue $51
0020                  (    ../defs/os9.d):00528         D.Time              EQU       .                   Time
0020                  (    ../defs/os9.d):00529         D.Year              RMB       1                   $53
0020                  (    ../defs/os9.d):00530         D.Month             RMB       1                   $54
0020                  (    ../defs/os9.d):00531         D.Day               RMB       1                   $55
0020                  (    ../defs/os9.d):00532         D.Hour              RMB       1                   $56
0020                  (    ../defs/os9.d):00533         D.Min               RMB       1                   $57
0020                  (    ../defs/os9.d):00534         D.Sec               RMB       1                   $58
0020                  (    ../defs/os9.d):00535         D.Tick              RMB       1                   $59
0020                  (    ../defs/os9.d):00536         D.TSec              RMB       1                   Ticks / second $5A
0020                  (    ../defs/os9.d):00537         D.TSlice            RMB       1                   Ticks / time-slice $5B
0020                  (    ../defs/os9.d):00538         D.IOML              RMB       2                   I/O mgr free memory low bound $5C
0020                  (    ../defs/os9.d):00539         D.IOMH              RMB       2                   I/O mgr free memory hi  bound $5E
0020                  (    ../defs/os9.d):00540         D.DevTbl            RMB       2                   Device driver table addr $60
0020                  (    ../defs/os9.d):00541         D.PolTbl            RMB       2                   Irq polling table addr $62
0020                  (    ../defs/os9.d):00542         D.PthDBT            RMB       2                   Path descriptor block table addr $64
0020                  (    ../defs/os9.d):00543         D.BTLO              RMB       2                   Bootstrap low address $66
0020                  (    ../defs/os9.d):00544         D.BTHI              RMB       2                   Bootstrap hi address $68
0020                  (    ../defs/os9.d):00545         D.DMAReq            RMB       1                   DMA in use flag $6A
0020                  (    ../defs/os9.d):00546         D.AltIRQ            RMB       2                   Alternate IRQ vector (CC) $6B
0020                  (    ../defs/os9.d):00547         D.KbdSta            RMB       2                   Keyboard scanner static storage (CC) $6D
0020                  (    ../defs/os9.d):00548         D.DskTmr            RMB       2                   Disk Motor Timer (CC) $6F
0020                  (    ../defs/os9.d):00549         D.CBStrt            RMB       16                  reserved for CC warmstart ($71)
0020                  (    ../defs/os9.d):00550         D.Clock             RMB       2                   Address of Clock Tick Routine (CC) $81
0020                  (    ../defs/os9.d):00551         D.Boot              RMB       1                   Bootstrap attempted flag
0020                  (    ../defs/os9.d):00552         D.URtoSs            RMB       2                   address of user to system routine (VIRQ) $84
0020                  (    ../defs/os9.d):00553         D.CLTb              RMB       2                   Pointer to clock interrupt table (VIRQ) $86
0020                  (    ../defs/os9.d):00554         D.MDREG             RMB       1                   6309 MD (mode) shadow register $88 (added in V2.01.00)
0020                  (    ../defs/os9.d):00555         D.CRC               RMB       1                   CRC checking mode flag $89 (added in V2.01.00)
0020                  (    ../defs/os9.d):00556         D.Clock2            RMB       2                   CC Clock2 entry address
                      (    ../defs/os9.d):00557         
                      (    ../defs/os9.d):00558                             ORG       $100
                      (    ../defs/os9.d):00559         *D.XSWI3        RMB       3
                      (    ../defs/os9.d):00560         *D.XSWI2        RMB       3
                      (    ../defs/os9.d):00561         *D.XFIRQ        RMB       3
                      (    ../defs/os9.d):00562         *D.XIRQ         RMB       3
                      (    ../defs/os9.d):00563         *D.XSWI         RMB       3
                      (    ../defs/os9.d):00564         *D.XNMI         RMB       3
                      (    ../defs/os9.d):00565         
0020                  (    ../defs/os9.d):00566         D.XSWI3             RMB       3
0020                  (    ../defs/os9.d):00567         D.XSWI2             RMB       3
0020                  (    ../defs/os9.d):00568         D.XSWI              RMB       3
0020                  (    ../defs/os9.d):00569         D.XNMI              RMB       3
0020                  (    ../defs/os9.d):00570         D.XIRQ              RMB       3
0020                  (    ../defs/os9.d):00571         D.XFIRQ             RMB       3
                      (    ../defs/os9.d):00572         
                      (    ../defs/os9.d):00573         * Table Sizes
0020                  (    ../defs/os9.d):00574         BMAPSZ              EQU       32                  Bitmap table size
0020                  (    ../defs/os9.d):00575         SVCTNM              EQU       2                   Number of service request tables
0020                  (    ../defs/os9.d):00576         SVCTSZ              EQU       (256-BMAPSZ)/SVCTNM-2 Service request table size
                      (    ../defs/os9.d):00577         
                      (    ../defs/os9.d):00578                             ELSE
                      (    ../defs/os9.d):00579         
                      (    ../defs/os9.d):00580         * Level 2 DP vars
0020                  (    ../defs/os9.d):00581         D.Tasks             RMB       2                   Task User Table
0022                  (    ../defs/os9.d):00582         D.TmpDAT            RMB       2                   Temporary DAT Image stack
0024                  (    ../defs/os9.d):00583         D.Init              RMB       2                   Initialization Module ptr
0026                  (    ../defs/os9.d):00584         D.Poll              RMB       2                   Interrupt Polling Routine ptr
     0028             (    ../defs/os9.d):00585         D.Time              EQU       .                   System Time
0028                  (    ../defs/os9.d):00586         D.Year              RMB       1
0029                  (    ../defs/os9.d):00587         D.Month             RMB       1
002A                  (    ../defs/os9.d):00588         D.Day               RMB       1
002B                  (    ../defs/os9.d):00589         D.Hour              RMB       1
002C                  (    ../defs/os9.d):00590         D.Min               RMB       1
002D                  (    ../defs/os9.d):00591         D.Sec               RMB       1
002E                  (    ../defs/os9.d):00592         D.Tick              RMB       1
002F                  (    ../defs/os9.d):00593         D.Slice             RMB       1                   current slice remaining
0030                  (    ../defs/os9.d):00594         D.TSlice            RMB       1                   Ticks per Slice
0031                  (    ../defs/os9.d):00595         D.Boot              RMB       1                   Bootstrap attempted flag
0032                  (    ../defs/os9.d):00596         D.MotOn             RMB       1                   Floppy Disk Motor-On time out
0033                  (    ../defs/os9.d):00597         D.ErrCod            RMB       1                   Reset Error Code
0034                  (    ../defs/os9.d):00598         D.Daywk             RMB       1                   day of week, com-trol clock
0035                  (    ../defs/os9.d):00599         D.TkCnt             RMB       1                   Tick Counter
0036                  (    ../defs/os9.d):00600         D.BtPtr             RMB       2                   Address of Boot in System Address space
0038                  (    ../defs/os9.d):00601         D.BtSz              RMB       2                   Size of Boot
                      (    ../defs/os9.d):00602         
                      (    ../defs/os9.d):00603                             IFNE      H6309
003A                  (    ../defs/os9.d):00604         D.MDREG             RMB       1                   6309 MD (mode) shadow register
                      (    ../defs/os9.d):00605                             ELSE
003A                  (    ../defs/os9.d):00606                             RMB       1                   Currently unused in NitrOS-9/6809
                      (    ../defs/os9.d):00607                             ENDC
                      (    ../defs/os9.d):00608         
003B                  (    ../defs/os9.d):00609         D.CRC               RMB       1                   CRC checking mode flag
                      (    ../defs/os9.d):00610         
003C                  (    ../defs/os9.d):00611         D.Tenths            RMB       1                   Tenths and hundredths of second for F$Xtime
003D                  (    ../defs/os9.d):00612         D.Task1N            RMB       1                   Map type 1 task number*2 - offset into [D.TskIPt]
003E                  (    ../defs/os9.d):00613         D.Quick             RMB       1                   Quick system call return flag - 0 =stack is at $FEE1
003F                  (    ../defs/os9.d):00614         D.QIRQ              RMB       1                   Quick IRQ flag - 0 =IRQ wasn't clock, so quick return
                      (    ../defs/os9.d):00615         
                      (    ../defs/os9.d):00616                             ORG       $40
0040                  (    ../defs/os9.d):00617         D.BlkMap            RMB       4                   Memory Block Map ptr
0044                  (    ../defs/os9.d):00618         D.ModDir            RMB       4                   Module Directory ptrs
0048                  (    ../defs/os9.d):00619         D.PrcDBT            RMB       2                   Process Descriptor Block Table ptr
004A                  (    ../defs/os9.d):00620         D.SysPrc            RMB       2                   System Process Descriptor ptr
004C                  (    ../defs/os9.d):00621         D.SysDAT            RMB       2                   System DAT Image ptr
004E                  (    ../defs/os9.d):00622         D.SysMem            RMB       2                   System Memory Map ptr
0050                  (    ../defs/os9.d):00623         D.Proc              RMB       2                   Current Process ptr
0052                  (    ../defs/os9.d):00624         D.AProcQ            RMB       2                   Active Process Queue
0054                  (    ../defs/os9.d):00625         D.WProcQ            RMB       2                   Waiting Process Queue
0056                  (    ../defs/os9.d):00626         D.SProcQ            RMB       2                   Sleeping Process Queue
0058                  (    ../defs/os9.d):00627         D.ModEnd            RMB       2                   Module Directory end ptr
005A                  (    ../defs/os9.d):00628         D.ModDAT            RMB       2                   Module Dir DAT image end ptr
005C                  (    ../defs/os9.d):00629         D.CldRes            RMB       2                   Cold Restart vector
005E                  (    ../defs/os9.d):00630         D.BtBug             RMB       3                   Boot debug information
0061                  (    ../defs/os9.d):00631         D.Pipe              RMB       2
                      (    ../defs/os9.d):00632         
                      (    ../defs/os9.d):00633                             ORG       $6B
006B                  (    ../defs/os9.d):00634         D.Crash             RMB       6                   Pointer to CC Crash Routine
0071                  (    ../defs/os9.d):00635         D.CBStrt            RMB       $B                  Reserved for CC warmstart ($71)
007C                  (    ../defs/os9.d):00636         D.QCnt              RMB       1                   Count of number of quick system calls performed
                      (    ../defs/os9.d):00637         
                      (    ../defs/os9.d):00638                             ORG       $80
0080                  (    ../defs/os9.d):00639         D.DevTbl            RMB       2                   I/O Device Table
0082                  (    ../defs/os9.d):00640         D.PolTbl            RMB       2                   I/O Polling Table
0084                  (    ../defs/os9.d):00641                             RMB       4                   reserved
0088                  (    ../defs/os9.d):00642         D.PthDBT            RMB       2                   Path Descriptor Block Table ptr
008A                  (    ../defs/os9.d):00643         D.DMAReq            RMB       1                   DMA Request flag
                      (    ../defs/os9.d):00644         
                      (    ../defs/os9.d):00645         ********
                      (    ../defs/os9.d):00646         * CoCo 3 STUFF COMES NEXT
                      (    ../defs/os9.d):00647         * This area is used for the CoCo Hardware Registers
                      (    ../defs/os9.d):00648         *
                      (    ../defs/os9.d):00649                             ORG       $90
0090                  (    ../defs/os9.d):00650         D.HINIT             RMB       1                   GIME INIT0 register (hardware setup $FF90)
0091                  (    ../defs/os9.d):00651         D.TINIT             RMB       1                   GIME INIT1 register (timer/task register $FF91)
0092                  (    ../defs/os9.d):00652         D.IRQER             RMB       1                   Interrupt enable regsiter ($FF92)
0093                  (    ../defs/os9.d):00653         D.FRQER             RMB       1                   Fast Interrupt enable register ($FF93)
0094                  (    ../defs/os9.d):00654         D.TIMMS             RMB       1                   Timer most significant nibble ($FF94)
0095                  (    ../defs/os9.d):00655         D.TIMLS             RMB       1                   Timer least significant byte ($FF95)
0096                  (    ../defs/os9.d):00656         D.RESV1             RMB       1                   reserved register ($FF96)
0097                  (    ../defs/os9.d):00657         D.RESV2             RMB       1                   reserved register ($FF97)
0098                  (    ../defs/os9.d):00658         D.VIDMD             RMB       1                   video mode register ($FF98)
0099                  (    ../defs/os9.d):00659         D.VIDRS             RMB       1                   video resolution register ($FF99)
009A                  (    ../defs/os9.d):00660         D.BORDR             RMB       1                   border register ($FF9A)
009B                  (    ../defs/os9.d):00661         D.RESV3             RMB       1                   reserved register ($FF9B)
009C                  (    ../defs/os9.d):00662         D.VOFF2             RMB       1                   vertical scroll/offset 2 register ($FF9C)
009D                  (    ../defs/os9.d):00663         D.VOFF1             RMB       1                   vertical offset 1 register ($FF9D)
009E                  (    ../defs/os9.d):00664         D.VOFF0             RMB       1                   vertical offset 0 register ($FF9E)
009F                  (    ../defs/os9.d):00665         D.HOFF0             RMB       1                   horizontal offset 0 register ($FF9F)
00A0                  (    ../defs/os9.d):00666         D.Speed             RMB       1                   Speed of COCO CPU 0=slow,1=fast ($A0)
00A1                  (    ../defs/os9.d):00667         D.TskIPt            RMB       2                   Task image Pointer table (CC) ($A1)
00A3                  (    ../defs/os9.d):00668         D.MemSz             RMB       1                   128/512K memory flag (CC) ($A3)
00A4                  (    ../defs/os9.d):00669         D.SSTskN            RMB       1                   System State Task Number (COCO) ($A4)
00A5                  (    ../defs/os9.d):00670         D.CCMem             RMB       2                   Pointer to beginning of CC Memory ($A5)
00A7                  (    ../defs/os9.d):00671         D.CCStk             RMB       2                   Pointer to top of CC Memory ($A7)
00A9                  (    ../defs/os9.d):00672         D.Flip0             RMB       2                   Change to Task 0 ($A9)
00AB                  (    ../defs/os9.d):00673         D.Flip1             RMB       2                   Change to reserved Task 1 ($AB)
00AD                  (    ../defs/os9.d):00674         D.VIRQ              RMB       2                   VIRQ Polling routine ($AD)
00AF                  (    ../defs/os9.d):00675         D.IRQS              RMB       1                   IRQ shadow register (CC Temporary) ($AF)
00B0                  (    ../defs/os9.d):00676         D.CLTb              RMB       2                   VIRQ Table address ($B0)
00B2                  (    ../defs/os9.d):00677         D.AltIRQ            RMB       2                   Alternate IRQ Vector (CC) ($B2)
00B4                  (    ../defs/os9.d):00678         D.GPoll             RMB       2                   CC GIME IRQ enable/disable toggle
00B6                  (    ../defs/os9.d):00679         D.Clock2            RMB       2                   CC Clock2 entry address
                      (    ../defs/os9.d):00680                             ORG       $C0
00C0                  (    ../defs/os9.d):00681         D.SysSvc            RMB       2                   System Service Routine entry
00C2                  (    ../defs/os9.d):00682         D.SysDis            RMB       2                   System Service Dispatch Table ptr
00C4                  (    ../defs/os9.d):00683         D.SysIRQ            RMB       2                   System IRQ Routine entry
00C6                  (    ../defs/os9.d):00684         D.UsrSvc            RMB       2                   User Service Routine entry
00C8                  (    ../defs/os9.d):00685         D.UsrDis            RMB       2                   User Service Dispatch Table ptr
00CA                  (    ../defs/os9.d):00686         D.UsrIRQ            RMB       2                   User IRQ Routine entry
00CC                  (    ../defs/os9.d):00687         D.SysStk            RMB       2                   System stack
00CE                  (    ../defs/os9.d):00688         D.SvcIRQ            RMB       2                   In-System IRQ service
00D0                  (    ../defs/os9.d):00689         D.SysTsk            RMB       1                   System Task number
                      (    ../defs/os9.d):00690                             ORG       $E0
00E0                  (    ../defs/os9.d):00691         D.Clock             RMB       2
00E2                  (    ../defs/os9.d):00692         D.XSWI3             RMB       2
00E4                  (    ../defs/os9.d):00693         D.XSWI2             RMB       2
00E6                  (    ../defs/os9.d):00694         D.XFIRQ             RMB       2
00E8                  (    ../defs/os9.d):00695         D.XIRQ              RMB       2
00EA                  (    ../defs/os9.d):00696         D.XSWI              RMB       2
00EC                  (    ../defs/os9.d):00697         D.XNMI              RMB       2
00EE                  (    ../defs/os9.d):00698         D.ErrRst            RMB       2
00F0                  (    ../defs/os9.d):00699         D.SysVec            RMB       2                   F$xxx system call vector for NitrOS-9 Level 3
00F2                  (    ../defs/os9.d):00700         D.SWI3              RMB       2
00F4                  (    ../defs/os9.d):00701         D.SWI2              RMB       2
00F6                  (    ../defs/os9.d):00702         D.FIRQ              RMB       2
00F8                  (    ../defs/os9.d):00703         D.IRQ               RMB       2
00FA                  (    ../defs/os9.d):00704         D.SWI               RMB       2
00FC                  (    ../defs/os9.d):00705         D.NMI               RMB       2
                      (    ../defs/os9.d):00706         
                      (    ../defs/os9.d):00707         *************************
                      (    ../defs/os9.d):00708         * Level 2 flags used for bytes in the memory block map at D.BlkMap
                      (    ../defs/os9.d):00709         * and for bytes in the system memory map at D.SysMem.
                      (    ../defs/os9.d):00710         * A value of 0 indicates an unused/unassigned block.
                      (    ../defs/os9.d):00711         * In the code, block assignment often involves incrementing a value
                      (    ../defs/os9.d):00712         * from 0 to 1 rather than explict use of RAMinUse.
                      (    ../defs/os9.d):00713         *
     0080             (    ../defs/os9.d):00714         NotRAM              EQU       %10000000           Block Not RAM flag
     0004             (    ../defs/os9.d):00715         VidRAM              EQU       %00000100           Block is being used as Video RAM
     0002             (    ../defs/os9.d):00716         ModBlock            EQU       %00000010           Module in Block
     0001             (    ../defs/os9.d):00717         RAMinUse            EQU       %00000001           RAM Block in use flag
                      (    ../defs/os9.d):00718         *
                      (    ../defs/os9.d):00719         * Service Dispatch Table special entries
                      (    ../defs/os9.d):00720         *
     00FE             (    ../defs/os9.d):00721         IOEntry             EQU       254
                      (    ../defs/os9.d):00722         
                      (    ../defs/os9.d):00723                             ENDC
                      (    ../defs/os9.d):00724         
                      (    ../defs/os9.d):00725                             TTL       Structure           Formats
                      (    ../defs/os9.d):00726                             PAG
                      (    ../defs/os9.d):00727         ************************************
                      (    ../defs/os9.d):00728         * Module Directory Entry Definitions
                      (    ../defs/os9.d):00729         *
                      (    ../defs/os9.d):00730                             ORG       0
                      (    ../defs/os9.d):00731                             IFGT      Level-1
0000                  (    ../defs/os9.d):00732         MD$MPDAT            RMB       2                   Module DAT Image ptr
0002                  (    ../defs/os9.d):00733         MD$MBSiz            RMB       2                   Memory Block size
                      (    ../defs/os9.d):00734                             ENDC
0004                  (    ../defs/os9.d):00735         MD$MPtr             RMB       2                   Module ptr
0006                  (    ../defs/os9.d):00736         MD$Link             RMB       2                   Module Link count
     0008             (    ../defs/os9.d):00737         MD$ESize            EQU       .                   Module Directory Entry size
                      (    ../defs/os9.d):00738         
                      (    ../defs/os9.d):00739         ************************************
                      (    ../defs/os9.d):00740         * Module Definitions
                      (    ../defs/os9.d):00741         *
                      (    ../defs/os9.d):00742         * Universal Module Offsets
                      (    ../defs/os9.d):00743         *
                      (    ../defs/os9.d):00744                             ORG       0
0000                  (    ../defs/os9.d):00745         M$ID                RMB       2                   ID Code
0002                  (    ../defs/os9.d):00746         M$Size              RMB       2                   Module Size
0004                  (    ../defs/os9.d):00747         M$Name              RMB       2                   Module Name
0006                  (    ../defs/os9.d):00748         M$Type              RMB       1                   Type / Language
0007                  (    ../defs/os9.d):00749         M$Revs              RMB       1                   Attributes / Revision Level
0008                  (    ../defs/os9.d):00750         M$Parity            RMB       1                   Header Parity
     0009             (    ../defs/os9.d):00751         M$IDSize            EQU       .                   Module ID Size
                      (    ../defs/os9.d):00752         *
                      (    ../defs/os9.d):00753         * Type-Dependent Module Offsets
                      (    ../defs/os9.d):00754         *
                      (    ../defs/os9.d):00755         * System, File Manager, Device Driver, Program Module
                      (    ../defs/os9.d):00756         *
0009                  (    ../defs/os9.d):00757         M$Exec              RMB       2                   Execution Entry Offset
                      (    ../defs/os9.d):00758         *
                      (    ../defs/os9.d):00759         * Device Driver, Program Module
                      (    ../defs/os9.d):00760         *
000B                  (    ../defs/os9.d):00761         M$Mem               RMB       2                   Stack Requirement
                      (    ../defs/os9.d):00762         *
                      (    ../defs/os9.d):00763         * Device Driver, Device Descriptor Module
                      (    ../defs/os9.d):00764         *
000D                  (    ../defs/os9.d):00765         M$Mode              RMB       1                   Device Driver Mode Capabilities
                      (    ../defs/os9.d):00766         *
                      (    ../defs/os9.d):00767         * Device Descriptor Module
                      (    ../defs/os9.d):00768         *
                      (    ../defs/os9.d):00769                             ORG       M$IDSize
0009                  (    ../defs/os9.d):00770         M$FMgr              RMB       2                   File Manager Name Offset
000B                  (    ../defs/os9.d):00771         M$PDev              RMB       2                   Device Driver Name Offset
000D                  (    ../defs/os9.d):00772                             RMB       1                   M$Mode (defined above)
000E                  (    ../defs/os9.d):00773         M$Port              RMB       3                   Port Address
0011                  (    ../defs/os9.d):00774         M$Opt               RMB       1                   Device Default Options
0012                  (    ../defs/os9.d):00775         M$DTyp              RMB       1                   Device Type
     0012             (    ../defs/os9.d):00776         IT.DTP              EQU       M$DTyp              Descriptor type offset
                      (    ../defs/os9.d):00777         *
                      (    ../defs/os9.d):00778         * Configuration Module Entry Offsets
                      (    ../defs/os9.d):00779         *
                      (    ../defs/os9.d):00780                             ORG       M$IDSize
0009                  (    ../defs/os9.d):00781         MaxMem              RMB       3                   Maximum Free Memory
000C                  (    ../defs/os9.d):00782         PollCnt             RMB       1                   Entries in Interrupt Polling Table
000D                  (    ../defs/os9.d):00783         DevCnt              RMB       1                   Entries in Device Table
000E                  (    ../defs/os9.d):00784         InitStr             RMB       2                   Initial Module Name
0010                  (    ../defs/os9.d):00785         SysStr              RMB       2                   System Device Name
0012                  (    ../defs/os9.d):00786         StdStr              RMB       2                   Standard I/O Pathlist
0014                  (    ../defs/os9.d):00787         BootStr             RMB       2                   Bootstrap Module name
0016                  (    ../defs/os9.d):00788         ProtFlag            RMB       1                   Write protect enable flag
                      (    ../defs/os9.d):00789         
0017                  (    ../defs/os9.d):00790         OSLevel             RMB       1                   OS level
0018                  (    ../defs/os9.d):00791         OSVer               RMB       1                   OS version
0019                  (    ../defs/os9.d):00792         OSMajor             RMB       1                   OS major
001A                  (    ../defs/os9.d):00793         OSMinor             RMB       1                   OS minor
001B                  (    ../defs/os9.d):00794         Feature1            RMB       1                   feature byte 1
001C                  (    ../defs/os9.d):00795         Feature2            RMB       1                   feature byte 2
001D                  (    ../defs/os9.d):00796         OSName              RMB       2                   OS revision name string (nul terminated)
001F                  (    ../defs/os9.d):00797         InstallName         RMB       2                   installation name string (nul terminated)
0021                  (    ../defs/os9.d):00798         BuildInfo           RMB       2                   build information string (nul terminated)
0023                  (    ../defs/os9.d):00799                             RMB       2                   reserved for future use
                      (    ../defs/os9.d):00800         
                      (    ../defs/os9.d):00801                             IFGT      Level-1
                      (    ../defs/os9.d):00802         * -- VTIO area -- (NitrOS-9 Level 2 and above) *
0025                  (    ../defs/os9.d):00803         MonType             RMB       1                   Monitor type (0=CMP,1=RGB,2=MONO)
0026                  (    ../defs/os9.d):00804         MouseInf            RMB       2                   Mouse resolution/Mouse port; was 1, major error RG.
0028                  (    ../defs/os9.d):00805         KeyRptS             RMB       1                   Key repeat start constant
0029                  (    ../defs/os9.d):00806         KeyRptD             RMB       1                   Key repeat delay constant
                      (    ../defs/os9.d):00807                             ENDC
                      (    ../defs/os9.d):00808         
                      (    ../defs/os9.d):00809         * Feature1 byte definitions
     0001             (    ../defs/os9.d):00810         CRCOn               EQU       %00000001           CRC checking on
     0000             (    ../defs/os9.d):00811         CRCOff              EQU       %00000000           CRC checking off
     0000             (    ../defs/os9.d):00812         Proc6809            EQU       %00000000           6809 procesor
     0002             (    ../defs/os9.d):00813         Proc6309            EQU       %00000010           6309 procesor
                      (    ../defs/os9.d):00814         
                      (    ../defs/os9.d):00815                             PAG
                      (    ../defs/os9.d):00816         **************************
                      (    ../defs/os9.d):00817         * Module Field Definitions
                      (    ../defs/os9.d):00818         *
                      (    ../defs/os9.d):00819         * ID Field - First two bytes of a NitrOS-9 module
                      (    ../defs/os9.d):00820         *
     0087             (    ../defs/os9.d):00821         M$ID1               EQU       $87                 Module ID code byte one
     00CD             (    ../defs/os9.d):00822         M$ID2               EQU       $CD                 Module ID code byte two
     87CD             (    ../defs/os9.d):00823         M$ID12              EQU       M$ID1*256+M$ID2
                      (    ../defs/os9.d):00824         
                      (    ../defs/os9.d):00825         *
                      (    ../defs/os9.d):00826         * Module Type/Language Field Masks
                      (    ../defs/os9.d):00827         *
     00F0             (    ../defs/os9.d):00828         TypeMask            EQU       %11110000           Type Field
     000F             (    ../defs/os9.d):00829         LangMask            EQU       %00001111           Language Field
                      (    ../defs/os9.d):00830         
                      (    ../defs/os9.d):00831         *
                      (    ../defs/os9.d):00832         * Module Type Values
                      (    ../defs/os9.d):00833         *
     00F0             (    ../defs/os9.d):00834         Devic               EQU       $F0                 Device Descriptor Module
     00E0             (    ../defs/os9.d):00835         Drivr               EQU       $E0                 Physical Device Driver
     00D0             (    ../defs/os9.d):00836         FlMgr               EQU       $D0                 File Manager
     00C0             (    ../defs/os9.d):00837         Systm               EQU       $C0                 System Module
     0050             (    ../defs/os9.d):00838         ShellSub            EQU       $50                 Shell+ shell sub module
     0040             (    ../defs/os9.d):00839         Data                EQU       $40                 Data Module
     0030             (    ../defs/os9.d):00840         Multi               EQU       $30                 Multi-Module
     0020             (    ../defs/os9.d):00841         Sbrtn               EQU       $20                 Subroutine Module
     0010             (    ../defs/os9.d):00842         Prgrm               EQU       $10                 Program Module
                      (    ../defs/os9.d):00843         
                      (    ../defs/os9.d):00844         *
                      (    ../defs/os9.d):00845         * Module Language Values
                      (    ../defs/os9.d):00846         *
     0001             (    ../defs/os9.d):00847         Objct               EQU       1                   6809 Object Code Module
     0002             (    ../defs/os9.d):00848         ICode               EQU       2                   Basic09 I-code
     0003             (    ../defs/os9.d):00849         PCode               EQU       3                   Pascal P-code
     0004             (    ../defs/os9.d):00850         CCode               EQU       4                   C I-code
     0005             (    ../defs/os9.d):00851         CblCode             EQU       5                   Cobol I-code
     0006             (    ../defs/os9.d):00852         FrtnCode            EQU       6                   Fortran I-code
     0007             (    ../defs/os9.d):00853         Obj6309             EQU       7                   6309 object code
                      (    ../defs/os9.d):00854         *
                      (    ../defs/os9.d):00855         * Module Attributes / Revision byte
                      (    ../defs/os9.d):00856         *
                      (    ../defs/os9.d):00857         * Field Masks
                      (    ../defs/os9.d):00858         *
     00F0             (    ../defs/os9.d):00859         AttrMask            EQU       %11110000           Attributes Field
     000F             (    ../defs/os9.d):00860         RevsMask            EQU       %00001111           Revision Level Field
                      (    ../defs/os9.d):00861         *
                      (    ../defs/os9.d):00862         * Attribute Flags
                      (    ../defs/os9.d):00863         *
     0080             (    ../defs/os9.d):00864         ReEnt               EQU       %10000000           Re-Entrant Module
     0040             (    ../defs/os9.d):00865         ModProt             EQU       %01000000           Gimix Module protect bit (0=protected, 1=write enable)
     0020             (    ../defs/os9.d):00866         ModNat              EQU       %00100000           6309 native mode attribute
     0040             (    ../defs/os9.d):00867         BufWrits            EQU       ModProt             SCF buffered read supported (Coco only at this point)
     0010             (    ../defs/os9.d):00868         BufReads            EQU       %00010000           SCF buffered write supported (Coco only at this point)
                      (    ../defs/os9.d):00869         * LCB - propose we add Buffered Read/Buffered Write attribute bits for Coco (in descriptors and
                      (    ../defs/os9.d):00870         *   drivers for SCF), with one of them replacing ModProt. SCF would check Read/ReadLn and Write/WritLn
                      (    ../defs/os9.d):00871         *   calls, and if both the driver and descriptor have the appropriate bit set, it would do buffered 32
                      (    ../defs/os9.d):00872         *   byte (for now) reads/writes like the Grfdrv write call does now, for all bytes that are ASCII >$1F
                      (    ../defs/os9.d):00873         *   (ie non-control chars, which need special processing)
                      (    ../defs/os9.d):00874         
                      (    ../defs/os9.d):00875         
                      (    ../defs/os9.d):00876         ********************
                      (    ../defs/os9.d):00877         * Device Type Values
                      (    ../defs/os9.d):00878         *
                      (    ../defs/os9.d):00879         * These values define various classes of devices, which are
                      (    ../defs/os9.d):00880         * managed by a file manager module.  The Device Type is embedded
                      (    ../defs/os9.d):00881         * in a device's device descriptor.
                      (    ../defs/os9.d):00882         *
     0000             (    ../defs/os9.d):00883         DT.SCF              EQU       0                   Sequential Character File Manager
     0001             (    ../defs/os9.d):00884         DT.RBF              EQU       1                   Random Block File Manager
     0002             (    ../defs/os9.d):00885         DT.Pipe             EQU       2                   Pipe File Manager
     0003             (    ../defs/os9.d):00886         DT.SBF              EQU       3                   Sequential Block File Manager
     0004             (    ../defs/os9.d):00887         DT.NFM              EQU       4                   Network File Manager
     0005             (    ../defs/os9.d):00888         DT.CDFM             EQU       5                   CD-ROM File Manager
     0006             (    ../defs/os9.d):00889         DT.RFM              EQU       6                   Remote File Manager
                      (    ../defs/os9.d):00890         
                      (    ../defs/os9.d):00891         *********************
                      (    ../defs/os9.d):00892         * CRC Result Constant
                      (    ../defs/os9.d):00893         *
     0080             (    ../defs/os9.d):00894         CRCCon1             EQU       $80
     0FE3             (    ../defs/os9.d):00895         CRCCon23            EQU       $0FE3
                      (    ../defs/os9.d):00896         
                      (    ../defs/os9.d):00897                             TTL       Process             Information
                      (    ../defs/os9.d):00898                             PAG
                      (    ../defs/os9.d):00899         ********************************
                      (    ../defs/os9.d):00900         * Process Descriptor Definitions
                      (    ../defs/os9.d):00901         *
                      (    ../defs/os9.d):00902                             IFEQ      Level-1
                      (    ../defs/os9.d):00903         
                      (    ../defs/os9.d):00904         * Level 1 process descriptor defs
002A                  (    ../defs/os9.d):00905         DefIOSiz            EQU       12
002A                  (    ../defs/os9.d):00906         NumPaths            EQU       16                  Number of Local Paths
                      (    ../defs/os9.d):00907         
                      (    ../defs/os9.d):00908                             ORG       0
002A                  (    ../defs/os9.d):00909         P$ID                RMB       1                   Process ID
002A                  (    ../defs/os9.d):00910         P$PID               RMB       1                   Parent's ID
002A                  (    ../defs/os9.d):00911         P$SID               RMB       1                   Sibling's ID
002A                  (    ../defs/os9.d):00912         P$CID               RMB       1                   Child's ID
002A                  (    ../defs/os9.d):00913         P$SP                RMB       2                   Stack ptr
002A                  (    ../defs/os9.d):00914         P$CHAP              RMB       1                   process chapter number
002A                  (    ../defs/os9.d):00915         P$ADDR              RMB       1                   user address beginning page number
002A                  (    ../defs/os9.d):00916         P$PagCnt            RMB       1                   Memory Page Count
002A                  (    ../defs/os9.d):00917         P$User              RMB       2                   User Index $09
002A                  (    ../defs/os9.d):00918         P$Prior             RMB       1                   Priority $0B
002A                  (    ../defs/os9.d):00919         P$Age               RMB       1                   Age $0C
002A                  (    ../defs/os9.d):00920         P$State             RMB       1                   Status $0D
002A                  (    ../defs/os9.d):00921         P$Queue             RMB       2                   Queue Link (Process ptr) $0E
002A                  (    ../defs/os9.d):00922         P$IOQP              RMB       1                   Previous I/O Queue Link (Process ID) $10
002A                  (    ../defs/os9.d):00923         P$IOQN              RMB       1                   Next     I/O Queue Link (Process ID)
002A                  (    ../defs/os9.d):00924         P$PModul            RMB       2                   Primary Module
002A                  (    ../defs/os9.d):00925         P$SWI               RMB       2                   SWI Entry Point
002A                  (    ../defs/os9.d):00926         P$SWI2              RMB       2                   SWI2 Entry Point
002A                  (    ../defs/os9.d):00927         P$SWI3              RMB       2                   SWI3 Entry Point $18
002A                  (    ../defs/os9.d):00928         P$DIO               RMB       DefIOSiz            default I/O ptrs $1A
002A                  (    ../defs/os9.d):00929         P$PATH              RMB       NumPaths            I/O path table $26
002A                  (    ../defs/os9.d):00930         P$Signal            RMB       1                   Signal Code $36
002A                  (    ../defs/os9.d):00931         P$SigVec            RMB       2                   Signal Intercept Vector
002A                  (    ../defs/os9.d):00932         P$SigDat            RMB       2                   Signal Intercept Data Address
002A                  (    ../defs/os9.d):00933         P$NIO               RMB       4                   additional dio pointers for net
                      (    ../defs/os9.d):00934                             RMB       $40-.               unused
002A                  (    ../defs/os9.d):00935         P$Size              EQU       .                   Size of Process Descriptor
                      (    ../defs/os9.d):00936         
                      (    ../defs/os9.d):00937         *
                      (    ../defs/os9.d):00938         * Process State Flags
                      (    ../defs/os9.d):00939         *
002A                  (    ../defs/os9.d):00940         SysState            EQU       %10000000
002A                  (    ../defs/os9.d):00941         TimSleep            EQU       %01000000
002A                  (    ../defs/os9.d):00942         TimOut              EQU       %00100000
002A                  (    ../defs/os9.d):00943         ImgChg              EQU       %00010000
002A                  (    ../defs/os9.d):00944         Condem              EQU       %00000010
002A                  (    ../defs/os9.d):00945         Dead                EQU       %00000001
                      (    ../defs/os9.d):00946         
                      (    ../defs/os9.d):00947                             ELSE
                      (    ../defs/os9.d):00948         
                      (    ../defs/os9.d):00949         * Level 2 process descriptor defs
     0010             (    ../defs/os9.d):00950         DefIOSiz            EQU       16                  Default I/O Data Length
     000C             (    ../defs/os9.d):00951         NefIOSiz            EQU       12                  On-Net Default I/O Data Length
     0010             (    ../defs/os9.d):00952         NumPaths            EQU       16                  Number of Local Paths
                      (    ../defs/os9.d):00953         
                      (    ../defs/os9.d):00954                             ORG       0
0000                  (    ../defs/os9.d):00955         P$ID                RMB       1                   Process ID
0001                  (    ../defs/os9.d):00956         P$PID               RMB       1                   Parent's ID
0002                  (    ../defs/os9.d):00957         P$SID               RMB       1                   Sibling's ID
0003                  (    ../defs/os9.d):00958         P$CID               RMB       1                   Child's ID
0004                  (    ../defs/os9.d):00959         P$SP                RMB       2                   Stack ptr
0006                  (    ../defs/os9.d):00960         P$Task              RMB       1                   Task Number
0007                  (    ../defs/os9.d):00961         P$PagCnt            RMB       1                   Memory Page Count
0008                  (    ../defs/os9.d):00962         P$User              RMB       2                   User Index
000A                  (    ../defs/os9.d):00963         P$Prior             RMB       1                   Priority
000B                  (    ../defs/os9.d):00964         P$Age               RMB       1                   Age
000C                  (    ../defs/os9.d):00965         P$State             RMB       1                   Status
000D                  (    ../defs/os9.d):00966         P$Queue             RMB       2                   Queue Link (Process ptr)
000F                  (    ../defs/os9.d):00967         P$IOQP              RMB       1                   Previous I/O Queue Link (Process ID)
0010                  (    ../defs/os9.d):00968         P$IOQN              RMB       1                   Next I/O Queue Link (Process ID)
0011                  (    ../defs/os9.d):00969         P$PModul            RMB       2                   Primary Module
0013                  (    ../defs/os9.d):00970         P$SWI               RMB       2                   SWI Entry Point
0015                  (    ../defs/os9.d):00971         P$SWI2              RMB       2                   SWI2 Entry Point
0017                  (    ../defs/os9.d):00972         P$SWI3              RMB       2                   SWI3 Entry Point
0019                  (    ../defs/os9.d):00973         P$Signal            RMB       1                   Signal Code
001A                  (    ../defs/os9.d):00974         P$SigVec            RMB       2                   Signal Intercept Vector
001C                  (    ../defs/os9.d):00975         P$SigDat            RMB       2                   Signal Intercept Data Address
001E                  (    ../defs/os9.d):00976         P$DeadLk            RMB       1                   Dominant proc ID if I/O locked
001F                  (    ../defs/os9.d):00977                             RMB       $20-.               unused
0020                  (    ../defs/os9.d):00978         P$DIO               RMB       DefIOSiz            Default I/O ptrs
0030                  (    ../defs/os9.d):00979         P$Path              RMB       NumPaths            I/O Path Table
0040                  (    ../defs/os9.d):00980         P$DATImg            RMB       64                  DAT Image
0080                  (    ../defs/os9.d):00981         P$Links             RMB       32                  Block Link counts
00A0                  (    ../defs/os9.d):00982         P$NIO               RMB       6*2                 additional DIO ptrs for net, compatible  with 68k
00AC                  (    ../defs/os9.d):00983         P$SelP              RMB       1                   Selected Path for COCO Windows (Default 0)
00AD                  (    ../defs/os9.d):00984         P$UTicks            RMB       4                   proc User Tick counter        (L2V3)
00B1                  (    ../defs/os9.d):00985         P$STicks            RMB       4                   proc System Tick counter      (L2V3)
00B5                  (    ../defs/os9.d):00986         P$FCalls            RMB       4                   proc F$ call counter          (L2V3)
00B9                  (    ../defs/os9.d):00987         P$ICalls            RMB       4                   proc I$ call counter          (L2V3)
00BD                  (    ../defs/os9.d):00988         P$DatBeg            RMB       3                   proc Date of creation (Y/M/D) (L2V3)
00C0                  (    ../defs/os9.d):00989         P$TimBeg            RMB       3                   proc Time of creation (H/M/S) (L2V3)
00C3                  (    ../defs/os9.d):00990         P$Alarm             RMB       6
00C9                  (    ../defs/os9.d):00991                             RMB       $200-.              Local stack
     0200             (    ../defs/os9.d):00992         P$Stack             EQU       .                   Top of Stack
     0200             (    ../defs/os9.d):00993         P$Size              EQU       .                   Size of Process Descriptor
                      (    ../defs/os9.d):00994         
                      (    ../defs/os9.d):00995         *
                      (    ../defs/os9.d):00996         * Process State Flags
                      (    ../defs/os9.d):00997         *
     0080             (    ../defs/os9.d):00998         SysState            EQU       %10000000
     0040             (    ../defs/os9.d):00999         TimSleep            EQU       %01000000
     0020             (    ../defs/os9.d):01000         TimOut              EQU       %00100000
     0010             (    ../defs/os9.d):01001         ImgChg              EQU       %00010000
     0008             (    ../defs/os9.d):01002         Suspend             EQU       %00001000
     0002             (    ../defs/os9.d):01003         Condem              EQU       %00000010
     0001             (    ../defs/os9.d):01004         Dead                EQU       %00000001
                      (    ../defs/os9.d):01005         
                      (    ../defs/os9.d):01006                             ENDC
                      (    ../defs/os9.d):01007         
                      (    ../defs/os9.d):01008                             TTL       NitrOS-9            I/O Symbolic Definitions
                      (    ../defs/os9.d):01009                             PAG
                      (    ../defs/os9.d):01010         *************************
                      (    ../defs/os9.d):01011         * Path Descriptor Offsets
                      (    ../defs/os9.d):01012         *
                      (    ../defs/os9.d):01013                             ORG       0
0000                  (    ../defs/os9.d):01014         PD.PD               RMB       1                   Path Number
0001                  (    ../defs/os9.d):01015         PD.MOD              RMB       1                   Mode (Read/Write/Update)
0002                  (    ../defs/os9.d):01016         PD.CNT              RMB       1                   Number of Open Images
0003                  (    ../defs/os9.d):01017         PD.DEV              RMB       2                   Device Table Entry Address
0005                  (    ../defs/os9.d):01018         PD.CPR              RMB       1                   Current Process
0006                  (    ../defs/os9.d):01019         PD.RGS              RMB       2                   Caller's Register Stack
0008                  (    ../defs/os9.d):01020         PD.BUF              RMB       2                   Buffer Address
000A                  (    ../defs/os9.d):01021         PD.FST              RMB       32-.                File Manager's Storage
     0020             (    ../defs/os9.d):01022         PD.OPT              EQU       .                   PD GetSts(0) Options
0020                  (    ../defs/os9.d):01023         PD.DTP              RMB       1                   Device Type
0021                  (    ../defs/os9.d):01024                             RMB       64-.                Path options
     0040             (    ../defs/os9.d):01025         PDSIZE              EQU       .
                      (    ../defs/os9.d):01026         
                      (    ../defs/os9.d):01027         *
                      (    ../defs/os9.d):01028         * Pathlist Special Symbols
                      (    ../defs/os9.d):01029         *
     002F             (    ../defs/os9.d):01030         PDELIM              EQU       '/                  Pathlist Name Separator
     002E             (    ../defs/os9.d):01031         PDIR                EQU       '.                  Directory
     0040             (    ../defs/os9.d):01032         PENTIR              EQU       '@                  Entire Device
                      (    ../defs/os9.d):01033         
                      (    ../defs/os9.d):01034                             PAG
                      (    ../defs/os9.d):01035         ****************************
                      (    ../defs/os9.d):01036         * File Manager Entry Offsets
                      (    ../defs/os9.d):01037         *
                      (    ../defs/os9.d):01038                             ORG       0
0000                  (    ../defs/os9.d):01039         FMCREA              RMB       3                   Create (Open New) File
0003                  (    ../defs/os9.d):01040         FMOPEN              RMB       3                   Open File
0006                  (    ../defs/os9.d):01041         FMMDIR              RMB       3                   Make Directory
0009                  (    ../defs/os9.d):01042         FMCDIR              RMB       3                   Change Directory
000C                  (    ../defs/os9.d):01043         FMDLET              RMB       3                   Delete File
000F                  (    ../defs/os9.d):01044         FMSEEK              RMB       3                   Position File
0012                  (    ../defs/os9.d):01045         FMREAD              RMB       3                   Read from File
0015                  (    ../defs/os9.d):01046         FMWRIT              RMB       3                   Write to File
0018                  (    ../defs/os9.d):01047         FMRDLN              RMB       3                   ReadLn
001B                  (    ../defs/os9.d):01048         FMWRLN              RMB       3                   WritLn
001E                  (    ../defs/os9.d):01049         FMGSTA              RMB       3                   Get File Status
0021                  (    ../defs/os9.d):01050         FMSSTA              RMB       3                   Set File Status
0024                  (    ../defs/os9.d):01051         FMCLOS              RMB       3                   Close File
                      (    ../defs/os9.d):01052         
                      (    ../defs/os9.d):01053         *****************************
                      (    ../defs/os9.d):01054         * Device Driver Entry Offsets
                      (    ../defs/os9.d):01055         *
                      (    ../defs/os9.d):01056                             ORG       0
0000                  (    ../defs/os9.d):01057         D$INIT              RMB       3                   Device Initialization
0003                  (    ../defs/os9.d):01058         D$READ              RMB       3                   Read from Device
0006                  (    ../defs/os9.d):01059         D$WRIT              RMB       3                   Write to Device
0009                  (    ../defs/os9.d):01060         D$GSTA              RMB       3                   Get Device Status
000C                  (    ../defs/os9.d):01061         D$PSTA              RMB       3                   Put Device Status
000F                  (    ../defs/os9.d):01062         D$TERM              RMB       3                   Device Termination
                      (    ../defs/os9.d):01063         
                      (    ../defs/os9.d):01064         *********************
                      (    ../defs/os9.d):01065         * Device Table Format
                      (    ../defs/os9.d):01066         *
                      (    ../defs/os9.d):01067                             ORG       0
0000                  (    ../defs/os9.d):01068         V$DRIV              RMB       2                   Device Driver module
0002                  (    ../defs/os9.d):01069         V$STAT              RMB       2                   Device Driver Static storage
0004                  (    ../defs/os9.d):01070         V$DESC              RMB       2                   Device Descriptor module
0006                  (    ../defs/os9.d):01071         V$FMGR              RMB       2                   File Manager module
0008                  (    ../defs/os9.d):01072         V$USRS              RMB       1                   use count
                      (    ../defs/os9.d):01073                             IFGT      Level-1
0009                  (    ../defs/os9.d):01074         V$DRIVEX            RMB       2                   Device Driver execution address
000B                  (    ../defs/os9.d):01075         V$FMGREX            RMB       2                   File Manager execution address
                      (    ../defs/os9.d):01076                             ENDC
     000D             (    ../defs/os9.d):01077         DEVSIZ              EQU       .
                      (    ../defs/os9.d):01078         
                      (    ../defs/os9.d):01079         *******************************
                      (    ../defs/os9.d):01080         * Device Static Storage Offsets
                      (    ../defs/os9.d):01081         *
                      (    ../defs/os9.d):01082                             ORG       0
0000                  (    ../defs/os9.d):01083         V.PAGE              RMB       1                   Port Extended Address
0001                  (    ../defs/os9.d):01084         V.PORT              RMB       2                   Device 'Base' Port Address
0003                  (    ../defs/os9.d):01085         V.LPRC              RMB       1                   Last Active Process ID
0004                  (    ../defs/os9.d):01086         V.BUSY              RMB       1                   Active Process ID (0=UnBusy)
0005                  (    ../defs/os9.d):01087         V.WAKE              RMB       1                   Active PD if Driver MUST Wake-up
     0006             (    ../defs/os9.d):01088         V.USER              EQU       .                   Driver Allocation Origin
                      (    ../defs/os9.d):01089         
                      (    ../defs/os9.d):01090         ********************************
                      (    ../defs/os9.d):01091         * Interrupt Polling Table Format
                      (    ../defs/os9.d):01092         *
                      (    ../defs/os9.d):01093                             ORG       0
0000                  (    ../defs/os9.d):01094         Q$POLL              RMB       2                   Absolute Polling Address
0002                  (    ../defs/os9.d):01095         Q$FLIP              RMB       1                   Flip (EOR) Byte ..normally Zero
0003                  (    ../defs/os9.d):01096         Q$MASK              RMB       1                   Polling Mask (after Flip)
0004                  (    ../defs/os9.d):01097         Q$SERV              RMB       2                   Absolute Service routine Address
0006                  (    ../defs/os9.d):01098         Q$STAT              RMB       2                   Static Storage Address
0008                  (    ../defs/os9.d):01099         Q$PRTY              RMB       1                   Priority (Low Numbers=Top Priority)
                      (    ../defs/os9.d):01100                             IFGT      Level-1
0009                  (    ../defs/os9.d):01101         Q$MAP               RMB       2                   NitrOS-9 Level 2 and above
                      (    ../defs/os9.d):01102                             ENDC
     000B             (    ../defs/os9.d):01103         POLSIZ              EQU       .
                      (    ../defs/os9.d):01104         
                      (    ../defs/os9.d):01105         ********************
                      (    ../defs/os9.d):01106         * VIRQ packet format
                      (    ../defs/os9.d):01107         *
                      (    ../defs/os9.d):01108                             ORG       0
0000                  (    ../defs/os9.d):01109         Vi.Cnt              RMB       2                   count down counter
0002                  (    ../defs/os9.d):01110         Vi.Rst              RMB       2                   reset value for counter
0004                  (    ../defs/os9.d):01111         Vi.Stat             RMB       1                   status byte
     0005             (    ../defs/os9.d):01112         Vi.PkSz             EQU       .
                      (    ../defs/os9.d):01113         
     0001             (    ../defs/os9.d):01114         Vi.IFlag            EQU       %00000001           status byte virq flag
                      (    ../defs/os9.d):01115         
                      (    ../defs/os9.d):01116                             PAG
                      (    ../defs/os9.d):01117         *************************************
                      (    ../defs/os9.d):01118         * Machine Characteristics Definitions
                      (    ../defs/os9.d):01119         *
     0000             (    ../defs/os9.d):01120         R$CC                EQU       0                   Condition Codes register
     0001             (    ../defs/os9.d):01121         R$A                 EQU       1                   A Accumulator
     0002             (    ../defs/os9.d):01122         R$B                 EQU       2                   B Accumulator
     0001             (    ../defs/os9.d):01123         R$D                 EQU       R$A                 Combined A:B Accumulator
                      (    ../defs/os9.d):01124                             IFNE      H6309
0005                  (    ../defs/os9.d):01125         R$E                 EQU       3                   E Accumulator
0005                  (    ../defs/os9.d):01126         R$F                 EQU       4                   F Accumulator
0005                  (    ../defs/os9.d):01127         R$W                 EQU       R$E                 Combined E:F Accumulator
0005                  (    ../defs/os9.d):01128         R$Q                 EQU       R$A                 Combined A:B:E:F Accumulator
0005                  (    ../defs/os9.d):01129         R$DP                EQU       5                   Direct Page register
0005                  (    ../defs/os9.d):01130         R$X                 EQU       6                   X Index register
0005                  (    ../defs/os9.d):01131         R$Y                 EQU       8                   Y Index register
0005                  (    ../defs/os9.d):01132         R$U                 EQU       10                  User Stack register
0005                  (    ../defs/os9.d):01133         R$PC                EQU       12                  Program Counter register
0005                  (    ../defs/os9.d):01134         R$Size              EQU       14                  Total register package size
                      (    ../defs/os9.d):01135                             ELSE
     0003             (    ../defs/os9.d):01136         R$DP                EQU       3                   Direct Page register
     0004             (    ../defs/os9.d):01137         R$X                 EQU       4                   X Index register
     0006             (    ../defs/os9.d):01138         R$Y                 EQU       6                   Y Index register
     0008             (    ../defs/os9.d):01139         R$U                 EQU       8                   User Stack register
     000A             (    ../defs/os9.d):01140         R$PC                EQU       10                  Program Counter register
     000C             (    ../defs/os9.d):01141         R$Size              EQU       12                  Total register package size
                      (    ../defs/os9.d):01142                             ENDC
                      (    ../defs/os9.d):01143         
                      (    ../defs/os9.d):01144         * MD register masks
                      (    ../defs/os9.d):01145         * 6309 definitions
     0080             (    ../defs/os9.d):01146         DIV0                EQU       %10000000           division by 0 trap flag       : 1 = trap occured
     0040             (    ../defs/os9.d):01147         badinstr            EQU       %01000000           illegal instruction trap flag : 1 = trap occured
                      (    ../defs/os9.d):01148         
     0080             (    ../defs/os9.d):01149         Entire              EQU       %10000000           Full Register Stack flag
     0040             (    ../defs/os9.d):01150         FIRQMask            EQU       %01000000           Fast-Interrupt Mask bit
     0020             (    ../defs/os9.d):01151         HalfCrry            EQU       %00100000           Half Carry flag
     0010             (    ../defs/os9.d):01152         IRQMask             EQU       %00010000           Interrupt Mask bit
     0008             (    ../defs/os9.d):01153         Negative            EQU       %00001000           Negative flag
     0004             (    ../defs/os9.d):01154         Zero                EQU       %00000100           Zero flag
     0002             (    ../defs/os9.d):01155         TwosOvfl            EQU       %00000010           Two's Comp Overflow flag
     0001             (    ../defs/os9.d):01156         Carry               EQU       %00000001           Carry bit
     0050             (    ../defs/os9.d):01157         IntMasks            EQU       IRQMask+FIRQMask
     0080             (    ../defs/os9.d):01158         Sign                EQU       %10000000           sign bit
                      (    ../defs/os9.d):01159         
                      (    ../defs/os9.d):01160                             TTL       Error               Code Definitions
                      (    ../defs/os9.d):01161                             PAG
                      (    ../defs/os9.d):01162         ************************
                      (    ../defs/os9.d):01163         * Error Code Definitions
                      (    ../defs/os9.d):01164         *
                      (    ../defs/os9.d):01165         * Basic09 Error Codes
                      (    ../defs/os9.d):01166         *
                      (    ../defs/os9.d):01167                             ORG       10
000A                  (    ../defs/os9.d):01168         E$UnkSym            RMB       1                   Unknown symbol
000B                  (    ../defs/os9.d):01169         E$ExcVrb            RMB       1                   Excessive verbage
000C                  (    ../defs/os9.d):01170         E$IllStC            RMB       1                   Illegal statement construction
000D                  (    ../defs/os9.d):01171         E$ICOvf             RMB       1                   I-code overflow
000E                  (    ../defs/os9.d):01172         E$IChRef            RMB       1                   Illegal channel reference
000F                  (    ../defs/os9.d):01173         E$IllMod            RMB       1                   Illegal mode
0010                  (    ../defs/os9.d):01174         E$IllNum            RMB       1                   Illegal number
0011                  (    ../defs/os9.d):01175         E$IllPrf            RMB       1                   Illegal prefix
0012                  (    ../defs/os9.d):01176         E$IllOpd            RMB       1                   Illegal operand
0013                  (    ../defs/os9.d):01177         E$IllOpr            RMB       1                   Illegal operator
0014                  (    ../defs/os9.d):01178         E$IllRFN            RMB       1                   Illegal record field name
0015                  (    ../defs/os9.d):01179         E$IllDim            RMB       1                   Illegal dimension
0016                  (    ../defs/os9.d):01180         E$IllLit            RMB       1                   Illegal literal
0017                  (    ../defs/os9.d):01181         E$IllRet            RMB       1                   Illegal relational
0018                  (    ../defs/os9.d):01182         E$IllSfx            RMB       1                   Illegal type suffix
0019                  (    ../defs/os9.d):01183         E$DimLrg            RMB       1                   Dimension too large
001A                  (    ../defs/os9.d):01184         E$LinLrg            RMB       1                   Line number too large
001B                  (    ../defs/os9.d):01185         E$NoAssg            RMB       1                   Missing assignment statement
001C                  (    ../defs/os9.d):01186         E$NoPath            RMB       1                   Missing path number
001D                  (    ../defs/os9.d):01187         E$NoComa            RMB       1                   Missing coma
001E                  (    ../defs/os9.d):01188         E$NoDim             RMB       1                   Missing dimension
001F                  (    ../defs/os9.d):01189         E$NoDO              RMB       1                   Missing DO statement
0020                  (    ../defs/os9.d):01190         E$MFull             RMB       1                   Memory full
0021                  (    ../defs/os9.d):01191         E$NoGoto            RMB       1                   Missing GOTO
0022                  (    ../defs/os9.d):01192         E$NoLPar            RMB       1                   Missing left parenthesis
0023                  (    ../defs/os9.d):01193         E$NoLRef            RMB       1                   Missing line reference
0024                  (    ../defs/os9.d):01194         E$NoOprd            RMB       1                   Missing operand
0025                  (    ../defs/os9.d):01195         E$NoRPar            RMB       1                   Missing right parenthesis
0026                  (    ../defs/os9.d):01196         E$NoTHEN            RMB       1                   Missing THEN statement
0027                  (    ../defs/os9.d):01197         E$NoTO              RMB       1                   Missing TO statement
0028                  (    ../defs/os9.d):01198         E$NoVRef            RMB       1                   Missing variable reference
0029                  (    ../defs/os9.d):01199         E$EndQou            RMB       1                   Missing end quote
002A                  (    ../defs/os9.d):01200         E$SubLrg            RMB       1                   Too many subscripts
002B                  (    ../defs/os9.d):01201         E$UnkPrc            RMB       1                   Unknown procedure
002C                  (    ../defs/os9.d):01202         E$MulPrc            RMB       1                   Multiply defined procedure
002D                  (    ../defs/os9.d):01203         E$DivZer            RMB       1                   Divice by zero
002E                  (    ../defs/os9.d):01204         E$TypMis            RMB       1                   Operand type mismatch
002F                  (    ../defs/os9.d):01205         E$StrOvf            RMB       1                   String stack overflow
0030                  (    ../defs/os9.d):01206         E$NoRout            RMB       1                   Unimplemented routine
0031                  (    ../defs/os9.d):01207         E$UndVar            RMB       1                   Undefined variable
0032                  (    ../defs/os9.d):01208         E$FltOvf            RMB       1                   Floating Overflow
0033                  (    ../defs/os9.d):01209         E$LnComp            RMB       1                   Line with compiler error
0034                  (    ../defs/os9.d):01210         E$ValRng            RMB       1                   Value out of range for destination
0035                  (    ../defs/os9.d):01211         E$SubOvf            RMB       1                   Subroutine stack overflow
0036                  (    ../defs/os9.d):01212         E$SubUnd            RMB       1                   Subroutine stack underflow
0037                  (    ../defs/os9.d):01213         E$SubRng            RMB       1                   Subscript out of range
0038                  (    ../defs/os9.d):01214         E$ParmEr            RMB       1                   Paraemter error
0039                  (    ../defs/os9.d):01215         E$SysOvf            RMB       1                   System stack overflow
003A                  (    ../defs/os9.d):01216         E$IOMism            RMB       1                   I/O type mismatch
003B                  (    ../defs/os9.d):01217         E$IONum             RMB       1                   I/O numeric input format bad
003C                  (    ../defs/os9.d):01218         E$IOConv            RMB       1                   I/O conversion: number out of range
003D                  (    ../defs/os9.d):01219         E$IllInp            RMB       1                   Illegal input format
003E                  (    ../defs/os9.d):01220         E$IOFRpt            RMB       1                   I/O format repeat error
003F                  (    ../defs/os9.d):01221         E$IOFSyn            RMB       1                   I/O format syntax error
0040                  (    ../defs/os9.d):01222         E$IllPNm            RMB       1                   Illegal path number
0041                  (    ../defs/os9.d):01223         E$WrSub             RMB       1                   Wrong number of subscripts
0042                  (    ../defs/os9.d):01224         E$NonRcO            RMB       1                   Non-record type operand
0043                  (    ../defs/os9.d):01225         E$IllA              RMB       1                   Illegal argument
0044                  (    ../defs/os9.d):01226         E$IllCnt            RMB       1                   Illegal control structure
0045                  (    ../defs/os9.d):01227         E$UnmCnt            RMB       1                   Unmatched control structure
0046                  (    ../defs/os9.d):01228         E$IllFOR            RMB       1                   Illegal FOR variable
0047                  (    ../defs/os9.d):01229         E$IllExp            RMB       1                   Illegal expression type
0048                  (    ../defs/os9.d):01230         E$IllDec            RMB       1                   Illegal declarative statement
0049                  (    ../defs/os9.d):01231         E$ArrOvf            RMB       1                   Array size overflow
004A                  (    ../defs/os9.d):01232         E$UndLin            RMB       1                   Undefined line number
004B                  (    ../defs/os9.d):01233         E$MltLin            RMB       1                   Multiply defined line number
004C                  (    ../defs/os9.d):01234         E$MltVar            RMB       1                   Multiply defined variable
004D                  (    ../defs/os9.d):01235         E$IllIVr            RMB       1                   Illegal input variable
004E                  (    ../defs/os9.d):01236         E$SeekRg            RMB       1                   Seek out of range
004F                  (    ../defs/os9.d):01237         E$NoData            RMB       1                   Missing data statement
                      (    ../defs/os9.d):01238         
                      (    ../defs/os9.d):01239         *
                      (    ../defs/os9.d):01240         * System Dependent Error Codes
                      (    ../defs/os9.d):01241         *
                      (    ../defs/os9.d):01242         
                      (    ../defs/os9.d):01243         * Level 2 windowing error codes
                      (    ../defs/os9.d):01244                             ORG       183
00B7                  (    ../defs/os9.d):01245         E$IWTyp             RMB       1                   Illegal window type
00B8                  (    ../defs/os9.d):01246         E$WADef             RMB       1                   Window already defined
00B9                  (    ../defs/os9.d):01247         E$NFont             RMB       1                   Font not found
00BA                  (    ../defs/os9.d):01248         E$StkOvf            RMB       1                   Stack overflow
00BB                  (    ../defs/os9.d):01249         E$IllArg            RMB       1                   Illegal argument
00BC                  (    ../defs/os9.d):01250                             RMB       1                   reserved
00BD                  (    ../defs/os9.d):01251         E$ICoord            RMB       1                   Illegal coordinates
00BE                  (    ../defs/os9.d):01252         E$Bug               RMB       1                   Bug (should never be returned)
00BF                  (    ../defs/os9.d):01253         E$BufSiz            RMB       1                   Buffer size is too small
00C0                  (    ../defs/os9.d):01254         E$IllCmd            RMB       1                   Illegal command
00C1                  (    ../defs/os9.d):01255         E$TblFul            RMB       1                   Screen or window table is full
00C2                  (    ../defs/os9.d):01256         E$BadBuf            RMB       1                   Bad/Undefined buffer number
00C3                  (    ../defs/os9.d):01257         E$IWDef             RMB       1                   Illegal window definition
00C4                  (    ../defs/os9.d):01258         E$WUndef            RMB       1                   Window undefined
                      (    ../defs/os9.d):01259         
00C5                  (    ../defs/os9.d):01260         E$Up                RMB       1                   Up arrow pressed on SCF I$ReadLn with PD.UP enabled
00C6                  (    ../defs/os9.d):01261         E$Dn                RMB       1                   Down arrow pressed on SCF I$ReadLn with PD.DOWN enabled
00C7                  (    ../defs/os9.d):01262         E$Alias             RMB       1
                      (    ../defs/os9.d):01263         
                      (    ../defs/os9.d):01264         
                      (    ../defs/os9.d):01265         *
                      (    ../defs/os9.d):01266         * Standard NitrOS-9 Error Codes
                      (    ../defs/os9.d):01267         *
                      (    ../defs/os9.d):01268                             ORG       200
00C8                  (    ../defs/os9.d):01269         E$PthFul            RMB       1                   Path Table full
00C9                  (    ../defs/os9.d):01270         E$BPNum             RMB       1                   Bad Path Number
00CA                  (    ../defs/os9.d):01271         E$Poll              RMB       1                   Polling Table Full
00CB                  (    ../defs/os9.d):01272         E$BMode             RMB       1                   Bad Mode
00CC                  (    ../defs/os9.d):01273         E$DevOvf            RMB       1                   Device Table Overflow
00CD                  (    ../defs/os9.d):01274         E$BMID              RMB       1                   Bad Module ID
00CE                  (    ../defs/os9.d):01275         E$DirFul            RMB       1                   Module Directory Full
00CF                  (    ../defs/os9.d):01276         E$MemFul            RMB       1                   Process Memory Full
00D0                  (    ../defs/os9.d):01277         E$UnkSvc            RMB       1                   Unknown Service Code
00D1                  (    ../defs/os9.d):01278         E$ModBsy            RMB       1                   Module Busy
00D2                  (    ../defs/os9.d):01279         E$BPAddr            RMB       1                   Bad Page Address
00D3                  (    ../defs/os9.d):01280         E$EOF               RMB       1                   End of File
00D4                  (    ../defs/os9.d):01281                             RMB       1
00D5                  (    ../defs/os9.d):01282         E$NES               RMB       1                   Non-Existing Segment
00D6                  (    ../defs/os9.d):01283         E$FNA               RMB       1                   File Not Accesible
00D7                  (    ../defs/os9.d):01284         E$BPNam             RMB       1                   Bad Path Name
00D8                  (    ../defs/os9.d):01285         E$PNNF              RMB       1                   Path Name Not Found
00D9                  (    ../defs/os9.d):01286         E$SLF               RMB       1                   Segment List Full
00DA                  (    ../defs/os9.d):01287         E$CEF               RMB       1                   Creating Existing File
00DB                  (    ../defs/os9.d):01288         E$IBA               RMB       1                   Illegal Block Address
00DC                  (    ../defs/os9.d):01289         E$HangUp            RMB       1                   Carrier Detect Lost
00DD                  (    ../defs/os9.d):01290         E$MNF               RMB       1                   Module Not Found
00DE                  (    ../defs/os9.d):01291                             RMB       1
00DF                  (    ../defs/os9.d):01292         E$DelSP             RMB       1                   Deleting Stack Pointer memory
00E0                  (    ../defs/os9.d):01293         E$IPrcID            RMB       1                   Illegal Process ID
     00E0             (    ../defs/os9.d):01294         E$BPrcID            EQU       E$IPrcID            Bad Process ID (formerly #238)
00E1                  (    ../defs/os9.d):01295                             RMB       1
00E2                  (    ../defs/os9.d):01296         E$NoChld            RMB       1                   No Children
00E3                  (    ../defs/os9.d):01297         E$ISWI              RMB       1                   Illegal SWI code
00E4                  (    ../defs/os9.d):01298         E$PrcAbt            RMB       1                   Process Aborted
00E5                  (    ../defs/os9.d):01299         E$PrcFul            RMB       1                   Process Table Full
00E6                  (    ../defs/os9.d):01300         E$IForkP            RMB       1                   Illegal Fork Parameter
00E7                  (    ../defs/os9.d):01301         E$KwnMod            RMB       1                   Known Module
00E8                  (    ../defs/os9.d):01302         E$BMCRC             RMB       1                   Bad Module CRC
00E9                  (    ../defs/os9.d):01303         E$USigP             RMB       1                   Unprocessed Signal Pending
00EA                  (    ../defs/os9.d):01304         E$NEMod             RMB       1                   Non Existing Module
00EB                  (    ../defs/os9.d):01305         E$BNam              RMB       1                   Bad Name
00EC                  (    ../defs/os9.d):01306         E$BMHP              RMB       1                   (bad module header parity)
00ED                  (    ../defs/os9.d):01307         E$NoRAM             RMB       1                   No (System) RAM Available
00EE                  (    ../defs/os9.d):01308         E$DNE               RMB       1                   Directory not empty
00EF                  (    ../defs/os9.d):01309         E$NoTask            RMB       1                   No available Task number
                      (    ../defs/os9.d):01310                             RMB       $F0-.               reserved
00F0                  (    ../defs/os9.d):01311         E$Unit              RMB       1                   Illegal Unit (drive)
00F1                  (    ../defs/os9.d):01312         E$Sect              RMB       1                   Bad Sector number
00F2                  (    ../defs/os9.d):01313         E$WP                RMB       1                   Write Protect
00F3                  (    ../defs/os9.d):01314         E$CRC               RMB       1                   Bad Check Sum
00F4                  (    ../defs/os9.d):01315         E$Read              RMB       1                   Read Error
00F5                  (    ../defs/os9.d):01316         E$Write             RMB       1                   Write Error
00F6                  (    ../defs/os9.d):01317         E$NotRdy            RMB       1                   Device Not Ready
00F7                  (    ../defs/os9.d):01318         E$Seek              RMB       1                   Seek Error
00F8                  (    ../defs/os9.d):01319         E$Full              RMB       1                   Media Full
00F9                  (    ../defs/os9.d):01320         E$BTyp              RMB       1                   Bad Type (incompatable) media
00FA                  (    ../defs/os9.d):01321         E$DevBsy            RMB       1                   Device Busy
00FB                  (    ../defs/os9.d):01322         E$DIDC              RMB       1                   Disk ID Change
00FC                  (    ../defs/os9.d):01323         E$Lock              RMB       1                   Record is busy (locked out)
00FD                  (    ../defs/os9.d):01324         E$Share             RMB       1                   Non-sharable file busy
00FE                  (    ../defs/os9.d):01325         E$DeadLk            RMB       1                   I/O Deadlock error
                      (    ../defs/os9.d):01326         
                      (    ../defs/os9.d):01327         
                      (    ../defs/os9.d):01328                             IFGT      Level-2
                      (    ../defs/os9.d):01329         ***************************
                      (    ../defs/os9.d):01330         * Level 3 Defs
                      (    ../defs/os9.d):01331         *
                      (    ../defs/os9.d):01332         * These definitions apply to NitrOS-9 Level 3
                      (    ../defs/os9.d):01333         *
00FF                  (    ../defs/os9.d):01334         L3.Start            EQU       $2000               Start off at slot 1
00FF                  (    ../defs/os9.d):01335         L3.Size             EQU       $40                 Go for 64 pages: 2 slots total
00FF                  (    ../defs/os9.d):01336         L3.Blks             EQU       L3.Size/$20         Number of slots
00FF                  (    ../defs/os9.d):01337         L3.End              EQU       L3.Start+L3.Size*$0100 end of L3 memory
00FF                  (    ../defs/os9.d):01338         L3.SCF              EQU       $0660               SCF block ptr
00FF                  (    ../defs/os9.d):01339         L3.RBF              EQU       L3.SCF+1            RBF block ptr
                      (    ../defs/os9.d):01340                             ENDC
                      (    ../defs/os9.d):01341         
                      (    ../defs/os9.d):01342                             ENDC
                      (     sys6809l2.as):00009                             use       ../defs/rbf.d
                      (    ../defs/rbf.d):00001                             IFNE      RBF.D-1
                      (    ../defs/rbf.d):00002         
     0001             (    ../defs/rbf.d):00003         RBF.D               SET       1
                      (    ../defs/rbf.d):00004         
                      (    ../defs/rbf.d):00005         ********************************************************************
                      (    ../defs/rbf.d):00006         * rbf.d - Random Block File Manager Definitions
                      (    ../defs/rbf.d):00007         *
                      (    ../defs/rbf.d):00008         * RBF stands for 'Random Block Filemanager' and is a package of subroutines
                      (    ../defs/rbf.d):00009         * that define the logical structure of a disk and allows access to the files
                      (    ../defs/rbf.d):00010         * in that structure.
                      (    ../defs/rbf.d):00011         *
                      (    ../defs/rbf.d):00012         * The data structures in this file give RBF its 'personality' and are used
                      (    ../defs/rbf.d):00013         * by RBF itself, as well as applications that will require disk I/O.
                      (    ../defs/rbf.d):00014         *
                      (    ../defs/rbf.d):00015         * Edt/Rev  YYYY/MM/DD  Modified by
                      (    ../defs/rbf.d):00016         * Comment
                      (    ../defs/rbf.d):00017         * ------------------------------------------------------------------
                      (    ../defs/rbf.d):00018         *          1982/07/13  Robert F. Doggett
                      (    ../defs/rbf.d):00019         * PD.Exten added to path descriptor and PE Entries defined.
                      (    ../defs/rbf.d):00020         *
                      (    ../defs/rbf.d):00021         *          1982/07/15  Robert F. Doggett
                      (    ../defs/rbf.d):00022         * V.FileHd inserted in driver static storage.
                      (    ../defs/rbf.d):00023         *
                      (    ../defs/rbf.d):00024         *          1982/09/10  WGP
                      (    ../defs/rbf.d):00025         * Level One/Level Two condionals added.
                      (    ../defs/rbf.d):00026         *
                      (    ../defs/rbf.d):00027         *          1982/09/17  WGP
                      (    ../defs/rbf.d):00028         *
                      (    ../defs/rbf.d):00029         *          1982/09/17  Robert F. Doggett
                      (    ../defs/rbf.d):00030         * PD.SLE renamed to PD.Creat.
                      (    ../defs/rbf.d):00031         *
                      (    ../defs/rbf.d):00032         *          1982/09/17  Robert F. Doggett
                      (    ../defs/rbf.d):00033         * V.DiskID, V.BMapSz, V.MapSct added for smart multi-sector bitmap searching.
                      (    ../defs/rbf.d):00034         *
                      (    ../defs/rbf.d):00035         *          1982/09/20  Robert F. Doggett
                      (    ../defs/rbf.d):00036         * Reserved areas added in static storage.
                      (    ../defs/rbf.d):00037         
                      (    ../defs/rbf.d):00038         *          1983/06/07  Robert F. Doggett
                      (    ../defs/rbf.d):00039         * Added InDriver flag in PD.SMF.
                      (    ../defs/rbf.d):00040         *
                      (    ../defs/rbf.d):00041         *          1983/06/13  Robert F. Doggett
                      (    ../defs/rbf.d):00042         * Added PE.Req tmp save for PE.Lock.
                      (    ../defs/rbf.d):00043         *
                      (    ../defs/rbf.d):00044         *          1983/08/08  Robert F. Doggett
                      (    ../defs/rbf.d):00045         * Reserved PD.SToff for Japanese.
                      (    ../defs/rbf.d):00046         *
                      (    ../defs/rbf.d):00047         *          1983/11/19  Robert F. Doggett
                      (    ../defs/rbf.d):00048         * Added V.ResBit in drive tables.
                      (    ../defs/rbf.d):00049         *
                      (    ../defs/rbf.d):00050         *          1983/12/12  Robert F. Doggett
                      (    ../defs/rbf.d):00051         * Added PE.Prior to save process priority.
                      (    ../defs/rbf.d):00052         *
                      (    ../defs/rbf.d):00053         *          1983/12/13  Robert F. Doggett
                      (    ../defs/rbf.d):00054         * Added BufBusy bit in state flag (PD.SMF).
                      (    ../defs/rbf.d):00055         *
                      (    ../defs/rbf.d):00056         *          1984/07/06  Mark G. Hawkins
                      (    ../defs/rbf.d):00057         * Added Bit Definitions for DD.FMT.
                      (    ../defs/rbf.d):00058         *
                      (    ../defs/rbf.d):00059         *          1987/06/23  Kevin K. Darling
                      (    ../defs/rbf.d):00060         * Updated with Dev Desc Info
                      (    ../defs/rbf.d):00061         *
                      (    ../defs/rbf.d):00062         *          2003/06/02  Boisy G. Pitre
                      (    ../defs/rbf.d):00063         * Updated comments for clarity.
                      (    ../defs/rbf.d):00064         * Added TYP.256-TYP.2048 definitions for future expansion.
                      (    ../defs/rbf.d):00065         *
                      (    ../defs/rbf.d):00066         *          2004/04/14  Boisy G. Pitre
                      (    ../defs/rbf.d):00067         * Added new entries to device descriptor as per OS-9 Level One V2.00.00
                      (    ../defs/rbf.d):00068         * addendum.  Pointed out by Rodney Hamilton.
                      (    ../defs/rbf.d):00069         *
                      (    ../defs/rbf.d):00070         *              2005/05/31  P.Harvey-Smith.
                      (    ../defs/rbf.d):00071         * Added defines for bit 2 of IT.DNS, which the format command uses to
                      (    ../defs/rbf.d):00072         * determine if a drive should have it's track 0 as single or double density
                      (    ../defs/rbf.d):00073         *
                      (    ../defs/rbf.d):00074         *          2005/11/23  Robert Gault
                      (    ../defs/rbf.d):00075         * Added IT.MPI giving it duplicate location with IT.TFM. This will not be
                      (    ../defs/rbf.d):00076         * transferred to the path descriptor, thus the  equ *  rahter than  rmb 1.
                      (    ../defs/rbf.d):00077         *
                      (    ../defs/rbf.d):00078         *          2005/12/11  Boisy G. Pitre
                      (    ../defs/rbf.d):00079         * Added IT.SOFF1-ITSOFF3 and IT.LLDRV for SuperDrivers.
                      (    ../defs/rbf.d):00080         
                      (    ../defs/rbf.d):00081                             NAM       rbf.d
                      (    ../defs/rbf.d):00082                             TTL       Random              Block File Manager Definitions
                      (    ../defs/rbf.d):00083         
                      (    ../defs/rbf.d):00084                             PAG
                      (    ../defs/rbf.d):00085         *******************************
                      (    ../defs/rbf.d):00086         * RBF Device Descriptor Offsets
                      (    ../defs/rbf.d):00087         *
                      (    ../defs/rbf.d):00088         * These definitions are for RBF device descriptors.
                      (    ../defs/rbf.d):00089         
                      (    ../defs/rbf.d):00090                             ORG       M$DTyp
0012                  (    ../defs/rbf.d):00091                             RMB       1                   Device type (DT.RBF)
0013                  (    ../defs/rbf.d):00092         IT.DRV              RMB       1                   Drive number
0014                  (    ../defs/rbf.d):00093         IT.STP              RMB       1                   Step rate
0015                  (    ../defs/rbf.d):00094         IT.TYP              RMB       1                   Disk device type information
0016                  (    ../defs/rbf.d):00095         IT.DNS              RMB       1                   Density capability
0017                  (    ../defs/rbf.d):00096         IT.CYL              RMB       2                   Number of cylinders
0019                  (    ../defs/rbf.d):00097         IT.SID              RMB       1                   Number of surfaces
001A                  (    ../defs/rbf.d):00098         IT.VFY              RMB       1                   Verify disk writes (0 = verify, 1 = don't)
001B                  (    ../defs/rbf.d):00099         IT.SCT              RMB       2                   Default sectors/track
001D                  (    ../defs/rbf.d):00100         IT.T0S              RMB       2                   Default sectors/track for track 0 sector 0
001F                  (    ../defs/rbf.d):00101         IT.ILV              RMB       1                   Sector interleave offset
0020                  (    ../defs/rbf.d):00102         IT.SAS              RMB       1                   Segment allocation size
                      (    ../defs/rbf.d):00103         * The following fields are from the OS-9 Level One V2.00.00 Addendum
0021                  (    ../defs/rbf.d):00104         IT.TFM              RMB       1                   DMA Transfer Mode
0022                  (    ../defs/rbf.d):00105         IT.Exten            RMB       2                   Path Extension (PE) for record locking
0024                  (    ../defs/rbf.d):00106         IT.SToff            RMB       1                   Sector/Track offsets (for "foreign" disk formats)
                      (    ../defs/rbf.d):00107         * The following fields are not copied to the path descriptor
0025                  (    ../defs/rbf.d):00108         IT.WPC              RMB       1                   Write precomp cyl/4 (HD)
0026                  (    ../defs/rbf.d):00109         IT.OFS              RMB       2                   Starting cylinder offset (HD)
0028                  (    ../defs/rbf.d):00110         IT.RWC              RMB       2                   Reduced write current cylinder (HD)
                      (    ../defs/rbf.d):00111         * These fields have been added because of SuperDriver.  They probably
                      (    ../defs/rbf.d):00112         * can be used in other drivers
                      (    ../defs/rbf.d):00113                             ORG       IT.WPC
0025                  (    ../defs/rbf.d):00114         IT.SOFF1            RMB       1
0026                  (    ../defs/rbf.d):00115         IT.SOFF2            RMB       1
0027                  (    ../defs/rbf.d):00116         IT.SOFF3            RMB       1
0028                  (    ../defs/rbf.d):00117         IT.LLDRV            RMB       2
002A                  (    ../defs/rbf.d):00118         IT.MPI              RMB       1
                      (    ../defs/rbf.d):00119         
                      (    ../defs/rbf.d):00120         
                      (    ../defs/rbf.d):00121         * IT.TYP Definitions
                      (    ../defs/rbf.d):00122         *
     0080             (    ../defs/rbf.d):00123         TYP.HARD            EQU       %10000000           Hard disk
     0000             (    ../defs/rbf.d):00124         TYP.FLP             EQU       %00000000           Floppy disk
     0040             (    ../defs/rbf.d):00125         TYP.NSF             EQU       %01000000           Non-standard format
     0000             (    ../defs/rbf.d):00126         TYP.SOF             EQU       %00000000           Standard NitrOS-9 format
                      (    ../defs/rbf.d):00127         
                      (    ../defs/rbf.d):00128         * IT.TYP bit definitions if bit 7 of IT.TYP is set (hard disk)
     0000             (    ../defs/rbf.d):00129         TYPH.256            EQU       %00000000           256 byte sector media
     0001             (    ../defs/rbf.d):00130         TYPH.512            EQU       %00000001           512 byte sector media
     0002             (    ../defs/rbf.d):00131         TYPH.1024           EQU       %00000010           1024 byte sector media
     0003             (    ../defs/rbf.d):00132         TYPH.2048           EQU       %00000011           2048 byte sector media
     0003             (    ../defs/rbf.d):00133         TYPH.SSM            EQU       %00000011           Sector size mask
     000C             (    ../defs/rbf.d):00134         TYPH.DRSV           EQU       %00001100           Driver-reserved bits
     0010             (    ../defs/rbf.d):00135         TYPH.DSQ            EQU       %00010000           Drive size query flag
                      (    ../defs/rbf.d):00136         
                      (    ../defs/rbf.d):00137         * IT.TYP bit definitions if bit 7 of IT.TYP is clear (floppy disk)
     0000             (    ../defs/rbf.d):00138         TYP.5               EQU       %00000000           5" media
     0001             (    ../defs/rbf.d):00139         TYP.3               EQU       %00000001           3.5" media
     0002             (    ../defs/rbf.d):00140         TYP.SBO             EQU       %00000010           Sector base offset (clear = 0; sect = 1)
     0000             (    ../defs/rbf.d):00141         TYP.256             EQU       %00000000           256 byte sector media
     0004             (    ../defs/rbf.d):00142         TYP.512             EQU       %00000100           512 byte sector media
     0020             (    ../defs/rbf.d):00143         TYP.CCF             EQU       %00100000           CoCo format
     0000             (    ../defs/rbf.d):00144         TYP.NCCF            EQU       %00000000           Non-CoCo format
                      (    ../defs/rbf.d):00145         
                      (    ../defs/rbf.d):00146         * IT.DNS Definitions
                      (    ../defs/rbf.d):00147         *
                      (    ../defs/rbf.d):00148         
                      (    ../defs/rbf.d):00149         * If bit 7 of IT.TYP is set, IT.DNS is driver-dependent
                      (    ../defs/rbf.d):00150         
                      (    ../defs/rbf.d):00151         * IT.DNS bit definitions if bit 7 of IT.TYP is clear (floppy disk)
     0000             (    ../defs/rbf.d):00152         DNS.FM              EQU       %00000000           Single-density (FM)
     0001             (    ../defs/rbf.d):00153         DNS.MFM             EQU       %00000001           Double-density (MFM)
     0000             (    ../defs/rbf.d):00154         DNS.STD             EQU       %00000000           Single track distance (48/135 tpi)
     0002             (    ../defs/rbf.d):00155         DNS.DTD             EQU       %00000010           Double track distance (96 tpi)
                      (    ../defs/rbf.d):00156         
                      (    ../defs/rbf.d):00157         * Added PHS,2005-05-31, as format seems to use these
     0000             (    ../defs/rbf.d):00158         DNS.FM0             EQU       %00000000           Single density track 0
     0004             (    ../defs/rbf.d):00159         DNS.MFM0            EQU       %00000100           Double density track 0
                      (    ../defs/rbf.d):00160         
                      (    ../defs/rbf.d):00161         * Floppy disk step rate definitions
     0000             (    ../defs/rbf.d):00162         STP.30ms            EQU       0                   30ms step rate
     0001             (    ../defs/rbf.d):00163         STP.20ms            EQU       1                   20ms step rate
     0002             (    ../defs/rbf.d):00164         STP.12ms            EQU       2                   12ms step rate
     0003             (    ../defs/rbf.d):00165         STP.6ms             EQU       3                   6ms step rate
                      (    ../defs/rbf.d):00166         
                      (    ../defs/rbf.d):00167                             PAG
                      (    ../defs/rbf.d):00168         *************************************
                      (    ../defs/rbf.d):00169         * Random Block Path Descriptor Format
                      (    ../defs/rbf.d):00170         *
                      (    ../defs/rbf.d):00171         * A path descriptor is created for every new path that is open
                      (    ../defs/rbf.d):00172         * via the I$Open system call (processed by IOMan).  Process
                      (    ../defs/rbf.d):00173         * descriptors track state information of a path.
                      (    ../defs/rbf.d):00174         *
                      (    ../defs/rbf.d):00175                             ORG       PD.FST
000A                  (    ../defs/rbf.d):00176         PD.SMF              RMB       1                   State flags
000B                  (    ../defs/rbf.d):00177         PD.CP               RMB       4                   Current logical byte position
000F                  (    ../defs/rbf.d):00178         PD.SIZ              RMB       4                   File size
0013                  (    ../defs/rbf.d):00179         PD.SBL              RMB       3                   Segment beginning lsn
0016                  (    ../defs/rbf.d):00180         PD.SBP              RMB       3                   Segment beginning psn
0019                  (    ../defs/rbf.d):00181         PD.SSZ              RMB       3                   Segment size
001C                  (    ../defs/rbf.d):00182         PD.DSK              RMB       2                   Disk id
001E                  (    ../defs/rbf.d):00183         PD.DTB              RMB       2                   Drive table ptr
                      (    ../defs/rbf.d):00184                             ORG       PD.OPT
0020                  (    ../defs/rbf.d):00185                             RMB       1                   Device type
0021                  (    ../defs/rbf.d):00186         PD.DRV              RMB       1                   Drive number
0022                  (    ../defs/rbf.d):00187         PD.STP              RMB       1                   Step rate
0023                  (    ../defs/rbf.d):00188         PD.TYP              RMB       1                   Disk device type (5" 8" other)
0024                  (    ../defs/rbf.d):00189         PD.DNS              RMB       1                   Density capability
0025                  (    ../defs/rbf.d):00190         PD.CYL              RMB       2                   Number of cylinders
0027                  (    ../defs/rbf.d):00191         PD.SID              RMB       1                   Number of surfaces
0028                  (    ../defs/rbf.d):00192         PD.VFY              RMB       1                   0=verify disk writes
0029                  (    ../defs/rbf.d):00193         PD.SCT              RMB       2                   Default sectors/track
002B                  (    ../defs/rbf.d):00194         PD.T0S              RMB       2                   Default sectors/track tr00,s0
002D                  (    ../defs/rbf.d):00195         PD.ILV              RMB       1                   Sector interleave offset
002E                  (    ../defs/rbf.d):00196         PD.SAS              RMB       1                   Segment allocation size
002F                  (    ../defs/rbf.d):00197         PD.TFM              RMB       1                   DMA Transfer Mode
0030                  (    ../defs/rbf.d):00198         PD.Exten            RMB       2                   Path Extension (PE) for record locking
0032                  (    ../defs/rbf.d):00199         PD.SToff            RMB       1                   Sector/Track offsets (for "foreign" disk formats)
0033                  (    ../defs/rbf.d):00200         PD.ATT              RMB       1                   File attributes
0034                  (    ../defs/rbf.d):00201         PD.FD               RMB       3                   File descriptor psn (i.e. 3-byte inode number)
0037                  (    ../defs/rbf.d):00202         PD.DFD              RMB       3                   Directory file descriptor psn (i.e. 3-byte inode number)
003A                  (    ../defs/rbf.d):00203         PD.DCP              RMB       4                   File directory entry ptr
003E                  (    ../defs/rbf.d):00204         PD.DVT              RMB       2                   User readable dev tbl ptr
                      (    ../defs/rbf.d):00205         
                      (    ../defs/rbf.d):00206         * State Flags
     0001             (    ../defs/rbf.d):00207         BUFMOD              EQU       $01                 Buffer modified
     0002             (    ../defs/rbf.d):00208         SINBUF              EQU       $02                 Sector in buffer
     0004             (    ../defs/rbf.d):00209         FDBUF               EQU       $04                 File descriptor in buffer
                      (    ../defs/rbf.d):00210         *EOFSEC equ $08 End of file sector
                      (    ../defs/rbf.d):00211         *EOF equ $10 End of file
     0020             (    ../defs/rbf.d):00212         InDriver            EQU       $20                 Currently in Disk Driver, or queued
     0040             (    ../defs/rbf.d):00213         BufBusy             EQU       $40                 Buffer is currently busy
                      (    ../defs/rbf.d):00214         
                      (    ../defs/rbf.d):00215                             IFNE      Level-1
                      (    ../defs/rbf.d):00216         ************************************
                      (    ../defs/rbf.d):00217         * Random Block Path Extension Format
                      (    ../defs/rbf.d):00218         *
                      (    ../defs/rbf.d):00219         * RBF paths under Level Two have additional information that
                      (    ../defs/rbf.d):00220         * is referenced by the path extension area.  These are 64-byte
                      (    ../defs/rbf.d):00221         * allocs from the same table (D.PthDBT) as the Path Descriptors.
                      (    ../defs/rbf.d):00222         *
                      (    ../defs/rbf.d):00223                             ORG       0
0000                  (    ../defs/rbf.d):00224         PE.PE               RMB       1                   PE path number
0001                  (    ../defs/rbf.d):00225         PE.PDptr            RMB       2                   Back ptr to this PE's Path Descriptor
0003                  (    ../defs/rbf.d):00226         PE.NxFil            RMB       2                   Drive Open-File list ptr
0005                  (    ../defs/rbf.d):00227         PE.Confl            RMB       2                   Circular File Conflict list
0007                  (    ../defs/rbf.d):00228         PE.Lock             RMB       1                   Path lockout status
0008                  (    ../defs/rbf.d):00229         PE.LoLck            RMB       4                   Low Locked Logical addr
000C                  (    ../defs/rbf.d):00230         PE.HiLck            RMB       4                   High Locked Logical addr
0010                  (    ../defs/rbf.d):00231         PE.Wait             RMB       2                   PE ptr to (next) locked-out PE
0012                  (    ../defs/rbf.d):00232         PE.TmOut            RMB       2                   Max ticks to wait for locked segment
0014                  (    ../defs/rbf.d):00233         PE.Owner            RMB       1                   Process ID of owner of locked segment
0015                  (    ../defs/rbf.d):00234         PE.Req              RMB       1                   Temp for PE.Lock in GAIN when LockSeg fails
0016                  (    ../defs/rbf.d):00235         PE.Prior            RMB       1                   Temp for process priority while in driver
0017                  (    ../defs/rbf.d):00236         PE.SigSg            RMB       1                   Signal code to send
0018                  (    ../defs/rbf.d):00237         PE.SigID            RMB       1                   Process ID to send the signal to
0019                  (    ../defs/rbf.d):00238                             RMB       32-.                Reserved
0020                  (    ../defs/rbf.d):00239         PE.FilNm            RMB       32                  Temp for filename during directory search
                      (    ../defs/rbf.d):00240         
                      (    ../defs/rbf.d):00241         * PE.Lock status codes
     0000             (    ../defs/rbf.d):00242         Unlocked            EQU       0                   No portion of file is locked
     0001             (    ../defs/rbf.d):00243         RcdLock             EQU       1                   Record from LoLck to HiLck locked
     0002             (    ../defs/rbf.d):00244         FileLock            EQU       2                   Entire file locked
     0004             (    ../defs/rbf.d):00245         EofLock             EQU       4                   End of file is locked
                      (    ../defs/rbf.d):00246                             ENDC
                      (    ../defs/rbf.d):00247         
                      (    ../defs/rbf.d):00248         
                      (    ../defs/rbf.d):00249                             PAG
                      (    ../defs/rbf.d):00250         ***********************
                      (    ../defs/rbf.d):00251         * LSN0 Disk Data Format
                      (    ../defs/rbf.d):00252         *
                      (    ../defs/rbf.d):00253         * Logical Sector Number 0 is the first sector on an RBF formatted device
                      (    ../defs/rbf.d):00254         * and contains information about the device's size and format.
                      (    ../defs/rbf.d):00255         *
                      (    ../defs/rbf.d):00256                             ORG       0
0000                  (    ../defs/rbf.d):00257         DD.TOT              RMB       3                   Total number of sectors
0003                  (    ../defs/rbf.d):00258         DD.TKS              RMB       1                   Track size in sectors
0004                  (    ../defs/rbf.d):00259         DD.MAP              RMB       2                   Number of bytes in allocation bit map
0006                  (    ../defs/rbf.d):00260         DD.BIT              RMB       2                   Number of sectors/bit
0008                  (    ../defs/rbf.d):00261         DD.DIR              RMB       3                   Address of root directory fd
000B                  (    ../defs/rbf.d):00262         DD.OWN              RMB       2                   Owner
000D                  (    ../defs/rbf.d):00263         DD.ATT              RMB       1                   Attributes
000E                  (    ../defs/rbf.d):00264         DD.DSK              RMB       2                   Disk ID
0010                  (    ../defs/rbf.d):00265         DD.FMT              RMB       1                   Disk format; density/sides
0011                  (    ../defs/rbf.d):00266         DD.SPT              RMB       2                   Sectors/track
0013                  (    ../defs/rbf.d):00267         DD.RES              RMB       2                   Reserved for future use
     0015             (    ../defs/rbf.d):00268         DD.SIZ              EQU       .                   Device descriptor minimum size
0015                  (    ../defs/rbf.d):00269         DD.BT               RMB       3                   System bootstrap sector
0018                  (    ../defs/rbf.d):00270         DD.BSZ              RMB       2                   Size of system bootstrap
001A                  (    ../defs/rbf.d):00271         DD.DAT              RMB       5                   Creation date
001F                  (    ../defs/rbf.d):00272         DD.NAM              RMB       32                  Volume name
003F                  (    ../defs/rbf.d):00273         DD.OPT              RMB       32                  Option area
                      (    ../defs/rbf.d):00274         
                      (    ../defs/rbf.d):00275         *************************
                      (    ../defs/rbf.d):00276         * 2012/11/09 Gene Heskett - Some additions for bootlink etc use.
                      (    ../defs/rbf.d):00277                             ORG       $60                 More options from device descriptor
0060                  (    ../defs/rbf.d):00278         VD.STP              RMB       1                   This is for the /sh and /ih virtual disks in HDBDOS
0061                  (    ../defs/rbf.d):00279         VD.OFS              RMB       3                   This is DT.WPC and DT.OSF combined, might be more
                      (    ../defs/rbf.d):00280         
                      (    ../defs/rbf.d):00281         * DD.FMT Bit Definitions - valid only if device is a floppy disk
     0001             (    ../defs/rbf.d):00282         FMT.SIDE            EQU       %00000001           Single Sided=0, Double Sided=1
     0002             (    ../defs/rbf.d):00283         FMT.DNS             EQU       %00000010           Single Density=0, Double Density=1
     0004             (    ../defs/rbf.d):00284         FMT.TDNS            EQU       %00000100           Track Density: 48/135 TPI=0, 96 TPI=1
     0020             (    ../defs/rbf.d):00285         FMT.T0DN            EQU       %00100000           Track 0 Density, see FMT.DNS
                      (    ../defs/rbf.d):00286         
                      (    ../defs/rbf.d):00287         
                      (    ../defs/rbf.d):00288                             PAG
                      (    ../defs/rbf.d):00289         ************************
                      (    ../defs/rbf.d):00290         * File Descriptor Format
                      (    ../defs/rbf.d):00291         *
                      (    ../defs/rbf.d):00292         * The file descriptor is a sector that is present for every file
                      (    ../defs/rbf.d):00293         * on an RBF device.  It contains attributes, modification dates,
                      (    ../defs/rbf.d):00294         * and segment information on a file.
                      (    ../defs/rbf.d):00295         *
                      (    ../defs/rbf.d):00296                             ORG       0
0000                  (    ../defs/rbf.d):00297         FD.ATT              RMB       1                   Attributes
0001                  (    ../defs/rbf.d):00298         FD.OWN              RMB       2                   Owner
0003                  (    ../defs/rbf.d):00299         FD.DAT              RMB       5                   Date last modified
0008                  (    ../defs/rbf.d):00300         FD.LNK              RMB       1                   Link count
0009                  (    ../defs/rbf.d):00301         FD.SIZ              RMB       4                   File size
000D                  (    ../defs/rbf.d):00302         FD.Creat            RMB       3                   File creation date (YY/MM/DD)
     0010             (    ../defs/rbf.d):00303         FD.SEG              EQU       .                   Beginning of segment list
                      (    ../defs/rbf.d):00304         * Segment List Entry Format
                      (    ../defs/rbf.d):00305                             ORG       0
0000                  (    ../defs/rbf.d):00306         FDSL.A              RMB       3                   Segment beginning physical sector number
0003                  (    ../defs/rbf.d):00307         FDSL.B              RMB       2                   Segment size
     0005             (    ../defs/rbf.d):00308         FDSL.S              EQU       .                   Segment list entry size
     00FB             (    ../defs/rbf.d):00309         FD.LS1              EQU       FD.SEG+((256-FD.SEG)/FDSL.S-1)*FDSL.S
     00FA             (    ../defs/rbf.d):00310         FD.LS2              EQU       (256/FDSL.S-1)*FDSL.S
     0010             (    ../defs/rbf.d):00311         MINSEC              SET       16
                      (    ../defs/rbf.d):00312         
                      (    ../defs/rbf.d):00313         
                      (    ../defs/rbf.d):00314                             PAG
                      (    ../defs/rbf.d):00315         ************************
                      (    ../defs/rbf.d):00316         * Directory Entry Format
                      (    ../defs/rbf.d):00317         *
                      (    ../defs/rbf.d):00318         * Directory entries are part of a directory and define the name
                      (    ../defs/rbf.d):00319         * of the file, as well as a pointer to its file descriptor.
                      (    ../defs/rbf.d):00320         *
                      (    ../defs/rbf.d):00321                             ORG       0
0000                  (    ../defs/rbf.d):00322         DIR.NM              RMB       29                  File name
001D                  (    ../defs/rbf.d):00323         DIR.FD              RMB       3                   File descriptor physical sector number
     0020             (    ../defs/rbf.d):00324         DIR.SZ              EQU       .                   Directory record size
                      (    ../defs/rbf.d):00325         
                      (    ../defs/rbf.d):00326         
                      (    ../defs/rbf.d):00327                             PAG
                      (    ../defs/rbf.d):00328         ********************
                      (    ../defs/rbf.d):00329         * RBF Static Storage
                      (    ../defs/rbf.d):00330         *
                      (    ../defs/rbf.d):00331         * Overall Disk Static Storage
                      (    ../defs/rbf.d):00332         *
                      (    ../defs/rbf.d):00333         * Note:  This does not reserve any memory for drive tables.  Each
                      (    ../defs/rbf.d):00334         *        driver is responsible for reserving sufficient memory for
                      (    ../defs/rbf.d):00335         *        the appropriate number of tables.
                      (    ../defs/rbf.d):00336         *
                      (    ../defs/rbf.d):00337                             ORG       V.USER              Reserve required           ($06)
0006                  (    ../defs/rbf.d):00338         V.NDRV              RMB       1                   Number of drives           ($07)
0007                  (    ../defs/rbf.d):00339                             RMB       8                   reserved                   ($08)
     000F             (    ../defs/rbf.d):00340         DRVBEG              EQU       .                   Beginning of drive tables  ($10)
                      (    ../defs/rbf.d):00341         
                      (    ../defs/rbf.d):00342         
                      (    ../defs/rbf.d):00343                             PAG
                      (    ../defs/rbf.d):00344         ****************
                      (    ../defs/rbf.d):00345         * Global Storage For Disk Drive Tables
                      (    ../defs/rbf.d):00346         *
                      (    ../defs/rbf.d):00347         * Each table contains the first 'DD.SIZ' bytes from
                      (    ../defs/rbf.d):00348         * LSN 0, and the current track, stepping rate,
                      (    ../defs/rbf.d):00349         * bitmap use flag, and disk type.
                      (    ../defs/rbf.d):00350         *
                      (    ../defs/rbf.d):00351                             ORG       0
0000                  (    ../defs/rbf.d):00352                             RMB       DD.SIZ              Device descriptor, LSN 0
0015                  (    ../defs/rbf.d):00353         V.TRAK              RMB       2                   Current track
0017                  (    ../defs/rbf.d):00354         V.BMB               RMB       1                   Bit-map use flag
0018                  (    ../defs/rbf.d):00355         V.FileHd            RMB       2                   Open file list for this drive
001A                  (    ../defs/rbf.d):00356         V.DiskID            RMB       2                   Disk ID
001C                  (    ../defs/rbf.d):00357         V.BMapSz            RMB       1                   Bitmap Size
001D                  (    ../defs/rbf.d):00358         V.MapSct            RMB       1                   Lowest reasonable bitmap sector
001E                  (    ../defs/rbf.d):00359         V.ResBit            RMB       1                   Reserved bitmap sector (for compaction)
001F                  (    ../defs/rbf.d):00360         V.ScTkOf            RMB       1                   Sector/Track byte (Combined from descriptor)
0020                  (    ../defs/rbf.d):00361         V.ScOfst            RMB       1                   Sector offset split from byte above
0021                  (    ../defs/rbf.d):00362         V.TkOfst            RMB       1                   Track offset split from byte above
0022                  (    ../defs/rbf.d):00363                             RMB       4                   Reserved
     0026             (    ../defs/rbf.d):00364         DRVMEM              EQU       .
                      (    ../defs/rbf.d):00365         
                      (    ../defs/rbf.d):00366                             ENDC
                      (    ../defs/rbf.d):00367         
                      (     sys6809l2.as):00010                             use       ../defs/scf.d
                      (    ../defs/scf.d):00001                             IFNE      SCF.D-1
                      (    ../defs/scf.d):00002         
     0001             (    ../defs/scf.d):00003         SCF.D               SET       1
                      (    ../defs/scf.d):00004         
                      (    ../defs/scf.d):00005         ********************************************************************
                      (    ../defs/scf.d):00006         * scf.d - Sequential Character File Manager Definitions
                      (    ../defs/scf.d):00007         *
                      (    ../defs/scf.d):00008         * SCF stands for 'Sequential Character Filemanager' and is a package of subroutines
                      (    ../defs/scf.d):00009         * that define the logical structure of a serial device.
                      (    ../defs/scf.d):00010         *
                      (    ../defs/scf.d):00011         * The data structures in this file give SCF its 'personality' and are used
                      (    ../defs/scf.d):00012         * by SCF itself, as well as applications that will require disk I/O.
                      (    ../defs/scf.d):00013         *
                      (    ../defs/scf.d):00014         * Edt/Rev  YYYY/MM/DD  Modified by
                      (    ../defs/scf.d):00015         * Comment
                      (    ../defs/scf.d):00016         * ------------------------------------------------------------------
                      (    ../defs/scf.d):00017         *          1984/01/11  YO
                      (    ../defs/scf.d):00018         * Added V.KANJI, V.KBUF, V.MODADR for new kanji input process.
                      (    ../defs/scf.d):00019         *
                      (    ../defs/scf.d):00020         *          1985/04/20  Mark G. Hawkins
                      (    ../defs/scf.d):00021         * Added V.PDLHd Path Descriptor List Head.
                      (    ../defs/scf.d):00022         *
                      (    ../defs/scf.d):00023         *          1985/04/21  Mark G. Hawkins
                      (    ../defs/scf.d):00024         * Added PD.PLP and PD.PST for modem handling.
                      (    ../defs/scf.d):00025         *
                      (    ../defs/scf.d):00026         *          1987/06/23  Kevin K. Darling
                      (    ../defs/scf.d):00027         * Updated with Dev Desc info.
                      (    ../defs/scf.d):00028         *
                      (    ../defs/scf.d):00029         *          1998/10/03  Boisy G. Pitre
                      (    ../defs/scf.d):00030         * Consolidated L1/L2 scfdefs.
                      (    ../defs/scf.d):00031         *
                      (    ../defs/scf.d):00032         *          2003/01/21  Boisy G. Pitre
                      (    ../defs/scf.d):00033         * Added symbolics for enhanced SCF line editing.
                      (    ../defs/scf.d):00034         *
                      (    ../defs/scf.d):00035         *          2003/06/02  Boisy G. Pitre
                      (    ../defs/scf.d):00036         * Updated comments for clarity.
                      (    ../defs/scf.d):00037         *
                      (    ../defs/scf.d):00038         *          2004/05/17  Boisy G. Pitre
                      (    ../defs/scf.d):00039         * Added higher baud rates.
                      (    ../defs/scf.d):00040         
                      (    ../defs/scf.d):00041                             NAM       scf.d
                      (    ../defs/scf.d):00042                             TTL       Sequential          File Manager Definitions
                      (    ../defs/scf.d):00043         
                      (    ../defs/scf.d):00044                             PAG
                      (    ../defs/scf.d):00045         *******************************
                      (    ../defs/scf.d):00046         * SCF Device Descriptor Offsets
                      (    ../defs/scf.d):00047         *
                      (    ../defs/scf.d):00048         * These definitions are for SCF device descriptors.
                      (    ../defs/scf.d):00049         
                      (    ../defs/scf.d):00050                             ORG       M$DTyp
0012                  (    ../defs/scf.d):00051         IT.DVC              RMB       1                   Device type (DT.SCF)
0013                  (    ../defs/scf.d):00052         IT.UPC              RMB       1                   Uppercase flag
0014                  (    ../defs/scf.d):00053         IT.BSO              RMB       1                   Backspace behavior
0015                  (    ../defs/scf.d):00054         IT.DLO              RMB       1                   Delete behavior
0016                  (    ../defs/scf.d):00055         IT.EKO              RMB       1                   Echo flag
0017                  (    ../defs/scf.d):00056         IT.ALF              RMB       1                   Auto linefeed flag
0018                  (    ../defs/scf.d):00057         IT.NUL              RMB       1                   End-of-line null count
0019                  (    ../defs/scf.d):00058         IT.PAU              RMB       1                   Page pause flag
001A                  (    ../defs/scf.d):00059         IT.PAG              RMB       1                   Number of lines per page
001B                  (    ../defs/scf.d):00060         IT.BSP              RMB       1                   Backspace character
001C                  (    ../defs/scf.d):00061         IT.DEL              RMB       1                   Delete-line character
001D                  (    ../defs/scf.d):00062         IT.EOR              RMB       1                   End-of-record character
001E                  (    ../defs/scf.d):00063         IT.EOF              RMB       1                   End-of-file character
001F                  (    ../defs/scf.d):00064         IT.RPR              RMB       1                   Reprint-line character
0020                  (    ../defs/scf.d):00065         IT.DUP              RMB       1                   Duplicate-last-line character
0021                  (    ../defs/scf.d):00066         IT.PSC              RMB       1                   Pause character
0022                  (    ../defs/scf.d):00067         IT.INT              RMB       1                   Interrupt character
0023                  (    ../defs/scf.d):00068         IT.QUT              RMB       1                   Quit character
0024                  (    ../defs/scf.d):00069         IT.BSE              RMB       1                   Backspace echo character
0025                  (    ../defs/scf.d):00070         IT.OVF              RMB       1                   Bell character
0026                  (    ../defs/scf.d):00071         IT.PAR              RMB       1                   Parity
0027                  (    ../defs/scf.d):00072         IT.BAU              RMB       1                   Baud rate
0028                  (    ../defs/scf.d):00073         IT.D2P              RMB       2                   Attached device name string offset
002A                  (    ../defs/scf.d):00074         IT.XON              RMB       1                   X-ON character
002B                  (    ../defs/scf.d):00075         IT.XOFF             RMB       1                   X-OFF character
002C                  (    ../defs/scf.d):00076         IT.COL              RMB       1                   Number of columns for display
002D                  (    ../defs/scf.d):00077         IT.ROW              RMB       1                   Number of rows for display
002E                  (    ../defs/scf.d):00078         IT.XTYP             RMB       1                   Extended type (added by BRI)
                      (    ../defs/scf.d):00079         
                      (    ../defs/scf.d):00080                             IFGT      Level-1
                      (    ../defs/scf.d):00081         * Window Descriptor Additions
                      (    ../defs/scf.d):00082         * For CoCo window, where IT.PAR = $80
                      (    ../defs/scf.d):00083                             ORG       IT.ROW+1
002E                  (    ../defs/scf.d):00084         IT.WND              RMB       1                   Window number (matches device name) ($2E)
002F                  (    ../defs/scf.d):00085         IT.VAL              RMB       1                   Use defaults on Init (0=no, 1=yes)
0030                  (    ../defs/scf.d):00086         IT.STY              RMB       1                   Screen type default
0031                  (    ../defs/scf.d):00087         IT.CPX              RMB       1                   Column start default
0032                  (    ../defs/scf.d):00088         IT.CPY              RMB       1                   Row start default
0033                  (    ../defs/scf.d):00089         IT.FGC              RMB       1                   Foreground color default
0034                  (    ../defs/scf.d):00090         IT.BGC              RMB       1                   Background color default
0035                  (    ../defs/scf.d):00091         IT.BDC              RMB       1                   Border color default
                      (    ../defs/scf.d):00092                             ENDC
                      (    ../defs/scf.d):00093         
                      (    ../defs/scf.d):00094         
                      (    ../defs/scf.d):00095                             PAG
                      (    ../defs/scf.d):00096         ********************
                      (    ../defs/scf.d):00097         * SCF Static Storage
                      (    ../defs/scf.d):00098         *
                      (    ../defs/scf.d):00099         * SCF devices must reserve this space for SCF
                      (    ../defs/scf.d):00100         *
                      (    ../defs/scf.d):00101                             ORG       V.USER
0006                  (    ../defs/scf.d):00102         V.TYPE              RMB       1                   Device type or parity
0007                  (    ../defs/scf.d):00103         V.LINE              RMB       1                   Lines left until end of page
0008                  (    ../defs/scf.d):00104         V.PAUS              RMB       1                   Immediate Pause request
0009                  (    ../defs/scf.d):00105         V.DEV2              RMB       2                   Attached device's static
000B                  (    ../defs/scf.d):00106         V.INTR              RMB       1                   Interrupt char
000C                  (    ../defs/scf.d):00107         V.QUIT              RMB       1                   Quit char
000D                  (    ../defs/scf.d):00108         V.PCHR              RMB       1                   Pause char
000E                  (    ../defs/scf.d):00109         V.ERR               RMB       1                   Accumulated errors
000F                  (    ../defs/scf.d):00110         V.XON               RMB       1                   X-On char
0010                  (    ../defs/scf.d):00111         V.XOFF              RMB       1                   X-Off char
0011                  (    ../defs/scf.d):00112         V.KANJI             RMB       1                   Kanji mode flag
0012                  (    ../defs/scf.d):00113         V.KBUF              RMB       2                   Kana - Kanji convert routine work address
0014                  (    ../defs/scf.d):00114         V.MODADR            RMB       2                   Kana - Kanji convert module address
0016                  (    ../defs/scf.d):00115         V.PDLHd             RMB       2                   Open path descriptor list head pointer
0018                  (    ../defs/scf.d):00116         V.RSV               RMB       5                   Reserve bytes for future expansion
     001D             (    ../defs/scf.d):00117         V.SCF               EQU       .                   Total SCF manager static overhead
                      (    ../defs/scf.d):00118         
                      (    ../defs/scf.d):00119         
                      (    ../defs/scf.d):00120                             PAG
                      (    ../defs/scf.d):00121         ***********************
                      (    ../defs/scf.d):00122         * Character Definitions
                      (    ../defs/scf.d):00123         *
     0000             (    ../defs/scf.d):00124         C$NULL              SET       0                   Null char
     0001             (    ../defs/scf.d):00125         C$RPET              SET       $01                 (CTRL-A - SOH) Repeat last input line
     0003             (    ../defs/scf.d):00126         C$INTR              SET       $03                 (CTRL-C - ETX) Keyboard interrupt
     0004             (    ../defs/scf.d):00127         C$RPRT              SET       $04                 (CTRL-D - EOT) Reprint current input line
     0005             (    ../defs/scf.d):00128         C$QUIT              SET       $05                 (CTRL-E - ENQ) Keyboard Abort
     0007             (    ../defs/scf.d):00129         C$BELL              SET       $07                 (CTRL-G - BEL) Line overflow warning
     0008             (    ../defs/scf.d):00130         C$BSP               SET       $08                 (CTRL-H - BS ) Back space
     0009             (    ../defs/scf.d):00131         C$RARR              SET       $09                 Right Arrow
     0005             (    ../defs/scf.d):00132         C$EL                SET       $05                 Erase Line
     000A             (    ../defs/scf.d):00133         C$LF                SET       $0A                 Line feed
     000B             (    ../defs/scf.d):00134         C$HOME              SET       $0B                 Home position Code
     0015             (    ../defs/scf.d):00135         C$Clsgr             SET       $15                 Graphic screen clear (use FM-11)
     0016             (    ../defs/scf.d):00136         C$Clsall            SET       $16                 Graphic & character clear (use FM-11)
     000D             (    ../defs/scf.d):00137         C$CR                SET       $0D                 Carriage return
     000C             (    ../defs/scf.d):00138         C$FORM              SET       $0C                 (CTRL-L - FF ) Form Feed ... screen clear
     000F             (    ../defs/scf.d):00139         C$SI                SET       $0F                 Shift IN Code
     000E             (    ../defs/scf.d):00140         C$SO                SET       $0E                 Shift OUT Code
     0010             (    ../defs/scf.d):00141         C$DELETE            SET       $10                 Delete char (for SCF enhanced line editing)
     0011             (    ../defs/scf.d):00142         C$XON               SET       $11                 (CTRL-Q - DC1) Transmit Enable
     0011             (    ../defs/scf.d):00143         C$INSERT            SET       C$XON               Insert char (for SCF enhanced line editing)
     0013             (    ../defs/scf.d):00144         C$XOFF              SET       $13                 (CTRL-S - DC3) Transmit Disable
     0013             (    ../defs/scf.d):00145         C$PLINE             SET       C$XOFF              Print remaining line (for SCF enhanced line editing)
     0017             (    ../defs/scf.d):00146         C$PAUS              SET       $17                 (CTRL-W - ETB) Pause character
     0018             (    ../defs/scf.d):00147         C$DEL               SET       $18                 (CTRL-X - CAN) Delete line
     0019             (    ../defs/scf.d):00148         C$SHRARR            SET       $19                 Shift Right-Arrow
     001B             (    ../defs/scf.d):00149         C$EOF               SET       $1B                 (CTRL-[ - ESC) END of file
     001C             (    ../defs/scf.d):00150         C$RGT               SET       $1C                 Cursor right
     001D             (    ../defs/scf.d):00151         C$LFT               SET       $1D                 Cursor left
     001E             (    ../defs/scf.d):00152         C$UP                SET       $1E                 Cursor up
     001F             (    ../defs/scf.d):00153         C$DWN               SET       $1F                 Cursor down
     0020             (    ../defs/scf.d):00154         C$SPAC              SET       $20                 Space
     002E             (    ../defs/scf.d):00155         C$PERD              SET       '.
     002C             (    ../defs/scf.d):00156         C$COMA              SET       ',
                      (    ../defs/scf.d):00157         
                      (    ../defs/scf.d):00158         
                      (    ../defs/scf.d):00159                             PAG
                      (    ../defs/scf.d):00160         *********************************************
                      (    ../defs/scf.d):00161         * Sequential Character Path Descriptor Format
                      (    ../defs/scf.d):00162         *
                      (    ../defs/scf.d):00163         * A path descriptor is created for every new path that is open
                      (    ../defs/scf.d):00164         * via the I$Open system call (processed by IOMan).  Process
                      (    ../defs/scf.d):00165         * descriptors track state information of a path.
                      (    ../defs/scf.d):00166         *
                      (    ../defs/scf.d):00167                             ORG       PD.FST
000A                  (    ../defs/scf.d):00168         PD.DV2              RMB       2                   Output device table pointer
000C                  (    ../defs/scf.d):00169         PD.RAW              RMB       1                   Read/Write or ReadLn/WritLn mode
000D                  (    ../defs/scf.d):00170         PD.MAX              RMB       2                   ReadLn high byte count
000F                  (    ../defs/scf.d):00171         PD.MIN              RMB       1                   Devices are "mine" if clear
0010                  (    ../defs/scf.d):00172         PD.STS              RMB       2                   Status routine module addr
0012                  (    ../defs/scf.d):00173         PD.STM              RMB       2                   Reserved for status routine
                      (    ../defs/scf.d):00174                             ORG       PD.OPT
0020                  (    ../defs/scf.d):00175                             RMB       1                   Device type
0021                  (    ../defs/scf.d):00176         PD.UPC              RMB       1                   Case (0=both, 1=upper only)
0022                  (    ../defs/scf.d):00177         PD.BSO              RMB       1                   Backspace (0=BSE, 1=BSE,SP,BSE)
0023                  (    ../defs/scf.d):00178         PD.DLO              RMB       1                   Delete (0=BSE over line, 1=CRLF)
0024                  (    ../defs/scf.d):00179         PD.EKO              RMB       1                   Echo (0=No Echo)
0025                  (    ../defs/scf.d):00180         PD.ALF              RMB       1                   Auto linefeed (0=No auto LF)
0026                  (    ../defs/scf.d):00181         PD.NUL              RMB       1                   End of Line null count
0027                  (    ../defs/scf.d):00182         PD.PAU              RMB       1                   Page pause (0=No end of page pause)
0028                  (    ../defs/scf.d):00183         PD.PAG              RMB       1                   Lines per page
0029                  (    ../defs/scf.d):00184         PD.BSP              RMB       1                   Backspace character
002A                  (    ../defs/scf.d):00185         PD.DEL              RMB       1                   Delete Line character
002B                  (    ../defs/scf.d):00186         PD.EOR              RMB       1                   End of Record character (read only)
002C                  (    ../defs/scf.d):00187         PD.EOF              RMB       1                   End of File character
002D                  (    ../defs/scf.d):00188         PD.RPR              RMB       1                   Repront Line character
002E                  (    ../defs/scf.d):00189         PD.DUP              RMB       1                   Dup Last Line character
002F                  (    ../defs/scf.d):00190         PD.PSC              RMB       1                   Pause character
0030                  (    ../defs/scf.d):00191         PD.INT              RMB       1                   Keyboard interrupt character (CTRL-C)
0031                  (    ../defs/scf.d):00192         PD.QUT              RMB       1                   Keyboard quit character (CTRL-E)
0032                  (    ../defs/scf.d):00193         PD.BSE              RMB       1                   Backspace echo character
0033                  (    ../defs/scf.d):00194         PD.OVF              RMB       1                   Line overflow character (BELL)
0034                  (    ../defs/scf.d):00195         PD.PAR              RMB       1                   Parity code
0035                  (    ../defs/scf.d):00196         PD.BAU              RMB       1                   ACIA baud rate (Color Computer)
0036                  (    ../defs/scf.d):00197         PD.D2P              RMB       2                   Offset of DEV2 name
0038                  (    ../defs/scf.d):00198         PD.XON              RMB       1                   ACIA X-ON character
0039                  (    ../defs/scf.d):00199         PD.XOFF             RMB       1                   ACIA X-OFF character
     001A             (    ../defs/scf.d):00200         OPTCNT              EQU       .-PD.OPT            Total user settable options
003A                  (    ../defs/scf.d):00201         PD.ERR              RMB       1                   Most recent I/O error status
003B                  (    ../defs/scf.d):00202         PD.TBL              RMB       2                   Device table addr (copy)
003D                  (    ../defs/scf.d):00203         PD.PLP              RMB       2                   Path Descriptor List Pointer
003F                  (    ../defs/scf.d):00204         PD.PST              RMB       1                   Current path status
                      (    ../defs/scf.d):00205         
                      (    ../defs/scf.d):00206         
                      (    ../defs/scf.d):00207         * PD.PST values Path Descriptor Status byte
                      (    ../defs/scf.d):00208         *
     0001             (    ../defs/scf.d):00209         PST.DCD             EQU       %00000001           Set if DCD is lost on Serial port
                      (    ../defs/scf.d):00210         
                      (    ../defs/scf.d):00211         
                      (    ../defs/scf.d):00212         * PD.PAR definitions
                      (    ../defs/scf.d):00213         *
                      (    ../defs/scf.d):00214         * Parity
     0000             (    ../defs/scf.d):00215         PARNONE             EQU       %00000000
     0020             (    ../defs/scf.d):00216         PARODD              EQU       %00100000
     0060             (    ../defs/scf.d):00217         PAREVEN             EQU       %01100000
     00A0             (    ../defs/scf.d):00218         PARMARK             EQU       %10100000
     00E0             (    ../defs/scf.d):00219         PARSPACE            EQU       %11100000
     00E0             (    ../defs/scf.d):00220         PARMASK             EQU       %11100000
                      (    ../defs/scf.d):00221         
                      (    ../defs/scf.d):00222         * PD.BAU definitions
                      (    ../defs/scf.d):00223         *
                      (    ../defs/scf.d):00224         * Baud rate
     0000             (    ../defs/scf.d):00225         B110                EQU       %00000000
     0001             (    ../defs/scf.d):00226         B300                EQU       %00000001
     0002             (    ../defs/scf.d):00227         B600                EQU       %00000010
     0003             (    ../defs/scf.d):00228         B1200               EQU       %00000011
     0004             (    ../defs/scf.d):00229         B2400               EQU       %00000100
     0005             (    ../defs/scf.d):00230         B4800               EQU       %00000101
     0006             (    ../defs/scf.d):00231         B9600               EQU       %00000110
     0007             (    ../defs/scf.d):00232         B19200              EQU       %00000111
     0008             (    ../defs/scf.d):00233         B38400              EQU       %00001000
     0009             (    ../defs/scf.d):00234         B57600              EQU       %00001001
     000A             (    ../defs/scf.d):00235         B115200             EQU       %00001010
                      (    ../defs/scf.d):00236         * Word size
     0000             (    ../defs/scf.d):00237         WORD8               EQU       %00000000
     0020             (    ../defs/scf.d):00238         WORD7               EQU       %00100000
                      (    ../defs/scf.d):00239         * Stop bits
     0000             (    ../defs/scf.d):00240         STOP1               EQU       %00000000
     0010             (    ../defs/scf.d):00241         STOP2               EQU       %00010000
                      (    ../defs/scf.d):00242         
                      (    ../defs/scf.d):00243                             ENDC
                      (     sys6809l2.as):00011                             use       ../defs/pipe.d
                      (   ../defs/pipe.d):00001                             IFNE      PIPE.D-1
                      (   ../defs/pipe.d):00002         
     0001             (   ../defs/pipe.d):00003         PIPE.D              SET       1
                      (   ../defs/pipe.d):00004         
                      (   ../defs/pipe.d):00005         ********************************************************************
                      (   ../defs/pipe.d):00006         * PipeDefs - Pipe File Manager Definitions
                      (   ../defs/pipe.d):00007         *
                      (   ../defs/pipe.d):00008         * Edt/Rev  YYYY/MM/DD  Modified by
                      (   ../defs/pipe.d):00009         * Comment
                      (   ../defs/pipe.d):00010         * ------------------------------------------------------------------
                      (   ../defs/pipe.d):00011         *          1988/12/03  Chris J. Burke
                      (   ../defs/pipe.d):00012         * Coded from new PIPEMAN comments.
                      (   ../defs/pipe.d):00013         
                      (   ../defs/pipe.d):00014                             NAM       PipeDefs
                      (   ../defs/pipe.d):00015                             TTL       Pipe                File Manager Definitions
                      (   ../defs/pipe.d):00016         
                      (   ../defs/pipe.d):00017         *
                      (   ../defs/pipe.d):00018         *   IOMan equates duplicated for PipeMan use
                      (   ../defs/pipe.d):00019         *
                      (   ../defs/pipe.d):00020         
     0010             (   ../defs/pipe.d):00021         NPATHS              SET       16                  ;Maximum local paths per task -- must match IOMan
     001D             (   ../defs/pipe.d):00022         NameMax             SET       29                  ;Maximum length of a file name
                      (   ../defs/pipe.d):00023         
                      (   ../defs/pipe.d):00024         *
                      (   ../defs/pipe.d):00025         *   Device Driver Static Storage Layout
                      (   ../defs/pipe.d):00026         *
                      (   ../defs/pipe.d):00027                             ORG       V.User
FFFF                  (   ../defs/pipe.d):00028         V.List              RMB       2                   ;Pointer to 1st pipe's pipe buffer
     ????             (   ../defs/pipe.d):00029         PManMem             EQU       .                   ;Device driver memory (drive table equivalent)
                      (   ../defs/pipe.d):00030         
                      (   ../defs/pipe.d):00031         *
                      (   ../defs/pipe.d):00032         *   Pipe Buffer Data Structure
                      (   ../defs/pipe.d):00033         *
                      (   ../defs/pipe.d):00034                             ORG       0
0000                  (   ../defs/pipe.d):00035         PP.PD               RMB       2                   ;Pointer to shared path descriptor
0002                  (   ../defs/pipe.d):00036         PP.Next             RMB       2                   ;Pointer to next pipe buffer in system map
0004                  (   ../defs/pipe.d):00037         PP.Prev             RMB       2                   ;Pointer to previous pipe buffer in system map
0006                  (   ../defs/pipe.d):00038         PP.Rsrv             RMB       2                   ;Reserved
     0008             (   ../defs/pipe.d):00039         PP.Data             EQU       .                   ;Data buffer begins at this offset
                      (   ../defs/pipe.d):00040         
                      (   ../defs/pipe.d):00041         *
                      (   ../defs/pipe.d):00042         *   Unique Path Descriptor Variables
                      (   ../defs/pipe.d):00043         *
                      (   ../defs/pipe.d):00044                             ORG       PD.FST
                      (   ../defs/pipe.d):00045         *** PP.Read must have bit 4 clear; PP.Writ must be PP.Read XOR 4
     000A             (   ../defs/pipe.d):00046         PD.Read             EQU       .
000A                  (   ../defs/pipe.d):00047         PD.RPID             RMB       1                   ;Process ID of reader waiting on signal
000B                  (   ../defs/pipe.d):00048         PD.RCT              RMB       1                   ;Number of blocked readers
000C                  (   ../defs/pipe.d):00049         PD.RSIG             RMB       1                   ;Signal to send reader
000D                  (   ../defs/pipe.d):00050         PD.REOR             RMB       1                   ;Read EOR character
     000E             (   ../defs/pipe.d):00051         PD.Writ             EQU       .
000E                  (   ../defs/pipe.d):00052         PD.WPID             RMB       1                   ;Process ID of writer waiting on signal
000F                  (   ../defs/pipe.d):00053         PD.WCT              RMB       1                   ;Number of blocked writers
0010                  (   ../defs/pipe.d):00054         PD.WSIG             RMB       1                   ;Signal to send writer
0011                  (   ../defs/pipe.d):00055         PD.WEOR             RMB       1                   ;Write EOR character (dummy)
                      (   ../defs/pipe.d):00056         *** End of special section
0012                  (   ../defs/pipe.d):00057         PD.End              RMB       2                   ;Pointer to end of pipe buffer
0014                  (   ../defs/pipe.d):00058         PD.NxtI             RMB       2                   ;Next in pointer
0016                  (   ../defs/pipe.d):00059         PD.NxtO             RMB       2                   ;Next out pointer
0018                  (   ../defs/pipe.d):00060         PD.RFlg             RMB       1                   ;"Ready" flag
0019                  (   ../defs/pipe.d):00061         PD.Wrtn             RMB       1                   ;"Written" flag
001A                  (   ../defs/pipe.d):00062         PD.BCnt             RMB       2                   ;# queue elements currently bufered
001C                  (   ../defs/pipe.d):00063         PD.Own              RMB       1                   ;Process ID of pipe original creator
001D                  (   ../defs/pipe.d):00064         PD.Keep             RMB       1                   ;Non-zero if pipe has been kept open artificailly
001E                  (   ../defs/pipe.d):00065         PD.QSiz             RMB       2                   ;Max. elements in queue (copied from OPT section)
                      (   ../defs/pipe.d):00066         
                      (   ../defs/pipe.d):00067         *
                      (   ../defs/pipe.d):00068         *   Path descriptor option section
                      (   ../defs/pipe.d):00069         *
                      (   ../defs/pipe.d):00070         *   Note that PD.Name overlaps with the last byte of PD.ECnt.
                      (   ../defs/pipe.d):00071         *   PD.ECnt is copied to PD.QSiz as part of OPEN or CREATE,
                      (   ../defs/pipe.d):00072         *   to make room for the pipe name.
                      (   ../defs/pipe.d):00073         *
                      (   ../defs/pipe.d):00074                             ORG       (PD.OPT+1)
0021                  (   ../defs/pipe.d):00075         PD.ESiz             RMB       1                   ;Size of each queue element
0022                  (   ../defs/pipe.d):00076         PD.ECnt             RMB       2                   ;Max. elements in queue (initial position)
                      (   ../defs/pipe.d):00077                             IFGT      Level-1
                      (   ../defs/pipe.d):00078                             ORG       (PD.OPT+3)
0023                  (   ../defs/pipe.d):00079         PD.Name             RMB       NameMax
                      (   ../defs/pipe.d):00080                             ENDC
                      (   ../defs/pipe.d):00081         
                      (   ../defs/pipe.d):00082         *
                      (   ../defs/pipe.d):00083         *   Device Descriptor definitions
                      (   ../defs/pipe.d):00084         *
     0012             (   ../defs/pipe.d):00085         IT.PDC              EQU       $12                 ;Pipe device class (like IT.DTP, IT.DVC)
                      (   ../defs/pipe.d):00086                             ORG       IT.PDC
0012                  (   ../defs/pipe.d):00087                             RMB       1                   ;Leave room for device class
0013                  (   ../defs/pipe.d):00088         IT.ESiz             RMB       1                   ;Size of each queue element
0014                  (   ../defs/pipe.d):00089         IT.ECnt             RMB       2                   ;Max. elements in queue (initial position)
                      (   ../defs/pipe.d):00090         
                      (   ../defs/pipe.d):00091         *   End of pipe.d
                      (   ../defs/pipe.d):00092         
                      (   ../defs/pipe.d):00093                             ENDC
                      (   ../defs/pipe.d):00094         
                      (     sys6809l2.as):00012                             use       ../defs/rbsuper.d
                      (../defs/rbsuper.d):00001                             IFNE      RBSUPER.D-1
     0001             (../defs/rbsuper.d):00002         RBSUPER.D           SET       1
                      (../defs/rbsuper.d):00003         
                      (../defs/rbsuper.d):00004         ********************************************************************
                      (../defs/rbsuper.d):00005         * rbsuper.d - rbsuper definitions
                      (../defs/rbsuper.d):00006         *
                      (../defs/rbsuper.d):00007         * (C) 2004 Boisy G. Pitre - Licensed to Cloud-9
                      (../defs/rbsuper.d):00008         *
                      (../defs/rbsuper.d):00009         * These definitions make up the static storage environment for the
                      (../defs/rbsuper.d):00010         * rbsuper driver.  Low level drivers share these variables with
                      (../defs/rbsuper.d):00011         * rbsuper, and also have an area reserved exclusively for their use.
                      (../defs/rbsuper.d):00012         *
                      (../defs/rbsuper.d):00013         * Edt/Rev  YYYY/MM/DD  Modified by
                      (../defs/rbsuper.d):00014         * Comment
                      (../defs/rbsuper.d):00015         * ------------------------------------------------------------------
                      (../defs/rbsuper.d):00016         *          2004/04/10  Boisy G. Pitre
                      (../defs/rbsuper.d):00017         * Created.
                      (../defs/rbsuper.d):00018         *
                      (../defs/rbsuper.d):00019         *          2005/11/27  Boisy G. Pitre
                      (../defs/rbsuper.d):00020         * Moved SCSI base addresses and I/O offsets to here.
                      (../defs/rbsuper.d):00021         *
                      (../defs/rbsuper.d):00022         *          2005/12/13  Boisy G. Pitre
                      (../defs/rbsuper.d):00023         * Employed a "trick" whereby driver's U is pointed UOFFSET bytes
                      (../defs/rbsuper.d):00024         * into the static storage for faster, smaller code generation.
                      (../defs/rbsuper.d):00025         *
                      (../defs/rbsuper.d):00026         *          2005/12/13  Boisy G. Pitre
                      (../defs/rbsuper.d):00027         * Rearranged order of driver statics for smaller code size
                      (../defs/rbsuper.d):00028         
                      (../defs/rbsuper.d):00029         * Interface Address
     FF00             (../defs/rbsuper.d):00030         SDAddr              SET       $FF00
     00FF             (../defs/rbsuper.d):00031         SDMPI               SET       $FF
                      (../defs/rbsuper.d):00032         
                      (../defs/rbsuper.d):00033         *
                      (../defs/rbsuper.d):00034         * IT.DNS Definitions for all Low Level Drivers
                      (../defs/rbsuper.d):00035         *
     0008             (../defs/rbsuper.d):00036         DNS.HDB             EQU       %00001000
                      (../defs/rbsuper.d):00037         
                      (../defs/rbsuper.d):00038         *
                      (../defs/rbsuper.d):00039         * IT.DNS Definitions for Low Level SCSI Driver
                      (../defs/rbsuper.d):00040         *
     0010             (../defs/rbsuper.d):00041         DNS.TURBO           EQU       %00010000
                      (../defs/rbsuper.d):00042         
     0800             (../defs/rbsuper.d):00043         maxcache            SET       2048
     0008             (../defs/rbsuper.d):00044         DrvCount            EQU       8
     0040             (../defs/rbsuper.d):00045         llreserve           EQU       64
                      (../defs/rbsuper.d):00046         
     013F             (../defs/rbsuper.d):00047         UOFFSET             EQU       DRVBEG+(DRVMEM*DrvCount)
                      (../defs/rbsuper.d):00048         
                      (../defs/rbsuper.d):00049                             ORG       0
0000                  (../defs/rbsuper.d):00050         V.LLSema            RMB       1                   low-level semaphore variable
0001                  (../defs/rbsuper.d):00051         V.LastDrv           RMB       1                   last drive to access cache
0002                  (../defs/rbsuper.d):00052         V.PhysSect          RMB       3                   physical (HW) sector
0005                  (../defs/rbsuper.d):00053         V.LogSect           RMB       3                   logical (256 byte) sector
0008                  (../defs/rbsuper.d):00054         V.SectSize          RMB       1                   sector size
0009                  (../defs/rbsuper.d):00055         V.SectCnt           RMB       1                   number of hw sectors to read from interface
000A                  (../defs/rbsuper.d):00056         V.Log2Phys          RMB       1                   number of logical (256) byte sectors to 1 physical sector
000B                  (../defs/rbsuper.d):00057         V.CchAddr           RMB       2                   address of cache in system memory
000D                  (../defs/rbsuper.d):00058         V.CchSize           RMB       2                   size of cache in bytes
000F                  (../defs/rbsuper.d):00059         V.CchPSpot          RMB       2                   pointer to target physical sector in cache
0011                  (../defs/rbsuper.d):00060         V.CchLSpot          RMB       2                   pointer to target logical sector in cache
0013                  (../defs/rbsuper.d):00061         V.CchDirty          RMB       1                   cache dirty flag (0 = cache is stable, !0 = cache is dirty)
0014                  (../defs/rbsuper.d):00062         V.CchBase           RMB       3                   logical sector at start of cache
0017                  (../defs/rbsuper.d):00063         V.HDBDrive          RMB       1                   IT.STP (used as HDB-DOS drive number if HDB-DOS partition)
0018                  (../defs/rbsuper.d):00064         V.HDBPart           RMB       1                   HDB-DOS partition flag (0 = not HDB-DOS partition, !0 = is)
0019                  (../defs/rbsuper.d):00065         V.SSCache           RMB       DrvCount            sector size cache table for each drive
0021                  (../defs/rbsuper.d):00066         V.LLAddr            RMB       2                   low level module address
0023                  (../defs/rbsuper.d):00067         V.LLInit            RMB       2                   low level init entry point
0025                  (../defs/rbsuper.d):00068         V.LLRead            RMB       2                   low level read entry point
0027                  (../defs/rbsuper.d):00069         V.LLWrite           RMB       2                   low level write entry point
0029                  (../defs/rbsuper.d):00070         V.LLGtSt            RMB       2                   low level getstat entry point
002B                  (../defs/rbsuper.d):00071         V.LLStSt            RMB       2                   low level setstat entry point
002D                  (../defs/rbsuper.d):00072         V.LLTerm            RMB       2                   low level term entry point
                      (../defs/rbsuper.d):00073         * Low Level Driver Memory starts here
     002F             (../defs/rbsuper.d):00074         V.LLMem             EQU       .                   start of low level driver memory
002F                  (../defs/rbsuper.d):00075                             RMB       llreserve           reserved area... low level driver uses this as it wants
     0040             (../defs/rbsuper.d):00076         V.LLMemSz           EQU       .-V.LLMem
                      (../defs/rbsuper.d):00077         * Note: we trick rbsuper too so that it thinks its static storage starts at
                      (../defs/rbsuper.d):00078         * zero when it really starts beyond DRVBEG+(DRVMEM*DrvCount).
006F                  (../defs/rbsuper.d):00079                             RMB       UOFFSET
     01AE             (../defs/rbsuper.d):00080         V.RBSuper           EQU       .                   end of RBSuper's (and ll driver's) memory requirements
                      (../defs/rbsuper.d):00081         
                      (../defs/rbsuper.d):00082                             ENDC
                      (../defs/rbsuper.d):00083         
                      (     sys6809l2.as):00013                             use       ../defs/drivewire.d
                      (/defs/drivewire.d):00001                             IFNE      DRIVEWIRE.D-1
     0001             (/defs/drivewire.d):00002         DRIVEWIRE.D         SET       1
                      (/defs/drivewire.d):00003         ********************************************************************
                      (/defs/drivewire.d):00004         * drivewire.d - DriveWire Definitions File
                      (/defs/drivewire.d):00005         *
                      (/defs/drivewire.d):00006         * Ed.    Comments                                       Who YY/MM/DD
                      (/defs/drivewire.d):00007         * ------------------------------------------------------------------
                      (/defs/drivewire.d):00008         *   1    Started                                        BGP 03/04/03
                      (/defs/drivewire.d):00009         *   2    Added DWGLOBS area                             BGP 09/12/27
                      (/defs/drivewire.d):00010         
                      (/defs/drivewire.d):00011                             nam       drivewire.d
                      (/defs/drivewire.d):00012                             ttl       DriveWire Definitions File
                      (/defs/drivewire.d):00013         
                      (/defs/drivewire.d):00014         * Addresses
     FF20             (/defs/drivewire.d):00015         BBOUT               equ       $FF20
     FF22             (/defs/drivewire.d):00016         BBIN                equ       $FF22
                      (/defs/drivewire.d):00017         
                      (/defs/drivewire.d):00018          IFNE MEGAMINIMPI
01AE                  (/defs/drivewire.d):00019         MPIREG      equ    $FF7F        MPI Register
01AE                  (/defs/drivewire.d):00020         CTSMASK     equ    $F0          Get CTS
01AE                  (/defs/drivewire.d):00021         CTSSHIFT    equ    $4           Number of shifts for CTS
01AE                  (/defs/drivewire.d):00022         SCSMASK     equ    $0F          Get SCS
                      (/defs/drivewire.d):00023         
01AE                  (/defs/drivewire.d):00024         MMMSLT      equ    $05          MPI Slot(SCS) for MegaMiniMPI
                      (/defs/drivewire.d):00025         
                      (/defs/drivewire.d):00026         * Uart Base Address
01AE                  (/defs/drivewire.d):00027         MMMU1A      equ    $FF40        Address for UART 1
01AE                  (/defs/drivewire.d):00028         MMMU2A      equ    $FF50        Address for UART 2
                      (/defs/drivewire.d):00029          IFEQ MMMUART-1
01AE                  (/defs/drivewire.d):00030         MMMUARTB    equ    MMMU1A
                      (/defs/drivewire.d):00031          ENDC
                      (/defs/drivewire.d):00032          IFEQ MMMUART-2
01AE                  (/defs/drivewire.d):00033         MMMUARTB    equ    MMMU2A
                      (/defs/drivewire.d):00034          ENDC
                      (/defs/drivewire.d):00035          IFNDEF MMMUARTB
                      (/defs/drivewire.d):00036          ERROR MMMUART not defined, build with -DMMMUART=1 or -DMMMUART-2
                      (/defs/drivewire.d):00037          ENDC
                      (/defs/drivewire.d):00038         
                      (/defs/drivewire.d):00039         * 16550 Register offsets
01AE                  (/defs/drivewire.d):00040         THR         equ    $00          Transmit Holding Register
01AE                  (/defs/drivewire.d):00041         RHR         equ    $00          Recieve Holding Resister
01AE                  (/defs/drivewire.d):00042         IER         equ    $01          Interrupt Enable Register
01AE                  (/defs/drivewire.d):00043         IIR         equ    $02          Interrupt Identification Register
01AE                  (/defs/drivewire.d):00044         FCR         equ    $02          FIFO Control Register
01AE                  (/defs/drivewire.d):00045         LCR         equ    $03          Line Control Register
01AE                  (/defs/drivewire.d):00046         MCR         equ    $04          Modem Control Register
01AE                  (/defs/drivewire.d):00047         LSR         equ    $05          Line Status Register
01AE                  (/defs/drivewire.d):00048         MSR         equ    $06          Modem Status Register
01AE                  (/defs/drivewire.d):00049         SCR         equ    $07          Scratch Register
01AE                  (/defs/drivewire.d):00050         RST         equ    $08          Reset
01AE                  (/defs/drivewire.d):00051         DLL         equ    $00          Divisor Latch LSB
01AE                  (/defs/drivewire.d):00052         DLM         equ    $01          Divisor Latch MSB
01AE                  (/defs/drivewire.d):00053         DL16        equ    $0A          16-bit divisor window
                      (/defs/drivewire.d):00054         
                      (/defs/drivewire.d):00055         * 16550 Line Control Register
01AE                  (/defs/drivewire.d):00056         LCR5BIT     equ    %00000000
01AE                  (/defs/drivewire.d):00057         LCR6BIT     equ    %00000001
01AE                  (/defs/drivewire.d):00058         LCR7BIT     equ    %00000010
01AE                  (/defs/drivewire.d):00059         LCR8BIT     equ    %00000011
01AE                  (/defs/drivewire.d):00060         LCRPARN     equ    %00000000
01AE                  (/defs/drivewire.d):00061         LCRPARE     equ    %00000100
01AE                  (/defs/drivewire.d):00062         LCRPARO     equ    %00001100
                      (/defs/drivewire.d):00063         * BREAK
01AE                  (/defs/drivewire.d):00064         BRKEN       equ    %01000000
01AE                  (/defs/drivewire.d):00065         BRKDIS      equ    %10111111
                      (/defs/drivewire.d):00066         * 16550 DLAB
01AE                  (/defs/drivewire.d):00067         DLABEN      equ    %10000000
01AE                  (/defs/drivewire.d):00068         DLABDIS     equ    %01111111
                      (/defs/drivewire.d):00069         
                      (/defs/drivewire.d):00070         * 16550 Baud Rate Definitions
01AE                  (/defs/drivewire.d):00071         MMMB600        equ    3072
01AE                  (/defs/drivewire.d):00072         MMMB1200       equ    1536
01AE                  (/defs/drivewire.d):00073         MMMB2400       equ    768
01AE                  (/defs/drivewire.d):00074         MMMB4800       equ    384
01AE                  (/defs/drivewire.d):00075         MMMB9600       equ    192
01AE                  (/defs/drivewire.d):00076         MMMB19200      equ    96
01AE                  (/defs/drivewire.d):00077         MMMB38400      equ    48
01AE                  (/defs/drivewire.d):00078         MMMB57600      equ    32
01AE                  (/defs/drivewire.d):00079         MMMB115200     equ    16
01AE                  (/defs/drivewire.d):00080         MMMB230400     equ    8
01AE                  (/defs/drivewire.d):00081         MMMB460800     equ    4
01AE                  (/defs/drivewire.d):00082         MMMB921600     equ    2
01AE                  (/defs/drivewire.d):00083         MMMB1843200    equ    1
                      (/defs/drivewire.d):00084         
                      (/defs/drivewire.d):00085         * 16550 Line Status Register Defs
01AE                  (/defs/drivewire.d):00086         LSRDR       equ    %00000001    LSR:Data Ready
01AE                  (/defs/drivewire.d):00087         LSRTHRE     equ    %00100000    LSR:Transmit Holding Register Empty
01AE                  (/defs/drivewire.d):00088         LSRTE       equ    %01000000    LSR:Transmit Empty
                      (/defs/drivewire.d):00089         
                      (/defs/drivewire.d):00090         * 16550 Fifo Control Register
01AE                  (/defs/drivewire.d):00091         FCRFEN     equ    %00000001    Enable RX and TX FIFOs
01AE                  (/defs/drivewire.d):00092         FCRFDIS    equ    %11111110    Disable RX and TX FIFOs
01AE                  (/defs/drivewire.d):00093         FCRRXFCLR  equ    %00000010    Clear RX FIFO
01AE                  (/defs/drivewire.d):00094         FCRTXFCLR  equ    %00000100    Clear TX FIFO
01AE                  (/defs/drivewire.d):00095         FCRTRG1B   equ    %00000000    1-Byte FIFO Trigger
01AE                  (/defs/drivewire.d):00096         FCRTRG4B   equ    %01000000    4-Byte FIFO Trigger
01AE                  (/defs/drivewire.d):00097         FCRTRG8B   equ    %10000000    8-Byte FIFO Trigger
01AE                  (/defs/drivewire.d):00098         FCRTRG14B  equ    %11000000    14-Byte FIFO Trigger
                      (/defs/drivewire.d):00099         
                      (/defs/drivewire.d):00100         * 16550 Modem Control Register
01AE                  (/defs/drivewire.d):00101         MCRDTREN   equ    %00000001    Enable DTR Output
01AE                  (/defs/drivewire.d):00102         MCRDTRDIS  equ    %11111110    Disable DTR Output
01AE                  (/defs/drivewire.d):00103         MCRRTSEN   equ    %00000010    Enable RTS Output
01AE                  (/defs/drivewire.d):00104         MCRRTSDIS  equ    %11111101    Disable RTS Output
01AE                  (/defs/drivewire.d):00105         MCRAFEEN   equ    %00100000    Enable Auto Flow Control
01AE                  (/defs/drivewire.d):00106         MCRAFEDIS  equ    %11011111    Disable Auto Flow Control
                      (/defs/drivewire.d):00107          ENDC
                      (/defs/drivewire.d):00108         
                      (/defs/drivewire.d):00109         
                      (/defs/drivewire.d):00110         
                      (/defs/drivewire.d):00111         * Opcodes
     0001             (/defs/drivewire.d):00112         OP_NAMEOBJ_MOUNT    equ       $01                 Named Object Mount
     0002             (/defs/drivewire.d):00113         OP_NAMEOBJ_CREATE   equ       $02                 Named Object Create
     0000             (/defs/drivewire.d):00114         OP_NOP              equ       $00                 No-Op
     00FE             (/defs/drivewire.d):00115         OP_RESET1           equ       $FE                 Server Reset
     00FF             (/defs/drivewire.d):00116         OP_RESET2           equ       $FF                 Server Reset
     00F8             (/defs/drivewire.d):00117         OP_RESET3           equ       $F8                 Server Reset
     005A             (/defs/drivewire.d):00118         OP_DWINIT           equ       'Z                  DriveWire dw3 init/OS9 boot
     0023             (/defs/drivewire.d):00119         OP_TIME             equ       '#                  Current time requested
     0024             (/defs/drivewire.d):00120         OP_SETTIME          equ       '$                  Current time requested
     0049             (/defs/drivewire.d):00121         OP_INIT             equ       'I                  Init routine called
     0052             (/defs/drivewire.d):00122         OP_READ             equ       'R                  Read one sector
     0072             (/defs/drivewire.d):00123         OP_REREAD           equ       'r                  Re-read one sector
     00D2             (/defs/drivewire.d):00124         OP_READEX           equ       'R+128              Read one sector
     00F2             (/defs/drivewire.d):00125         OP_REREADEX         equ       'r+128              Re-read one sector
     0057             (/defs/drivewire.d):00126         OP_WRITE            equ       'W                  Write one sector
     0077             (/defs/drivewire.d):00127         OP_REWRIT           equ       'w                  Re-write one sector
     0047             (/defs/drivewire.d):00128         OP_GETSTA           equ       'G                  GetStat routine called
     0053             (/defs/drivewire.d):00129         OP_SETSTA           equ       'S                  SetStat routine called
     0054             (/defs/drivewire.d):00130         OP_TERM             equ       'T                  Term routine called
     0045             (/defs/drivewire.d):00131         OP_SERINIT          equ       'E
     00C5             (/defs/drivewire.d):00132         OP_SERTERM          equ       'E+128
                      (/defs/drivewire.d):00133         
                      (/defs/drivewire.d):00134         * Printer opcodes
     0050             (/defs/drivewire.d):00135         OP_PRINT            equ       'P                  Print byte to the print buffer
     0046             (/defs/drivewire.d):00136         OP_PRINTFLUSH       equ       'F                  Flush the server print buffer
                      (/defs/drivewire.d):00137         
                      (/defs/drivewire.d):00138         * Serial opcodes
     0043             (/defs/drivewire.d):00139         OP_SERREAD          equ       'C
     0063             (/defs/drivewire.d):00140         OP_SERREADM         equ       'c
     00C3             (/defs/drivewire.d):00141         OP_SERWRITE         equ       'C+128
     0044             (/defs/drivewire.d):00142         OP_SERGETSTAT       equ       'D
     00C4             (/defs/drivewire.d):00143         OP_SERSETSTAT       equ       'D+128
                      (/defs/drivewire.d):00144         
     0081             (/defs/drivewire.d):00145         SS.Timer            equ       $81
     0082             (/defs/drivewire.d):00146         SS.EE               equ       $82
                      (/defs/drivewire.d):00147         
                      (/defs/drivewire.d):00148         * for dw vfm
     00D6             (/defs/drivewire.d):00149         OP_VFM              equ       'V+128
                      (/defs/drivewire.d):00150         
                      (/defs/drivewire.d):00151         * WireBug opcodes (Server-initiated)
     0042             (/defs/drivewire.d):00152         OP_WIREBUG_MODE     equ       'B
                      (/defs/drivewire.d):00153         * WireBug opcodes (Server-initiated)
     0052             (/defs/drivewire.d):00154         OP_WIREBUG_READREGS equ       'R                  Read the CoCo's registers
     0072             (/defs/drivewire.d):00155         OP_WIREBUG_WRITEREGS equ       'r                  Write the CoCo's registers
     004D             (/defs/drivewire.d):00156         OP_WIREBUG_READMEM  equ       'M                  Read the CoCo's memory
     006D             (/defs/drivewire.d):00157         OP_WIREBUG_WRITEMEM equ       'm                  Write the CoCo's memory
     0047             (/defs/drivewire.d):00158         OP_WIREBUG_GO       equ       'G                  Tell CoCo to get out of WireBug mode and continue execution
                      (/defs/drivewire.d):00159         
                      (/defs/drivewire.d):00160         * VPort opcodes (CoCo-initiated)
     0056             (/defs/drivewire.d):00161         OP_VPORT_READ       equ       'V
     0076             (/defs/drivewire.d):00162         OP_VPORT_WRITE      equ       'v
                      (/defs/drivewire.d):00163         
                      (/defs/drivewire.d):00164         * Error definitions
     00F3             (/defs/drivewire.d):00165         E_CRC               equ       $F3                 Same as NitrOS-9 E$CRC
                      (/defs/drivewire.d):00166         
                      (/defs/drivewire.d):00167         * DW Globals Page Definitions (must be 256 bytes max)
     001F             (/defs/drivewire.d):00168         DW.StatCnt          equ       15+16
                      (/defs/drivewire.d):00169                             org       $00
0000                  (/defs/drivewire.d):00170         DW.StatTbl          rmb       DW.StatCnt          page pointers for terminal device static storage
001F                  (/defs/drivewire.d):00171         DW.VIRQPkt          rmb       Vi.PkSz
0024                  (/defs/drivewire.d):00172         DW.VIRQNOP          rmb       1
                      (/defs/drivewire.d):00173         
                      (/defs/drivewire.d):00174         
                      (/defs/drivewire.d):00175         *****************************************
                      (/defs/drivewire.d):00176         * dw3 subroutine module entry points
                      (/defs/drivewire.d):00177         *
     0000             (/defs/drivewire.d):00178         DW$Init             equ       0
     0003             (/defs/drivewire.d):00179         DW$Read             equ       3
     0006             (/defs/drivewire.d):00180         DW$Write            equ       6
     0009             (/defs/drivewire.d):00181         DW$Term             equ       9
                      (/defs/drivewire.d):00182         
                      (/defs/drivewire.d):00183         
                      (/defs/drivewire.d):00184         
                      (/defs/drivewire.d):00185         *****************************************
                      (/defs/drivewire.d):00186         * SCF Multi Terminal Driver Definitions
                      (/defs/drivewire.d):00187         *
                      (/defs/drivewire.d):00188                             org       V.SCF               ;V.SCF: free memory for driver to use
001D                  (/defs/drivewire.d):00189         SSigID              rmb       1                   ;process ID for signal on data ready
001E                  (/defs/drivewire.d):00190         SSigSg              rmb       1                   ;signal on data ready code
001F                  (/defs/drivewire.d):00191         RxDatLen            rmb       1                   ;current length of data in Rx buffer
0020                  (/defs/drivewire.d):00192         RxBufSiz            rmb       1                   ;Rx buffer size
0021                  (/defs/drivewire.d):00193         RxBufEnd            rmb       2                   ;end of Rx buffer
0023                  (/defs/drivewire.d):00194         RxBufGet            rmb       2                   ;Rx buffer output pointer
0025                  (/defs/drivewire.d):00195         RxBufPut            rmb       2                   ;Rx buffer input pointer
0027                  (/defs/drivewire.d):00196         RxGrab              rmb       1                   ;bytes to grab in multiread
0028                  (/defs/drivewire.d):00197         RxBufPtr            rmb       2                   ;pointer to Rx buffer
     00D6             (/defs/drivewire.d):00198         RxBufDSz            equ       256-.               ;default Rx buffer gets remainder of page...
002A                  (/defs/drivewire.d):00199         RxBuff              rmb       RxBufDSz            ;default Rx buffer
     0100             (/defs/drivewire.d):00200         SCFDrvMemSz         equ       .
                      (/defs/drivewire.d):00201         
                      (/defs/drivewire.d):00202                             ENDC
                      (/defs/drivewire.d):00203         
                      (     sys6809l2.as):00014         
                      (     sys6809l2.as):00015                             endsect
                      (    wildbitsl2.as):00002         
                      (    wildbitsl2.as):00003                        section                       _constant
                      (    wildbitsl2.as):00004         
                      (    wildbitsl2.as):00005                        use       ../defs/wildbits.d
                      (./defs/wildbits.d):00001                           IFNE    WILDBITS.D-1
     0001             (./defs/wildbits.d):00002         WILDBITS.D              set       1
                      (./defs/wildbits.d):00003         
                      (./defs/wildbits.d):00004         ********************************************************************
                      (./defs/wildbits.d):00005         * WildbitsDefs - NitrOS-9 System Definitions for the Wildbits 6809
                      (./defs/wildbits.d):00006         *
                      (./defs/wildbits.d):00007         * This is a high level view of the memory map as setup by
                      (./defs/wildbits.d):00008         * NitrOS-9.
                      (./defs/wildbits.d):00009         *
                      (./defs/wildbits.d):00010         *     $0000----> ==================================
                      (./defs/wildbits.d):00011         *               |                                  |
                      (./defs/wildbits.d):00012         *               |      NitrOS-9 Globals/Stack      |
                      (./defs/wildbits.d):00013         *               |                                  |
                      (./defs/wildbits.d):00014         *     $0500---->|==================================|
                      (./defs/wildbits.d):00015         *               |                                  |
                      (./defs/wildbits.d):00016         *                 . . . . . . . . . . . . . . . . .
                      (./defs/wildbits.d):00017         *               |                                  |
                      (./defs/wildbits.d):00018         *               |   RAM available for allocation   |
                      (./defs/wildbits.d):00019         *               |       by NitrOS-9 and Apps       |
                      (./defs/wildbits.d):00020         *               |                                  |
                      (./defs/wildbits.d):00021         *                 . . . . . . . . . . . . . . . . .
                      (./defs/wildbits.d):00022         *               |                                  |
                      (./defs/wildbits.d):00023         *     $FD00---->|==================================|
                      (./defs/wildbits.d):00024         *               |    Constant RAM (for Level 2)    |
                      (./defs/wildbits.d):00025         *     $FE00---->|==================================|
                      (./defs/wildbits.d):00026         *               |                I/O               |
                      (./defs/wildbits.d):00027         *               |            &  Vectors            |
                      (./defs/wildbits.d):00028         *                ==================================
                      (./defs/wildbits.d):00029         *
                      (./defs/wildbits.d):00030         * Edt/Rev  YYYY/MM/DD  Modified by
                      (./defs/wildbits.d):00031         * Comment
                      (./defs/wildbits.d):00032         * ------------------------------------------------------------------
                      (./defs/wildbits.d):00033         *          2023/02/07  Boisy G. Pitre
                      (./defs/wildbits.d):00034         * Started.
                      (./defs/wildbits.d):00035         *
                      (./defs/wildbits.d):00036         *          2023/08/16  Boisy G. Pitre
                      (./defs/wildbits.d):00037         * Modified to address new memory map that Stefany created.
                      (./defs/wildbits.d):00038         
                      (./defs/wildbits.d):00039         ********************************************************************
                      (./defs/wildbits.d):00040         * Ticks per second.
                      (./defs/wildbits.d):00041         *
     003C             (./defs/wildbits.d):00042         TkPerSec            set       60
                      (./defs/wildbits.d):00043         
                      (./defs/wildbits.d):00044                           IFEQ    Level-1
                      (./defs/wildbits.d):00045         
                      (./defs/wildbits.d):00046         ********************************************************************
                      (./defs/wildbits.d):00047         *
                      (./defs/wildbits.d):00048         * NitrOS-9 Level 1 Section
                      (./defs/wildbits.d):00049         *
                      (./defs/wildbits.d):00050         ********************************************************************
                      (./defs/wildbits.d):00051         
                      (./defs/wildbits.d):00052         ********************************************************************
                      (./defs/wildbits.d):00053         * Boot definitions for NitrOS-9 Level 1
                      (./defs/wildbits.d):00054         *
                      (./defs/wildbits.d):00055         * These definitions are not strictly for 'Boot', but are for booting the
                      (./defs/wildbits.d):00056         * system.
                      (./defs/wildbits.d):00057         *
0000                  (./defs/wildbits.d):00058         HW.Page             set       $FF       device descriptor hardware page
                      (./defs/wildbits.d):00059         
                      (./defs/wildbits.d):00060                           ELSE
                      (./defs/wildbits.d):00061         
     0007             (./defs/wildbits.d):00062         HW.Page             set       $07       device descriptor hardware page
     EE00             (./defs/wildbits.d):00063         Bt.Start            set       $EE00     start address of where KRN is in memory
                      (./defs/wildbits.d):00064         
                      (./defs/wildbits.d):00065         *************************************************
                      (./defs/wildbits.d):00066         *
                      (./defs/wildbits.d):00067         * NitrOS-9 Level 2 Section
                      (./defs/wildbits.d):00068         *
                      (./defs/wildbits.d):00069         *************************************************
                      (./defs/wildbits.d):00070         
                      (./defs/wildbits.d):00071         ****************************************
                      (./defs/wildbits.d):00072         * Dynamic Address Translator Definitions
                      (./defs/wildbits.d):00073         *
     0008             (./defs/wildbits.d):00074         DAT.BlCt            EQU       8         DAT blocks/address space
     2000             (./defs/wildbits.d):00075         DAT.BlSz            EQU       (256/DAT.BlCt)*256 DAT block size
     0010             (./defs/wildbits.d):00076         DAT.ImSz            EQU       DAT.BlCt*2 DAT image size
     FFE0             (./defs/wildbits.d):00077         DAT.Addr            EQU       -(DAT.BlSz/256) DAT MSB address bits
     FFA0             (./defs/wildbits.d):00078         DAT.Task            EQU       $FFA0     task register address
     0020             (./defs/wildbits.d):00079         DAT.TkCt            EQU       32        number of DAT tasks
     FFA8             (./defs/wildbits.d):00080         DAT.Regs            EQU       $FFA8     DAT block registers base address
     333E             (./defs/wildbits.d):00081         DAT.Free            EQU       $333E     free block number
     003F             (./defs/wildbits.d):00082         DAT.BlMx            EQU       $3F       maximum block number
     0040             (./defs/wildbits.d):00083         DAT.BMSz            EQU       $40       memory block map size
     0000             (./defs/wildbits.d):00084         DAT.WrPr            EQU       0         no write protect
     0000             (./defs/wildbits.d):00085         DAT.WrEn            EQU       0         no write enable
     0000             (./defs/wildbits.d):00086         SysTask             EQU       0         CoCo system task number
     003F             (./defs/wildbits.d):00087         IOBlock             EQU       $3F
     003F             (./defs/wildbits.d):00088         ROMBlock            EQU       $3F
     007F             (./defs/wildbits.d):00089         IOAddr              EQU       $7F
     0001             (./defs/wildbits.d):00090         ROMCount            EQU       1         number of blocks of ROM (high RAM block)
     0001             (./defs/wildbits.d):00091         RAMCount            EQU       1         initial blocks of RAM
     0005             (./defs/wildbits.d):00092         MoveBlks            EQU       DAT.BlCt-ROMCount-2 block numbers used for copies
     0001             (./defs/wildbits.d):00093         BlockTyp            EQU       1         check only first bytes of RAM block
     0002             (./defs/wildbits.d):00094         ByteType            EQU       2         check entire block of RAM
     0001             (./defs/wildbits.d):00095         Limited             EQU       1         check only upper memory for ROM modules
     0002             (./defs/wildbits.d):00096         UnLimitd            EQU       2         check all NotRAM for modules
                      (./defs/wildbits.d):00097         * NOTE: this check assumes any NotRAM with a module will
                      (./defs/wildbits.d):00098         *       always start with $87CD in first two bytes of block
     0001             (./defs/wildbits.d):00099         RAMCheck            EQU       BlockTyp  check only beg bytes of block
     0001             (./defs/wildbits.d):00100         ROMCheck            EQU       Limited   check only upper few blocks for ROM
     003F             (./defs/wildbits.d):00101         LastRAM             EQU       IOBlock   maximum RAM block number
                      (./defs/wildbits.d):00102         
     0007             (./defs/wildbits.d):00103         HW.Page             SET       $7        device descriptor hardware page
                      (./defs/wildbits.d):00104         
                      (./defs/wildbits.d):00105         * KrnBlk defines the block number of the 8K RAM block that is mapped to
                      (./defs/wildbits.d):00106         * the top of CPU address space ($E000-$FFFF) for the system process, and
                      (./defs/wildbits.d):00107         * which holds the Kernel. The top 3 pages of this CPU address space ($FD00-
                      (./defs/wildbits.d):00108         * $FFFF) have two special properties. First, $FE00-$FFFF contains the I/O space.
                      (./defs/wildbits.d):00109         * Second, $FD00-$FDFFF isn't affected by the DAT mappings but, instead,
                      (./defs/wildbits.d):00110         * remains constant regardless of what block is mapped in at slot 7.
                      (./defs/wildbits.d):00111         * When a user process is mapped in, and requests enough memory, it will end up
                      (./defs/wildbits.d):00112         * with its own block assigned for CPU address space $E000-
                      (./defs/wildbits.d):00113         * $FFFF but $FD00-$FFFF is unusable by the user process.
     0007             (./defs/wildbits.d):00114         KrnBlk              SET       $7
                      (./defs/wildbits.d):00115         
                      (./defs/wildbits.d):00116                           ENDC
                      (./defs/wildbits.d):00117         
                      (./defs/wildbits.d):00118         ********************************************************************
                      (./defs/wildbits.d):00119         * Custom SetStats
                      (./defs/wildbits.d):00120         *
                      (./defs/wildbits.d):00121                             org       $C0
00C0                  (./defs/wildbits.d):00122         SS.FntLoadM         rmb       1
00C1                  (./defs/wildbits.d):00123         SS.FntLoadF         rmb       1
00C2                  (./defs/wildbits.d):00124         SS.FntChar          rmb       1
00C3                  (./defs/wildbits.d):00125         SS.SOLIRQ           rmb       1
00C4                  (./defs/wildbits.d):00126         SS.SOLMUTE          rmb       1
                      (./defs/wildbits.d):00127         
                      (./defs/wildbits.d):00128         ********************************************************************
                      (./defs/wildbits.d):00129         * System control definitions
                      (./defs/wildbits.d):00130         *
     FE00             (./defs/wildbits.d):00131         SYS0                equ       $FE00
     FE01             (./defs/wildbits.d):00132         SYS1                equ       $FE01
     FE02             (./defs/wildbits.d):00133         RST0                equ       $FE02
     FE03             (./defs/wildbits.d):00134         RST1                equ       $FE03
                      (./defs/wildbits.d):00135         
     0080             (./defs/wildbits.d):00136         SYS_RESET           equ       %10000000
     0020             (./defs/wildbits.d):00137         SYS_CAP_EN          equ       %00100000
     0010             (./defs/wildbits.d):00138         SYS_BUZZ            equ       %00010000
     0008             (./defs/wildbits.d):00139         SYS_L1              equ       %00001000
     0004             (./defs/wildbits.d):00140         SYS_L0              equ       %00000100
     0002             (./defs/wildbits.d):00141         SYS_SD_L            equ       %00000010
     0001             (./defs/wildbits.d):00142         SYS_PWR_L           equ       %00000001
                      (./defs/wildbits.d):00143         
     0080             (./defs/wildbits.d):00144         SYS_SD_WP           equ       %10000000
     0040             (./defs/wildbits.d):00145         SYS_SD_CD           equ       %01000000
     00C0             (./defs/wildbits.d):00146         SYS_L1_RATE         equ       %11000000
     0030             (./defs/wildbits.d):00147         SYS_L0_RATE         equ       %00110000
     0008             (./defs/wildbits.d):00148         SYS_SID_ST          equ       %00001000
     0004             (./defs/wildbits.d):00149         SYS_PSG_ST          equ       %00000100
     0002             (./defs/wildbits.d):00150         SYS_L1_MN           equ       %00000010
     0001             (./defs/wildbits.d):00151         SYS_L0_MN           equ       %00000001
                      (./defs/wildbits.d):00152         
                      (./defs/wildbits.d):00153         ********************************************************************
                      (./defs/wildbits.d):00154         * MMU definitions
                      (./defs/wildbits.d):00155         *
     FFA0             (./defs/wildbits.d):00156         MMU_MEM_CTRL        equ       $FFA0
     FFA1             (./defs/wildbits.d):00157         MMU_IO_CTRL         equ       $FFA1
     FFA8             (./defs/wildbits.d):00158         MMU_SLOT_BASE       equ       $FFA8
     FFA8             (./defs/wildbits.d):00159         MMU_SLOT_0          equ       MMU_SLOT_BASE+0 $0000-$1FFF
     FFA9             (./defs/wildbits.d):00160         MMU_SLOT_1          equ       MMU_SLOT_BASE+1 $2000-$3FFF
     FFAA             (./defs/wildbits.d):00161         MMU_SLOT_2          equ       MMU_SLOT_BASE+2 $4000-$5FFF
     FFAB             (./defs/wildbits.d):00162         MMU_SLOT_3          equ       MMU_SLOT_BASE+3 $6000-$7FFF
     FFAC             (./defs/wildbits.d):00163         MMU_SLOT_4          equ       MMU_SLOT_BASE+4 $8000-$9FFF
     FFAD             (./defs/wildbits.d):00164         MMU_SLOT_5          equ       MMU_SLOT_BASE+5 $A000-$BFFF
     FFAE             (./defs/wildbits.d):00165         MMU_SLOT_6          equ       MMU_SLOT_BASE+6 $C000-$DFFF
     FFAF             (./defs/wildbits.d):00166         MMU_SLOT_7          equ       MMU_SLOT_BASE+7 $E000-$FFFF
                      (./defs/wildbits.d):00167         
                      (./defs/wildbits.d):00168         * MMU_MEM_CTRL bits
     0030             (./defs/wildbits.d):00169         EDIT_LUT            equ       %00110000
     0000             (./defs/wildbits.d):00170         EDIT_LUT_0          equ       %00000000
     0010             (./defs/wildbits.d):00171         EDIT_LUT_1          equ       %00010000
     0020             (./defs/wildbits.d):00172         EDIT_LUT_2          equ       %00100000
     0030             (./defs/wildbits.d):00173         EDIT_LUT_3          equ       %00110000
     0000             (./defs/wildbits.d):00174         ACT_LUT             equ       %00000000
     0000             (./defs/wildbits.d):00175         ACT_LUT_0           equ       %00000000
     0001             (./defs/wildbits.d):00176         ACT_LUT_1           equ       %00000001
     0002             (./defs/wildbits.d):00177         ACT_LUT_2           equ       %00000010
     0003             (./defs/wildbits.d):00178         ACT_LUT_3           equ       %00000011
                      (./defs/wildbits.d):00179         
     0008             (./defs/wildbits.d):00180         LUT_BANK_0          equ       $0008
     0009             (./defs/wildbits.d):00181         LUT_BANK_1          equ       $0009
     000A             (./defs/wildbits.d):00182         LUT_BANK_2          equ       $000A
     000B             (./defs/wildbits.d):00183         LUT_BANK_3          equ       $000B
     000C             (./defs/wildbits.d):00184         LUT_BANK_4          equ       $000C
     000D             (./defs/wildbits.d):00185         LUT_BANK_5          equ       $000D
     000E             (./defs/wildbits.d):00186         LUT_BANK_6          equ       $000E
     000F             (./defs/wildbits.d):00187         LUT_BANK_7          equ       $000F
                      (./defs/wildbits.d):00188         
                      (./defs/wildbits.d):00189         * MMU_IO_CTRL bits
                      (./defs/wildbits.d):00190         * $FFA1 has 2 bits:
                      (./defs/wildbits.d):00191         *    FFA1[0] =
                      (./defs/wildbits.d):00192         *        1 = Enable internal RAM for segment $FD00-$FDFF.
                      (./defs/wildbits.d):00193         *        0 = Disable; RAM/FLASH is accessible.
                      (./defs/wildbits.d):00194         *
                      (./defs/wildbits.d):00195         *    FFA1[1] =
                      (./defs/wildbits.d):00196         *        1 = Enable internal RAM for segment $FFF0-$FFFF
                      (./defs/wildbits.d):00197         *        0 = Disable; RAM/FLASH is accessible.
                      (./defs/wildbits.d):00198         * When enabled, the areas supersede RAM/flash, but will be disabled by RESET. When the system resets,
                      (./defs/wildbits.d):00199         * those regions revert to RAM/flash. Also at RESET, the contents of RAM retain the old values until the
                      (./defs/wildbits.d):00200         * system powers off.
                      (./defs/wildbits.d):00201         
                      (./defs/wildbits.d):00202         ********************************************************************
                      (./defs/wildbits.d):00203         * Interrupt definitions
                      (./defs/wildbits.d):00204         *
                      (./defs/wildbits.d):00205         * Interrupt addresses
     FE20             (./defs/wildbits.d):00206         INT_PENDING_0       equ       $FE20
     FE24             (./defs/wildbits.d):00207         INT_POLARITY_0      equ       $FE24
     FE28             (./defs/wildbits.d):00208         INT_EDGE_0          equ       $FE28
     FE2C             (./defs/wildbits.d):00209         INT_MASK_0          equ       $FE2C
                      (./defs/wildbits.d):00210         
     FE21             (./defs/wildbits.d):00211         INT_PENDING_1       equ       $FE21
     FE25             (./defs/wildbits.d):00212         INT_POLARITY_1      equ       $FE25
     FE29             (./defs/wildbits.d):00213         INT_EDGE_1          equ       $FE29
     FE2D             (./defs/wildbits.d):00214         INT_MASK_1          equ       $FE2D
                      (./defs/wildbits.d):00215         
     FE22             (./defs/wildbits.d):00216         INT_PENDING_2       equ       $FE22     not used
     FE26             (./defs/wildbits.d):00217         INT_POLARITY_2      equ       $FE26     not used
     FE2A             (./defs/wildbits.d):00218         INT_EDGE_2          equ       $FE2A     not used
     FE2E             (./defs/wildbits.d):00219         INT_MASK_2          equ       $FE2E     not used
                      (./defs/wildbits.d):00220         
     FE23             (./defs/wildbits.d):00221         INT_PENDING_3       equ       $FE23     not used
     FE27             (./defs/wildbits.d):00222         INT_POLARITY_3      equ       $FE27     not used
     FE2B             (./defs/wildbits.d):00223         INT_EDGE_3          equ       $FE2B     not used
     FE2F             (./defs/wildbits.d):00224         INT_MASK_3          equ       $FE2F     not used
                      (./defs/wildbits.d):00225         
                      (./defs/wildbits.d):00226         * Interrupt group 0 flags
     0001             (./defs/wildbits.d):00227         INT_VKY_SOF         equ       %00000001 TinyVicky start of frame interrupt
     0002             (./defs/wildbits.d):00228         INT_VKY_SOL         equ       %00000010 TinyVicky start of line interrupt
     0004             (./defs/wildbits.d):00229         INT_PS2_KBD         equ       %00000100 PS/2 keyboard event
     0008             (./defs/wildbits.d):00230         INT_PS2_MOUSE       equ       %00001000 PS/2 mouse event
     0010             (./defs/wildbits.d):00231         INT_TIMER_0         equ       %00010000 TIMER0 has reached its target value
     0020             (./defs/wildbits.d):00232         INT_TIMER_1         equ       %00100000 TIMER1 has reached its target value
     0080             (./defs/wildbits.d):00233         INT_CARTRIDGE       equ       %10000000 Interrupt asserted by the cartridge
                      (./defs/wildbits.d):00234         
                      (./defs/wildbits.d):00235         * Interrupt group 1 flags
     0001             (./defs/wildbits.d):00236         INT_UART            equ       %00000001 UART is ready to receive or send data
     0010             (./defs/wildbits.d):00237         INT_RTC             equ       %00010000 event from the real time clock chip
     0020             (./defs/wildbits.d):00238         INT_VIA0            equ       %00100000 event from the 65C22 VIA chip
     0040             (./defs/wildbits.d):00239         INT_VIA1            equ       %01000000 K Only: local keyboard
     0040             (./defs/wildbits.d):00240         INT_SDC_INS         equ       %01000000 user has inserted an SD card
                      (./defs/wildbits.d):00241         
                      (./defs/wildbits.d):00242         * Interrupt group 2 flags
     0001             (./defs/wildbits.d):00243         IEC_DATA_i          equ       %00000001 IEC data in
     0002             (./defs/wildbits.d):00244         IEC_CLK_i           equ       %00000010 IEC clock in
     0004             (./defs/wildbits.d):00245         IEC_ATN_i           equ       %00000100 IEC ATN in
     0008             (./defs/wildbits.d):00246         IEC_SREQ_i          equ       %00001000 IEC SREQ in
                      (./defs/wildbits.d):00247         
                      (./defs/wildbits.d):00248         ********************************************************************
                      (./defs/wildbits.d):00249         * Keyboard definitions
                      (./defs/wildbits.d):00250         *
     FE50             (./defs/wildbits.d):00251         PS2_CTRL            equ       $FE50
     FE51             (./defs/wildbits.d):00252         PS2_OUT             equ       $FE51
     FE52             (./defs/wildbits.d):00253         KBD_IN              equ       $FE52
     FE53             (./defs/wildbits.d):00254         MS_IN               equ       $FE53
     FE54             (./defs/wildbits.d):00255         PS2_STAT            equ       $FE54
                      (./defs/wildbits.d):00256         
     0020             (./defs/wildbits.d):00257         MCLR                equ       %00100000
     0010             (./defs/wildbits.d):00258         KCLR                equ       %00010000
     0008             (./defs/wildbits.d):00259         M_WR                equ       %00001000
     0002             (./defs/wildbits.d):00260         K_WR                equ       %00000010
                      (./defs/wildbits.d):00261         
     0080             (./defs/wildbits.d):00262         K_AK                equ       %10000000
     0040             (./defs/wildbits.d):00263         K_NK                equ       %01000000
     0020             (./defs/wildbits.d):00264         M_AK                equ       %00100000
     0010             (./defs/wildbits.d):00265         M_NK                equ       %00010000
     0002             (./defs/wildbits.d):00266         MEMP                equ       %00000010
     0001             (./defs/wildbits.d):00267         KEMP                equ       %00000001
                      (./defs/wildbits.d):00268         
                      (./defs/wildbits.d):00269         ********************************************************************
                      (./defs/wildbits.d):00270         * Mouse definitions
                      (./defs/wildbits.d):00271         * $FEA0-$FEAF
                      (./defs/wildbits.d):00272         * Mouse Mode is bit 1 of MS_MEM (Mouse Mode-Enable)
                      (./defs/wildbits.d):00273         * 0=System handles x/y  1=harware interprets PS/2 packets
                      (./defs/wildbits.d):00274         * Enable is bit 0.  1=show mouse pointer 0 = hide mouse pointer
     FEA0             (./defs/wildbits.d):00275         MS_MEN              equ       $FEA0     mouse mode-enable
     FEA2             (./defs/wildbits.d):00276         MS_XH               equ       $FEA2     mouse x low byte
     FEA3             (./defs/wildbits.d):00277         MS_XL               equ       $FEA3     mouse x high byte           
     FEA4             (./defs/wildbits.d):00278         MS_YH               equ       $FEA4     mouse y low byte
     FEA5             (./defs/wildbits.d):00279         MS_YL               equ       $FEA5     mouse y high byte
     FEA6             (./defs/wildbits.d):00280         MS_PS2B0            equ       $FEA6     mouse PS/2 Byte 0
     FEA7             (./defs/wildbits.d):00281         MS_PS2B1            equ       $FEA7     mouse PS/2 Byte 1
     FEA8             (./defs/wildbits.d):00282         MS_PS2B2            equ       $FEA8     mouse PS/2 Byte 2
     0028             (./defs/wildbits.d):00283         MS_SRATE            equ       $28       mouse sample rate $A,$14,$28,$3C,$50,$64,$C8
                      (./defs/wildbits.d):00284         
                      (./defs/wildbits.d):00285         ********************************************************************
                      (./defs/wildbits.d):00286         * K2 optical keyboard definitions
                      (./defs/wildbits.d):00287         *
     FE10             (./defs/wildbits.d):00288         OKB.Base            equ       $FE10
                      (./defs/wildbits.d):00289                             org       0
0000                  (./defs/wildbits.d):00290         OKB.Data            rmb       1         keyboard data
0001                  (./defs/wildbits.d):00291         OKB.Stat            rmb       1         bit 7 = 1 (mechanical) or 0 (optical), bit 0 = 1 (FIFO empty) or 0 (FIFO full)
0002                  (./defs/wildbits.d):00292         OKB.CntLo           rmb       1
0003                  (./defs/wildbits.d):00293         OKB.CntHi           rmb       1
                      (./defs/wildbits.d):00294         
                      (./defs/wildbits.d):00295         ********************************************************************
                      (./defs/wildbits.d):00296         * Timer definitions
                      (./defs/wildbits.d):00297         *
                      (./defs/wildbits.d):00298         * Timer addresses
     FE30             (./defs/wildbits.d):00299         T0_CTR              equ       $FE30     timer 0 counter (write)
     FE30             (./defs/wildbits.d):00300         T0_STAT             equ       $FE30     timer 0 status (read)
     FE31             (./defs/wildbits.d):00301         T0_VAL              equ       $FE31     timer 0 value (read/write)
     FE34             (./defs/wildbits.d):00302         T0_CMP_CTR          equ       $FE34     timer 0 compare counter (read/write)
     FE35             (./defs/wildbits.d):00303         T0_CMP              equ       $FE35     timer 0 compare value (read/write)
     FE38             (./defs/wildbits.d):00304         T1_CTR              equ       $FE38     timer 1 counter (write)
     FE38             (./defs/wildbits.d):00305         T1_STAT             equ       $FE38     timer 1 status (read)
     FE39             (./defs/wildbits.d):00306         T1_VAL              equ       $FE39     timer 1 value (read/write)
     FE3C             (./defs/wildbits.d):00307         T1_CMP_CTR          equ       $FE3C     timer 1 compare counter (read/write)
     FE3D             (./defs/wildbits.d):00308         T1_CMP              equ       $FE3D     timer 1 compare value (read/write)
                      (./defs/wildbits.d):00309         
                      (./defs/wildbits.d):00310         ********************************************************************
                      (./defs/wildbits.d):00311         * VIA (W65C22S) definitions
                      (./defs/wildbits.d):00312         *
                      (./defs/wildbits.d):00313         * VIA addresses
     FEB0             (./defs/wildbits.d):00314         VIA0.Base           equ       $FEB0
     FFB0             (./defs/wildbits.d):00315         VIA1.Base           equ       $FFB0
                      (./defs/wildbits.d):00316                             org       0
0000                  (./defs/wildbits.d):00317         VIA_ORB_IRB         rmb       1         port b data
0001                  (./defs/wildbits.d):00318         VIA_ORA_IRA         rmb       1         port a data
0002                  (./defs/wildbits.d):00319         VIA_DDRB            rmb       1         port b data direction register
0003                  (./defs/wildbits.d):00320         VIA_DDRA            rmb       1         port a data direction register
0004                  (./defs/wildbits.d):00321         VIA_T1CL            rmb       1         timer 1 counter low
0005                  (./defs/wildbits.d):00322         VIA_T1CH            rmb       1         timer 1 counter high
0006                  (./defs/wildbits.d):00323         VIA_T1LL            rmb       1         timer 1 latch low
0007                  (./defs/wildbits.d):00324         VIA_T1LH            rmb       1         timer 1 latch high
0008                  (./defs/wildbits.d):00325         VIA_T2CL            rmb       1         timer 2 counter low
0009                  (./defs/wildbits.d):00326         VIA_T2CH            rmb       1         timer 2 counter high
000A                  (./defs/wildbits.d):00327         VIA_SR              rmb       1         serial data register
000B                  (./defs/wildbits.d):00328         VIA_ACR             rmb       1         auxiliary control register
000C                  (./defs/wildbits.d):00329         VIA_PCR             rmb       1         peripheral control register
000D                  (./defs/wildbits.d):00330         VIA_IFR             rmb       1         interrupt flag register
000E                  (./defs/wildbits.d):00331         VIA_IER             rmb       1         interrupt enable register
000F                  (./defs/wildbits.d):00332         VIA_ORA_IRA_AUX     rmb       1         port a data (no handshake)
                      (./defs/wildbits.d):00333         
                      (./defs/wildbits.d):00334         * ACR control register values
     00C0             (./defs/wildbits.d):00335         T1_CTRL             equ       %11000000
     0020             (./defs/wildbits.d):00336         T2_CTRL             equ       %00100000
     001C             (./defs/wildbits.d):00337         SR_CTRL             equ       %00011100
     0002             (./defs/wildbits.d):00338         PBL_EN              equ       %00000010
     0001             (./defs/wildbits.d):00339         PAL_EN              equ       %00000001
                      (./defs/wildbits.d):00340         
                      (./defs/wildbits.d):00341         * PCR control register values
     00E0             (./defs/wildbits.d):00342         CB2_CTRL            equ       %11100000
     0010             (./defs/wildbits.d):00343         CB1_CTRL            equ       %00010000
     000E             (./defs/wildbits.d):00344         CA2_CTRL            equ       %00001110
     0001             (./defs/wildbits.d):00345         CA1_CTRL            equ       %00000001
                      (./defs/wildbits.d):00346         
                      (./defs/wildbits.d):00347         * IFR control register values
     0080             (./defs/wildbits.d):00348         IRQF                equ       %10000000
     0040             (./defs/wildbits.d):00349         T1F                 equ       %01000000
     0020             (./defs/wildbits.d):00350         T2F                 equ       %00100000
     0010             (./defs/wildbits.d):00351         CB1F                equ       %00010000
     0008             (./defs/wildbits.d):00352         CB2F                equ       %00001000
     0004             (./defs/wildbits.d):00353         SRF                 equ       %00000100
     0002             (./defs/wildbits.d):00354         CA1F                equ       %00000010
     0001             (./defs/wildbits.d):00355         CA2F                equ       %00000001
                      (./defs/wildbits.d):00356         
                      (./defs/wildbits.d):00357         * IER control register values
     0080             (./defs/wildbits.d):00358         IERSET              equ       %10000000
     0040             (./defs/wildbits.d):00359         T1E                 equ       %01000000
     0020             (./defs/wildbits.d):00360         T2E                 equ       %00100000
     0010             (./defs/wildbits.d):00361         CB1E                equ       %00010000
     0008             (./defs/wildbits.d):00362         CB2E                equ       %00001000
     0004             (./defs/wildbits.d):00363         SRE                 equ       %00000100
     0002             (./defs/wildbits.d):00364         CA1E                equ       %00000010
     0001             (./defs/wildbits.d):00365         CA2E                equ       %00000001
                      (./defs/wildbits.d):00366         
                      (./defs/wildbits.d):00367         ********************************************************************
                      (./defs/wildbits.d):00368         * Real-time clock definitions
                      (./defs/wildbits.d):00369         *
     FE40             (./defs/wildbits.d):00370         RTC.Base            equ       0xFE40
                      (./defs/wildbits.d):00371                             org       0
0000                  (./defs/wildbits.d):00372         RTC_SEC             rmb       1         seconds register
0001                  (./defs/wildbits.d):00373         RTC_SEC_ALARM       rmb       1         seconds alarm register
0002                  (./defs/wildbits.d):00374         RTC_MIN             rmb       1         minutes register
0003                  (./defs/wildbits.d):00375         RTC_MIN_ALARM       rmb       1         minutes alarm register
0004                  (./defs/wildbits.d):00376         RTC_HRS             rmb       1         hours register
0005                  (./defs/wildbits.d):00377         RTC_HRS_ALARM       rmb       1         hours alarm register
0006                  (./defs/wildbits.d):00378         RTC_DAY             rmb       1         day register
0007                  (./defs/wildbits.d):00379         RTC_DAY_ALARM       rmb       1         day alarm register
0008                  (./defs/wildbits.d):00380         RTC_DOW             rmb       1         day of week register
0009                  (./defs/wildbits.d):00381         RTC_MONTH           rmb       1         month register
000A                  (./defs/wildbits.d):00382         RTC_YEAR            rmb       1         year register
000B                  (./defs/wildbits.d):00383         RTC_RATES           rmb       1         rates register
000C                  (./defs/wildbits.d):00384         RTC_ENABLE          rmb       1         enables register
000D                  (./defs/wildbits.d):00385         RTC_FLAGS           rmb       1         flags register
000E                  (./defs/wildbits.d):00386         RTC_CTRL            rmb       1         control register
000F                  (./defs/wildbits.d):00387         RTC_CENTURY         rmb       1         century register
                      (./defs/wildbits.d):00388         
     0002             (./defs/wildbits.d):00389         RTC_24HR            equ       $02       12/24 hour flag (1 = 24 Hr, 0 = 12 Hr)
     0004             (./defs/wildbits.d):00390         RTC_STOP            equ       $04       0 = STOP when power off, 1 = run from battery when power off
     0008             (./defs/wildbits.d):00391         RTC_UTI             equ       $08       update transfer inhibit
                      (./defs/wildbits.d):00392         
                      (./defs/wildbits.d):00393         ********************************************************************
                      (./defs/wildbits.d):00394         * Joystick port definitions
                      (./defs/wildbits.d):00395         *
                      (./defs/wildbits.d):00396         
                      (./defs/wildbits.d):00397         * Port A (Joystick Port 1)
     0001             (./defs/wildbits.d):00398         JOYA_UP             equ       0x01
     0002             (./defs/wildbits.d):00399         JOYA_DWN            equ       0x02
     0004             (./defs/wildbits.d):00400         JOYA_LFT            equ       0x04
     0008             (./defs/wildbits.d):00401         JOTA_RGT            equ       0x08
     0010             (./defs/wildbits.d):00402         JOTA_BUT0           equ       0x10
     0020             (./defs/wildbits.d):00403         JOYA_BUT1           equ       0x20
     0040             (./defs/wildbits.d):00404         JOYA_BUT2           equ       0x40
                      (./defs/wildbits.d):00405         
                      (./defs/wildbits.d):00406         * Port B (Joystick Port 0)
     0001             (./defs/wildbits.d):00407         JOYB_UP             equ       0x01
     0002             (./defs/wildbits.d):00408         JOYB_DWN            equ       0x02
     0004             (./defs/wildbits.d):00409         JOYB_LFT            equ       0x04
     0008             (./defs/wildbits.d):00410         JOTB_RGT            equ       0x08
     0010             (./defs/wildbits.d):00411         JOTB_BUT0           equ       0x10
     0020             (./defs/wildbits.d):00412         JOYB_BUT1           equ       0x20
     0040             (./defs/wildbits.d):00413         JOYB_BUT2           equ       0x40
                      (./defs/wildbits.d):00414         
                      (./defs/wildbits.d):00415         ********************************************************************
                      (./defs/wildbits.d):00416         * UART definition
                      (./defs/wildbits.d):00417         *
     FE60             (./defs/wildbits.d):00418         UART.Base           equ       0xFE60
                      (./defs/wildbits.d):00419         
                      (./defs/wildbits.d):00420         ********************************************************************
                      (./defs/wildbits.d):00421         * CODEC definitions
                      (./defs/wildbits.d):00422         *
     FE70             (./defs/wildbits.d):00423         CODEC.Base          equ       $FE70
                      (./defs/wildbits.d):00424                             org       0
0000                  (./defs/wildbits.d):00425         CODECCmdLo          rmb       1
0001                  (./defs/wildbits.d):00426         CODECCmdHi          rmb       1
0002                  (./defs/wildbits.d):00427         CODECStat           rmb       1
     0002             (./defs/wildbits.d):00428         CODECCtrl           equ       CODECStat
                      (./defs/wildbits.d):00429         
                      (./defs/wildbits.d):00430         
                      (./defs/wildbits.d):00431         ******************************************************************
                      (./defs/wildbits.d):00432         * Bitmap definitions
                      (./defs/wildbits.d):00433         *
     00C0             (./defs/wildbits.d):00434         GAMMA_BLK           equ       $C0
                      (./defs/wildbits.d):00435         
                      (./defs/wildbits.d):00436         ******************************************************************
                      (./defs/wildbits.d):00437         * Text lookup definitions
                      (./defs/wildbits.d):00438         *
     00C0             (./defs/wildbits.d):00439         TEXT_LUT_BLK        equ       $C0
     1700             (./defs/wildbits.d):00440         TEXT_LUT_FG         equ       $1700
     1740             (./defs/wildbits.d):00441         TEXT_LUT_BG         equ       $1740
                      (./defs/wildbits.d):00442         
                      (./defs/wildbits.d):00443         ********************************************************************
                      (./defs/wildbits.d):00444         * Font definitions
                      (./defs/wildbits.d):00445         *
     00C1             (./defs/wildbits.d):00446         FONT_BLK            equ       $C1
     0000             (./defs/wildbits.d):00447         FONT_0_OFFSET       equ       $0000
     0800             (./defs/wildbits.d):00448         FONT_1_OFFSET       equ       $0800
                      (./defs/wildbits.d):00449         
                      (./defs/wildbits.d):00450         ********************************************************************
                      (./defs/wildbits.d):00451         * SD card interface definitions
                      (./defs/wildbits.d):00452         *
     FE90             (./defs/wildbits.d):00453         SDC0.Base           equ       $FE90
     FF00             (./defs/wildbits.d):00454         SDC1.Base           equ       $FF00
                      (./defs/wildbits.d):00455                             org       0
0000                  (./defs/wildbits.d):00456         SDC_STAT            rmb       1
0001                  (./defs/wildbits.d):00457         SDC_DATA            rmb       1
                      (./defs/wildbits.d):00458         
                      (./defs/wildbits.d):00459         * SDC status bits
     0080             (./defs/wildbits.d):00460         SPI_BUSY            equ       %10000000
     0002             (./defs/wildbits.d):00461         SPI_CLK             equ       %00000010
     0001             (./defs/wildbits.d):00462         CS_EN               equ       %00000001
                      (./defs/wildbits.d):00463         
                      (./defs/wildbits.d):00464         ********************************************************************
                      (./defs/wildbits.d):00465         * Text screen definitions
                      (./defs/wildbits.d):00466         *
     FFC0             (./defs/wildbits.d):00467         TXT.Base            equ       $FFC0
     FFC2             (./defs/wildbits.d):00468         VKY_LAYER_CTRL_0    equ       $FFC2
     FFC3             (./defs/wildbits.d):00469         VKY_LAYER_CTRL_1    equ       $FFC3
                      (./defs/wildbits.d):00470         * The following are registers indicies based on TXT.Base
                      (./defs/wildbits.d):00471                             org       0
0000                  (./defs/wildbits.d):00472         MASTER_CTRL_REG_L   rmb       1
0001                  (./defs/wildbits.d):00473         MASTER_CTRL_REG_H   rmb       1
0002                  (./defs/wildbits.d):00474         VKY_LAYER_CTRL_L    rmb       1
0003                  (./defs/wildbits.d):00475         VKY_LAYER_CTRL_H    rmb       1
0004                  (./defs/wildbits.d):00476         BORDER_CTRL_REG     rmb       1         bit[0] - enable (1 by default)  bit[4..6]: X scroll offset (will scroll left) (acceptable values: 0..7)
0005                  (./defs/wildbits.d):00477         BORDER_COLOR_B      rmb       1
0006                  (./defs/wildbits.d):00478         BORDER_COLOR_G      rmb       1
0007                  (./defs/wildbits.d):00479         BORDER_COLOR_R      rmb       1
0008                  (./defs/wildbits.d):00480         BORDER_X_SIZE       rmb       1         X values: 0 - 32 (default: 32)
0009                  (./defs/wildbits.d):00481         BORDER_Y_SIZE       rmb       1         Y values: 0 - 32 (default: 32)
000A                  (./defs/wildbits.d):00482         VKY_RESERVED_02     rmb       1
000B                  (./defs/wildbits.d):00483         VKY_RESERVED_03     rmb       1
000C                  (./defs/wildbits.d):00484         VKY_RESERVED_04     rmb       1
                      (./defs/wildbits.d):00485         * Valid in graphics mode only
000D                  (./defs/wildbits.d):00486         BACKGROUND_COLOR_B  rmb       1         when in graphic mode, if a pixel is "0" then the background pixel is chosen
000E                  (./defs/wildbits.d):00487         BACKGROUND_COLOR_G  rmb       1
000F                  (./defs/wildbits.d):00488         BACKGROUND_COLOR_R  rmb       1
                      (./defs/wildbits.d):00489         * Cursor registers
0010                  (./defs/wildbits.d):00490         VKY_TXT_CURSOR_CTRL_REG rmb       1         [0] Enable Text Mode
0011                  (./defs/wildbits.d):00491         VKY_TXT_START_ADD_PTR rmb       1         this is an offset to change the starting address of the text mode Buffer (in X)
0012                  (./defs/wildbits.d):00492         VKY_TXT_CURSOR_CHAR_REG rmb       1
0013                  (./defs/wildbits.d):00493         VKY_TXT_CURSOR_COLR_REG rmb       1
0014                  (./defs/wildbits.d):00494         VKY_TXT_CURSOR_X_REG_H rmb       1
0015                  (./defs/wildbits.d):00495         VKY_TXT_CURSOR_X_REG_L rmb       1
0016                  (./defs/wildbits.d):00496         VKY_TXT_CURSOR_Y_REG_H rmb       1
0017                  (./defs/wildbits.d):00497         VKY_TXT_CURSOR_Y_REG_L rmb       1
                      (./defs/wildbits.d):00498         ; Line interrupt
0018                  (./defs/wildbits.d):00499         VKY_LINE_IRQ_CTRL_REG rmb       1         [0] - enable line 0 - write only
0019                  (./defs/wildbits.d):00500         VKY_LINE_CMP_VALUE_HI rmb       1         write only [7:0]
001A                  (./defs/wildbits.d):00501         VKY_LINE_CMP_VALUE_LO rmb       1         write only [3:0]
                      (./defs/wildbits.d):00502         
     0018             (./defs/wildbits.d):00503         VKY_PIXEL_X_POS_HI  equ       VKY_LINE_IRQ_CTRL_REG this is where on the video line is the pixel
     001A             (./defs/wildbits.d):00504         VKY_PIXEL_X_POS_LO  equ       VKY_LINE_CMP_VALUE_LO or what pixel is being displayed when the register is read
     0019             (./defs/wildbits.d):00505         VKY_LINE_Y_POS_HI   equ       VKY_LINE_CMP_VALUE_HI this is the line value of the raster
001B                  (./defs/wildbits.d):00506         VKY_LINE_Y_POS_LO   rmb       1
                      (./defs/wildbits.d):00507         
                      (./defs/wildbits.d):00508         * Text control bit definitions
     0001             (./defs/wildbits.d):00509         Mstr_Ctrl_Text_Mode_En equ       $01       enable the text mode
     0002             (./defs/wildbits.d):00510         Mstr_Ctrl_Text_Overlay equ       $02       enable the overlay of the text mode on top of graphic mode (the background color is ignored)
     0004             (./defs/wildbits.d):00511         Mstr_Ctrl_Graph_Mode_En equ       $04       enable the graphic mode
     0008             (./defs/wildbits.d):00512         Mstr_Ctrl_Bitmap_En equ       $08       enable the bitmap module in Vicky
     0010             (./defs/wildbits.d):00513         Mstr_Ctrl_TileMap_En equ       $10       enable the tile module in Vicky
     0020             (./defs/wildbits.d):00514         Mstr_Ctrl_Sprite_En equ       $20       enable the sprite module in Vicky
     0040             (./defs/wildbits.d):00515         Mstr_Ctrl_GAMMA_En  equ       $40       this enables the gamma correction - the analog and DVI have different color values; the gamma is great to correct the difference
     0080             (./defs/wildbits.d):00516         Mstr_Ctrl_Disable_Vid equ       $80       this will disable the scanning of the video hence giving 100% bandwidth to the CPU
                      (./defs/wildbits.d):00517         
                      (./defs/wildbits.d):00518         * Cursor control bit definitions
     0001             (./defs/wildbits.d):00519         Vky_Cursor_Enable   equ       $01
     0002             (./defs/wildbits.d):00520         Vky_Cursor_Flash_Rate0 equ       $02
     0004             (./defs/wildbits.d):00521         Vky_Cursor_Flash_Rate1 equ       $04
     0008             (./defs/wildbits.d):00522         Vky_Cursor_Flash_Disable equ       $08
                      (./defs/wildbits.d):00523         
     0020             (./defs/wildbits.d):00524         FON_SET             equ       %00100000
     0010             (./defs/wildbits.d):00525         FON_OVLY            equ       %00010000
     0008             (./defs/wildbits.d):00526         MON_SLP             equ       %00001000
     0004             (./defs/wildbits.d):00527         DBL_Y               equ       %00000100
     0002             (./defs/wildbits.d):00528         DBL_X               equ       %00000010
     0001             (./defs/wildbits.d):00529         CLK_70              equ       %00000001
                      (./defs/wildbits.d):00530         
                      (./defs/wildbits.d):00531         * Border control bit definitions
     0001             (./defs/wildbits.d):00532         Border_Ctrl_Enable  equ       $01
                      (./defs/wildbits.d):00533         
     00C0             (./defs/wildbits.d):00534         BITMAP_BLK            equ             $C0
                      (./defs/wildbits.d):00535         ; Bitmap
                      (./defs/wildbits.d):00536         ;BM0
     F000             (./defs/wildbits.d):00537         TyVKY_BM0_CTRL_REG  equ       $F000
     0001             (./defs/wildbits.d):00538         BM0_Ctrl            equ       $01       enable the BM0
     0002             (./defs/wildbits.d):00539         BM0_LUT0            equ       $02       LUT0
     0004             (./defs/wildbits.d):00540         BM0_LUT1            equ       $04       LUT1
     F001             (./defs/wildbits.d):00541         TyVKY_BM0_START_ADDY_H equ       $F001
     F002             (./defs/wildbits.d):00542         TyVKY_BM0_START_ADDY_M equ       $F002
     F003             (./defs/wildbits.d):00543         TyVKY_BM0_START_ADDY_L equ       $F003
                      (./defs/wildbits.d):00544         ;BM1
     F008             (./defs/wildbits.d):00545         TyVKY_BM1_CTRL_REG  equ       $F008
     0001             (./defs/wildbits.d):00546         BM1_Ctrl            equ       $01       enable the BM0
     0002             (./defs/wildbits.d):00547         BM1_LUT0            equ       $02       LUT0
     0004             (./defs/wildbits.d):00548         BM1_LUT1            equ       $04       LUT1
     F009             (./defs/wildbits.d):00549         TyVKY_BM1_START_ADDY_H equ       $F009
     F00A             (./defs/wildbits.d):00550         TyVKY_BM1_START_ADDY_M equ       $F00A
     F00B             (./defs/wildbits.d):00551         TyVKY_BM1_START_ADDY_L equ       $F00B
                      (./defs/wildbits.d):00552         ;BM2
     F010             (./defs/wildbits.d):00553         TyVKY_BM2_CTRL_REG  equ       $F010
     0001             (./defs/wildbits.d):00554         BM2_Ctrl            equ       $01       enable the BM0
     0002             (./defs/wildbits.d):00555         BM2_LUT0            equ       $02       LUT0
     0004             (./defs/wildbits.d):00556         BM2_LUT1            equ       $04       LUT1
     0008             (./defs/wildbits.d):00557         BM2_LUT2            equ       $08       LUT2
     F011             (./defs/wildbits.d):00558         TyVKY_BM2_START_ADDY_H equ       $F011
     F012             (./defs/wildbits.d):00559         TyVKY_BM2_START_ADDY_M equ       $F012
     F013             (./defs/wildbits.d):00560         TyVKY_BM2_START_ADDY_L equ       $F013
                      (./defs/wildbits.d):00561         
                      (./defs/wildbits.d):00562         **  THESE ARE DUPLICATES, RECONCILE THIS LATER
                      (./defs/wildbits.d):00563         ********************************************************************
                      (./defs/wildbits.d):00564         * vtio graphics constants
                      (./defs/wildbits.d):00565         ********************************************************************
                      (./defs/wildbits.d):00566         * Constants used in SS.DScrn to set the display screen type
                      (./defs/wildbits.d):00567         
     0040             (./defs/wildbits.d):00568         FX_GAM             equ       %01000000              Gamma Correction On
     0020             (./defs/wildbits.d):00569         FX_SPR             equ       %00100000              Sprites On
     0010             (./defs/wildbits.d):00570         FX_TIL             equ       %00010000              Tile Maps On
     0008             (./defs/wildbits.d):00571         FX_BM              equ       %00001000              Bitmaps On
     0004             (./defs/wildbits.d):00572         FX_GRF             equ       %00000100              Graphics Mode On
     0002             (./defs/wildbits.d):00573         FX_OVR             equ       %00000010              Overlay Text on Graphics
     0001             (./defs/wildbits.d):00574         FX_TXT             equ       %00000001              Text Mode On
     0020             (./defs/wildbits.d):00575         FT_FSET            equ       %00100000              Font Set 1 On (0=Font Set 0)
     0010             (./defs/wildbits.d):00576         FT_FOVR            equ       %00010000              FG and BG colors displayed when overlay text 0=transparent
     0008             (./defs/wildbits.d):00577         FT_MON             equ       %00001000              Turn off monitor sync and sleep monitor
     0004             (./defs/wildbits.d):00578         FT_DBX             equ       %00000100              Double-wide text mode characters
     0002             (./defs/wildbits.d):00579         FT_DBY             equ       %00000010              Double-high text mode characters
     0001             (./defs/wildbits.d):00580         FT_CLK70           equ       %00000001              70 Hz screen (640x400 txt,320x200 grf)
     00FF             (./defs/wildbits.d):00581         FX_OMIT            equ       %11111111              Setting for SS.DScrn don't change first byte in MCR
     00FF             (./defs/wildbits.d):00582         FT_OMIT            equ       %11111111              Setting for SS.DScrn don't change second byte in MCR
                      (./defs/wildbits.d):00583         
                      (./defs/wildbits.d):00584         * FT_FOVR:  0=display only FG color, all others transparent
                      (./defs/wildbits.d):00585         *           1=display FG & BG color, only BG color 0 is transparent
                      (./defs/wildbits.d):00586         * CLK_70:   0=60 Hz screen (640x480 txt, 320x240 grf)
                      (./defs/wildbits.d):00587         *           0=70 Hz screen (640x400 txt, 32
                      (./defs/wildbits.d):00588         **  END OF DUPLICATE CONSTANTS
                      (./defs/wildbits.d):00589         
                      (./defs/wildbits.d):00590         ; Tile map
     F100             (./defs/wildbits.d):00591         TyVKY_TL_CTRL0      equ       $F100
                      (./defs/wildbits.d):00592         ; Bit Field Definition for the Control Register
     0001             (./defs/wildbits.d):00593         TILE_Enable         equ       $01
     0002             (./defs/wildbits.d):00594         TILE_LUT0           equ       $02
     0004             (./defs/wildbits.d):00595         TILE_LUT1           equ       $04
     0008             (./defs/wildbits.d):00596         TILE_LUT2           equ       $08
     0010             (./defs/wildbits.d):00597         TILE_SIZE           equ       $10       0 -> 16x16, 0 -> 8x8
                      (./defs/wildbits.d):00598         
                      (./defs/wildbits.d):00599         ;
                      (./defs/wildbits.d):00600         ;Tile map layer 0 registers
     F100             (./defs/wildbits.d):00601         TL0_CONTROL_REG     equ       $F100     bit[0] - enable, bit[3:1] - LUT select
     F101             (./defs/wildbits.d):00602         TL0_START_ADDY_L    equ       $F101     not used right now - starting address to where is the map
     F102             (./defs/wildbits.d):00603         TL0_START_ADDY_M    equ       $F102
     F103             (./defs/wildbits.d):00604         TL0_START_ADDY_H    equ       $F103
     F104             (./defs/wildbits.d):00605         TL0_MAP_X_SIZE_L    equ       $F104     the size X of the map
     F105             (./defs/wildbits.d):00606         TL0_MAP_X_SIZE_H    equ       $F105
     F106             (./defs/wildbits.d):00607         TL0_MAP_Y_SIZE_L    equ       $F106     the size Y of the map
     F107             (./defs/wildbits.d):00608         TL0_MAP_Y_SIZE_H    equ       $F107
     F108             (./defs/wildbits.d):00609         TL0_MAP_X_POS_L     equ       $F108     the position X of the map
     F109             (./defs/wildbits.d):00610         TL0_MAP_X_POS_H     equ       $F109
     F10A             (./defs/wildbits.d):00611         TL0_MAP_Y_POS_L     equ       $F10A     the position Y of the map
     F10B             (./defs/wildbits.d):00612         TL0_MAP_Y_POS_H     equ       $F10B
                      (./defs/wildbits.d):00613         ;Tile MAP Layer 1 Registers
     F10C             (./defs/wildbits.d):00614         TL1_CONTROL_REG     equ       $F10C     bit[0] - enable, bit[3:1] - LUT select
     F10D             (./defs/wildbits.d):00615         TL1_START_ADDY_L    equ       $F10D     not used right now - starting address to where is the map
     F10E             (./defs/wildbits.d):00616         TL1_START_ADDY_M    equ       $F10E
     F10F             (./defs/wildbits.d):00617         TL1_START_ADDY_H    equ       $F10F
     F110             (./defs/wildbits.d):00618         TL1_MAP_X_SIZE_L    equ       $F110     the size X of the map
     F111             (./defs/wildbits.d):00619         TL1_MAP_X_SIZE_H    equ       $F111
     F112             (./defs/wildbits.d):00620         TL1_MAP_Y_SIZE_L    equ       $F112     the size Y of the map
     F113             (./defs/wildbits.d):00621         TL1_MAP_Y_SIZE_H    equ       $F113
     F114             (./defs/wildbits.d):00622         TL1_MAP_X_POS_L     equ       $F114     the position X of the map
     F115             (./defs/wildbits.d):00623         TL1_MAP_X_POS_H     equ       $F115
     F116             (./defs/wildbits.d):00624         TL1_MAP_Y_POS_L     equ       $F116     the position Y of the map
     F117             (./defs/wildbits.d):00625         TL1_MAP_Y_POS_H     equ       $F117
                      (./defs/wildbits.d):00626         ;Tile MAP Layer 2 Registers
     F118             (./defs/wildbits.d):00627         TL2_CONTROL_REG     equ       $F118     bit[0] - enable, bit[3:1] - LUT select,
     F119             (./defs/wildbits.d):00628         TL2_START_ADDY_L    equ       $F119     not used right now - starting address to where is the map
     F11A             (./defs/wildbits.d):00629         TL2_START_ADDY_M    equ       $F11A
     F11B             (./defs/wildbits.d):00630         TL2_START_ADDY_H    equ       $F11B
     F11C             (./defs/wildbits.d):00631         TL2_MAP_X_SIZE_L    equ       $F11C     the size X of the map
     F11D             (./defs/wildbits.d):00632         TL2_MAP_X_SIZE_H    equ       $F11D
     F11E             (./defs/wildbits.d):00633         TL2_MAP_Y_SIZE_L    equ       $F11E     the size Y of the map
     F11F             (./defs/wildbits.d):00634         TL2_MAP_Y_SIZE_H    equ       $F11F
     F120             (./defs/wildbits.d):00635         TL2_MAP_X_POS_L     equ       $F120     the position X of the map
     F121             (./defs/wildbits.d):00636         TL2_MAP_X_POS_H     equ       $F121
     F122             (./defs/wildbits.d):00637         TL2_MAP_Y_POS_L     equ       $F122     the position Y of the map
     F123             (./defs/wildbits.d):00638         TL2_MAP_Y_POS_H     equ       $F123
                      (./defs/wildbits.d):00639         
                      (./defs/wildbits.d):00640         
     F180             (./defs/wildbits.d):00641         TILE_MAP_ADDY0_L    equ       $F180
     F181             (./defs/wildbits.d):00642         TILE_MAP_ADDY0_M    equ       $F181
     F182             (./defs/wildbits.d):00643         TILE_MAP_ADDY0_H    equ       $F182
     F183             (./defs/wildbits.d):00644         TILE_MAP_ADDY0_CFG  equ       $F183
     F184             (./defs/wildbits.d):00645         TILE_MAP_ADDY1      equ       $F184
     F188             (./defs/wildbits.d):00646         TILE_MAP_ADDY2      equ       $F188
     F18C             (./defs/wildbits.d):00647         TILE_MAP_ADDY3      equ       $F18C
     F190             (./defs/wildbits.d):00648         TILE_MAP_ADDY4      equ       $F190
     F194             (./defs/wildbits.d):00649         TILE_MAP_ADDY5      equ       $F194
     F198             (./defs/wildbits.d):00650         TILE_MAP_ADDY6      equ       $F198
     F19C             (./defs/wildbits.d):00651         TILE_MAP_ADDY7      equ       $F19C
                      (./defs/wildbits.d):00652         
                      (./defs/wildbits.d):00653         
     D300             (./defs/wildbits.d):00654         XYMATH_CTRL_REG     equ       $D300     reserved
     D301             (./defs/wildbits.d):00655         XYMATH_ADDY_H       equ       $D301     w
     D302             (./defs/wildbits.d):00656         XYMATH_ADDY_M       equ       $D302     w
     D303             (./defs/wildbits.d):00657         XYMATH_ADDY_L       equ       $D303     w
     D304             (./defs/wildbits.d):00658         XYMATH_ADDY_POSX_H  equ       $D304     r/w
     D305             (./defs/wildbits.d):00659         XYMATH_ADDY_POSX_L  equ       $D305     r/w
     D306             (./defs/wildbits.d):00660         XYMATH_ADDY_POSY_H  equ       $D306     r/w
     D307             (./defs/wildbits.d):00661         XYMATH_ADDY_POSY_L  equ       $D307     r/w
     D308             (./defs/wildbits.d):00662         XYMATH_BLOCK_OFF_H  equ       $D308     r only - low block offset
     D309             (./defs/wildbits.d):00663         XYMATH_BLOCK_OFF_L  equ       $D309     r only - hi block offset
     D30A             (./defs/wildbits.d):00664         XYMATH_MMU_BLOCK    equ       $D30A     r only - which mmu block
     D30B             (./defs/wildbits.d):00665         XYMATH_ABS_ADDY_H   equ       $D30B     low absolute results
     D30C             (./defs/wildbits.d):00666         XYMATH_ABS_ADDY_M   equ       $D30C     mid absolute results
     D30D             (./defs/wildbits.d):00667         XYMATH_ABS_ADDY_L   equ       $D30D     hi absolute results
                      (./defs/wildbits.d):00668         
                      (./defs/wildbits.d):00669         ; Sprite block0
     0001             (./defs/wildbits.d):00670         SPRITE_Ctrl_Enable  equ       $01
     0002             (./defs/wildbits.d):00671         SPRITE_LUT0         equ       $02
     0004             (./defs/wildbits.d):00672         SPRITE_LUT1         equ       $04
     0008             (./defs/wildbits.d):00673         SPRITE_DEPTH0       equ       $08       00 = total front - 01 = in between l0 and l1, 10 = in between l1 and l2, 11 = total back
     0010             (./defs/wildbits.d):00674         SPRITE_DEPTH1       equ       $10
     0020             (./defs/wildbits.d):00675         SPRITE_SIZE0        equ       $20       00 = 32x32 - 01 = 24x24 - 10 = 16x16 - 11 = 8x8
     0040             (./defs/wildbits.d):00676         SPRITE_SIZE1        equ       $40
                      (./defs/wildbits.d):00677         
                      (./defs/wildbits.d):00678         
     F300             (./defs/wildbits.d):00679         SP0_Ctrl            equ       $F300
     F301             (./defs/wildbits.d):00680         SP0_Addy_L          equ       $F301
     F302             (./defs/wildbits.d):00681         SP0_Addy_M          equ       $F302
     F303             (./defs/wildbits.d):00682         SP0_Addy_H          equ       $F303
     F304             (./defs/wildbits.d):00683         SP0_X_L             equ       $F304
     F305             (./defs/wildbits.d):00684         SP0_X_H             equ       $F305
     F306             (./defs/wildbits.d):00685         SP0_Y_L             equ       $F306     in the Jr, only the l is used (200 & 240)
     F307             (./defs/wildbits.d):00686         SP0_Y_H             equ       $F307     always keep @ zero '0' because in Vicky the value is still considered a 16bits value
                      (./defs/wildbits.d):00687         
     F308             (./defs/wildbits.d):00688         SP1_Ctrl            equ       $F308
     F309             (./defs/wildbits.d):00689         SP1_Addy_L          equ       $F309
     F30A             (./defs/wildbits.d):00690         SP1_Addy_M          equ       $F30A
     F30B             (./defs/wildbits.d):00691         SP1_Addy_H          equ       $F30B
     F30C             (./defs/wildbits.d):00692         SP1_X_L             equ       $F30C
     F30D             (./defs/wildbits.d):00693         SP1_X_H             equ       $F30D
     F30E             (./defs/wildbits.d):00694         SP1_Y_L             equ       $F30E     in the Jr, only the l is used (200 & 240)
     F30F             (./defs/wildbits.d):00695         SP1_Y_H             equ       $F30F     always keep @ zero '0' because in Vicky the value is still considered a 16bits value
                      (./defs/wildbits.d):00696         
     F310             (./defs/wildbits.d):00697         SP2_Ctrl            equ       $F310
     F311             (./defs/wildbits.d):00698         SP2_Addy_L          equ       $F311
     F312             (./defs/wildbits.d):00699         SP2_Addy_M          equ       $F312
     F313             (./defs/wildbits.d):00700         SP2_Addy_H          equ       $F313
     F314             (./defs/wildbits.d):00701         SP2_X_L             equ       $F314
     F315             (./defs/wildbits.d):00702         SP2_X_H             equ       $F315
     F316             (./defs/wildbits.d):00703         SP2_Y_L             equ       $F316     in the Jr, only the l is used (200 & 240)
     F317             (./defs/wildbits.d):00704         SP2_Y_H             equ       $F317     always keep @ zero '0' because in Vicky the value is still considered a 16bits value
                      (./defs/wildbits.d):00705         
     F318             (./defs/wildbits.d):00706         SP3_Ctrl            equ       $F318
     F319             (./defs/wildbits.d):00707         SP3_Addy_L          equ       $F319
     F31A             (./defs/wildbits.d):00708         SP3_Addy_M          equ       $F31A
     F31B             (./defs/wildbits.d):00709         SP3_Addy_H          equ       $F31B
     F31C             (./defs/wildbits.d):00710         SP3_X_L             equ       $F31C
     F31D             (./defs/wildbits.d):00711         SP3_X_H             equ       $F31D
     F31E             (./defs/wildbits.d):00712         SP3_Y_L             equ       $F31E     in the Jr, only the l is used (200 & 240)
     F31F             (./defs/wildbits.d):00713         SP3_Y_H             equ       $F31F     always keep @ zero '0' because in Vicky the value is still considered a 16bits value
                      (./defs/wildbits.d):00714         
     F320             (./defs/wildbits.d):00715         SP4_Ctrl            equ       $F320
     F321             (./defs/wildbits.d):00716         SP4_Addy_L          equ       $F321
     F322             (./defs/wildbits.d):00717         SP4_Addy_M          equ       $F322
     F323             (./defs/wildbits.d):00718         SP4_Addy_H          equ       $F323
     F324             (./defs/wildbits.d):00719         SP4_X_L             equ       $F324
     F325             (./defs/wildbits.d):00720         SP4_X_H             equ       $F325
     F326             (./defs/wildbits.d):00721         SP4_Y_L             equ       $F326     in the Jr, only the l is used (200 & 240)
     F327             (./defs/wildbits.d):00722         SP4_Y_H             equ       $F327     always keep @ zero '0' because in Vicky the value is still considered a 16bits value
                      (./defs/wildbits.d):00723         
                      (./defs/wildbits.d):00724         
                      (./defs/wildbits.d):00725         
                      (./defs/wildbits.d):00726         
                      (./defs/wildbits.d):00727         ; PAGE $C1
     E800             (./defs/wildbits.d):00728         TyVKY_LUT0          equ       $E800     -$d000 - $d3ff
     EC00             (./defs/wildbits.d):00729         TyVKY_LUT1          equ       $EC00     -$d400 - $d7ff
     F000             (./defs/wildbits.d):00730         TyVKY_LUT2          equ       $F000     -$d800 - $dbff
     F400             (./defs/wildbits.d):00731         TyVKY_LUT3          equ       $F400     -$dc00 - $dfff
                      (./defs/wildbits.d):00732         
                      (./defs/wildbits.d):00733         
                      (./defs/wildbits.d):00734         ********************************************************************
                      (./defs/wildbits.d):00735         * Sound definitions (MMU Page $C4)
                      (./defs/wildbits.d):00736         *
     0000             (./defs/wildbits.d):00737         SND.Base            equ       $0000
     0000             (./defs/wildbits.d):00738         SIDL.Base           equ       SND.Base+$0000
     0080             (./defs/wildbits.d):00739         SIDM.Base           equ       SND.Base+$0080
     0100             (./defs/wildbits.d):00740         SIDR.Base           equ       SND.Base+$0100
     0200             (./defs/wildbits.d):00741         PSGL.Base           equ       SND.Base+$0200
     0208             (./defs/wildbits.d):00742         PSGM.Base           equ       SND.Base+$0208
     0210             (./defs/wildbits.d):00743         PSGR.Base           equ       SND.Base+$0210
                      (./defs/wildbits.d):00744         
                      (./defs/wildbits.d):00745         ********************************************************************
                      (./defs/wildbits.d):00746         * Direct Memory Access (DMA) definitions
                      (./defs/wildbits.d):00747         *
     FEE0             (./defs/wildbits.d):00748         DMA.Base            equ       $FEE0
                      (./defs/wildbits.d):00749         
                      (./defs/wildbits.d):00750                             org       0
0000                  (./defs/wildbits.d):00751         DMA_CTRL_REG        rmb       1
0001                  (./defs/wildbits.d):00752         DMA_STATUS_REG      rmb       1         read only
     0001             (./defs/wildbits.d):00753         DMA_DATA_2_WRITE    equ       DMA_STATUS_REG write only
0002                  (./defs/wildbits.d):00754         DMA_RESERVED_0      rmb       1
0003                  (./defs/wildbits.d):00755         DMA_RESERVED_1      rmb       1
                      (./defs/wildbits.d):00756         * Source address.
0004                  (./defs/wildbits.d):00757         DMA_SOURCE_ADDR_L   rmb       1
0005                  (./defs/wildbits.d):00758         DMA_SOURCE_ADDR_M   rmb       1
0006                  (./defs/wildbits.d):00759         DMA_SOURCE_ADDR_H   rmb       1
0007                  (./defs/wildbits.d):00760         DMA_RESERVED_2      rmb       1
                      (./defs/wildbits.d):00761         * Destination address.
0008                  (./defs/wildbits.d):00762         DMA_DEST_ADDR_L     rmb       1
0009                  (./defs/wildbits.d):00763         DMA_DEST_ADDR_M     rmb       1
000A                  (./defs/wildbits.d):00764         DMA_DEST_ADDR_H     rmb       1
000B                  (./defs/wildbits.d):00765         DMA_RESERVED_3      rmb       1
                      (./defs/wildbits.d):00766         * Size in 1D mode.
000C                  (./defs/wildbits.d):00767         DMA_SIZE_1D_L       rmb       1
000D                  (./defs/wildbits.d):00768         DMA_SIZE_1D_M       rmb       1
000E                  (./defs/wildbits.d):00769         DMA_SIZE_1D_H       rmb       1
000F                  (./defs/wildbits.d):00770         DMA_RESERVED_4      rmb       1
                      (./defs/wildbits.d):00771         * Size in 1D mode.
     000C             (./defs/wildbits.d):00772         DMA_SIZE_X_L        equ       DMA_SIZE_1D_L
     000D             (./defs/wildbits.d):00773         DMA_SIZE_X_M        equ       DMA_SIZE_1D_M
     000E             (./defs/wildbits.d):00774         DMA_SIZE_Y_L        equ       DMA_SIZE_1D_H
     000F             (./defs/wildbits.d):00775         DMA_SIZE_Y_H        equ       DMA_RESERVED_4
                      (./defs/wildbits.d):00776         * Stride in 2D mode.
0010                  (./defs/wildbits.d):00777         DMA_SRC_STRIDE_X_L  rmb       1
0011                  (./defs/wildbits.d):00778         DMA_SRC_STRIDE_X_H  rmb       1
0012                  (./defs/wildbits.d):00779         DMA_DST_STRIDE_Y_L  rmb       1
0013                  (./defs/wildbits.d):00780         DMA_DST_STRIDE_Y_H  rmb       1
0014                  (./defs/wildbits.d):00781         DMA_RESERVED_5      rmb       1
0015                  (./defs/wildbits.d):00782         DMA_RESERVED_6      rmb       1
0016                  (./defs/wildbits.d):00783         DMA_RESERVED_7      rmb       1
0017                  (./defs/wildbits.d):00784         DMA_RESERVED_8      rmb       1
                      (./defs/wildbits.d):00785         
                      (./defs/wildbits.d):00786         * DMA_CTRL_REG bit definitions
     0001             (./defs/wildbits.d):00787         DMA_CTRL_Enable     equ       $01
     0002             (./defs/wildbits.d):00788         DMA_CTRL_1D_2D      equ       $02
     0004             (./defs/wildbits.d):00789         DMA_CTRL_Fill       equ       $04
     0008             (./defs/wildbits.d):00790         DMA_CTRL_Int_En     equ       $08
     0010             (./defs/wildbits.d):00791         DMA_CTRL_NotUsed0   equ       $10
     0020             (./defs/wildbits.d):00792         DMA_CTRL_NotUsed1   equ       $20
     0040             (./defs/wildbits.d):00793         DMA_CTRL_NotUsed2   equ       $40
     0080             (./defs/wildbits.d):00794         DMA_CTRL_Start_Trf  equ       $80
                      (./defs/wildbits.d):00795         
                      (./defs/wildbits.d):00796         * DMA_STATUS_REG bit definitions
     0080             (./defs/wildbits.d):00797         DMA_STATUS_TRF_IP   equ       $80       transfer in progress
                      (./defs/wildbits.d):00798         
                      (./defs/wildbits.d):00799         
                      (./defs/wildbits.d):00800         * MIDI Synth Chip
     FF30             (./defs/wildbits.d):00801         SAM2695.Base       equ        $FF30
                      (./defs/wildbits.d):00802                            org        $0
0000                  (./defs/wildbits.d):00803         MIDI_STATUS        rmb        1                   Read: Bit[1] = Rx_empty, Bit[2] = Tx_empty
0001                  (./defs/wildbits.d):00804         MIDI_FIFO_DATA     rmb        1                   Read and Write Data Port 
0002                  (./defs/wildbits.d):00805         MIDI_RXD_COUNT_LOW rmb        1                   Rx FIFO Data Count LOW
0003                  (./defs/wildbits.d):00806         MIDI_RXD_COUNT_HI  rmb        1                   Rx FIFO Data Count Hi - Only the 4 first bit are valid
0004                  (./defs/wildbits.d):00807         MIDI_TXD_COUNT_LOW rmb        1                   Tx FIFO Data Count LOW 
0005                  (./defs/wildbits.d):00808         MIDI_TXD_COUNT_HI  rmb        1                   Tx FIFO Data Count Hi - Only the 4 first bit are valid
                      (./defs/wildbits.d):00809         
                      (./defs/wildbits.d):00810         
                      (./defs/wildbits.d):00811         * WizFi360 Registers, 2K x 2 FIFO
                      (./defs/wildbits.d):00812         * Wifi_Control_Register:
                      (./defs/wildbits.d):00813         * Bit[0] = 0 = 115,200K Mode, 1 = 921,600K Mode
                      (./defs/wildbits.d):00814         * Bit[1] = 0 Default, 1 = Reset FIFO (you need to bring it back to 0) This is directly connected to reset line of the FIFO
                      (./defs/wildbits.d):00815         * Bit[2] = RX FIFO Empty ( 1 = Empty, 0 = Data Available)
                      (./defs/wildbits.d):00816         * Bit[3] = TX FIFO Empty ( 1 = Empty, 0 = Data Available)
     FF20             (./defs/wildbits.d):00817         WizFi.Base          equ       $FF20
     0008             (./defs/wildbits.d):00818         WizFi.TxEmpty       equ       %00001000
     0004             (./defs/wildbits.d):00819         WizFi.RxEmpty       equ       %00000100
     0002             (./defs/wildbits.d):00820         WizFi.Reset         equ       %00000010
     0001             (./defs/wildbits.d):00821         WizFi.Rate          equ       %00000001
                      (./defs/wildbits.d):00822                             org       $0
0000                  (./defs/wildbits.d):00823         WizFi_CtrlReg       rmb       1
0001                  (./defs/wildbits.d):00824         WizFi_DataReg       rmb       1
0002                  (./defs/wildbits.d):00825         WizFi_RxD_RD_Cnt    rmb       2
0004                  (./defs/wildbits.d):00826         WizFi_RxD_WR_Cnt    rmb       2
0006                  (./defs/wildbits.d):00827         WizFi_TxD_RD_Cnt    rmb       2
0008                  (./defs/wildbits.d):00828         WizFi_TxD_WR_Cnt    rmb       2
                      (./defs/wildbits.d):00829         
                      (./defs/wildbits.d):00830         
                      (./defs/wildbits.d):00831                             ENDC
                      (    wildbitsl2.as):00006                        use       ../defs/wildbits_vtio.d
                      (s/wildbits_vtio.d):00001                             IFNE      WILDBITS_VTIO.D-1
     0001             (s/wildbits_vtio.d):00002         WILDBITS_VTIO.D     SET       1
                      (s/wildbits_vtio.d):00003         
                      (s/wildbits_vtio.d):00004         ********************************************************************
                      (s/wildbits_vtio.d):00005         * vtio definitions for the Wildbits 6809
                      (s/wildbits_vtio.d):00006         *
                      (s/wildbits_vtio.d):00007         * Everything that the vtio driver needs is defined here, including
                      (s/wildbits_vtio.d):00008         * static memory definitions.
                      (s/wildbits_vtio.d):00009         
                      (s/wildbits_vtio.d):00010         * Constant definitions.
     0008             (s/wildbits_vtio.d):00011         KBufSz              EQU       8                   the circular buffer size
                      (s/wildbits_vtio.d):00012         
                      (s/wildbits_vtio.d):00013         * Driver static memory.
                      (s/wildbits_vtio.d):00014                             ORG       V.SCF
001D                  (s/wildbits_vtio.d):00015         V.CurRow            RMB       1                   current row where the next character goes
001E                  (s/wildbits_vtio.d):00016         V.CurCol            RMB       1                   current column where the next character goes
001F                  (s/wildbits_vtio.d):00017         V.CapsLck           RMB       1                   CAPS LOCK key up/down flag ($00 = up)
0020                  (s/wildbits_vtio.d):00018         V.KySns             RMB       1                   key sense flags
0021                  (s/wildbits_vtio.d):00019         V.LastCh            RMB       1                   Last character for key repeat
0022                  (s/wildbits_vtio.d):00020         V.CurLastCh         RMB       1
0023                  (s/wildbits_vtio.d):00021         V.KRTimer           RMB       1                   Key Repeat Timer
0024                  (s/wildbits_vtio.d):00022         V.LEDStates         RMB       1                   PS/2 LED flags (bit 2 = CAPS Lock, bit 1 = NUM Lock, bit 0 = Scroll Lock)
0025                  (s/wildbits_vtio.d):00023         V.EscVect           RMB       2                   escape vector handle
0027                  (s/wildbits_vtio.d):00024         V.Reverse           RMB       1                   reverse video flag ($00 = off, $FF = on)
0028                  (s/wildbits_vtio.d):00025         V.IBufH             RMB       1                   input buffer head pointer
0029                  (s/wildbits_vtio.d):00026         V.IBufT             RMB       1                   input buffer tail pointer
002A                  (s/wildbits_vtio.d):00027         V.SSigID            RMB       1                   data ready process ID
002B                  (s/wildbits_vtio.d):00028         V.SSigSg            RMB       1                   data ready signal code
002C                  (s/wildbits_vtio.d):00029         V.ScTyp             RMB       1                   screen type
002D                  (s/wildbits_vtio.d):00030         V.WWidth            RMB       1                   window width
002E                  (s/wildbits_vtio.d):00031         V.WHeight           RMB       1                   window height
002F                  (s/wildbits_vtio.d):00032         V.FBCol             RMB       1                   currently selected foreground and background color
0030                  (s/wildbits_vtio.d):00033         V.BordCol           RMB       1                   currently selected border color
0031                  (s/wildbits_vtio.d):00034         V.KeyDrvMPtr        RMB       2                   keydrv module address
0033                  (s/wildbits_vtio.d):00035         V.KeyDrvEPtr        RMB       2                   keydrv entry point address
                      (s/wildbits_vtio.d):00036                             ifgt      Level-1
0035                  (s/wildbits_vtio.d):00037         V.MSDrvMPtr         RMB       2                   mouse module address
0037                  (s/wildbits_vtio.d):00038         V.MSDrvEPtr         RMB       2                   mouse entry point address
0039                  (s/wildbits_vtio.d):00039         V.MouseVect         RMB       2
003B                  (s/wildbits_vtio.d):00040         V.MSButtons         RMB       1                   keeps the buttons for the SetStat call
003C                  (s/wildbits_vtio.d):00041         V.MSTimer           RMB       1                   this hides the cursor if inactive for more than 4 seconds
003D                  (s/wildbits_vtio.d):00042         V.MEMP              RMB       1                   Code to check PS2_STAT for empty buffer (channel 1 or 2)
003E                  (s/wildbits_vtio.d):00043         V.MS_IN             RMB       2                   Address of Channel 1 or 2
0040                  (s/wildbits_vtio.d):00044         V.M_WR              RMB       1                   PS2 Control Write Channel
0041                  (s/wildbits_vtio.d):00045         V.MCLR              RMB       1                   PS2 Clear FIFO Channel 1 or 2
0042                  (s/wildbits_vtio.d):00046         V.INT_PS2_MOUSE     RMB       1                   Interrupt Flag for Channel 1 or 2
0043                  (s/wildbits_vtio.d):00047         V.MSByte0           RMB       1                   mouse packet byte 1
0044                  (s/wildbits_vtio.d):00048         V.MSByte1           RMB       1                   mouse packet byte 2
0045                  (s/wildbits_vtio.d):00049         V.MSByte2           RMB       1                   mouse packet byte 3
0046                  (s/wildbits_vtio.d):00050         V.MSByteCnt         RMB       1                   mouse packet byte counter
                      (s/wildbits_vtio.d):00051                             endc
     0047             (s/wildbits_vtio.d):00052         V.KeyDrvStat        equ       .
0047                  (s/wildbits_vtio.d):00053                             RMB       8
                      (s/wildbits_vtio.d):00054         
004F                  (s/wildbits_vtio.d):00055         V.EscParms          RMB       20
                      (s/wildbits_vtio.d):00056         * DWSet Parameters
     004F             (s/wildbits_vtio.d):00057         V.DWType            set       V.EscParms+0
     0050             (s/wildbits_vtio.d):00058         V.DWStartX          set       V.EscParms+1
     0051             (s/wildbits_vtio.d):00059         V.DWStartY          set       V.EscParms+2
     0052             (s/wildbits_vtio.d):00060         V.DWWidth           set       V.EscParms+3
     0053             (s/wildbits_vtio.d):00061         V.DWHeight          set       V.EscParms+4
     0054             (s/wildbits_vtio.d):00062         V.DWFore            set       V.EscParms+5
     0055             (s/wildbits_vtio.d):00063         V.DWBack            set       V.EscParms+6
     0056             (s/wildbits_vtio.d):00064         V.DWBorder          set       V.EscParms+7
                      (s/wildbits_vtio.d):00065         
                      (s/wildbits_vtio.d):00066         
                      (s/wildbits_vtio.d):00067         
                      (s/wildbits_vtio.d):00068                             ifgt      Level-1                                            
                      (s/wildbits_vtio.d):00069         ********************************************************************
                      (s/wildbits_vtio.d):00070         * vtio graphics definitions - 53 bytes + 
                      (s/wildbits_vtio.d):00071         ********************************************************************
                      (s/wildbits_vtio.d):00072         
0063                  (s/wildbits_vtio.d):00073         V.ST                RMB       1                    screen type 0=Term 1=Gfx
                      (s/wildbits_vtio.d):00074         
                      (s/wildbits_vtio.d):00075         * VICKY MASTER CONTROL REGISTER to enable graphics and capabilities
                      (s/wildbits_vtio.d):00076         * | 7 |   6   |    5   |   4  |    3   |   2   |   1   |   0  |
                      (s/wildbits_vtio.d):00077         * | X | GAMMA | SPRITE | TILE | BITMAP | GRAPH | OVRLY | TEXT |
                      (s/wildbits_vtio.d):00078         * |   -----   | FON_SET|FON_OV| MON_SLP| DBL_Y | DBL_X | CLK70|
                      (s/wildbits_vtio.d):00079         * $FFC0 MASTER_CTRL_REG_L, MASTER_CTRL_REG_H
                      (s/wildbits_vtio.d):00080         * See constants below for settings used with SS.DSCrn in vtio
                      (s/wildbits_vtio.d):00081         
0064                  (s/wildbits_vtio.d):00082         V.V_MCR             RMB       2                   2 bytes for Vicky Control Register
                      (s/wildbits_vtio.d):00083         
                      (s/wildbits_vtio.d):00084         * VICKY LAYER CONTROL REGISTER to set bitmaps and/or tile maps for display
                      (s/wildbits_vtio.d):00085         * | 7 | 6 | 5 | 4 | 3 | 2 | 1 | 0 |
                      (s/wildbits_vtio.d):00086         * | - |   LAYER1  | - |  LAYER 0  |
                      (s/wildbits_vtio.d):00087         * |       ------      |  LAYER 2  |
                      (s/wildbits_vtio.d):00088         * 000=BM0 001=BM1 010=BM2 100=TM0 101=TM1 110=TM2
                      (s/wildbits_vtio.d):00089         * $FFC2 VKY_RESERVED_00, VKY_RESERVED_01
                      (s/wildbits_vtio.d):00090         * See SS.PScrn in vtio
                      (s/wildbits_vtio.d):00091         
0066                  (s/wildbits_vtio.d):00092         V.V_LayerCTL       RMB        2
                      (s/wildbits_vtio.d):00093         
                      (s/wildbits_vtio.d):00094         * BITMAPS
                      (s/wildbits_vtio.d):00095         * Store starting page for bitmaps, and CLUT# and bitmap enable bits.  Must be in first 512K RAM.
                      (s/wildbits_vtio.d):00096         * $01_0000-$07_FFFF (OS9 Memory Blocks $01-$3F)
                      (s/wildbits_vtio.d):00097         * Byte 1 of Bitmap register is CLUT(4 CLUTS:0-3)/Enable
                      (s/wildbits_vtio.d):00098         * | 7 | 6 | 5 | 4 | 3 | 2 | 1 |   0    |
                      (s/wildbits_vtio.d):00099         * |       -----       |  CLUT | ENABLE |
                      (s/wildbits_vtio.d):00100         * Next 3 bytes in register used for physical 19 bit address for bitmap
                      (s/wildbits_vtio.d):00101         * Max address is 07FFFF (must be in 1st 512K), which is 19 bits
                      (s/wildbits_vtio.d):00102         * Store block# and then convert to 19 bit address in driver
                      (s/wildbits_vtio.d):00103         
0068                  (s/wildbits_vtio.d):00104         V.BM0Blk            RMB       1                   bitmap0 block
0069                  (s/wildbits_vtio.d):00105         V.BM0Cl_En          RMB       1                   bitmap0 |clut|enable|
006A                  (s/wildbits_vtio.d):00106         V.BM1Blk            RMB       1                   bitmap1 block
006B                  (s/wildbits_vtio.d):00107         V.BM1Cl_En          RMB       1                   bitmap1 |clut|enable|
006C                  (s/wildbits_vtio.d):00108         V.BM2Blk            RMB       1                   bitmap2 block
006D                  (s/wildbits_vtio.d):00109         V.BM2Cl_En          RMB       1                   bitmap2 |clut|enable|
                      (s/wildbits_vtio.d):00110         
                      (s/wildbits_vtio.d):00111         * CLUT - need to store mirror of CLUT data so switching windows will work
                      (s/wildbits_vtio.d):00112         * Store block# where high 4k is CLUT mirror.  Could store in last 4k of BM blocks.
                      (s/wildbits_vtio.d):00113         
006E                  (s/wildbits_vtio.d):00114         V.CLUTBlk           RMB       1                   block where high 4k mirrored CLUT data,0=Default CLUT
006F                  (s/wildbits_vtio.d):00115         V.CLUT              RMB       1                   which CLUTs are active 00001111
                      (s/wildbits_vtio.d):00116         
                      (s/wildbits_vtio.d):00117         * TILE MAPS - 3 tile maps.  Registers are 12 bytes, 2 are reserved and
                      (s/wildbits_vtio.d):00118         * 3 are the plysical address for the Tile Set.  Use Blk# for address here.
                      (s/wildbits_vtio.d):00119         * So only need 8 bytes per tile map.  In the Map each tile is 2 bytes
                      (s/wildbits_vtio.d):00120         * byte0=Tile number, byte1=CLUT+Tile Set. So relationship between Tile Map
                      (s/wildbits_vtio.d):00121         * and Tile Set is set in the actual tile map data, not here.
                      (s/wildbits_vtio.d):00122         * A tile map could be 2.4K (40x30) to 132K (256x256)
                      (s/wildbits_vtio.d):00123         
0070                  (s/wildbits_vtio.d):00124         V.TM0               RMB      1                    bit4 is yile size (1=8x8,0=16x16) bit0 is enable
0071                  (s/wildbits_vtio.d):00125         V.TM0Blk            RMB      1                    starting block# of Tile Map
0072                  (s/wildbits_vtio.d):00126         V.TM0MapX           RMB      1                    map size X (max 255)
0073                  (s/wildbits_vtio.d):00127         V.TM0MapY           RMB      1                    map size Y (max 255)
0074                  (s/wildbits_vtio.d):00128         V.TM0ScrlX          RMB      2                    2 bytes for scroll X info
0076                  (s/wildbits_vtio.d):00129         V.TM0ScrlY          RMB      2                    2 bytes for scroll Y info                 
0078                  (s/wildbits_vtio.d):00130         V.TM1               RMB      1                    bit4 is tile size (1=8x8,0=16x16) bit0 is enable
0079                  (s/wildbits_vtio.d):00131         V.TM1Blk            RMB      1                    starting block# of tile set
007A                  (s/wildbits_vtio.d):00132         V.TM1MapX           RMB      1                    map size X (max 255)
007B                  (s/wildbits_vtio.d):00133         V.TM1MapY           RMB      1                    map size Y (max 255)
007C                  (s/wildbits_vtio.d):00134         V.TM1ScrlX          RMB      2                    2 bytes for scroll X info
007E                  (s/wildbits_vtio.d):00135         V.TM1ScrlY          RMB      2                    2 bytes for scroll Y info
0080                  (s/wildbits_vtio.d):00136         V.TM2               RMB      1                    bit4 is tile size (1=8x8,0=16x16) bit0 is enable
0081                  (s/wildbits_vtio.d):00137         V.TM2Blk            RMB      1                    starting block# of tile set
0082                  (s/wildbits_vtio.d):00138         V.TM2MapX           RMB      1                    map size X (max 255)
0083                  (s/wildbits_vtio.d):00139         V.TM2MapY           RMB      1                    map size Y (max 255)
0084                  (s/wildbits_vtio.d):00140         V.TM2ScrlX          RMB      2                    2 bytes for scroll X info
0086                  (s/wildbits_vtio.d):00141         V.TM2ScrlY          RMB      2                    2 bytes for scroll Y info
                      (s/wildbits_vtio.d):00142         
                      (s/wildbits_vtio.d):00143         * TILE SETS - there are 8 tile sets.  Tile Set registers contain a physical address, and
                      (s/wildbits_vtio.d):00144         * a Square bit to determine if Tile Set is LINEAR or SQUARE
                      (s/wildbits_vtio.d):00145         * Tile Sets are either 16K (8x8) or 64K (16x16)
                      (s/wildbits_vtio.d):00146         
0088                  (s/wildbits_vtio.d):00147         V.TS0Blk            RMB      1                    starting block# of tile set
0089                  (s/wildbits_vtio.d):00148         V.TS0SQR            RMB      1                    square or linear (bit 3)
008A                  (s/wildbits_vtio.d):00149         V.TS1Blk            RMB      1                    starting block# of tile set
008B                  (s/wildbits_vtio.d):00150         V.TS1SQR            RMB      1                    square or linear (bit 3)
008C                  (s/wildbits_vtio.d):00151         V.TS2Blk            RMB      1                    starting block# of tile set
008D                  (s/wildbits_vtio.d):00152         V.TS2SQR            RMB      1                    square or linear (bit 3)
008E                  (s/wildbits_vtio.d):00153         V.TS3Blk            RMB      1                    starting block# of tile set
008F                  (s/wildbits_vtio.d):00154         V.TS3SQR            RMB      1                    square or linear (bit 3)
0090                  (s/wildbits_vtio.d):00155         V.TS4Blk            RMB      1                    starting block# of tile set
0091                  (s/wildbits_vtio.d):00156         V.TS4SQR            RMB      1                    square or linear (bit 3)
0092                  (s/wildbits_vtio.d):00157         V.TS5Blk            RMB      1                    starting block# of tile set
0093                  (s/wildbits_vtio.d):00158         V.TS5SQR            RMB      1                    square or linear (bit 3)
0094                  (s/wildbits_vtio.d):00159         V.TS6Blk            RMB      1                    starting block# of tile set
0095                  (s/wildbits_vtio.d):00160         V.TS6SQR            RMB      1                    square or linear (bit 3)
0096                  (s/wildbits_vtio.d):00161         V.TS7Blk            RMB      1                    starting block# of tile set
0097                  (s/wildbits_vtio.d):00162         V.TS7SQR            RMB      1                    square or linear (bit 3)
                      (s/wildbits_vtio.d):00163         
                      (s/wildbits_vtio.d):00164         * GRAPHICS CURSORS,LINES, COLORS
0098                  (s/wildbits_vtio.d):00165         V.GCX               RMB      2                    graphics cursor X
009A                  (s/wildbits_vtio.d):00166         V.GCY               RMB      1                    graphics cursor Y
009B                  (s/wildbits_vtio.d):00167         V.GCOLOR            RMB      1                    graphics color
009C                  (s/wildbits_vtio.d):00168         V.LX                RMB      2                    line coordiate for X
009E                  (s/wildbits_vtio.d):00169         V.LY                RMB      1                    line coordinate for Y
009F                  (s/wildbits_vtio.d):00170         V.GCADDR            RMB      3                    address of cursor on screen
00A2                  (s/wildbits_vtio.d):00171         V.GCAD8K            RMB      2                    address in 8K window
00A4                  (s/wildbits_vtio.d):00172         V.GMAPBLK           RMB      2                    mapped in logical address of block
00A6                  (s/wildbits_vtio.d):00173         V.FONTNAME          RMB      33
                      (s/wildbits_vtio.d):00174         
                      (s/wildbits_vtio.d):00175         * Start of Line Interrupt Handling
                      (s/wildbits_vtio.d):00176         *V.SOLOnOff          RMB             1
                      (s/wildbits_vtio.d):00177         *V.SOLCurr          RMB      1
                      (s/wildbits_vtio.d):00178         *V.SOLMax           RMB      1
                      (s/wildbits_vtio.d):00179         *V.SOLTable         RMB      32
                      (s/wildbits_vtio.d):00180                             endc
                      (s/wildbits_vtio.d):00181         
00C7                  (s/wildbits_vtio.d):00182         V.InBuf             RMB       KBufSz              the input buffer
00CF                  (s/wildbits_vtio.d):00183         V.KSBuf             RMB       KBufSz
00D7                  (s/wildbits_vtio.d):00184                             RMB       250-.
     00FA             (s/wildbits_vtio.d):00185         V.Last              EQU       .
                      (s/wildbits_vtio.d):00186         
                      (s/wildbits_vtio.d):00187         * Borrow 7 bytes (16 bytes available in Level 1) from "CoCo" specific area of system globals for platform use.
                      (s/wildbits_vtio.d):00188                             org       D.IRQTmp
0011                  (s/wildbits_vtio.d):00189         D.Bell              rmb       2
0013                  (s/wildbits_vtio.d):00190         D.TnCnt             rmb       1
0014                  (s/wildbits_vtio.d):00191         D.OrgAlt            rmb       2
0016                  (s/wildbits_vtio.d):00192         D.SndPrcID          rmb       1
0017                  (s/wildbits_vtio.d):00193         D.KySns             rmb       1
                      (s/wildbits_vtio.d):00194         
                      (s/wildbits_vtio.d):00195         * K-specific section
                      (s/wildbits_vtio.d):00196         * Borrow 9 bytes from "CoCo" specific area of system globals for platform use.
                      (s/wildbits_vtio.d):00197                             org       D.WDAddr
0000                  (s/wildbits_vtio.d):00198         D.RowState          RMB       9
0009                  (s/wildbits_vtio.d):00199         D.WBKKyDn     RMB       1
                      (s/wildbits_vtio.d):00200         
                      (s/wildbits_vtio.d):00201         * SS.KySns bit locations
     0001             (s/wildbits_vtio.d):00202         SHIFTBIT            equ  %00000001
     0002             (s/wildbits_vtio.d):00203         CTRLBIT             equ  %00000010
     0004             (s/wildbits_vtio.d):00204         ALTBIT              equ  %00000100
     0008             (s/wildbits_vtio.d):00205         UPBIT               equ  %00001000
     0010             (s/wildbits_vtio.d):00206         DOWNBIT             equ  %00010000
     0020             (s/wildbits_vtio.d):00207         LEFTBIT             equ  %00100000
     0040             (s/wildbits_vtio.d):00208         RIGHTBIT            equ  %01000000
     0080             (s/wildbits_vtio.d):00209         SPACEBIT            equ  %10000000
     0005             (s/wildbits_vtio.d):00210         KEYDELAY            equ  5
     001E             (s/wildbits_vtio.d):00211         KEYDELAY1           equ  30
                      (s/wildbits_vtio.d):00212         
                      (s/wildbits_vtio.d):00213                             ENDC
                      (    wildbitsl2.as):00007                        use       ../defs/midi.d
                      (   ../defs/midi.d):00001                           IFNE    MIDI.D-1
     0001             (   ../defs/midi.d):00002         MIDI.D              set       1
                      (   ../defs/midi.d):00003         
     0080             (   ../defs/midi.d):00004         MIDICMD_NOTE_OFF    equ       $80                 Turn note off
     0090             (   ../defs/midi.d):00005         MIDICMD_NOTE_ON     equ       $90                 Turn note On
                      (   ../defs/midi.d):00006         
     00B0             (   ../defs/midi.d):00007         MIDICMD_CC          equ       $B0                 Control Change
     007B             (   ../defs/midi.d):00008         MIDICC_ALLNOTESOFF  equ       $7B
                      (   ../defs/midi.d):00009         
     F07F             (   ../defs/midi.d):00010         MIDICMD_SYSEX       equ       $F07F
     00F7             (   ../defs/midi.d):00011         MIDICMD_SYSEXTERM   equ       $F7
     007F             (   ../defs/midi.d):00012         MIDIMMC_DEVICE_ALL  equ       $7F
                      (   ../defs/midi.d):00013         
                      (   ../defs/midi.d):00014         ******************************************
                      (   ../defs/midi.d):00015         * Synthesizer targets                    *
                      (   ../defs/midi.d):00016         ******************************************
     0000             (   ../defs/midi.d):00017         MIDITARG_MIDI       equ       0
     0001             (   ../defs/midi.d):00018         MIDITARG_CZ230      equ       1
     0002             (   ../defs/midi.d):00019         MIDITARG_CT460      equ       2
     0003             (   ../defs/midi.d):00020         MIDITARG_MT540      equ       3
     0004             (   ../defs/midi.d):00021         MIDITARG_MS710      equ       4
     0005             (   ../defs/midi.d):00022         MIDITARG_FB01       equ       5
     0006             (   ../defs/midi.d):00023         MIDITARG_MT32       equ       6
     0007             (   ../defs/midi.d):00024         MIDITARG_PSR500     equ       7
                      (   ../defs/midi.d):00025         
                      (   ../defs/midi.d):00026         ******************************************
                      (   ../defs/midi.d):00027         * General MIDI Instrument codes          *
                      (   ../defs/midi.d):00028         ******************************************
     0000             (   ../defs/midi.d):00029         MIDII_GRANDPIANO     equ      0                   (000) Acoustic Grand Piano
     0001             (   ../defs/midi.d):00030         MIDII_BRITACOUPIANO  equ      1                   Bright Acoustic Piano
     0002             (   ../defs/midi.d):00031         MIDII_ELECTRICGRAND  equ      2                   Electric Grand Piano
     0003             (   ../defs/midi.d):00032         MIDII_HONKYTONKPIANO equ      3                   Honky-Tonk Piano
     0004             (   ../defs/midi.d):00033         MIDII_RHODESPIANO    equ      4                   Rhodes Piano
     0005             (   ../defs/midi.d):00034         MIDII_CHORUSEDPIANO  equ      5                   Chorused Piano
     0006             (   ../defs/midi.d):00035         MIDII_HARPSICHORD    equ      6                   Harpsichord
     0007             (   ../defs/midi.d):00036         MIDII_CLAVINET       equ      7                   Clavinet
     0008             (   ../defs/midi.d):00037         MIDII_CELESTA        equ      8                   (008) Celesta                  
     0009             (   ../defs/midi.d):00038         MIDII_GLOCKENSPIEL   equ      9                   Glockenspiel
     000A             (   ../defs/midi.d):00039         MIDII_MUSICBOX       equ      10                  Music Box 
     000B             (   ../defs/midi.d):00040         MIDII_VIBRAPHONE     equ      11                  Vibraphone
     000C             (   ../defs/midi.d):00041         MIDII_MARIMBA        equ      12                  Marimba
     000D             (   ../defs/midi.d):00042         MIDII_XYLOPHONE      equ      13                  Xylophone
     000E             (   ../defs/midi.d):00043         MIDII_TUBULARBELLS   equ      14                  Tubular Bells
     000F             (   ../defs/midi.d):00044         MIDII_DULCIMER       equ      15                  Dulcimer
     0010             (   ../defs/midi.d):00045         MIDII_HAMMONDORGAN   equ      16                  Hammond Organ
     0011             (   ../defs/midi.d):00046         MIDII_PERCUSSIVEORG  equ      17                  Percussive Organ
     0012             (   ../defs/midi.d):00047         MIDII_ROCKORGAN      equ      18                  Rock Organ
     0013             (   ../defs/midi.d):00048         MIDII_CHURCHORGAN    equ      19                  Church Organ
     0014             (   ../defs/midi.d):00049         MIDII_REEDORGAN      equ      20                  Reed Organ
     0015             (   ../defs/midi.d):00050         MIDII_ACCORDION      equ      21                  Accordion
     0016             (   ../defs/midi.d):00051         MIDII_HARMONICA      equ      22                  Harmonica
     0017             (   ../defs/midi.d):00052         MIDII_TANGOACCORDION equ      23                  Tango Accordion
     0018             (   ../defs/midi.d):00053         MIDII_ACOUSTICGUITAR equ      24                  (024) Acoustic Nylon Guitar
     0019             (   ../defs/midi.d):00054         MIDII_STEELGUITAR    equ      25                  Acoustic Steel Guitar
     001A             (   ../defs/midi.d):00055         MIDII_ELECJAZZGUITAR equ      26                  Electric Jazz Guitar
     001B             (   ../defs/midi.d):00056         MIDII_ELECCLEANGUITA equ      27                  Electric Clean Guitar
     001C             (   ../defs/midi.d):00057         MIDII_ELECMUTEDGUITA equ      28                  Electric Muted Guitar
     001D             (   ../defs/midi.d):00058         MIDII_OVERDRIVENGUIT equ      29                  Overdriven Guitar
     001E             (   ../defs/midi.d):00059         MIDII_DISTORTGUITAR  equ      30                  Distortion Guitar
     001F             (   ../defs/midi.d):00060         MIDII_GUITARHARMONIC equ      31                  Guitar Harmonics
     0020             (   ../defs/midi.d):00061         MIDII_ACOUSTICBASS   equ      32                  (032) Acoustic Bass
     0021             (   ../defs/midi.d):00062         MIDII_FINGELECBASS   equ      33                  Fingered Electric Bass
     0022             (   ../defs/midi.d):00063         MIDII_PLUKELECBASS   equ      34                  Plucked Electric Bass
     0023             (   ../defs/midi.d):00064         MIDII_FRETLESSBASS   equ      35                  Fretless Bass
     0024             (   ../defs/midi.d):00065         MIDII_SLAPBASS1      equ      36                  Slap Bass 1
     0025             (   ../defs/midi.d):00066         MIDII_SLAPBASS2      equ      37                  Slap Bass 2
     0026             (   ../defs/midi.d):00067         MIDII_SYNTHBASS1     equ      38                  Synth Bass 1
     0027             (   ../defs/midi.d):00068         MIDII_SYNTHBASS2     equ      39                  Synth Bass 2
     0028             (   ../defs/midi.d):00069         MIDII_VIOLIN         equ      40                  (040) Violin
     0029             (   ../defs/midi.d):00070         MIDII_VIOLA          equ      41                  Viola
     002A             (   ../defs/midi.d):00071         MIDII_CELLO          equ      42                  Cello
     002B             (   ../defs/midi.d):00072         MIDII_CONTRABASS     equ      43                  Contrabass
     002C             (   ../defs/midi.d):00073         MIDII_TREMELO        equ      44                  Tremolo Strings
     002D             (   ../defs/midi.d):00074         MIDII_PIZZICATO      equ      45                  Pizzicato Strings
     002E             (   ../defs/midi.d):00075         MIDII_HARP           equ      46                  Orchestral Harp
     002F             (   ../defs/midi.d):00076         MIDII_TIMPANI        equ      47                  Timpani
     0030             (   ../defs/midi.d):00077         MIDII_STRINGS1       equ      48                  String Ensemble 1
     0031             (   ../defs/midi.d):00078         MIDII_STRINGS2       equ      49                  String Ensemble 2
     0032             (   ../defs/midi.d):00079         MIDII_SYNTHSTR1      equ      50                  Synth Strings 1
     0033             (   ../defs/midi.d):00080         MIDII_SYNTHSTR2      equ      51                  Synth Strings 2
     0034             (   ../defs/midi.d):00081         MIDII_CHOIRAAH       equ      52                  Choir "Aah"
     0035             (   ../defs/midi.d):00082         MIDII_CHOIROOH       equ      53                  Choir "Ooh"
     0036             (   ../defs/midi.d):00083         MIDII_SYNTHVOICE     equ      54                  Synth Voice
     0037             (   ../defs/midi.d):00084         MIDII_ORCHESTRALHIT  equ      55                  Orchestral Hit
     0038             (   ../defs/midi.d):00085         MIDII_TRUMPET        equ      56                  Trumpet
     0039             (   ../defs/midi.d):00086         MIDII_TROMBONE       equ      57                  Trombone
     003A             (   ../defs/midi.d):00087         MIDII_TUBA           equ      58                  Tuba
     003B             (   ../defs/midi.d):00088         MIDII_MUTEDTRUMPET   equ      59                  Muted Trumpet
     003C             (   ../defs/midi.d):00089         MIDII_FRENCHHORN     equ      60                  French Horn
     003D             (   ../defs/midi.d):00090         MIDII_BRASSSECTION   equ      61                  Brass Section
     003E             (   ../defs/midi.d):00091         MIDII_SYNTHBRASS1    equ      62                  Synth Brass 1
     003F             (   ../defs/midi.d):00092         MIDII_SYNTHBRASS2    equ      63                  Synth Brass 2
     0040             (   ../defs/midi.d):00093         MIDII_SOPRANOSAX     equ      64                  Soprano Sax
     0041             (   ../defs/midi.d):00094         MIDII_ALTOSAX        equ      65                  Alto Sax
     0042             (   ../defs/midi.d):00095         MIDII_TENORSAX       equ      66                  Tenor Sax
     0043             (   ../defs/midi.d):00096         MIDII_BARITONESAX    equ      67                  Baritone Sax
     0044             (   ../defs/midi.d):00097         MIDII_OBOE           equ      68                  Oboe
     0045             (   ../defs/midi.d):00098         MIDII_ENGLISHHORN    equ      69                  English Horn
     0046             (   ../defs/midi.d):00099         MIDII_BASSOON        equ      70                  Bassoon
     0047             (   ../defs/midi.d):00100         MIDII_CLARINET       equ      71                  Clarinet
     0048             (   ../defs/midi.d):00101         MIDII_PICCOLO        equ      72                  Piccolo
     0049             (   ../defs/midi.d):00102         MIDII_FLUTE          equ      73                  Flute
     004A             (   ../defs/midi.d):00103         MIDII_RECORDER       equ      74                  Recorder
     004B             (   ../defs/midi.d):00104         MIDII_PANFLUTE       equ      75                  Pan Flute
     004C             (   ../defs/midi.d):00105         MIDII_BOTTLEBLOW     equ      76                  Bottle Blow
     004D             (   ../defs/midi.d):00106         MIDII_SHAKUHACHI     equ      77                  Shakuhachi
     004E             (   ../defs/midi.d):00107         MIDII_WHISTLE        equ      78                  Whistle
     004F             (   ../defs/midi.d):00108         MIDII_OCARINA        equ      79                  Ocarina
     0050             (   ../defs/midi.d):00109         MIDII_SQUAREWVLEAD   equ      80                  Square Wave Lead
     0051             (   ../defs/midi.d):00110         MIDII_SAWTOOTHLEAD   equ      81                  Sawtooth Wave Lead
     0052             (   ../defs/midi.d):00111         MIDII_CALLIONELEAD   equ      82                  Calliope Lead
     0053             (   ../defs/midi.d):00112         MIDII_CHIFFLEAD      equ      83                  Chiff Lead
     0054             (   ../defs/midi.d):00113         MIDII_CHARANGLEAD    equ      84                  Charang Lead
     0055             (   ../defs/midi.d):00114         MIDII_VOICELEAD      equ      85                  Voice Lead
     0056             (   ../defs/midi.d):00115         MIDII_FIFTHSLEAD     equ      86                  Fifths Lead
     0057             (   ../defs/midi.d):00116         MIDII_BASSLEAD       equ      87                  Bass Lead
     0058             (   ../defs/midi.d):00117         MIDII_NEWAGEPAD      equ      88                  New Age Pad
     0059             (   ../defs/midi.d):00118         MIDII_WARMPAD        equ      89                  Warm Pad
     005A             (   ../defs/midi.d):00119         MIDII_POLYSYNTHPAD   equ      90                  Polysynth Pad
     005B             (   ../defs/midi.d):00120         MIDII_CHOIRPAD       equ      91                  Choir Pad
     005C             (   ../defs/midi.d):00121         MIDII_BOWEDPAD       equ      92                  Bowed Pad
     005D             (   ../defs/midi.d):00122         MIDII_METALLICPAD    equ      93                  Metallic Pad
     005E             (   ../defs/midi.d):00123         MIDII_HALOPAD        equ      94                  Halo Pad
     005F             (   ../defs/midi.d):00124         MIDII_SWEEPPAD       equ      95                  Sweep Pad
     0060             (   ../defs/midi.d):00125         MIDII_RAIN           equ      96                  Rain Effect
     0061             (   ../defs/midi.d):00126         MIDII_SOUNDTRKFX     equ      97                  Soundtrack Effect
     0062             (   ../defs/midi.d):00127         MIDII_CRYSTALFX      equ      98                  Crystal Effect
     0063             (   ../defs/midi.d):00128         MIDII_ATMOSPHEREFX   equ      99                  Atmosphere Effect
     0064             (   ../defs/midi.d):00129         MIDII_BRIGHTNESSFX   equ      100                 Brightness Effect
     0065             (   ../defs/midi.d):00130         MIDII_GOBLINSFX      equ      101                 Goblins Effect
     0066             (   ../defs/midi.d):00131         MIDII_ECHOESFX       equ      102                 Echoes Effect
     0067             (   ../defs/midi.d):00132         MIDII_SCIFIFX        equ      103                 Sci-Fi Effect
     0068             (   ../defs/midi.d):00133         MIDII_SITAR          equ      104                 Sitar
     0069             (   ../defs/midi.d):00134         MIDII_BANJO          equ      105                 Banjo
     006A             (   ../defs/midi.d):00135         MIDII_SHAMISEN       equ      106                 Shamisen
     006B             (   ../defs/midi.d):00136         MIDII_KOTO           equ      107                 Koto
     006C             (   ../defs/midi.d):00137         MIDII_KALIMBA        equ      108                 Kalimba
     006D             (   ../defs/midi.d):00138         MIDII_BAGPIPE        equ      109                 Bagpipe
     006E             (   ../defs/midi.d):00139         MIDII_FIDDLE         equ      110                 Fiddle
     006F             (   ../defs/midi.d):00140         MIDII_SHANAI         equ      111                 Shanai
     0070             (   ../defs/midi.d):00141         MIDII_TINKLEBELL     equ      112                 Tinkle Bell
     0071             (   ../defs/midi.d):00142         MIDII_AGOGO          equ      113                 Agogo
     0072             (   ../defs/midi.d):00143         MIDII_STEELDRUMS     equ      114                 Steel Drums
     0073             (   ../defs/midi.d):00144         MIDII_WOODBLOCK      equ      115                 Woodblock
     0074             (   ../defs/midi.d):00145         MIDII_TAIKODRUM      equ      116                 Taiko Drum
     0075             (   ../defs/midi.d):00146         MIDII_MELODICTOM     equ      117                 Melodic Tom
     0076             (   ../defs/midi.d):00147         MIDII_SYNTHDRUMS     equ      118                 Synth Drum
     0077             (   ../defs/midi.d):00148         MIDII_REVERSECYMBAL  equ      119                 Reverse Cymbal
     0078             (   ../defs/midi.d):00149         MIDII_FRETNOISE      equ      120                 Guitar Fret Noise
     0079             (   ../defs/midi.d):00150         MIDII_BREATH         equ      121                 Breath Noise
     007A             (   ../defs/midi.d):00151         MIDII_SEASHORE       equ      122                 Seashore
     007B             (   ../defs/midi.d):00152         MIDII_BIRDTWEET      equ      123                 Bird Tweet
     007C             (   ../defs/midi.d):00153         MIDII_TELEPHONE      equ      124                 Telephone Ring
     007D             (   ../defs/midi.d):00154         MIDII_HELICOPTER     equ      125                 Helicopter
     007E             (   ../defs/midi.d):00155         MIDII_APPLAUSE       equ      126                 Applause
     007F             (   ../defs/midi.d):00156         MIDII_GUNSHOT        equ      127                 Gun Shot
                      (   ../defs/midi.d):00157         
                      (   ../defs/midi.d):00158         
                      (   ../defs/midi.d):00159                             ENDC
                      (    wildbitsl2.as):00008         
                      (    wildbitsl2.as):00009                        endsect

Symbol Table:
[ cG] ACT_LUT                          0000
[ cG] ACT_LUT_0                        0000
[ cG] ACT_LUT_1                        0001
[ cG] ACT_LUT_2                        0002
[ cG] ACT_LUT_3                        0003
[ cG] ALTBIT                           0004
[ cG] AttrMask                         00F0
[ cG] B110                             0000
[ cG] B115200                          000A
[ cG] B1200                            0003
[ cG] B19200                           0007
[ cG] B2400                            0004
[ cG] B300                             0001
[ cG] B38400                           0008
[ cG] B4800                            0005
[ cG] B57600                           0009
[ cG] B600                             0002
[ cG] B9600                            0006
[ cG] BACKGROUND_COLOR_B               000D
[ cG] BACKGROUND_COLOR_G               000E
[ cG] BACKGROUND_COLOR_R               000F
[ cG] badinstr                         0040
[ cG] BBIN                             FF22
[ cG] BBOUT                            FF20
[ cG] BITMAP_BLK                       00C0
[ cG] BlockTyp                         0001
[ cG] BM0_Ctrl                         0001
[ cG] BM0_LUT0                         0002
[ cG] BM0_LUT1                         0004
[ cG] BM1_Ctrl                         0001
[ cG] BM1_LUT0                         0002
[ cG] BM1_LUT1                         0004
[ cG] BM2_Ctrl                         0001
[ cG] BM2_LUT0                         0002
[ cG] BM2_LUT1                         0004
[ cG] BM2_LUT2                         0008
[ cG] BootStr                          0014
[ cG] BORDER_COLOR_B                   0005
[ cG] BORDER_COLOR_G                   0006
[ cG] BORDER_COLOR_R                   0007
[ cG] Border_Ctrl_Enable               0001
[ cG] BORDER_CTRL_REG                  0004
[ cG] BORDER_X_SIZE                    0008
[ cG] BORDER_Y_SIZE                    0009
[ScG] Bt.Start                         EE00
[ cG] BufBusy                          0040
[ cG] BUFMOD                           0001
[ cG] BufReads                         0010
[ cG] BufWrits                         0040
[ cG] BuildInfo                        0021
[ cG] ByteType                         0002
[ScG] C$BELL                           0007
[ScG] C$BSP                            0008
[ScG] C$Clsall                         0016
[ScG] C$Clsgr                          0015
[ScG] C$COMA                           002C
[ScG] C$CR                             000D
[ScG] C$DEL                            0018
[ScG] C$DELETE                         0010
[ScG] C$DWN                            001F
[ScG] C$EL                             0005
[ScG] C$EOF                            001B
[ScG] C$FORM                           000C
[ScG] C$HOME                           000B
[ScG] C$INSERT                         0011
[ScG] C$INTR                           0003
[ScG] C$LF                             000A
[ScG] C$LFT                            001D
[ScG] C$NULL                           0000
[ScG] C$PAUS                           0017
[ScG] C$PERD                           002E
[ScG] C$PLINE                          0013
[ScG] C$QUIT                           0005
[ScG] C$RARR                           0009
[ScG] C$RGT                            001C
[ScG] C$RPET                           0001
[ScG] C$RPRT                           0004
[ScG] C$SHRARR                         0019
[ScG] C$SI                             000F
[ScG] C$SO                             000E
[ScG] C$SPAC                           0020
[ScG] C$UP                             001E
[ScG] C$XOFF                           0013
[ScG] C$XON                            0011
[ cG] CA1_CTRL                         0001
[ cG] CA1E                             0002
[ cG] CA1F                             0002
[ cG] CA2_CTRL                         000E
[ cG] CA2E                             0001
[ cG] CA2F                             0001
[ cG] Carry                            0001
[ cG] CB1_CTRL                         0010
[ cG] CB1E                             0010
[ cG] CB1F                             0010
[ cG] CB2_CTRL                         00E0
[ cG] CB2E                             0008
[ cG] CB2F                             0008
[ cG] CblCode                          0005
[ cG] CCode                            0004
[ cG] CLK_70                           0001
[ cG] CODEC.Base                       FE70
[ cG] CODECCmdHi                       0001
[ cG] CODECCmdLo                       0000
[ cG] CODECCtrl                        0002
[ cG] CODECStat                        0002
[ cG] Condem                           0002
[ cG] CRCCon1                          0080
[ cG] CRCCon23                         0FE3
[ cG] CRCOff                           0000
[ cG] CRCOn                            0001
[ cG] CS_EN                            0001
[ cG] CTRLBIT                          0002
[ cG] D$GSTA                           0009
[ cG] D$INIT                           0000
[ cG] D$PSTA                           000C
[ cG] D$READ                           0003
[ cG] D$TERM                           000F
[ cG] D$WRIT                           0006
[ cG] D.AltIRQ                         00B2
[ cG] D.AProcQ                         0052
[ cG] D.Bell                           0011
[ cG] D.BlkMap                         0040
[ cG] D.Boot                           0031
[ cG] D.BORDR                          009A
[ cG] D.BtBug                          005E
[ cG] D.BtPtr                          0036
[ cG] D.BtSz                           0038
[ cG] D.CBStrt                         0071
[ cG] D.CCMem                          00A5
[ cG] D.CCStk                          00A7
[ cG] D.CldRes                         005C
[ cG] D.Clock                          00E0
[ cG] D.Clock2                         00B6
[ cG] D.CLTb                           00B0
[ cG] D.COCOXT                         0009
[ cG] D.Crash                          006B
[ cG] D.CRC                            003B
[ cG] D.Day                            002A
[ cG] D.Daywk                          0034
[ cG] D.DbgMem                         000A
[ cG] D.DevTbl                         0080
[ cG] D.DMAReq                         008A
[ cG] D.DWSrvID                        0010
[ cG] D.DWStat                         000E
[ cG] D.DWSubAddr                      000C
[ cG] D.ErrCod                         0033
[ cG] D.ErrRst                         00EE
[ cG] D.FIRQ                           00F6
[ cG] D.Flip0                          00A9
[ cG] D.Flip1                          00AB
[ cG] D.FRQER                          0093
[ cG] D.GPoll                          00B4
[ cG] D.HINIT                          0090
[ cG] D.HOFF0                          009F
[ cG] D.Hour                           002B
[ cG] D.Init                           0024
[ cG] D.IRQ                            00F8
[ cG] D.IRQER                          0092
[ cG] D.IRQS                           00AF
[ cG] D.IRQTmp                         0011
[ cG] D.KySns                          0017
[ cG] D.MemSz                          00A3
[ cG] D.Min                            002C
[ cG] D.ModDAT                         005A
[ cG] D.ModDir                         0044
[ cG] D.ModEnd                         0058
[ cG] D.Month                          0029
[ cG] D.MotOn                          0032
[ cG] D.NMI                            00FC
[ cG] D.OrgAlt                         0014
[ cG] D.Pipe                           0061
[ cG] D.Poll                           0026
[ cG] D.PolTbl                         0082
[ cG] D.PrcDBT                         0048
[ cG] D.Proc                           0050
[ cG] D.PthDBT                         0088
[ cG] D.QCnt                           007C
[ cG] D.QIRQ                           003F
[ cG] D.Quick                          003E
[ cG] D.RESV1                          0096
[ cG] D.RESV2                          0097
[ cG] D.RESV3                          009B
[ cG] D.RowState                       0000
[ cG] D.Sec                            002D
[ cG] D.Slice                          002F
[ cG] D.SndPrcID                       0016
[ cG] D.Speed                          00A0
[ cG] D.SProcQ                         0056
[ cG] D.SSTskN                         00A4
[ cG] D.SvcIRQ                         00CE
[ cG] D.SWI                            00FA
[ cG] D.SWI2                           00F4
[ cG] D.SWI3                           00F2
[ cG] D.SWPage                         0003
[ cG] D.SysDAT                         004C
[ cG] D.SysDis                         00C2
[ cG] D.SysIRQ                         00C4
[ cG] D.SysMem                         004E
[ cG] D.SysPrc                         004A
[ cG] D.SysStk                         00CC
[ cG] D.SysSvc                         00C0
[ cG] D.SysTsk                         00D0
[ cG] D.SysVec                         00F0
[ cG] D.Task1N                         003D
[ cG] D.Tasks                          0020
[ cG] D.Tenths                         003C
[ cG] D.Tick                           002E
[ cG] D.Time                           0028
[ cG] D.TIMLS                          0095
[ cG] D.TIMMS                          0094
[ cG] D.TINIT                          0091
[ cG] D.TkCnt                          0035
[ cG] D.TmpDAT                         0022
[ cG] D.TnCnt                          0013
[ cG] D.TskIPt                         00A1
[ cG] D.TSlice                         0030
[ cG] D.UsrDis                         00C8
[ cG] D.UsrIRQ                         00CA
[ cG] D.UsrSvc                         00C6
[ cG] D.VIDMD                          0098
[ cG] D.VIDRS                          0099
[ cG] D.VIRQ                           00AD
[ cG] D.VOFF0                          009E
[ cG] D.VOFF1                          009D
[ cG] D.VOFF2                          009C
[ cG] D.WBKKyDn                        0009
[ cG] D.WDAddr                         0000
[ cG] D.WDBtDr                         0002
[ cG] D.WProcQ                         0054
[ cG] D.XFIRQ                          00E6
[ cG] D.XIRQ                           00E8
[ cG] D.XNMI                           00EC
[ cG] D.XSWI                           00EA
[ cG] D.XSWI2                          00E4
[ cG] D.XSWI3                          00E2
[ cG] D.Year                           0028
[ cG] DAT.Addr                         FFFFFFE0
[ cG] DAT.BlCt                         0008
[ cG] DAT.BlMx                         003F
[ cG] DAT.BlSz                         2000
[ cG] DAT.BMSz                         0040
[ cG] DAT.Free                         333E
[ cG] DAT.ImSz                         0010
[ cG] DAT.Regs                         FFA8
[ cG] DAT.Task                         FFA0
[ cG] DAT.TkCt                         0020
[ cG] DAT.WrEn                         0000
[ cG] DAT.WrPr                         0000
[ cG] Data                             0040
[ cG] DBL_X                            0002
[ cG] DBL_Y                            0004
[ cG] DD.ATT                           000D
[ cG] DD.BIT                           0006
[ cG] DD.BSZ                           0018
[ cG] DD.BT                            0015
[ cG] DD.DAT                           001A
[ cG] DD.DIR                           0008
[ cG] DD.DSK                           000E
[ cG] DD.FMT                           0010
[ cG] DD.MAP                           0004
[ cG] DD.NAM                           001F
[ cG] DD.OPT                           003F
[ cG] DD.OWN                           000B
[ cG] DD.RES                           0013
[ cG] DD.SIZ                           0015
[ cG] DD.SPT                           0011
[ cG] DD.TKS                           0003
[ cG] DD.TOT                           0000
[ cG] Dead                             0001
[ cG] DefIOSiz                         0010
[ cG] DevCnt                           000D
[ cG] Devic                            00F0
[ cG] DEVSIZ                           000D
[ cG] DIR.                             0080
[ cG] DIR.FD                           001D
[ cG] DIR.NM                           0000
[ cG] DIR.SZ                           0020
[ cG] DIV0                             0080
[ cG] DMA.Base                         FEE0
[ cG] DMA_CTRL_1D_2D                   0002
[ cG] DMA_CTRL_Enable                  0001
[ cG] DMA_CTRL_Fill                    0004
[ cG] DMA_CTRL_Int_En                  0008
[ cG] DMA_CTRL_NotUsed0                0010
[ cG] DMA_CTRL_NotUsed1                0020
[ cG] DMA_CTRL_NotUsed2                0040
[ cG] DMA_CTRL_REG                     0000
[ cG] DMA_CTRL_Start_Trf               0080
[ cG] DMA_DATA_2_WRITE                 0001
[ cG] DMA_DEST_ADDR_H                  000A
[ cG] DMA_DEST_ADDR_L                  0008
[ cG] DMA_DEST_ADDR_M                  0009
[ cG] DMA_DST_STRIDE_Y_H               0013
[ cG] DMA_DST_STRIDE_Y_L               0012
[ cG] DMA_RESERVED_0                   0002
[ cG] DMA_RESERVED_1                   0003
[ cG] DMA_RESERVED_2                   0007
[ cG] DMA_RESERVED_3                   000B
[ cG] DMA_RESERVED_4                   000F
[ cG] DMA_RESERVED_5                   0014
[ cG] DMA_RESERVED_6                   0015
[ cG] DMA_RESERVED_7                   0016
[ cG] DMA_RESERVED_8                   0017
[ cG] DMA_SIZE_1D_H                    000E
[ cG] DMA_SIZE_1D_L                    000C
[ cG] DMA_SIZE_1D_M                    000D
[ cG] DMA_SIZE_X_L                     000C
[ cG] DMA_SIZE_X_M                     000D
[ cG] DMA_SIZE_Y_H                     000F
[ cG] DMA_SIZE_Y_L                     000E
[ cG] DMA_SOURCE_ADDR_H                0006
[ cG] DMA_SOURCE_ADDR_L                0004
[ cG] DMA_SOURCE_ADDR_M                0005
[ cG] DMA_SRC_STRIDE_X_H               0011
[ cG] DMA_SRC_STRIDE_X_L               0010
[ cG] DMA_STATUS_REG                   0001
[ cG] DMA_STATUS_TRF_IP                0080
[ cG] DNS.DTD                          0002
[ cG] DNS.FM                           0000
[ cG] DNS.FM0                          0000
[ cG] DNS.HDB                          0008
[ cG] DNS.MFM                          0001
[ cG] DNS.MFM0                         0004
[ cG] DNS.STD                          0000
[ cG] DNS.TURBO                        0010
[ cG] DOWNBIT                          0010
[ScG] DRIVEWIRE.D                      0001
[ cG] Drivr                            00E0
[ cG] DRVBEG                           000F
[ cG] DrvCount                         0008
[ cG] DRVMEM                           0026
[ cG] DT.CDFM                          0005
[ cG] DT.NFM                           0004
[ cG] DT.Pipe                          0002
[ cG] DT.RBF                           0001
[ cG] DT.RFM                           0006
[ cG] DT.SBF                           0003
[ cG] DT.SCF                           0000
[ cG] DW$Init                          0000
[ cG] DW$Read                          0003
[ cG] DW$Term                          0009
[ cG] DW$Write                         0006
[ cG] DW.StatCnt                       001F
[ cG] DW.StatTbl                       0000
[ cG] DW.VIRQNOP                       0024
[ cG] DW.VIRQPkt                       001F
[ cG] E$Alias                          00C7
[ cG] E$ArrOvf                         0049
[ cG] E$BadBuf                         00C2
[ cG] E$BMCRC                          00E8
[ cG] E$BMHP                           00EC
[ cG] E$BMID                           00CD
[ cG] E$BMode                          00CB
[ cG] E$BNam                           00EB
[ cG] E$BPAddr                         00D2
[ cG] E$BPNam                          00D7
[ cG] E$BPNum                          00C9
[ cG] E$BPrcID                         00E0
[ cG] E$BTyp                           00F9
[ cG] E$BufSiz                         00BF
[ cG] E$Bug                            00BE
[ cG] E$CEF                            00DA
[ cG] E$CRC                            00F3
[ cG] E$DeadLk                         00FE
[ cG] E$DelSP                          00DF
[ cG] E$DevBsy                         00FA
[ cG] E$DevOvf                         00CC
[ cG] E$DIDC                           00FB
[ cG] E$DimLrg                         0019
[ cG] E$DirFul                         00CE
[ cG] E$DivZer                         002D
[ cG] E$Dn                             00C6
[ cG] E$DNE                            00EE
[ cG] E$EndQou                         0029
[ cG] E$EOF                            00D3
[ cG] E$ExcVrb                         000B
[ cG] E$FltOvf                         0032
[ cG] E$FNA                            00D6
[ cG] E$Full                           00F8
[ cG] E$HangUp                         00DC
[ cG] E$IBA                            00DB
[ cG] E$IChRef                         000E
[ cG] E$ICoord                         00BD
[ cG] E$ICOvf                          000D
[ cG] E$IForkP                         00E6
[ cG] E$IllA                           0043
[ cG] E$IllArg                         00BB
[ cG] E$IllCmd                         00C0
[ cG] E$IllCnt                         0044
[ cG] E$IllDec                         0048
[ cG] E$IllDim                         0015
[ cG] E$IllExp                         0047
[ cG] E$IllFOR                         0046
[ cG] E$IllInp                         003D
[ cG] E$IllIVr                         004D
[ cG] E$IllLit                         0016
[ cG] E$IllMod                         000F
[ cG] E$IllNum                         0010
[ cG] E$IllOpd                         0012
[ cG] E$IllOpr                         0013
[ cG] E$IllPNm                         0040
[ cG] E$IllPrf                         0011
[ cG] E$IllRet                         0017
[ cG] E$IllRFN                         0014
[ cG] E$IllSfx                         0018
[ cG] E$IllStC                         000C
[ cG] E$IOConv                         003C
[ cG] E$IOFRpt                         003E
[ cG] E$IOFSyn                         003F
[ cG] E$IOMism                         003A
[ cG] E$IONum                          003B
[ cG] E$IPrcID                         00E0
[ cG] E$ISWI                           00E3
[ cG] E$IWDef                          00C3
[ cG] E$IWTyp                          00B7
[ cG] E$KwnMod                         00E7
[ cG] E$LinLrg                         001A
[ cG] E$LnComp                         0033
[ cG] E$Lock                           00FC
[ cG] E$MemFul                         00CF
[ cG] E$MFull                          0020
[ cG] E$MltLin                         004B
[ cG] E$MltVar                         004C
[ cG] E$MNF                            00DD
[ cG] E$ModBsy                         00D1
[ cG] E$MulPrc                         002C
[ cG] E$NEMod                          00EA
[ cG] E$NES                            00D5
[ cG] E$NFont                          00B9
[ cG] E$NoAssg                         001B
[ cG] E$NoChld                         00E2
[ cG] E$NoComa                         001D
[ cG] E$NoData                         004F
[ cG] E$NoDim                          001E
[ cG] E$NoDO                           001F
[ cG] E$NoGoto                         0021
[ cG] E$NoLPar                         0022
[ cG] E$NoLRef                         0023
[ cG] E$NonRcO                         0042
[ cG] E$NoOprd                         0024
[ cG] E$NoPath                         001C
[ cG] E$NoRAM                          00ED
[ cG] E$NoRout                         0030
[ cG] E$NoRPar                         0025
[ cG] E$NoTask                         00EF
[ cG] E$NoTHEN                         0026
[ cG] E$NoTO                           0027
[ cG] E$NotRdy                         00F6
[ cG] E$NoVRef                         0028
[ cG] E$ParmEr                         0038
[ cG] E$PNNF                           00D8
[ cG] E$Poll                           00CA
[ cG] E$PrcAbt                         00E4
[ cG] E$PrcFul                         00E5
[ cG] E$PthFul                         00C8
[ cG] E$Read                           00F4
[ cG] E$Sect                           00F1
[ cG] E$Seek                           00F7
[ cG] E$SeekRg                         004E
[ cG] E$Share                          00FD
[ cG] E$SLF                            00D9
[ cG] E$StkOvf                         00BA
[ cG] E$StrOvf                         002F
[ cG] E$SubLrg                         002A
[ cG] E$SubOvf                         0035
[ cG] E$SubRng                         0037
[ cG] E$SubUnd                         0036
[ cG] E$SysOvf                         0039
[ cG] E$TblFul                         00C1
[ cG] E$TypMis                         002E
[ cG] E$UndLin                         004A
[ cG] E$UndVar                         0031
[ cG] E$Unit                           00F0
[ cG] E$UnkPrc                         002B
[ cG] E$UnkSvc                         00D0
[ cG] E$UnkSym                         000A
[ cG] E$UnmCnt                         0045
[ cG] E$Up                             00C5
[ cG] E$USigP                          00E9
[ cG] E$ValRng                         0034
[ cG] E$WADef                          00B8
[ cG] E$WP                             00F2
[ cG] E$Write                          00F5
[ cG] E$WrSub                          0041
[ cG] E$WUndef                         00C4
[ cG] E_CRC                            00F3
[ cG] EDIT_LUT                         0030
[ cG] EDIT_LUT_0                       0000
[ cG] EDIT_LUT_1                       0010
[ cG] EDIT_LUT_2                       0020
[ cG] EDIT_LUT_3                       0030
[ cG] Entire                           0080
[ cG] EofLock                          0004
[ cG] EXEC.                            0004
[ cG] F$Alarm                          001E
[ cG] F$AlHRAM                         0053
[ cG] F$All64                          0030
[ cG] F$AllBit                         0013
[ cG] F$AllImg                         003A
[ cG] F$AllPrc                         004B
[ cG] F$AllRAM                         0039
[ cG] F$AllTsk                         003F
[ cG] F$AProc                          002C
[ cG] F$Boot                           0035
[ cG] F$BtMem                          0036
[ cG] F$Chain                          0005
[ cG] F$ClrBlk                         0050
[ cG] F$CmpNam                         0011
[ cG] F$CpyMem                         001B
[ cG] F$CRC                            0017
[ cG] F$CRCMod                         0055
[ cG] F$DATLog                         0044
[ cG] F$DATTmp                         0045
[ cG] F$Debug                          0023
[ cG] F$DelBit                         0014
[ cG] F$DelImg                         003B
[ cG] F$DelPrc                         004C
[ cG] F$DelRAM                         0051
[ cG] F$DelTsk                         0040
[ cG] F$ELink                          004D
[ cG] F$Exit                           0006
[ cG] F$Find64                         002F
[ cG] F$FModul                         004E
[ cG] F$Fork                           0003
[ cG] F$FreeHB                         003E
[ cG] F$FreeLB                         003D
[ cG] F$GBlkMp                         0019
[ cG] F$GCMDir                         0052
[ cG] F$GModDr                         001A
[ cG] F$GPrDsc                         0018
[ cG] F$GProcP                         0037
[ cG] F$Icpt                           0009
[ cG] F$ID                             000C
[ cG] F$IODel                          0033
[ cG] F$IOQu                           002B
[ cG] F$IRQ                            002A
[ cG] F$LDABX                          0049
[ cG] F$LDAXY                          0046
[ cG] F$LDAXYP                         0047
[ cG] F$LDDDXY                         0048
[ cG] F$Link                           0000
[ cG] F$Load                           0001
[ cG] F$MapBlk                         004F
[ cG] F$Mem                            0007
[ cG] F$Move                           0038
[ cG] F$NMLink                         0021
[ cG] F$NMLoad                         0022
[ cG] F$NProc                          002D
[ cG] F$NVRAM                          0071
[ cG] F$PErr                           000F
[ cG] F$PrsNam                         0010
[ cG] F$ReBoot                         0054
[ cG] F$RegDmp                         0070
[ cG] F$RelTsk                         0043
[ cG] F$ResTsk                         0042
[ cG] F$Ret64                          0031
[ cG] F$SchBit                         0012
[ cG] F$Send                           0008
[ cG] F$SetImg                         003C
[ cG] F$SetTsk                         0041
[ cG] F$Sleep                          000A
[ cG] F$SLink                          0034
[ cG] F$SPrior                         000D
[ cG] F$SRqMem                         0028
[ cG] F$SRtMem                         0029
[ cG] F$SSpd                           000B
[ cG] F$SSvc                           0032
[ cG] F$SSWI                           000E
[ cG] F$STABX                          004A
[ cG] F$STime                          0016
[ cG] F$SUser                          001C
[ cG] F$TimAlm                         0026
[ cG] F$Time                           0015
[ cG] F$TPS                            0025
[ cG] F$UnLink                         0002
[ cG] F$UnLoad                         001D
[ cG] F$VBlock                         0057
[ cG] F$VIRQ                           0027
[ cG] F$VModul                         002E
[ cG] F$Wait                           0004
[ cG] F$XTime                          0056
[ cG] false                            0000
[ cG] FD.ATT                           0000
[ cG] FD.Creat                         000D
[ cG] FD.DAT                           0003
[ cG] FD.LNK                           0008
[ cG] FD.LS1                           00FB
[ cG] FD.LS2                           00FA
[ cG] FD.OWN                           0001
[ cG] FD.SEG                           0010
[ cG] FD.SIZ                           0009
[ cG] FDBUF                            0004
[ cG] FDSL.A                           0000
[ cG] FDSL.B                           0003
[ cG] FDSL.S                           0005
[ cG] Feature1                         001B
[ cG] Feature2                         001C
[ cG] FileLock                         0002
[ cG] FIRQMask                         0040
[ cG] FlMgr                            00D0
[ cG] FMCDIR                           0009
[ cG] FMCLOS                           0024
[ cG] FMCREA                           0000
[ cG] FMDLET                           000C
[ cG] FMGSTA                           001E
[ cG] FMMDIR                           0006
[ cG] FMOPEN                           0003
[ cG] FMRDLN                           0018
[ cG] FMREAD                           0012
[ cG] FMSEEK                           000F
[ cG] FMSSTA                           0021
[ cG] FMT.DNS                          0002
[ cG] FMT.SIDE                         0001
[ cG] FMT.T0DN                         0020
[ cG] FMT.TDNS                         0004
[ cG] FMWRIT                           0015
[ cG] FMWRLN                           001B
[ cG] FON_OVLY                         0010
[ cG] FON_SET                          0020
[ cG] FONT_0_OFFSET                    0000
[ cG] FONT_1_OFFSET                    0800
[ cG] FONT_BLK                         00C1
[ cG] FrtnCode                         0006
[ cG] FT_CLK70                         0001
[ cG] FT_DBX                           0004
[ cG] FT_DBY                           0002
[ cG] FT_FOVR                          0010
[ cG] FT_FSET                          0020
[ cG] FT_MON                           0008
[ cG] FT_OMIT                          00FF
[ cG] FX_BM                            0008
[ cG] FX_GAM                           0040
[ cG] FX_GRF                           0004
[ cG] FX_OMIT                          00FF
[ cG] FX_OVR                           0002
[ cG] FX_SPR                           0020
[ cG] FX_TIL                           0010
[ cG] FX_TXT                           0001
[ cG] GAMMA_BLK                        00C0
[ cG] H6309                            0000
[ cG] HalfCrry                         0020
[ScG] HW.Page                          0007
[ScG] HW.Page                          0007
[ cG] I$Attach                         0080
[ cG] I$ChgDir                         0086
[ cG] I$Close                          008F
[ cG] I$Create                         0083
[ cG] I$Delete                         0087
[ cG] I$DeletX                         0090
[ cG] I$Detach                         0081
[ cG] I$Dup                            0082
[ cG] I$GetStt                         008D
[ cG] I$MakDir                         0085
[ cG] I$ModDsc                         0091
[ cG] I$Open                           0084
[ cG] I$Read                           0089
[ cG] I$ReadLn                         008B
[ cG] I$Seek                           0088
[ cG] I$SetStt                         008E
[ cG] I$Write                          008A
[ cG] I$WritLn                         008C
[ cG] ICode                            0002
[ cG] IEC_ATN_i                        0004
[ cG] IEC_CLK_i                        0002
[ cG] IEC_DATA_i                       0001
[ cG] IEC_SREQ_i                       0008
[ cG] IERSET                           0080
[ cG] ImgChg                           0010
[ cG] InDriver                         0020
[ cG] InitStr                          000E
[ cG] InstallName                      001F
[ cG] INT_CARTRIDGE                    0080
[ cG] INT_EDGE_0                       FE28
[ cG] INT_EDGE_1                       FE29
[ cG] INT_EDGE_2                       FE2A
[ cG] INT_EDGE_3                       FE2B
[ cG] INT_MASK_0                       FE2C
[ cG] INT_MASK_1                       FE2D
[ cG] INT_MASK_2                       FE2E
[ cG] INT_MASK_3                       FE2F
[ cG] INT_PENDING_0                    FE20
[ cG] INT_PENDING_1                    FE21
[ cG] INT_PENDING_2                    FE22
[ cG] INT_PENDING_3                    FE23
[ cG] INT_POLARITY_0                   FE24
[ cG] INT_POLARITY_1                   FE25
[ cG] INT_POLARITY_2                   FE26
[ cG] INT_POLARITY_3                   FE27
[ cG] INT_PS2_KBD                      0004
[ cG] INT_PS2_MOUSE                    0008
[ cG] INT_RTC                          0010
[ cG] INT_SDC_INS                      0040
[ cG] INT_TIMER_0                      0010
[ cG] INT_TIMER_1                      0020
[ cG] INT_UART                         0001
[ cG] INT_VIA0                         0020
[ cG] INT_VIA1                         0040
[ cG] INT_VKY_SOF                      0001
[ cG] INT_VKY_SOL                      0002
[ cG] IntMasks                         0050
[ cG] IOAddr                           007F
[ cG] IOBlock                          003F
[ cG] IOEntry                          00FE
[ cG] IRQF                             0080
[ cG] IRQMask                          0010
[ cG] ISIZ.                            0020
[ cG] IT.ALF                           0017
[ cG] IT.BAU                           0027
[ cG] IT.BDC                           0035
[ cG] IT.BGC                           0034
[ cG] IT.BSE                           0024
[ cG] IT.BSO                           0014
[ cG] IT.BSP                           001B
[ cG] IT.COL                           002C
[ cG] IT.CPX                           0031
[ cG] IT.CPY                           0032
[ cG] IT.CYL                           0017
[ cG] IT.D2P                           0028
[ cG] IT.DEL                           001C
[ cG] IT.DLO                           0015
[ cG] IT.DNS                           0016
[ cG] IT.DRV                           0013
[ cG] IT.DTP                           0012
[ cG] IT.DUP                           0020
[ cG] IT.DVC                           0012
[ cG] IT.ECnt                          0014
[ cG] IT.EKO                           0016
[ cG] IT.EOF                           001E
[ cG] IT.EOR                           001D
[ cG] IT.ESiz                          0013
[ cG] IT.Exten                         0022
[ cG] IT.FGC                           0033
[ cG] IT.ILV                           001F
[ cG] IT.INT                           0022
[ cG] IT.LLDRV                         0028
[ cG] IT.MPI                           002A
[ cG] IT.NUL                           0018
[ cG] IT.OFS                           0026
[ cG] IT.OVF                           0025
[ cG] IT.PAG                           001A
[ cG] IT.PAR                           0026
[ cG] IT.PAU                           0019
[ cG] IT.PDC                           0012
[ cG] IT.PSC                           0021
[ cG] IT.QUT                           0023
[ cG] IT.ROW                           002D
[ cG] IT.RPR                           001F
[ cG] IT.RWC                           0028
[ cG] IT.SAS                           0020
[ cG] IT.SCT                           001B
[ cG] IT.SID                           0019
[ cG] IT.SOFF1                         0025
[ cG] IT.SOFF2                         0026
[ cG] IT.SOFF3                         0027
[ cG] IT.SToff                         0024
[ cG] IT.STP                           0014
[ cG] IT.STY                           0030
[ cG] IT.T0S                           001D
[ cG] IT.TFM                           0021
[ cG] IT.TYP                           0015
[ cG] IT.UPC                           0013
[ cG] IT.VAL                           002F
[ cG] IT.VFY                           001A
[ cG] IT.WND                           002E
[ cG] IT.WPC                           0025
[ cG] IT.XOFF                          002B
[ cG] IT.XON                           002A
[ cG] IT.XTYP                          002E
[ cG] JOTA_BUT0                        0010
[ cG] JOTA_RGT                         0008
[ cG] JOTB_BUT0                        0010
[ cG] JOTB_RGT                         0008
[ cG] JOYA_BUT1                        0020
[ cG] JOYA_BUT2                        0040
[ cG] JOYA_DWN                         0002
[ cG] JOYA_LFT                         0004
[ cG] JOYA_UP                          0001
[ cG] JOYB_BUT1                        0020
[ cG] JOYB_BUT2                        0040
[ cG] JOYB_DWN                         0002
[ cG] JOYB_LFT                         0004
[ cG] JOYB_UP                          0001
[ cG] K_AK                             0080
[ cG] K_NK                             0040
[ cG] K_WR                             0002
[ cG] KBD_IN                           FE52
[ cG] KBufSz                           0008
[ cG] KCLR                             0010
[ cG] KEMP                             0001
[ cG] KEYDELAY                         0005
[ cG] KEYDELAY1                        001E
[ cG] KeyRptD                          0029
[ cG] KeyRptS                          0028
[ScG] KrnBlk                           0007
[ cG] LangMask                         000F
[ cG] LastRAM                          003F
[ cG] LEFTBIT                          0020
[ cG] Level                            0002
[ cG] Limited                          0001
[ cG] llreserve                        0040
[ cG] LUT_BANK_0                       0008
[ cG] LUT_BANK_1                       0009
[ cG] LUT_BANK_2                       000A
[ cG] LUT_BANK_3                       000B
[ cG] LUT_BANK_4                       000C
[ cG] LUT_BANK_5                       000D
[ cG] LUT_BANK_6                       000E
[ cG] LUT_BANK_7                       000F
[ cG] M$DTyp                           0012
[ cG] M$Exec                           0009
[ cG] M$FMgr                           0009
[ cG] M$ID                             0000
[ cG] M$ID1                            0087
[ cG] M$ID12                           87CD
[ cG] M$ID2                            00CD
[ cG] M$IDSize                         0009
[ cG] M$Mem                            000B
[ cG] M$Mode                           000D
[ cG] M$Name                           0004
[ cG] M$Opt                            0011
[ cG] M$Parity                         0008
[ cG] M$PDev                           000B
[ cG] M$Port                           000E
[ cG] M$Revs                           0007
[ cG] M$Size                           0002
[ cG] M$Type                           0006
[ cG] M_AK                             0020
[ cG] M_NK                             0010
[ cG] M_WR                             0008
[ cG] MASTER_CTRL_REG_H                0001
[ cG] MASTER_CTRL_REG_L                0000
[ScG] maxcache                         0800
[ cG] MaxMem                           0009
[ cG] MCLR                             0020
[ cG] MD$ESize                         0008
[ cG] MD$Link                          0006
[ cG] MD$MBSiz                         0002
[ cG] MD$MPDAT                         0000
[ cG] MD$MPtr                          0004
[ cG] MEMP                             0002
[ScG] MIDI.D                           0001
[ cG] MIDI_FIFO_DATA                   0001
[ cG] MIDI_RXD_COUNT_HI                0003
[ cG] MIDI_RXD_COUNT_LOW               0002
[ cG] MIDI_STATUS                      0000
[ cG] MIDI_TXD_COUNT_HI                0005
[ cG] MIDI_TXD_COUNT_LOW               0004
[ cG] MIDICC_ALLNOTESOFF               007B
[ cG] MIDICMD_CC                       00B0
[ cG] MIDICMD_NOTE_OFF                 0080
[ cG] MIDICMD_NOTE_ON                  0090
[ cG] MIDICMD_SYSEX                    F07F
[ cG] MIDICMD_SYSEXTERM                00F7
[ cG] MIDII_ACCORDION                  0015
[ cG] MIDII_ACOUSTICBASS               0020
[ cG] MIDII_ACOUSTICGUITAR             0018
[ cG] MIDII_AGOGO                      0071
[ cG] MIDII_ALTOSAX                    0041
[ cG] MIDII_APPLAUSE                   007E
[ cG] MIDII_ATMOSPHEREFX               0063
[ cG] MIDII_BAGPIPE                    006D
[ cG] MIDII_BANJO                      0069
[ cG] MIDII_BARITONESAX                0043
[ cG] MIDII_BASSLEAD                   0057
[ cG] MIDII_BASSOON                    0046
[ cG] MIDII_BIRDTWEET                  007B
[ cG] MIDII_BOTTLEBLOW                 004C
[ cG] MIDII_BOWEDPAD                   005C
[ cG] MIDII_BRASSSECTION               003D
[ cG] MIDII_BREATH                     0079
[ cG] MIDII_BRIGHTNESSFX               0064
[ cG] MIDII_BRITACOUPIANO              0001
[ cG] MIDII_CALLIONELEAD               0052
[ cG] MIDII_CELESTA                    0008
[ cG] MIDII_CELLO                      002A
[ cG] MIDII_CHARANGLEAD                0054
[ cG] MIDII_CHIFFLEAD                  0053
[ cG] MIDII_CHOIRAAH                   0034
[ cG] MIDII_CHOIROOH                   0035
[ cG] MIDII_CHOIRPAD                   005B
[ cG] MIDII_CHORUSEDPIANO              0005
[ cG] MIDII_CHURCHORGAN                0013
[ cG] MIDII_CLARINET                   0047
[ cG] MIDII_CLAVINET                   0007
[ cG] MIDII_CONTRABASS                 002B
[ cG] MIDII_CRYSTALFX                  0062
[ cG] MIDII_DISTORTGUITAR              001E
[ cG] MIDII_DULCIMER                   000F
[ cG] MIDII_ECHOESFX                   0066
[ cG] MIDII_ELECCLEANGUITA             001B
[ cG] MIDII_ELECJAZZGUITAR             001A
[ cG] MIDII_ELECMUTEDGUITA             001C
[ cG] MIDII_ELECTRICGRAND              0002
[ cG] MIDII_ENGLISHHORN                0045
[ cG] MIDII_FIDDLE                     006E
[ cG] MIDII_FIFTHSLEAD                 0056
[ cG] MIDII_FINGELECBASS               0021
[ cG] MIDII_FLUTE                      0049
[ cG] MIDII_FRENCHHORN                 003C
[ cG] MIDII_FRETLESSBASS               0023
[ cG] MIDII_FRETNOISE                  0078
[ cG] MIDII_GLOCKENSPIEL               0009
[ cG] MIDII_GOBLINSFX                  0065
[ cG] MIDII_GRANDPIANO                 0000
[ cG] MIDII_GUITARHARMONIC             001F
[ cG] MIDII_GUNSHOT                    007F
[ cG] MIDII_HALOPAD                    005E
[ cG] MIDII_HAMMONDORGAN               0010
[ cG] MIDII_HARMONICA                  0016
[ cG] MIDII_HARP                       002E
[ cG] MIDII_HARPSICHORD                0006
[ cG] MIDII_HELICOPTER                 007D
[ cG] MIDII_HONKYTONKPIANO             0003
[ cG] MIDII_KALIMBA                    006C
[ cG] MIDII_KOTO                       006B
[ cG] MIDII_MARIMBA                    000C
[ cG] MIDII_MELODICTOM                 0075
[ cG] MIDII_METALLICPAD                005D
[ cG] MIDII_MUSICBOX                   000A
[ cG] MIDII_MUTEDTRUMPET               003B
[ cG] MIDII_NEWAGEPAD                  0058
[ cG] MIDII_OBOE                       0044
[ cG] MIDII_OCARINA                    004F
[ cG] MIDII_ORCHESTRALHIT              0037
[ cG] MIDII_OVERDRIVENGUIT             001D
[ cG] MIDII_PANFLUTE                   004B
[ cG] MIDII_PERCUSSIVEORG              0011
[ cG] MIDII_PICCOLO                    0048
[ cG] MIDII_PIZZICATO                  002D
[ cG] MIDII_PLUKELECBASS               0022
[ cG] MIDII_POLYSYNTHPAD               005A
[ cG] MIDII_RAIN                       0060
[ cG] MIDII_RECORDER                   004A
[ cG] MIDII_REEDORGAN                  0014
[ cG] MIDII_REVERSECYMBAL              0077
[ cG] MIDII_RHODESPIANO                0004
[ cG] MIDII_ROCKORGAN                  0012
[ cG] MIDII_SAWTOOTHLEAD               0051
[ cG] MIDII_SCIFIFX                    0067
[ cG] MIDII_SEASHORE                   007A
[ cG] MIDII_SHAKUHACHI                 004D
[ cG] MIDII_SHAMISEN                   006A
[ cG] MIDII_SHANAI                     006F
[ cG] MIDII_SITAR                      0068
[ cG] MIDII_SLAPBASS1                  0024
[ cG] MIDII_SLAPBASS2                  0025
[ cG] MIDII_SOPRANOSAX                 0040
[ cG] MIDII_SOUNDTRKFX                 0061
[ cG] MIDII_SQUAREWVLEAD               0050
[ cG] MIDII_STEELDRUMS                 0072
[ cG] MIDII_STEELGUITAR                0019
[ cG] MIDII_STRINGS1                   0030
[ cG] MIDII_STRINGS2                   0031
[ cG] MIDII_SWEEPPAD                   005F
[ cG] MIDII_SYNTHBASS1                 0026
[ cG] MIDII_SYNTHBASS2                 0027
[ cG] MIDII_SYNTHBRASS1                003E
[ cG] MIDII_SYNTHBRASS2                003F
[ cG] MIDII_SYNTHDRUMS                 0076
[ cG] MIDII_SYNTHSTR1                  0032
[ cG] MIDII_SYNTHSTR2                  0033
[ cG] MIDII_SYNTHVOICE                 0036
[ cG] MIDII_TAIKODRUM                  0074
[ cG] MIDII_TANGOACCORDION             0017
[ cG] MIDII_TELEPHONE                  007C
[ cG] MIDII_TENORSAX                   0042
[ cG] MIDII_TIMPANI                    002F
[ cG] MIDII_TINKLEBELL                 0070
[ cG] MIDII_TREMELO                    002C
[ cG] MIDII_TROMBONE                   0039
[ cG] MIDII_TRUMPET                    0038
[ cG] MIDII_TUBA                       003A
[ cG] MIDII_TUBULARBELLS               000E
[ cG] MIDII_VIBRAPHONE                 000B
[ cG] MIDII_VIOLA                      0029
[ cG] MIDII_VIOLIN                     0028
[ cG] MIDII_VOICELEAD                  0055
[ cG] MIDII_WARMPAD                    0059
[ cG] MIDII_WHISTLE                    004E
[ cG] MIDII_WOODBLOCK                  0073
[ cG] MIDII_XYLOPHONE                  000D
[ cG] MIDIMMC_DEVICE_ALL               007F
[ cG] MIDITARG_CT460                   0002
[ cG] MIDITARG_CZ230                   0001
[ cG] MIDITARG_FB01                    0005
[ cG] MIDITARG_MIDI                    0000
[ cG] MIDITARG_MS710                   0004
[ cG] MIDITARG_MT32                    0006
[ cG] MIDITARG_MT540                   0003
[ cG] MIDITARG_PSR500                  0007
[ScG] MINSEC                           0010
[ cG] MMU_IO_CTRL                      FFA1
[ cG] MMU_MEM_CTRL                     FFA0
[ cG] MMU_SLOT_0                       FFA8
[ cG] MMU_SLOT_1                       FFA9
[ cG] MMU_SLOT_2                       FFAA
[ cG] MMU_SLOT_3                       FFAB
[ cG] MMU_SLOT_4                       FFAC
[ cG] MMU_SLOT_5                       FFAD
[ cG] MMU_SLOT_6                       FFAE
[ cG] MMU_SLOT_7                       FFAF
[ cG] MMU_SLOT_BASE                    FFA8
[ cG] ModBlock                         0002
[ cG] ModNat                           0020
[ cG] ModProt                          0040
[ cG] MON_SLP                          0008
[ cG] MonType                          0025
[ cG] MouseInf                         0026
[ cG] MoveBlks                         0005
[ cG] MS_IN                            FE53
[ cG] MS_MEN                           FEA0
[ cG] MS_PS2B0                         FEA6
[ cG] MS_PS2B1                         FEA7
[ cG] MS_PS2B2                         FEA8
[ cG] MS_SRATE                         0028
[ cG] MS_XH                            FEA2
[ cG] MS_XL                            FEA3
[ cG] MS_YH                            FEA4
[ cG] MS_YL                            FEA5
[ cG] Mstr_Ctrl_Bitmap_En              0008
[ cG] Mstr_Ctrl_Disable_Vid            0080
[ cG] Mstr_Ctrl_GAMMA_En               0040
[ cG] Mstr_Ctrl_Graph_Mode_En          0004
[ cG] Mstr_Ctrl_Sprite_En              0020
[ cG] Mstr_Ctrl_Text_Mode_En           0001
[ cG] Mstr_Ctrl_Text_Overlay           0002
[ cG] Mstr_Ctrl_TileMap_En             0010
[ cG] Multi                            0030
[ScG] NameMax                          001D
[ cG] NefIOSiz                         000C
[ cG] Negative                         0008
[ScG] NOS9MAJ                          0000
[ScG] NOS9MIN                          0000
[ScG] NOS9VER                          0000
[ cG] NotRAM                           0080
[ScG] NPATHS                           0010
[ cG] NumPaths                         0010
[ cG] Obj6309                          0007
[ cG] Objct                            0001
[ cG] OKB.Base                         FE10
[ cG] OKB.CntHi                        0003
[ cG] OKB.CntLo                        0002
[ cG] OKB.Data                         0000
[ cG] OKB.Stat                         0001
[ cG] OP_DWINIT                        005A
[ cG] OP_GETSTA                        0047
[ cG] OP_INIT                          0049
[ cG] OP_NAMEOBJ_CREATE                0002
[ cG] OP_NAMEOBJ_MOUNT                 0001
[ cG] OP_NOP                           0000
[ cG] OP_PRINT                         0050
[ cG] OP_PRINTFLUSH                    0046
[ cG] OP_READ                          0052
[ cG] OP_READEX                        00D2
[ cG] OP_REREAD                        0072
[ cG] OP_REREADEX                      00F2
[ cG] OP_RESET1                        00FE
[ cG] OP_RESET2                        00FF
[ cG] OP_RESET3                        00F8
[ cG] OP_REWRIT                        0077
[ cG] OP_SERGETSTAT                    0044
[ cG] OP_SERINIT                       0045
[ cG] OP_SERREAD                       0043
[ cG] OP_SERREADM                      0063
[ cG] OP_SERSETSTAT                    00C4
[ cG] OP_SERTERM                       00C5
[ cG] OP_SERWRITE                      00C3
[ cG] OP_SETSTA                        0053
[ cG] OP_SETTIME                       0024
[ cG] OP_TERM                          0054
[ cG] OP_TIME                          0023
[ cG] OP_VFM                           00D6
[ cG] OP_VPORT_READ                    0056
[ cG] OP_VPORT_WRITE                   0076
[ cG] OP_WIREBUG_GO                    0047
[ cG] OP_WIREBUG_MODE                  0042
[ cG] OP_WIREBUG_READMEM               004D
[ cG] OP_WIREBUG_READREGS              0052
[ cG] OP_WIREBUG_WRITEMEM              006D
[ cG] OP_WIREBUG_WRITEREGS             0072
[ cG] OP_WRITE                         0057
[ cG] OPTCNT                           001A
[ScG] OS9.D                            0001
[ cG] OSLevel                          0017
[ cG] OSMajor                          0019
[ cG] OSMinor                          001A
[ cG] OSName                           001D
[ cG] OSVer                            0018
[ cG] P$Age                            000B
[ cG] P$Alarm                          00C3
[ cG] P$CID                            0003
[ cG] P$DatBeg                         00BD
[ cG] P$DATImg                         0040
[ cG] P$DeadLk                         001E
[ cG] P$DIO                            0020
[ cG] P$FCalls                         00B5
[ cG] P$ICalls                         00B9
[ cG] P$ID                             0000
[ cG] P$IOQN                           0010
[ cG] P$IOQP                           000F
[ cG] P$Links                          0080
[ cG] P$NIO                            00A0
[ cG] P$PagCnt                         0007
[ cG] P$Path                           0030
[ cG] P$PID                            0001
[ cG] P$PModul                         0011
[ cG] P$Prior                          000A
[ cG] P$Queue                          000D
[ cG] P$SelP                           00AC
[ cG] P$SID                            0002
[ cG] P$SigDat                         001C
[ cG] P$Signal                         0019
[ cG] P$SigVec                         001A
[ cG] P$Size                           0200
[ cG] P$SP                             0004
[ cG] P$Stack                          0200
[ cG] P$State                          000C
[ cG] P$STicks                         00B1
[ cG] P$SWI                            0013
[ cG] P$SWI2                           0015
[ cG] P$SWI3                           0017
[ cG] P$Task                           0006
[ cG] P$TimBeg                         00C0
[ cG] P$User                           0008
[ cG] P$UTicks                         00AD
[ cG] PAL_EN                           0001
[ cG] PAREVEN                          0060
[ cG] PARMARK                          00A0
[ cG] PARMASK                          00E0
[ cG] PARNONE                          0000
[ cG] PARODD                           0020
[ cG] PARSPACE                         00E0
[ cG] PBL_EN                           0002
[ cG] PCode                            0003
[ cG] PD.ALF                           0025
[ cG] PD.ATT                           0033
[ cG] PD.BAU                           0035
[ cG] PD.BCnt                          001A
[ cG] PD.BSE                           0032
[ cG] PD.BSO                           0022
[ cG] PD.BSP                           0029
[ cG] PD.BUF                           0008
[ cG] PD.CNT                           0002
[ cG] PD.CP                            000B
[ cG] PD.CPR                           0005
[ cG] PD.CYL                           0025
[ cG] PD.D2P                           0036
[ cG] PD.DCP                           003A
[ cG] PD.DEL                           002A
[ cG] PD.DEV                           0003
[ cG] PD.DFD                           0037
[ cG] PD.DLO                           0023
[ cG] PD.DNS                           0024
[ cG] PD.DRV                           0021
[ cG] PD.DSK                           001C
[ cG] PD.DTB                           001E
[ cG] PD.DTP                           0020
[ cG] PD.DUP                           002E
[ cG] PD.DV2                           000A
[ cG] PD.DVT                           003E
[ cG] PD.ECnt                          0022
[ cG] PD.EKO                           0024
[ cG] PD.End                           0012
[ cG] PD.EOF                           002C
[ cG] PD.EOR                           002B
[ cG] PD.ERR                           003A
[ cG] PD.ESiz                          0021
[ cG] PD.Exten                         0030
[ cG] PD.FD                            0034
[ cG] PD.FST                           000A
[ cG] PD.ILV                           002D
[ cG] PD.INT                           0030
[ cG] PD.Keep                          001D
[ cG] PD.MAX                           000D
[ cG] PD.MIN                           000F
[ cG] PD.MOD                           0001
[ cG] PD.Name                          0023
[ cG] PD.NUL                           0026
[ cG] PD.NxtI                          0014
[ cG] PD.NxtO                          0016
[ cG] PD.OPT                           0020
[ cG] PD.OVF                           0033
[ cG] PD.Own                           001C
[ cG] PD.PAG                           0028
[ cG] PD.PAR                           0034
[ cG] PD.PAU                           0027
[ cG] PD.PD                            0000
[ cG] PD.PLP                           003D
[ cG] PD.PSC                           002F
[ cG] PD.PST                           003F
[ cG] PD.QSiz                          001E
[ cG] PD.QUT                           0031
[ cG] PD.RAW                           000C
[ cG] PD.RCT                           000B
[ cG] PD.Read                          000A
[ cG] PD.REOR                          000D
[ cG] PD.RFlg                          0018
[ cG] PD.RGS                           0006
[ cG] PD.RPID                          000A
[ cG] PD.RPR                           002D
[ cG] PD.RSIG                          000C
[ cG] PD.SAS                           002E
[ cG] PD.SBL                           0013
[ cG] PD.SBP                           0016
[ cG] PD.SCT                           0029
[ cG] PD.SID                           0027
[ cG] PD.SIZ                           000F
[ cG] PD.SMF                           000A
[ cG] PD.SSZ                           0019
[ cG] PD.STM                           0012
[ cG] PD.SToff                         0032
[ cG] PD.STP                           0022
[ cG] PD.STS                           0010
[ cG] PD.T0S                           002B
[ cG] PD.TBL                           003B
[ cG] PD.TFM                           002F
[ cG] PD.TYP                           0023
[ cG] PD.UPC                           0021
[ cG] PD.VFY                           0028
[ cG] PD.WCT                           000F
[ cG] PD.WEOR                          0011
[ cG] PD.WPID                          000E
[ cG] PD.Writ                          000E
[ cG] PD.Wrtn                          0019
[ cG] PD.WSIG                          0010
[ cG] PD.XOFF                          0039
[ cG] PD.XON                           0038
[ cG] PDELIM                           002F
[ cG] PDIR                             002E
[ cG] PDSIZE                           0040
[ cG] PE.Confl                         0005
[ cG] PE.FilNm                         0020
[ cG] PE.HiLck                         000C
[ cG] PE.Lock                          0007
[ cG] PE.LoLck                         0008
[ cG] PE.NxFil                         0003
[ cG] PE.Owner                         0014
[ cG] PE.PDptr                         0001
[ cG] PE.PE                            0000
[ cG] PE.Prior                         0016
[ cG] PE.Req                           0015
[ cG] PE.SigID                         0018
[ cG] PE.SigSg                         0017
[ cG] PE.TmOut                         0012
[ cG] PE.Wait                          0010
[ cG] PENTIR                           0040
[ cG] PEXEC.                           0020
[ScG] PIPE.D                           0001
[ sG] PManMem                          <<incomplete>>
[ cG] PollCnt                          000C
[ cG] POLSIZ                           000B
[ cG] PP.Data                          0008
[ cG] PP.Next                          0002
[ cG] PP.PD                            0000
[ cG] PP.Prev                          0004
[ cG] PP.Rsrv                          0006
[ cG] PREAD.                           0008
[ cG] Prgrm                            0010
[ cG] Proc6309                         0002
[ cG] Proc6809                         0000
[ cG] ProtFlag                         0016
[ cG] PS2_CTRL                         FE50
[ cG] PS2_OUT                          FE51
[ cG] PS2_STAT                         FE54
[ cG] PSGL.Base                        0200
[ cG] PSGM.Base                        0208
[ cG] PSGR.Base                        0210
[ cG] PST.DCD                          0001
[ cG] PWRIT.                           0010
[ cG] Q$FLIP                           0002
[ cG] Q$MAP                            0009
[ cG] Q$MASK                           0003
[ cG] Q$POLL                           0000
[ cG] Q$PRTY                           0008
[ cG] Q$SERV                           0004
[ cG] Q$STAT                           0006
[ cG] R$A                              0001
[ cG] R$B                              0002
[ cG] R$CC                             0000
[ cG] R$D                              0001
[ cG] R$DP                             0003
[ cG] R$PC                             000A
[ cG] R$Size                           000C
[ cG] R$U                              0008
[ cG] R$X                              0004
[ cG] R$Y                              0006
[ cG] RAMCheck                         0001
[ cG] RAMCount                         0001
[ cG] RAMinUse                         0001
[ScG] RBF.D                            0001
[ScG] RBSUPER.D                        0001
[ cG] RcdLock                          0001
[ cG] READ.                            0001
[ cG] ReEnt                            0080
[ cG] RevsMask                         000F
[ cG] RIGHTBIT                         0040
[ cG] ROMBlock                         003F
[ cG] ROMCheck                         0001
[ cG] ROMCount                         0001
[ cG] RST0                             FE02
[ cG] RST1                             FE03
[ cG] RTC.Base                         FE40
[ cG] RTC_24HR                         0002
[ cG] RTC_CENTURY                      000F
[ cG] RTC_CTRL                         000E
[ cG] RTC_DAY                          0006
[ cG] RTC_DAY_ALARM                    0007
[ cG] RTC_DOW                          0008
[ cG] RTC_ENABLE                       000C
[ cG] RTC_FLAGS                        000D
[ cG] RTC_HRS                          0004
[ cG] RTC_HRS_ALARM                    0005
[ cG] RTC_MIN                          0002
[ cG] RTC_MIN_ALARM                    0003
[ cG] RTC_MONTH                        0009
[ cG] RTC_RATES                        000B
[ cG] RTC_SEC                          0000
[ cG] RTC_SEC_ALARM                    0001
[ cG] RTC_STOP                         0004
[ cG] RTC_UTI                          0008
[ cG] RTC_YEAR                         000A
[ cG] RxBufDSz                         00D6
[ cG] RxBufEnd                         0021
[ cG] RxBuff                           002A
[ cG] RxBufGet                         0023
[ cG] RxBufPtr                         0028
[ cG] RxBufPut                         0025
[ cG] RxBufSiz                         0020
[ cG] RxDatLen                         001F
[ cG] RxGrab                           0027
[ cG] S$Abort                          0002
[ cG] S$Alarm                          0005
[ cG] S$FS2Sig                         0080
[ cG] S$HUP                            0004
[ cG] S$Intrpt                         0003
[ cG] S$Kill                           0000
[ cG] S$KQ3Sig                         0080
[ cG] S$Wake                           0001
[ cG] S$Window                         0004
[ cG] SAM2695.Base                     FF30
[ cG] Sbrtn                            0020
[ScG] SCF.D                            0001
[ cG] SCFDrvMemSz                      0100
[ScG] SDAddr                           FF00
[ cG] SDC0.Base                        FE90
[ cG] SDC1.Base                        FF00
[ cG] SDC_DATA                         0001
[ cG] SDC_STAT                         0000
[ScG] SDMPI                            00FF
[ cG] SHARE.                           0040
[ cG] ShellSub                         0050
[ cG] SHIFTBIT                         0001
[ cG] SIDL.Base                        0000
[ cG] SIDM.Base                        0080
[ cG] SIDR.Base                        0100
[ cG] Sign                             0080
[ cG] SINBUF                           0002
[ cG] SND.Base                         0000
[ cG] SP0_Addy_H                       F303
[ cG] SP0_Addy_L                       F301
[ cG] SP0_Addy_M                       F302
[ cG] SP0_Ctrl                         F300
[ cG] SP0_X_H                          F305
[ cG] SP0_X_L                          F304
[ cG] SP0_Y_H                          F307
[ cG] SP0_Y_L                          F306
[ cG] SP1_Addy_H                       F30B
[ cG] SP1_Addy_L                       F309
[ cG] SP1_Addy_M                       F30A
[ cG] SP1_Ctrl                         F308
[ cG] SP1_X_H                          F30D
[ cG] SP1_X_L                          F30C
[ cG] SP1_Y_H                          F30F
[ cG] SP1_Y_L                          F30E
[ cG] SP2_Addy_H                       F313
[ cG] SP2_Addy_L                       F311
[ cG] SP2_Addy_M                       F312
[ cG] SP2_Ctrl                         F310
[ cG] SP2_X_H                          F315
[ cG] SP2_X_L                          F314
[ cG] SP2_Y_H                          F317
[ cG] SP2_Y_L                          F316
[ cG] SP3_Addy_H                       F31B
[ cG] SP3_Addy_L                       F319
[ cG] SP3_Addy_M                       F31A
[ cG] SP3_Ctrl                         F318
[ cG] SP3_X_H                          F31D
[ cG] SP3_X_L                          F31C
[ cG] SP3_Y_H                          F31F
[ cG] SP3_Y_L                          F31E
[ cG] SP4_Addy_H                       F323
[ cG] SP4_Addy_L                       F321
[ cG] SP4_Addy_M                       F322
[ cG] SP4_Ctrl                         F320
[ cG] SP4_X_H                          F325
[ cG] SP4_X_L                          F324
[ cG] SP4_Y_H                          F327
[ cG] SP4_Y_L                          F326
[ cG] SPACEBIT                         0080
[ cG] SPI_BUSY                         0080
[ cG] SPI_CLK                          0002
[ cG] SPRITE_Ctrl_Enable               0001
[ cG] SPRITE_DEPTH0                    0008
[ cG] SPRITE_DEPTH1                    0010
[ cG] SPRITE_LUT0                      0002
[ cG] SPRITE_LUT1                      0004
[ cG] SPRITE_SIZE0                     0020
[ cG] SPRITE_SIZE1                     0040
[ cG] SR_CTRL                          001C
[ cG] SRE                              0004
[ cG] SRF                              0004
[ cG] SS.AAGBf                         0080
[ cG] SS.AlfaS                         001C
[ cG] SS.AnPal                         009A
[ cG] SS.ARAM                          00CA
[ cG] SS.AScrn                         008B
[ cG] SS.Attr                          001C
[ cG] SS.BlkRd                         0014
[ cG] SS.BlkWr                         0015
[ cG] SS.Break                         001D
[ cG] SS.CDRel                         009B
[ cG] SS.CDSig                         009A
[ cG] SS.CDSta                         0099
[ cG] SS.Close                         002A
[ cG] SS.ComSt                         0028
[ cG] SS.Cursr                         0025
[ cG] SS.DCmd                          000D
[ cG] SS.DevNm                         000E
[ cG] SS.DfPal                         0097
[ cG] SS.DirEnt                        0020
[ cG] SS.DRAM                          00CB
[ cG] SS.DRead                         0080
[ cG] SS.DrvCh                         0086
[ cG] SS.DScrn                         008C
[ cG] SS.DSize                         0026
[ cG] SS.DStat                         0012
[ cG] SS.DWrit                         0080
[ cG] SS.ECC                           00B0
[ cG] SS.EE                            0082
[ cG] SS.ELog                          0019
[ cG] SS.EOF                           0006
[ cG] SS.FBRgs                         0096
[ cG] SS.FClr                          0081
[ cG] SS.FD                            000F
[ cG] SS.FDInf                         0020
[ cG] SS.Feed                          0009
[ cG] SS.Fill                          00A0
[ cG] SS.FndBf                         009B
[ cG] SS.FntChar                       00C2
[ cG] SS.FntLoadF                      00C1
[ cG] SS.FntLoadM                      00C0
[ cG] SS.Frz                           000A
[ cG] SS.FScrn                         008D
[ cG] SS.FSet                          00C7
[ cG] SS.FSig                          002C
[ cG] SS.GIP                           0094
[ cG] SS.GIP2                          0099
[ cG] SS.Hist                          00A1
[ cG] SS.HngUp                         002B
[ cG] SS.Joy                           0013
[ cG] SS.KClr                          00C9
[ cG] SS.KSet                          00C8
[ cG] SS.KySns                         0027
[ cG] SS.Link                          0007
[ cG] SS.Lock                          0011
[ cG] SS.MnSel                         0087
[ cG] SS.MOFF                          0082
[ cG] SS.Montr                         0092
[ cG] SS.MoTim                         0083
[ cG] SS.Mount                         0082
[ cG] SS.Mouse                         0089
[ cG] SS.MpGPB                         0084
[ cG] SS.MsSig                         008A
[ cG] SS.Open                          0029
[ cG] SS.Opt                           0000
[ cG] SS.Palet                         0091
[ cG] SS.Pos                           0005
[ cG] SS.PScrn                         008E
[ cG] SS.RdNet                         0083
[ cG] SS.Ready                         0001
[ cG] SS.Relea                         001B
[ cG] SS.Reset                         0003
[ cG] SS.Reten                         0016
[ cG] SS.RFM                           0018
[ cG] SS.RsBit                         001E
[ cG] SS.SBar                          0088
[ cG] SS.ScInf                         008F
[ cG] SS.ScSiz                         0026
[ cG] SS.ScTyp                         0093
[ cG] SS.SDRD                          0084
[ cG] SS.SDWRT                         0084
[ cG] SS.SetMF                         0024
[ cG] SS.Size                          0002
[ cG] SS.Sleep                         0085
[ cG] SS.SLGBf                         0081
[ cG] SS.Slots                         0085
[ cG] SS.SOLIRQ                        00C3
[ cG] SS.SOLMUTE                       00C4
[ cG] SS.SPT                           000B
[ cG] SS.SQD                           000C
[ cG] SS.SSig                          001A
[ cG] SS.Ticks                         0010
[ cG] SS.Timer                         0081
[ cG] SS.Tone                          0098
[ cG] SS.ULink                         0008
[ cG] SS.UMBar                         0095
[ cG] SS.UnFrz                         0081
[ cG] SS.VarSect                       0012
[ cG] SS.VCtr                          0080
[ cG] SS.VSig                          0081
[ cG] SS.WFM                           0017
[ cG] SS.WnSet                         0086
[ cG] SS.WTrk                          0004
[ cG] SSigID                           001D
[ cG] SSigSg                           001E
[ cG] StdStr                           0012
[ cG] STOP1                            0000
[ cG] STOP2                            0010
[ cG] STP.12ms                         0002
[ cG] STP.20ms                         0001
[ cG] STP.30ms                         0000
[ cG] STP.6ms                          0003
[ cG] Suspend                          0008
[ cG] SYS0                             FE00
[ cG] SYS1                             FE01
[ cG] SYS_BUZZ                         0010
[ cG] SYS_CAP_EN                       0020
[ cG] SYS_L0                           0004
[ cG] SYS_L0_MN                        0001
[ cG] SYS_L0_RATE                      0030
[ cG] SYS_L1                           0008
[ cG] SYS_L1_MN                        0002
[ cG] SYS_L1_RATE                      00C0
[ cG] SYS_PSG_ST                       0004
[ cG] SYS_PWR_L                        0001
[ cG] SYS_RESET                        0080
[ cG] SYS_SD_CD                        0040
[ cG] SYS_SD_L                         0002
[ cG] SYS_SD_WP                        0080
[ cG] SYS_SID_ST                       0008
[ cG] SysState                         0080
[ cG] SysStr                           0010
[ cG] SysTask                          0000
[ cG] Systm                            00C0
[ cG] T0_CMP                           FE35
[ cG] T0_CMP_CTR                       FE34
[ cG] T0_CTR                           FE30
[ cG] T0_STAT                          FE30
[ cG] T0_VAL                           FE31
[ cG] T1_CMP                           FE3D
[ cG] T1_CMP_CTR                       FE3C
[ cG] T1_CTR                           FE38
[ cG] T1_CTRL                          00C0
[ cG] T1_STAT                          FE38
[ cG] T1_VAL                           FE39
[ cG] T1E                              0040
[ cG] T1F                              0040
[ cG] T2_CTRL                          0020
[ cG] T2E                              0020
[ cG] T2F                              0020
[ cG] TEXT_LUT_BG                      1740
[ cG] TEXT_LUT_BLK                     00C0
[ cG] TEXT_LUT_FG                      1700
[ cG] TILE_Enable                      0001
[ cG] TILE_LUT0                        0002
[ cG] TILE_LUT1                        0004
[ cG] TILE_LUT2                        0008
[ cG] TILE_MAP_ADDY0_CFG               F183
[ cG] TILE_MAP_ADDY0_H                 F182
[ cG] TILE_MAP_ADDY0_L                 F180
[ cG] TILE_MAP_ADDY0_M                 F181
[ cG] TILE_MAP_ADDY1                   F184
[ cG] TILE_MAP_ADDY2                   F188
[ cG] TILE_MAP_ADDY3                   F18C
[ cG] TILE_MAP_ADDY4                   F190
[ cG] TILE_MAP_ADDY5                   F194
[ cG] TILE_MAP_ADDY6                   F198
[ cG] TILE_MAP_ADDY7                   F19C
[ cG] TILE_SIZE                        0010
[ cG] TimOut                           0020
[ cG] TimSleep                         0040
[ScG] TkPerSec                         003C
[ cG] TL0_CONTROL_REG                  F100
[ cG] TL0_MAP_X_POS_H                  F109
[ cG] TL0_MAP_X_POS_L                  F108
[ cG] TL0_MAP_X_SIZE_H                 F105
[ cG] TL0_MAP_X_SIZE_L                 F104
[ cG] TL0_MAP_Y_POS_H                  F10B
[ cG] TL0_MAP_Y_POS_L                  F10A
[ cG] TL0_MAP_Y_SIZE_H                 F107
[ cG] TL0_MAP_Y_SIZE_L                 F106
[ cG] TL0_START_ADDY_H                 F103
[ cG] TL0_START_ADDY_L                 F101
[ cG] TL0_START_ADDY_M                 F102
[ cG] TL1_CONTROL_REG                  F10C
[ cG] TL1_MAP_X_POS_H                  F115
[ cG] TL1_MAP_X_POS_L                  F114
[ cG] TL1_MAP_X_SIZE_H                 F111
[ cG] TL1_MAP_X_SIZE_L                 F110
[ cG] TL1_MAP_Y_POS_H                  F117
[ cG] TL1_MAP_Y_POS_L                  F116
[ cG] TL1_MAP_Y_SIZE_H                 F113
[ cG] TL1_MAP_Y_SIZE_L                 F112
[ cG] TL1_START_ADDY_H                 F10F
[ cG] TL1_START_ADDY_L                 F10D
[ cG] TL1_START_ADDY_M                 F10E
[ cG] TL2_CONTROL_REG                  F118
[ cG] TL2_MAP_X_POS_H                  F121
[ cG] TL2_MAP_X_POS_L                  F120
[ cG] TL2_MAP_X_SIZE_H                 F11D
[ cG] TL2_MAP_X_SIZE_L                 F11C
[ cG] TL2_MAP_Y_POS_H                  F123
[ cG] TL2_MAP_Y_POS_L                  F122
[ cG] TL2_MAP_Y_SIZE_H                 F11F
[ cG] TL2_MAP_Y_SIZE_L                 F11E
[ cG] TL2_START_ADDY_H                 F11B
[ cG] TL2_START_ADDY_L                 F119
[ cG] TL2_START_ADDY_M                 F11A
[ cG] true                             0001
[ cG] TwosOvfl                         0002
[ cG] TXT.Base                         FFC0
[ cG] TYP.256                          0000
[ cG] TYP.3                            0001
[ cG] TYP.5                            0000
[ cG] TYP.512                          0004
[ cG] TYP.CCF                          0020
[ cG] TYP.FLP                          0000
[ cG] TYP.HARD                         0080
[ cG] TYP.NCCF                         0000
[ cG] TYP.NSF                          0040
[ cG] TYP.SBO                          0002
[ cG] TYP.SOF                          0000
[ cG] TypeMask                         00F0
[ cG] TYPH.1024                        0002
[ cG] TYPH.2048                        0003
[ cG] TYPH.256                         0000
[ cG] TYPH.512                         0001
[ cG] TYPH.DRSV                        000C
[ cG] TYPH.DSQ                         0010
[ cG] TYPH.SSM                         0003
[ cG] TyVKY_BM0_CTRL_REG               F000
[ cG] TyVKY_BM0_START_ADDY_H           F001
[ cG] TyVKY_BM0_START_ADDY_L           F003
[ cG] TyVKY_BM0_START_ADDY_M           F002
[ cG] TyVKY_BM1_CTRL_REG               F008
[ cG] TyVKY_BM1_START_ADDY_H           F009
[ cG] TyVKY_BM1_START_ADDY_L           F00B
[ cG] TyVKY_BM1_START_ADDY_M           F00A
[ cG] TyVKY_BM2_CTRL_REG               F010
[ cG] TyVKY_BM2_START_ADDY_H           F011
[ cG] TyVKY_BM2_START_ADDY_L           F013
[ cG] TyVKY_BM2_START_ADDY_M           F012
[ cG] TyVKY_LUT0                       E800
[ cG] TyVKY_LUT1                       EC00
[ cG] TyVKY_LUT2                       F000
[ cG] TyVKY_LUT3                       F400
[ cG] TyVKY_TL_CTRL0                   F100
[ cG] UART.Base                        FE60
[ cG] UnLimitd                         0002
[ cG] Unlocked                         0000
[ cG] UOFFSET                          013F
[ cG] UPBIT                            0008
[ cG] UPDAT.                           0003
[ cG] V$DESC                           0004
[ cG] V$DRIV                           0000
[ cG] V$DRIVEX                         0009
[ cG] V$FMGR                           0006
[ cG] V$FMGREX                         000B
[ cG] V$STAT                           0002
[ cG] V$USRS                           0008
[ cG] V.BM0Blk                         0068
[ cG] V.BM0Cl_En                       0069
[ cG] V.BM1Blk                         006A
[ cG] V.BM1Cl_En                       006B
[ cG] V.BM2Blk                         006C
[ cG] V.BM2Cl_En                       006D
[ cG] V.BMapSz                         001C
[ cG] V.BMB                            0017
[ cG] V.BordCol                        0030
[ cG] V.BUSY                           0004
[ cG] V.CapsLck                        001F
[ cG] V.CchAddr                        000B
[ cG] V.CchBase                        0014
[ cG] V.CchDirty                       0013
[ cG] V.CchLSpot                       0011
[ cG] V.CchPSpot                       000F
[ cG] V.CchSize                        000D
[ cG] V.CLUT                           006F
[ cG] V.CLUTBlk                        006E
[ cG] V.CurCol                         001E
[ cG] V.CurLastCh                      0022
[ cG] V.CurRow                         001D
[ cG] V.DEV2                           0009
[ cG] V.DiskID                         001A
[ScG] V.DWBack                         0055
[ScG] V.DWBorder                       0056
[ScG] V.DWFore                         0054
[ScG] V.DWHeight                       0053
[ScG] V.DWStartX                       0050
[ScG] V.DWStartY                       0051
[ScG] V.DWType                         004F
[ScG] V.DWWidth                        0052
[ cG] V.ERR                            000E
[ cG] V.EscParms                       004F
[ cG] V.EscVect                        0025
[ cG] V.FBCol                          002F
[ cG] V.FileHd                         0018
[ cG] V.FONTNAME                       00A6
[ cG] V.GCAD8K                         00A2
[ cG] V.GCADDR                         009F
[ cG] V.GCOLOR                         009B
[ cG] V.GCX                            0098
[ cG] V.GCY                            009A
[ cG] V.GMAPBLK                        00A4
[ cG] V.HDBDrive                       0017
[ cG] V.HDBPart                        0018
[ cG] V.IBufH                          0028
[ cG] V.IBufT                          0029
[ cG] V.InBuf                          00C7
[ cG] V.INT_PS2_MOUSE                  0042
[ cG] V.INTR                           000B
[ cG] V.KANJI                          0011
[ cG] V.KBUF                           0012
[ cG] V.KeyDrvEPtr                     0033
[ cG] V.KeyDrvMPtr                     0031
[ cG] V.KeyDrvStat                     0047
[ cG] V.KRTimer                        0023
[ cG] V.KSBuf                          00CF
[ cG] V.KySns                          0020
[ cG] V.Last                           00FA
[ cG] V.LastCh                         0021
[ cG] V.LastDrv                        0001
[ cG] V.LEDStates                      0024
[ cG] V.LINE                           0007
[ sG] V.List                           <<incomplete>>
[ cG] V.LLAddr                         0021
[ cG] V.LLGtSt                         0029
[ cG] V.LLInit                         0023
[ cG] V.LLMem                          002F
[ cG] V.LLMemSz                        0040
[ cG] V.LLRead                         0025
[ cG] V.LLSema                         0000
[ cG] V.LLStSt                         002B
[ cG] V.LLTerm                         002D
[ cG] V.LLWrite                        0027
[ cG] V.Log2Phys                       000A
[ cG] V.LogSect                        0005
[ cG] V.LPRC                           0003
[ cG] V.LX                             009C
[ cG] V.LY                             009E
[ cG] V.M_WR                           0040
[ cG] V.MapSct                         001D
[ cG] V.MCLR                           0041
[ cG] V.MEMP                           003D
[ cG] V.MODADR                         0014
[ cG] V.MouseVect                      0039
[ cG] V.MS_IN                          003E
[ cG] V.MSButtons                      003B
[ cG] V.MSByte0                        0043
[ cG] V.MSByte1                        0044
[ cG] V.MSByte2                        0045
[ cG] V.MSByteCnt                      0046
[ cG] V.MSDrvEPtr                      0037
[ cG] V.MSDrvMPtr                      0035
[ cG] V.MSTimer                        003C
[ cG] V.NDRV                           0006
[ cG] V.PAGE                           0000
[ cG] V.PAUS                           0008
[ cG] V.PCHR                           000D
[ cG] V.PDLHd                          0016
[ cG] V.PhysSect                       0002
[ cG] V.PORT                           0001
[ cG] V.QUIT                           000C
[ cG] V.RBSuper                        01AE
[ cG] V.ResBit                         001E
[ cG] V.Reverse                        0027
[ cG] V.RSV                            0018
[ cG] V.SCF                            001D
[ cG] V.ScOfst                         0020
[ cG] V.ScTkOf                         001F
[ cG] V.ScTyp                          002C
[ cG] V.SectCnt                        0009
[ cG] V.SectSize                       0008
[ cG] V.SSCache                        0019
[ cG] V.SSigID                         002A
[ cG] V.SSigSg                         002B
[ cG] V.ST                             0063
[ cG] V.TkOfst                         0021
[ cG] V.TM0                            0070
[ cG] V.TM0Blk                         0071
[ cG] V.TM0MapX                        0072
[ cG] V.TM0MapY                        0073
[ cG] V.TM0ScrlX                       0074
[ cG] V.TM0ScrlY                       0076
[ cG] V.TM1                            0078
[ cG] V.TM1Blk                         0079
[ cG] V.TM1MapX                        007A
[ cG] V.TM1MapY                        007B
[ cG] V.TM1ScrlX                       007C
[ cG] V.TM1ScrlY                       007E
[ cG] V.TM2                            0080
[ cG] V.TM2Blk                         0081
[ cG] V.TM2MapX                        0082
[ cG] V.TM2MapY                        0083
[ cG] V.TM2ScrlX                       0084
[ cG] V.TM2ScrlY                       0086
[ cG] V.TRAK                           0015
[ cG] V.TS0Blk                         0088
[ cG] V.TS0SQR                         0089
[ cG] V.TS1Blk                         008A
[ cG] V.TS1SQR                         008B
[ cG] V.TS2Blk                         008C
[ cG] V.TS2SQR                         008D
[ cG] V.TS3Blk                         008E
[ cG] V.TS3SQR                         008F
[ cG] V.TS4Blk                         0090
[ cG] V.TS4SQR                         0091
[ cG] V.TS5Blk                         0092
[ cG] V.TS5SQR                         0093
[ cG] V.TS6Blk                         0094
[ cG] V.TS6SQR                         0095
[ cG] V.TS7Blk                         0096
[ cG] V.TS7SQR                         0097
[ cG] V.TYPE                           0006
[ cG] V.USER                           0006
[ cG] V.V_LayerCTL                     0066
[ cG] V.V_MCR                          0064
[ cG] V.WAKE                           0005
[ cG] V.WHeight                        002E
[ cG] V.WWidth                         002D
[ cG] V.XOFF                           0010
[ cG] V.XON                            000F
[ cG] VD.OFS                           0061
[ cG] VD.STP                           0060
[ cG] Vi.Cnt                           0000
[ cG] Vi.IFlag                         0001
[ cG] Vi.PkSz                          0005
[ cG] Vi.Rst                           0002
[ cG] Vi.Stat                          0004
[ cG] VIA0.Base                        FEB0
[ cG] VIA1.Base                        FFB0
[ cG] VIA_ACR                          000B
[ cG] VIA_DDRA                         0003
[ cG] VIA_DDRB                         0002
[ cG] VIA_IER                          000E
[ cG] VIA_IFR                          000D
[ cG] VIA_ORA_IRA                      0001
[ cG] VIA_ORA_IRA_AUX                  000F
[ cG] VIA_ORB_IRB                      0000
[ cG] VIA_PCR                          000C
[ cG] VIA_SR                           000A
[ cG] VIA_T1CH                         0005
[ cG] VIA_T1CL                         0004
[ cG] VIA_T1LH                         0007
[ cG] VIA_T1LL                         0006
[ cG] VIA_T2CH                         0009
[ cG] VIA_T2CL                         0008
[ cG] VidRAM                           0004
[ cG] Vky_Cursor_Enable                0001
[ cG] Vky_Cursor_Flash_Disable         0008
[ cG] Vky_Cursor_Flash_Rate0           0002
[ cG] Vky_Cursor_Flash_Rate1           0004
[ cG] VKY_LAYER_CTRL_0                 FFC2
[ cG] VKY_LAYER_CTRL_1                 FFC3
[ cG] VKY_LAYER_CTRL_H                 0003
[ cG] VKY_LAYER_CTRL_L                 0002
[ cG] VKY_LINE_CMP_VALUE_HI            0019
[ cG] VKY_LINE_CMP_VALUE_LO            001A
[ cG] VKY_LINE_IRQ_CTRL_REG            0018
[ cG] VKY_LINE_Y_POS_HI                0019
[ cG] VKY_LINE_Y_POS_LO                001B
[ cG] VKY_PIXEL_X_POS_HI               0018
[ cG] VKY_PIXEL_X_POS_LO               001A
[ cG] VKY_RESERVED_02                  000A
[ cG] VKY_RESERVED_03                  000B
[ cG] VKY_RESERVED_04                  000C
[ cG] VKY_TXT_CURSOR_CHAR_REG          0012
[ cG] VKY_TXT_CURSOR_COLR_REG          0013
[ cG] VKY_TXT_CURSOR_CTRL_REG          0010
[ cG] VKY_TXT_CURSOR_X_REG_H           0014
[ cG] VKY_TXT_CURSOR_X_REG_L           0015
[ cG] VKY_TXT_CURSOR_Y_REG_H           0016
[ cG] VKY_TXT_CURSOR_Y_REG_L           0017
[ cG] VKY_TXT_START_ADD_PTR            0011
[ScG] WILDBITS.D                       0001
[ScG] WILDBITS_VTIO.D                  0001
[ cG] WizFi.Base                       FF20
[ cG] WizFi.Rate                       0001
[ cG] WizFi.Reset                      0002
[ cG] WizFi.RxEmpty                    0004
[ cG] WizFi.TxEmpty                    0008
[ cG] WizFi_CtrlReg                    0000
[ cG] WizFi_DataReg                    0001
[ cG] WizFi_RxD_RD_Cnt                 0002
[ cG] WizFi_RxD_WR_Cnt                 0004
[ cG] WizFi_TxD_RD_Cnt                 0006
[ cG] WizFi_TxD_WR_Cnt                 0008
[ cG] WORD7                            0020
[ cG] WORD8                            0000
[ cG] WRITE.                           0002
[ cG] XYMATH_ABS_ADDY_H                D30B
[ cG] XYMATH_ABS_ADDY_L                D30D
[ cG] XYMATH_ABS_ADDY_M                D30C
[ cG] XYMATH_ADDY_H                    D301
[ cG] XYMATH_ADDY_L                    D303
[ cG] XYMATH_ADDY_M                    D302
[ cG] XYMATH_ADDY_POSX_H               D304
[ cG] XYMATH_ADDY_POSX_L               D305
[ cG] XYMATH_ADDY_POSY_H               D306
[ cG] XYMATH_ADDY_POSY_L               D307
[ cG] XYMATH_BLOCK_OFF_H               D308
[ cG] XYMATH_BLOCK_OFF_L               D309
[ cG] XYMATH_CTRL_REG                  D300
[ cG] XYMATH_MMU_BLOCK                 D30A
[ cG] Zero                             0004
